"scenario_number","scenario_id","Fcap","Besc","horizon","year","n","P_Blim","P_Bpa","SSB_median","SSB_p05","SSB_p95","P_closed","mean_catch","median_catch","p05_catch","p95_catch","robustness_id","reference_scenario_number","reference_scenario_id"
9,"I1__Fcap_1.50_Besc_5000_sigmaR_0.216_SE_reference_AE_historical",1.5,5000,"Short",2025,1000,0,0,13110.6513368734,11480.7572450329,16254.5582268046,0,7392.98023716712,7168.47203041387,5639.52321836161,9949.25690405156,"I1",9,"Fcap_1.50_Besc_5000_sigmaR_0.216_SE_reference_AE_historical"
9,"I1__Fcap_1.50_Besc_5000_sigmaR_0.216_SE_reference_AE_historical",1.5,5000,"Short",2026,1000,0,0.001,12079.9768847689,8515.26297841789,17519.6006440681,0,6796.54886635662,6598.89135488577,4496.24611620431,9895.64554092128,"I1",9,"Fcap_1.50_Besc_5000_sigmaR_0.216_SE_reference_AE_historical"
9,"I1__Fcap_1.50_Besc_5000_sigmaR_0.216_SE_reference_AE_historical",1.5,5000,"Short",2027,1000,0,0.003,11933.7935793783,8149.14395592155,17769.0304153078,0,6767.35157070954,6564.73783832488,4343.87050497778,9841.0714408157,"I1",9,"Fcap_1.50_Besc_5000_sigmaR_0.216_SE_reference_AE_historical"
9,"I1__Fcap_1.50_Besc_5000_sigmaR_0.216_SE_reference_AE_historical",1.5,5000,"Short",2028,1000,0,0.002,11932.032375964,8197.26079470182,17222.313713851,0,6696.22148905144,6513.25549966857,4392.7283841507,9606.10891345759,"I1",9,"Fcap_1.50_Besc_5000_sigmaR_0.216_SE_reference_AE_historical"
9,"I1__Fcap_1.50_Besc_5000_sigmaR_0.216_SE_reference_AE_historical",1.5,5000,"Short",2029,1000,0,0.006,11666.7823362057,7875.12202979178,17090.5934065851,0.001,6598.26592827216,6414.75907270339,4289.915213636,9647.99330002793,"I1",9,"Fcap_1.50_Besc_5000_sigmaR_0.216_SE_reference_AE_historical"
9,"I1__Fcap_1.50_Besc_5000_sigmaR_0.216_SE_reference_AE_historical",1.5,5000,"Short",2030,1000,0,0.002,11726.4421545908,8007.61802034753,17499.8409477363,0,6522.75226793255,6334.83812617606,4266.89373261497,9633.73426499943,"I1",9,"Fcap_1.50_Besc_5000_sigmaR_0.216_SE_reference_AE_historical"
9,"I1__Fcap_1.50_Besc_5000_sigmaR_0.216_SE_reference_AE_historical",1.5,5000,"Short",2031,1000,0,0.003,11555.557551401,8140.92948587022,17097.5339048496,0,6469.71026910762,6243.93682973068,4266.8304460977,9160.45222715709,"I1",9,"Fcap_1.50_Besc_5000_sigmaR_0.216_SE_reference_AE_historical"
9,"I1__Fcap_1.50_Besc_5000_sigmaR_0.216_SE_reference_AE_historical",1.5,5000,"Short",2032,1000,0,0.003,11795.0143928832,7886.12253253242,16731.3033984977,0,6507.00327394273,6351.77602414527,4176.76365000123,9279.15248939843,"I1",9,"Fcap_1.50_Besc_5000_sigmaR_0.216_SE_reference_AE_historical"
9,"I1__Fcap_1.50_Besc_5000_sigmaR_0.216_SE_reference_AE_historical",1.5,5000,"Short",2033,1000,0,0.002,11805.4961187449,8061.9356160664,17185.0545002342,0,6567.94630988921,6321.41538043842,4433.70463498844,9491.59347237944,"I1",9,"Fcap_1.50_Besc_5000_sigmaR_0.216_SE_reference_AE_historical"
9,"I1__Fcap_1.50_Besc_5000_sigmaR_0.216_SE_reference_AE_historical",1.5,5000,"Short",2034,1000,0,0.005,11898.132014158,8288.27350016277,17224.1616770698,0.001,6618.21168304837,6412.97431334732,4296.18092083243,9454.55346557972,"I1",9,"Fcap_1.50_Besc_5000_sigmaR_0.216_SE_reference_AE_historical"
9,"I1__Fcap_1.50_Besc_5000_sigmaR_0.216_SE_reference_AE_historical",1.5,5000,"Medium",2035,1000,0,0.004,11824.7907391209,8095.89384523941,16950.2019372798,0.001,6540.32770078774,6359.16446596022,4266.15689460223,9544.52147367133,"I1",9,"Fcap_1.50_Besc_5000_sigmaR_0.216_SE_reference_AE_historical"
9,"I1__Fcap_1.50_Besc_5000_sigmaR_0.216_SE_reference_AE_historical",1.5,5000,"Medium",2036,1000,0,0.006,11736.565646747,8080.31323345592,16989.4573782528,0,6544.23298326924,6307.17672128808,4335.64193854156,9304.28077926027,"I1",9,"Fcap_1.50_Besc_5000_sigmaR_0.216_SE_reference_AE_historical"
9,"I1__Fcap_1.50_Besc_5000_sigmaR_0.216_SE_reference_AE_historical",1.5,5000,"Medium",2037,1000,0,0.006,11786.2157615117,8086.14584398837,16622.1654708123,0,6478.50359415385,6363.58207513087,4307.46938012974,9071.98158099373,"I1",9,"Fcap_1.50_Besc_5000_sigmaR_0.216_SE_reference_AE_historical"
9,"I1__Fcap_1.50_Besc_5000_sigmaR_0.216_SE_reference_AE_historical",1.5,5000,"Medium",2038,1000,0,0.001,11627.3469466068,8087.82322973422,17143.5845461283,0,6498.01764863142,6244.78836953061,4340.74109418592,9528.66298300316,"I1",9,"Fcap_1.50_Besc_5000_sigmaR_0.216_SE_reference_AE_historical"
9,"I1__Fcap_1.50_Besc_5000_sigmaR_0.216_SE_reference_AE_historical",1.5,5000,"Medium",2039,1000,0,0.005,11849.5380798112,8047.4458688423,17177.0537840143,0,6564.04597410464,6412.71851017734,4311.01626272145,9569.44199630625,"I1",9,"Fcap_1.50_Besc_5000_sigmaR_0.216_SE_reference_AE_historical"
9,"I1__Fcap_1.50_Besc_5000_sigmaR_0.216_SE_reference_AE_historical",1.5,5000,"Medium",2040,1000,0,0.005,11700.9409417445,8231.5014984773,17406.9856294124,0,6572.6452609376,6346.69650914762,4482.50529852473,9593.49633053798,"I1",9,"Fcap_1.50_Besc_5000_sigmaR_0.216_SE_reference_AE_historical"
9,"I1__Fcap_1.50_Besc_5000_sigmaR_0.216_SE_reference_AE_historical",1.5,5000,"Medium",2041,1000,0,0.007,11810.235362564,8045.86895340054,17609.0161354712,0.001,6582.89323026519,6401.21182204581,4292.00134755027,9706.59358640668,"I1",9,"Fcap_1.50_Besc_5000_sigmaR_0.216_SE_reference_AE_historical"
9,"I1__Fcap_1.50_Besc_5000_sigmaR_0.216_SE_reference_AE_historical",1.5,5000,"Medium",2042,1000,0,0.005,11887.0709372834,7950.80601700224,17221.2742462564,0.001,6571.86829457415,6365.2151012321,4368.39789580215,9474.35173995596,"I1",9,"Fcap_1.50_Besc_5000_sigmaR_0.216_SE_reference_AE_historical"
9,"I1__Fcap_1.50_Besc_5000_sigmaR_0.216_SE_reference_AE_historical",1.5,5000,"Medium",2043,1000,0,0.003,11625.380553331,8277.60322000688,16740.694503565,0.001,6489.17263275372,6306.41936323255,4365.23225079089,9292.25215794368,"I1",9,"Fcap_1.50_Besc_5000_sigmaR_0.216_SE_reference_AE_historical"
9,"I1__Fcap_1.50_Besc_5000_sigmaR_0.216_SE_reference_AE_historical",1.5,5000,"Medium",2044,1000,0,0.004,11792.9239281192,8150.33892343617,16790.2265525553,0,6553.38537622953,6320.84527142083,4406.90795674285,9455.88460118893,"I1",9,"Fcap_1.50_Besc_5000_sigmaR_0.216_SE_reference_AE_historical"
9,"I1__Fcap_1.50_Besc_5000_sigmaR_0.216_SE_reference_AE_historical",1.5,5000,"Long",2045,1000,0,0.003,11660.3310822632,8211.81426809089,17239.1019123385,0.001,6562.81513488447,6410.22957137801,4324.83175048979,9448.71868891774,"I1",9,"Fcap_1.50_Besc_5000_sigmaR_0.216_SE_reference_AE_historical"
9,"I1__Fcap_1.50_Besc_5000_sigmaR_0.216_SE_reference_AE_historical",1.5,5000,"Long",2046,1000,0,0.004,11753.3840485888,8024.15901781506,16987.8468470742,0,6557.9519593889,6270.22933511234,4314.86847258722,9654.70439397432,"I1",9,"Fcap_1.50_Besc_5000_sigmaR_0.216_SE_reference_AE_historical"
9,"I1__Fcap_1.50_Besc_5000_sigmaR_0.216_SE_reference_AE_historical",1.5,5000,"Long",2047,1000,0,0.005,11964.8155477798,8278.30228130176,17515.8477306521,0,6644.85719885272,6432.63756754959,4453.45918026836,9765.09296101134,"I1",9,"Fcap_1.50_Besc_5000_sigmaR_0.216_SE_reference_AE_historical"
9,"I1__Fcap_1.50_Besc_5000_sigmaR_0.216_SE_reference_AE_historical",1.5,5000,"Long",2048,1000,0,0.005,11894.9642350431,7964.12138486397,17342.6463441902,0,6612.09924218466,6437.30240518324,4369.63658744284,9651.14892417424,"I1",9,"Fcap_1.50_Besc_5000_sigmaR_0.216_SE_reference_AE_historical"
9,"I1__Fcap_1.50_Besc_5000_sigmaR_0.216_SE_reference_AE_historical",1.5,5000,"Long",2049,1000,0,0.003,11744.1663511663,8011.95027481816,17317.5924205849,0,6524.41552329773,6313.30999937589,4273.65705102617,9506.578250646,"I1",9,"Fcap_1.50_Besc_5000_sigmaR_0.216_SE_reference_AE_historical"
9,"I1__Fcap_1.50_Besc_5000_sigmaR_0.216_SE_reference_AE_historical",1.5,5000,"Long",2050,1000,0.001,0.006,11936.8728385821,8227.96351444377,17679.3961933752,0.001,6668.43552770264,6473.87460614515,4293.3617892334,9847.71571538566,"I1",9,"Fcap_1.50_Besc_5000_sigmaR_0.216_SE_reference_AE_historical"
9,"I1__Fcap_1.50_Besc_5000_sigmaR_0.216_SE_reference_AE_historical",1.5,5000,"Long",2051,1000,0,0.004,12003.1746492494,8154.75651049551,17333.2187616926,0,6646.4304907689,6456.04060484142,4342.37499106154,9545.23455690581,"I1",9,"Fcap_1.50_Besc_5000_sigmaR_0.216_SE_reference_AE_historical"
9,"I1__Fcap_1.50_Besc_5000_sigmaR_0.216_SE_reference_AE_historical",1.5,5000,"Long",2052,1000,0,0.006,11881.4503974902,8190.36784552265,17370.7979326219,0,6627.59871626668,6420.09674526618,4414.47087021559,9629.13809773542,"I1",9,"Fcap_1.50_Besc_5000_sigmaR_0.216_SE_reference_AE_historical"
9,"I1__Fcap_1.50_Besc_5000_sigmaR_0.216_SE_reference_AE_historical",1.5,5000,"Long",2053,1000,0,0.001,11743.4834975204,8235.77258065264,17699.9998530354,0.001,6591.16754456762,6366.31021833445,4373.59218344879,9827.84147020308,"I1",9,"Fcap_1.50_Besc_5000_sigmaR_0.216_SE_reference_AE_historical"
9,"I1__Fcap_1.50_Besc_5000_sigmaR_0.216_SE_reference_AE_historical",1.5,5000,"Long",2054,1000,0,0.008,11763.2051345479,8074.01347968127,17358.889673506,0,6562.5062351366,6304.94054770061,4377.74653685316,9513.2761965496,"I1",9,"Fcap_1.50_Besc_5000_sigmaR_0.216_SE_reference_AE_historical"
9,"I1__Fcap_1.50_Besc_5000_sigmaR_0.216_SE_reference_AE_historical",1.5,5000,"Full",2025,1000,0,0,13110.6513368734,11480.7572450329,16254.5582268046,0,7392.98023716712,7168.47203041387,5639.52321836161,9949.25690405156,"I1",9,"Fcap_1.50_Besc_5000_sigmaR_0.216_SE_reference_AE_historical"
9,"I1__Fcap_1.50_Besc_5000_sigmaR_0.216_SE_reference_AE_historical",1.5,5000,"Full",2026,1000,0,0.001,12079.9768847689,8515.26297841789,17519.6006440681,0,6796.54886635662,6598.89135488577,4496.24611620431,9895.64554092128,"I1",9,"Fcap_1.50_Besc_5000_sigmaR_0.216_SE_reference_AE_historical"
9,"I1__Fcap_1.50_Besc_5000_sigmaR_0.216_SE_reference_AE_historical",1.5,5000,"Full",2027,1000,0,0.003,11933.7935793783,8149.14395592155,17769.0304153078,0,6767.35157070954,6564.73783832488,4343.87050497778,9841.0714408157,"I1",9,"Fcap_1.50_Besc_5000_sigmaR_0.216_SE_reference_AE_historical"
9,"I1__Fcap_1.50_Besc_5000_sigmaR_0.216_SE_reference_AE_historical",1.5,5000,"Full",2028,1000,0,0.002,11932.032375964,8197.26079470182,17222.313713851,0,6696.22148905144,6513.25549966857,4392.7283841507,9606.10891345759,"I1",9,"Fcap_1.50_Besc_5000_sigmaR_0.216_SE_reference_AE_historical"
9,"I1__Fcap_1.50_Besc_5000_sigmaR_0.216_SE_reference_AE_historical",1.5,5000,"Full",2029,1000,0,0.006,11666.7823362057,7875.12202979178,17090.5934065851,0.001,6598.26592827216,6414.75907270339,4289.915213636,9647.99330002793,"I1",9,"Fcap_1.50_Besc_5000_sigmaR_0.216_SE_reference_AE_historical"
9,"I1__Fcap_1.50_Besc_5000_sigmaR_0.216_SE_reference_AE_historical",1.5,5000,"Full",2030,1000,0,0.002,11726.4421545908,8007.61802034753,17499.8409477363,0,6522.75226793255,6334.83812617606,4266.89373261497,9633.73426499943,"I1",9,"Fcap_1.50_Besc_5000_sigmaR_0.216_SE_reference_AE_historical"
9,"I1__Fcap_1.50_Besc_5000_sigmaR_0.216_SE_reference_AE_historical",1.5,5000,"Full",2031,1000,0,0.003,11555.557551401,8140.92948587022,17097.5339048496,0,6469.71026910762,6243.93682973068,4266.8304460977,9160.45222715709,"I1",9,"Fcap_1.50_Besc_5000_sigmaR_0.216_SE_reference_AE_historical"
9,"I1__Fcap_1.50_Besc_5000_sigmaR_0.216_SE_reference_AE_historical",1.5,5000,"Full",2032,1000,0,0.003,11795.0143928832,7886.12253253242,16731.3033984977,0,6507.00327394273,6351.77602414527,4176.76365000123,9279.15248939843,"I1",9,"Fcap_1.50_Besc_5000_sigmaR_0.216_SE_reference_AE_historical"
9,"I1__Fcap_1.50_Besc_5000_sigmaR_0.216_SE_reference_AE_historical",1.5,5000,"Full",2033,1000,0,0.002,11805.4961187449,8061.9356160664,17185.0545002342,0,6567.94630988921,6321.41538043842,4433.70463498844,9491.59347237944,"I1",9,"Fcap_1.50_Besc_5000_sigmaR_0.216_SE_reference_AE_historical"
9,"I1__Fcap_1.50_Besc_5000_sigmaR_0.216_SE_reference_AE_historical",1.5,5000,"Full",2034,1000,0,0.005,11898.132014158,8288.27350016277,17224.1616770698,0.001,6618.21168304837,6412.97431334732,4296.18092083243,9454.55346557972,"I1",9,"Fcap_1.50_Besc_5000_sigmaR_0.216_SE_reference_AE_historical"
9,"I1__Fcap_1.50_Besc_5000_sigmaR_0.216_SE_reference_AE_historical",1.5,5000,"Full",2035,1000,0,0.004,11824.7907391209,8095.89384523941,16950.2019372798,0.001,6540.32770078774,6359.16446596022,4266.15689460223,9544.52147367133,"I1",9,"Fcap_1.50_Besc_5000_sigmaR_0.216_SE_reference_AE_historical"
9,"I1__Fcap_1.50_Besc_5000_sigmaR_0.216_SE_reference_AE_historical",1.5,5000,"Full",2036,1000,0,0.006,11736.565646747,8080.31323345592,16989.4573782528,0,6544.23298326924,6307.17672128808,4335.64193854156,9304.28077926027,"I1",9,"Fcap_1.50_Besc_5000_sigmaR_0.216_SE_reference_AE_historical"
9,"I1__Fcap_1.50_Besc_5000_sigmaR_0.216_SE_reference_AE_historical",1.5,5000,"Full",2037,1000,0,0.006,11786.2157615117,8086.14584398837,16622.1654708123,0,6478.50359415385,6363.58207513087,4307.46938012974,9071.98158099373,"I1",9,"Fcap_1.50_Besc_5000_sigmaR_0.216_SE_reference_AE_historical"
9,"I1__Fcap_1.50_Besc_5000_sigmaR_0.216_SE_reference_AE_historical",1.5,5000,"Full",2038,1000,0,0.001,11627.3469466068,8087.82322973422,17143.5845461283,0,6498.01764863142,6244.78836953061,4340.74109418592,9528.66298300316,"I1",9,"Fcap_1.50_Besc_5000_sigmaR_0.216_SE_reference_AE_historical"
9,"I1__Fcap_1.50_Besc_5000_sigmaR_0.216_SE_reference_AE_historical",1.5,5000,"Full",2039,1000,0,0.005,11849.5380798112,8047.4458688423,17177.0537840143,0,6564.04597410464,6412.71851017734,4311.01626272145,9569.44199630625,"I1",9,"Fcap_1.50_Besc_5000_sigmaR_0.216_SE_reference_AE_historical"
9,"I1__Fcap_1.50_Besc_5000_sigmaR_0.216_SE_reference_AE_historical",1.5,5000,"Full",2040,1000,0,0.005,11700.9409417445,8231.5014984773,17406.9856294124,0,6572.6452609376,6346.69650914762,4482.50529852473,9593.49633053798,"I1",9,"Fcap_1.50_Besc_5000_sigmaR_0.216_SE_reference_AE_historical"
9,"I1__Fcap_1.50_Besc_5000_sigmaR_0.216_SE_reference_AE_historical",1.5,5000,"Full",2041,1000,0,0.007,11810.235362564,8045.86895340054,17609.0161354712,0.001,6582.89323026519,6401.21182204581,4292.00134755027,9706.59358640668,"I1",9,"Fcap_1.50_Besc_5000_sigmaR_0.216_SE_reference_AE_historical"
9,"I1__Fcap_1.50_Besc_5000_sigmaR_0.216_SE_reference_AE_historical",1.5,5000,"Full",2042,1000,0,0.005,11887.0709372834,7950.80601700224,17221.2742462564,0.001,6571.86829457415,6365.2151012321,4368.39789580215,9474.35173995596,"I1",9,"Fcap_1.50_Besc_5000_sigmaR_0.216_SE_reference_AE_historical"
9,"I1__Fcap_1.50_Besc_5000_sigmaR_0.216_SE_reference_AE_historical",1.5,5000,"Full",2043,1000,0,0.003,11625.380553331,8277.60322000688,16740.694503565,0.001,6489.17263275372,6306.41936323255,4365.23225079089,9292.25215794368,"I1",9,"Fcap_1.50_Besc_5000_sigmaR_0.216_SE_reference_AE_historical"
9,"I1__Fcap_1.50_Besc_5000_sigmaR_0.216_SE_reference_AE_historical",1.5,5000,"Full",2044,1000,0,0.004,11792.9239281192,8150.33892343617,16790.2265525553,0,6553.38537622953,6320.84527142083,4406.90795674285,9455.88460118893,"I1",9,"Fcap_1.50_Besc_5000_sigmaR_0.216_SE_reference_AE_historical"
9,"I1__Fcap_1.50_Besc_5000_sigmaR_0.216_SE_reference_AE_historical",1.5,5000,"Full",2045,1000,0,0.003,11660.3310822632,8211.81426809089,17239.1019123385,0.001,6562.81513488447,6410.22957137801,4324.83175048979,9448.71868891774,"I1",9,"Fcap_1.50_Besc_5000_sigmaR_0.216_SE_reference_AE_historical"
9,"I1__Fcap_1.50_Besc_5000_sigmaR_0.216_SE_reference_AE_historical",1.5,5000,"Full",2046,1000,0,0.004,11753.3840485888,8024.15901781506,16987.8468470742,0,6557.9519593889,6270.22933511234,4314.86847258722,9654.70439397432,"I1",9,"Fcap_1.50_Besc_5000_sigmaR_0.216_SE_reference_AE_historical"
9,"I1__Fcap_1.50_Besc_5000_sigmaR_0.216_SE_reference_AE_historical",1.5,5000,"Full",2047,1000,0,0.005,11964.8155477798,8278.30228130176,17515.8477306521,0,6644.85719885272,6432.63756754959,4453.45918026836,9765.09296101134,"I1",9,"Fcap_1.50_Besc_5000_sigmaR_0.216_SE_reference_AE_historical"
9,"I1__Fcap_1.50_Besc_5000_sigmaR_0.216_SE_reference_AE_historical",1.5,5000,"Full",2048,1000,0,0.005,11894.9642350431,7964.12138486397,17342.6463441902,0,6612.09924218466,6437.30240518324,4369.63658744284,9651.14892417424,"I1",9,"Fcap_1.50_Besc_5000_sigmaR_0.216_SE_reference_AE_historical"
9,"I1__Fcap_1.50_Besc_5000_sigmaR_0.216_SE_reference_AE_historical",1.5,5000,"Full",2049,1000,0,0.003,11744.1663511663,8011.95027481816,17317.5924205849,0,6524.41552329773,6313.30999937589,4273.65705102617,9506.578250646,"I1",9,"Fcap_1.50_Besc_5000_sigmaR_0.216_SE_reference_AE_historical"
9,"I1__Fcap_1.50_Besc_5000_sigmaR_0.216_SE_reference_AE_historical",1.5,5000,"Full",2050,1000,0.001,0.006,11936.8728385821,8227.96351444377,17679.3961933752,0.001,6668.43552770264,6473.87460614515,4293.3617892334,9847.71571538566,"I1",9,"Fcap_1.50_Besc_5000_sigmaR_0.216_SE_reference_AE_historical"
9,"I1__Fcap_1.50_Besc_5000_sigmaR_0.216_SE_reference_AE_historical",1.5,5000,"Full",2051,1000,0,0.004,12003.1746492494,8154.75651049551,17333.2187616926,0,6646.4304907689,6456.04060484142,4342.37499106154,9545.23455690581,"I1",9,"Fcap_1.50_Besc_5000_sigmaR_0.216_SE_reference_AE_historical"
9,"I1__Fcap_1.50_Besc_5000_sigmaR_0.216_SE_reference_AE_historical",1.5,5000,"Full",2052,1000,0,0.006,11881.4503974902,8190.36784552265,17370.7979326219,0,6627.59871626668,6420.09674526618,4414.47087021559,9629.13809773542,"I1",9,"Fcap_1.50_Besc_5000_sigmaR_0.216_SE_reference_AE_historical"
9,"I1__Fcap_1.50_Besc_5000_sigmaR_0.216_SE_reference_AE_historical",1.5,5000,"Full",2053,1000,0,0.001,11743.4834975204,8235.77258065264,17699.9998530354,0.001,6591.16754456762,6366.31021833445,4373.59218344879,9827.84147020308,"I1",9,"Fcap_1.50_Besc_5000_sigmaR_0.216_SE_reference_AE_historical"
9,"I1__Fcap_1.50_Besc_5000_sigmaR_0.216_SE_reference_AE_historical",1.5,5000,"Full",2054,1000,0,0.008,11763.2051345479,8074.01347968127,17358.889673506,0,6562.5062351366,6304.94054770061,4377.74653685316,9513.2761965496,"I1",9,"Fcap_1.50_Besc_5000_sigmaR_0.216_SE_reference_AE_historical"
10,"I1__Fcap_1.50_Besc_6561_sigmaR_0.216_SE_reference_AE_historical",1.5,6561,"Short",2025,1000,0,0,13110.6513368734,11480.7572450329,16254.5582268046,0,7392.98023716712,7168.47203041387,5639.52321836161,9949.25690405156,"I1",10,"Fcap_1.50_Besc_6561_sigmaR_0.216_SE_reference_AE_historical"
10,"I1__Fcap_1.50_Besc_6561_sigmaR_0.216_SE_reference_AE_historical",1.5,6561,"Short",2026,1000,0,0,12079.9768847689,8588.58920659521,17519.6006440681,0.004,6769.10185292746,6598.89135488577,4488.57580159226,9895.64554092128,"I1",10,"Fcap_1.50_Besc_6561_sigmaR_0.216_SE_reference_AE_historical"
10,"I1__Fcap_1.50_Besc_6561_sigmaR_0.216_SE_reference_AE_historical",1.5,6561,"Short",2027,1000,0,0.003,11933.7935793783,8205.11756249427,17769.0304153078,0.007,6738.61367263036,6578.53872012857,4339.83753191832,9850.1065545651,"I1",10,"Fcap_1.50_Besc_6561_sigmaR_0.216_SE_reference_AE_historical"
10,"I1__Fcap_1.50_Besc_6561_sigmaR_0.216_SE_reference_AE_historical",1.5,6561,"Short",2028,1000,0,0.002,11957.2713420063,8247.09620699132,17223.2969273586,0.007,6672.47580144908,6520.66125075173,4364.72075348029,9605.42130593773,"I1",10,"Fcap_1.50_Besc_6561_sigmaR_0.216_SE_reference_AE_historical"
10,"I1__Fcap_1.50_Besc_6561_sigmaR_0.216_SE_reference_AE_historical",1.5,6561,"Short",2029,1000,0,0.005,11678.9200078857,7917.09166385551,17090.5934065851,0.012,6552.18132951495,6421.50537759802,4211.26951097405,9657.05408506902,"I1",10,"Fcap_1.50_Besc_6561_sigmaR_0.216_SE_reference_AE_historical"
10,"I1__Fcap_1.50_Besc_6561_sigmaR_0.216_SE_reference_AE_historical",1.5,6561,"Short",2030,1000,0,0.001,11727.2017133596,8050.47846029172,17499.890090839,0.01,6496.25215145983,6354.68497547588,4275.16872382123,9652.62266101185,"I1",10,"Fcap_1.50_Besc_6561_sigmaR_0.216_SE_reference_AE_historical"
10,"I1__Fcap_1.50_Besc_6561_sigmaR_0.216_SE_reference_AE_historical",1.5,6561,"Short",2031,1000,0,0.001,11575.6813248636,8189.05622671338,17100.2193973466,0.011,6424.71757426227,6283.65122816337,4197.58812283836,9150.95917270211,"I1",10,"Fcap_1.50_Besc_6561_sigmaR_0.216_SE_reference_AE_historical"
10,"I1__Fcap_1.50_Besc_6561_sigmaR_0.216_SE_reference_AE_historical",1.5,6561,"Short",2032,1000,0,0.001,11821.3732130712,8007.76588378353,16731.7686397131,0.01,6463.83961667317,6367.89213046617,4107.78107501528,9279.55033221064,"I1",10,"Fcap_1.50_Besc_6561_sigmaR_0.216_SE_reference_AE_historical"
10,"I1__Fcap_1.50_Besc_6561_sigmaR_0.216_SE_reference_AE_historical",1.5,6561,"Short",2033,1000,0,0.002,11835.9850632913,8121.36958896156,17191.4246181709,0.009,6542.27427053062,6346.94999629181,4433.72358986183,9495.24294953657,"I1",10,"Fcap_1.50_Besc_6561_sigmaR_0.216_SE_reference_AE_historical"
10,"I1__Fcap_1.50_Besc_6561_sigmaR_0.216_SE_reference_AE_historical",1.5,6561,"Short",2034,1000,0,0.003,11902.5224263367,8316.42034772785,17224.1939212149,0.013,6566.63603836156,6411.87646093463,4255.51415392841,9517.90035234025,"I1",10,"Fcap_1.50_Besc_6561_sigmaR_0.216_SE_reference_AE_historical"
10,"I1__Fcap_1.50_Besc_6561_sigmaR_0.216_SE_reference_AE_historical",1.5,6561,"Medium",2035,1000,0,0.001,11845.343546521,8225.49642597175,16958.3255023459,0.011,6510.29743480796,6401.79805304642,4251.69399169898,9547.31668027372,"I1",10,"Fcap_1.50_Besc_6561_sigmaR_0.216_SE_reference_AE_historical"
10,"I1__Fcap_1.50_Besc_6561_sigmaR_0.216_SE_reference_AE_historical",1.5,6561,"Medium",2036,1000,0,0.002,11765.4229028188,8107.40289527722,17002.4367145886,0.009,6516.34051591596,6347.44032512072,4324.13028861412,9341.66440308896,"I1",10,"Fcap_1.50_Besc_6561_sigmaR_0.216_SE_reference_AE_historical"
10,"I1__Fcap_1.50_Besc_6561_sigmaR_0.216_SE_reference_AE_historical",1.5,6561,"Medium",2037,1000,0,0.002,11819.8428833383,8166.35672409299,16619.3350559633,0.008,6453.67907777846,6388.40688000038,4295.96937568528,9076.19885783455,"I1",10,"Fcap_1.50_Besc_6561_sigmaR_0.216_SE_reference_AE_historical"
10,"I1__Fcap_1.50_Besc_6561_sigmaR_0.216_SE_reference_AE_historical",1.5,6561,"Medium",2038,1000,0,0,11670.1542333782,8143.01872133799,17141.2399685025,0.008,6479.82554383063,6267.16498502653,4343.84136061612,9560.10437075589,"I1",10,"Fcap_1.50_Besc_6561_sigmaR_0.216_SE_reference_AE_historical"
10,"I1__Fcap_1.50_Besc_6561_sigmaR_0.216_SE_reference_AE_historical",1.5,6561,"Medium",2039,1000,0,0.002,11861.3960405699,8205.80482070933,17174.5264386828,0.014,6511.44052110097,6415.93148591572,4340.53911474208,9578.34876842945,"I1",10,"Fcap_1.50_Besc_6561_sigmaR_0.216_SE_reference_AE_historical"
10,"I1__Fcap_1.50_Besc_6561_sigmaR_0.216_SE_reference_AE_historical",1.5,6561,"Medium",2040,1000,0,0,11728.6782068839,8367.1686121719,17408.7241424187,0.008,6550.59776301104,6378.05900854631,4458.76074302394,9601.81572242095,"I1",10,"Fcap_1.50_Besc_6561_sigmaR_0.216_SE_reference_AE_historical"
10,"I1__Fcap_1.50_Besc_6561_sigmaR_0.216_SE_reference_AE_historical",1.5,6561,"Medium",2041,1000,0,0.002,11837.1952306286,8151.86665929184,17610.0021145237,0.012,6524.9177438362,6400.78465139882,4238.11332955387,9707.16877880783,"I1",10,"Fcap_1.50_Besc_6561_sigmaR_0.216_SE_reference_AE_historical"
10,"I1__Fcap_1.50_Besc_6561_sigmaR_0.216_SE_reference_AE_historical",1.5,6561,"Medium",2042,1000,0,0.002,11910.0058389252,8088.1121554439,17221.6167848876,0.005,6553.47901483798,6399.75538521237,4384.49556476562,9464.42304101313,"I1",10,"Fcap_1.50_Besc_6561_sigmaR_0.216_SE_reference_AE_historical"
10,"I1__Fcap_1.50_Besc_6561_sigmaR_0.216_SE_reference_AE_historical",1.5,6561,"Medium",2043,1000,0,0.001,11642.0104298081,8346.52442605681,16740.7081964248,0.008,6460.47054835147,6318.38335981967,4364.27911616812,9293.68120438944,"I1",10,"Fcap_1.50_Besc_6561_sigmaR_0.216_SE_reference_AE_historical"
10,"I1__Fcap_1.50_Besc_6561_sigmaR_0.216_SE_reference_AE_historical",1.5,6561,"Medium",2044,1000,0,0.003,11792.7710658038,8204.35482108487,16790.2188559009,0.009,6516.88593372319,6323.2661799991,4372.03761767572,9453.86871958322,"I1",10,"Fcap_1.50_Besc_6561_sigmaR_0.216_SE_reference_AE_historical"
10,"I1__Fcap_1.50_Besc_6561_sigmaR_0.216_SE_reference_AE_historical",1.5,6561,"Long",2045,1000,0,0.002,11721.5050655424,8302.38952824633,17239.3240524128,0.008,6546.06146241933,6435.42116557396,4301.87532626547,9469.10813832176,"I1",10,"Fcap_1.50_Besc_6561_sigmaR_0.216_SE_reference_AE_historical"
10,"I1__Fcap_1.50_Besc_6561_sigmaR_0.216_SE_reference_AE_historical",1.5,6561,"Long",2046,1000,0,0.001,11796.0135616533,8062.98116820333,16988.1556477099,0.007,6525.78513661146,6294.93568830101,4292.19887311115,9650.77828038541,"I1",10,"Fcap_1.50_Besc_6561_sigmaR_0.216_SE_reference_AE_historical"
10,"I1__Fcap_1.50_Besc_6561_sigmaR_0.216_SE_reference_AE_historical",1.5,6561,"Long",2047,1000,0,0,11966.7068307653,8346.30546004687,17663.1949443662,0.008,6612.07163005593,6459.78639967731,4447.6715188218,9778.5045675474,"I1",10,"Fcap_1.50_Besc_6561_sigmaR_0.216_SE_reference_AE_historical"
10,"I1__Fcap_1.50_Besc_6561_sigmaR_0.216_SE_reference_AE_historical",1.5,6561,"Long",2048,1000,0,0.002,11908.334481305,8100.28167413611,17342.6230167195,0.011,6563.58475933904,6438.91130452125,4320.65983974112,9648.24392808433,"I1",10,"Fcap_1.50_Besc_6561_sigmaR_0.216_SE_reference_AE_historical"
10,"I1__Fcap_1.50_Besc_6561_sigmaR_0.216_SE_reference_AE_historical",1.5,6561,"Long",2049,1000,0,0.001,11756.8881322745,8099.93846202254,17315.2797546149,0.006,6492.72185881688,6323.84754863812,4287.10131664965,9504.06212090225,"I1",10,"Fcap_1.50_Besc_6561_sigmaR_0.216_SE_reference_AE_historical"
10,"I1__Fcap_1.50_Besc_6561_sigmaR_0.216_SE_reference_AE_historical",1.5,6561,"Long",2050,1000,0,0.001,11960.0314946562,8322.97166737369,17734.6711466482,0.013,6633.08955207864,6496.35918490325,4318.78986442393,9863.92230682764,"I1",10,"Fcap_1.50_Besc_6561_sigmaR_0.216_SE_reference_AE_historical"
10,"I1__Fcap_1.50_Besc_6561_sigmaR_0.216_SE_reference_AE_historical",1.5,6561,"Long",2051,1000,0,0,12023.2511037848,8254.92169856269,17331.1829988276,0.006,6636.94156188571,6462.60377345566,4378.2986077455,9545.27497495658,"I1",10,"Fcap_1.50_Besc_6561_sigmaR_0.216_SE_reference_AE_historical"
10,"I1__Fcap_1.50_Besc_6561_sigmaR_0.216_SE_reference_AE_historical",1.5,6561,"Long",2052,1000,0,0.002,11916.8451033022,8301.38630231842,17372.7401369755,0.008,6593.44178312184,6432.0616757281,4418.13815630402,9644.19315338544,"I1",10,"Fcap_1.50_Besc_6561_sigmaR_0.216_SE_reference_AE_historical"
10,"I1__Fcap_1.50_Besc_6561_sigmaR_0.216_SE_reference_AE_historical",1.5,6561,"Long",2053,1000,0,0.001,11762.2324762447,8261.66926008168,17699.0456866487,0.008,6566.96431372603,6403.85530099322,4364.39087383905,9827.20248287746,"I1",10,"Fcap_1.50_Besc_6561_sigmaR_0.216_SE_reference_AE_historical"
10,"I1__Fcap_1.50_Besc_6561_sigmaR_0.216_SE_reference_AE_historical",1.5,6561,"Long",2054,1000,0,0.001,11781.9988077943,8128.50329635425,17357.0506249346,0.014,6506.43640004872,6316.98549357899,4378.07612107553,9523.30210590156,"I1",10,"Fcap_1.50_Besc_6561_sigmaR_0.216_SE_reference_AE_historical"
10,"I1__Fcap_1.50_Besc_6561_sigmaR_0.216_SE_reference_AE_historical",1.5,6561,"Full",2025,1000,0,0,13110.6513368734,11480.7572450329,16254.5582268046,0,7392.98023716712,7168.47203041387,5639.52321836161,9949.25690405156,"I1",10,"Fcap_1.50_Besc_6561_sigmaR_0.216_SE_reference_AE_historical"
10,"I1__Fcap_1.50_Besc_6561_sigmaR_0.216_SE_reference_AE_historical",1.5,6561,"Full",2026,1000,0,0,12079.9768847689,8588.58920659521,17519.6006440681,0.004,6769.10185292746,6598.89135488577,4488.57580159226,9895.64554092128,"I1",10,"Fcap_1.50_Besc_6561_sigmaR_0.216_SE_reference_AE_historical"
10,"I1__Fcap_1.50_Besc_6561_sigmaR_0.216_SE_reference_AE_historical",1.5,6561,"Full",2027,1000,0,0.003,11933.7935793783,8205.11756249427,17769.0304153078,0.007,6738.61367263036,6578.53872012857,4339.83753191832,9850.1065545651,"I1",10,"Fcap_1.50_Besc_6561_sigmaR_0.216_SE_reference_AE_historical"
10,"I1__Fcap_1.50_Besc_6561_sigmaR_0.216_SE_reference_AE_historical",1.5,6561,"Full",2028,1000,0,0.002,11957.2713420063,8247.09620699132,17223.2969273586,0.007,6672.47580144908,6520.66125075173,4364.72075348029,9605.42130593773,"I1",10,"Fcap_1.50_Besc_6561_sigmaR_0.216_SE_reference_AE_historical"
10,"I1__Fcap_1.50_Besc_6561_sigmaR_0.216_SE_reference_AE_historical",1.5,6561,"Full",2029,1000,0,0.005,11678.9200078857,7917.09166385551,17090.5934065851,0.012,6552.18132951495,6421.50537759802,4211.26951097405,9657.05408506902,"I1",10,"Fcap_1.50_Besc_6561_sigmaR_0.216_SE_reference_AE_historical"
10,"I1__Fcap_1.50_Besc_6561_sigmaR_0.216_SE_reference_AE_historical",1.5,6561,"Full",2030,1000,0,0.001,11727.2017133596,8050.47846029172,17499.890090839,0.01,6496.25215145983,6354.68497547588,4275.16872382123,9652.62266101185,"I1",10,"Fcap_1.50_Besc_6561_sigmaR_0.216_SE_reference_AE_historical"
10,"I1__Fcap_1.50_Besc_6561_sigmaR_0.216_SE_reference_AE_historical",1.5,6561,"Full",2031,1000,0,0.001,11575.6813248636,8189.05622671338,17100.2193973466,0.011,6424.71757426227,6283.65122816337,4197.58812283836,9150.95917270211,"I1",10,"Fcap_1.50_Besc_6561_sigmaR_0.216_SE_reference_AE_historical"
10,"I1__Fcap_1.50_Besc_6561_sigmaR_0.216_SE_reference_AE_historical",1.5,6561,"Full",2032,1000,0,0.001,11821.3732130712,8007.76588378353,16731.7686397131,0.01,6463.83961667317,6367.89213046617,4107.78107501528,9279.55033221064,"I1",10,"Fcap_1.50_Besc_6561_sigmaR_0.216_SE_reference_AE_historical"
10,"I1__Fcap_1.50_Besc_6561_sigmaR_0.216_SE_reference_AE_historical",1.5,6561,"Full",2033,1000,0,0.002,11835.9850632913,8121.36958896156,17191.4246181709,0.009,6542.27427053062,6346.94999629181,4433.72358986183,9495.24294953657,"I1",10,"Fcap_1.50_Besc_6561_sigmaR_0.216_SE_reference_AE_historical"
10,"I1__Fcap_1.50_Besc_6561_sigmaR_0.216_SE_reference_AE_historical",1.5,6561,"Full",2034,1000,0,0.003,11902.5224263367,8316.42034772785,17224.1939212149,0.013,6566.63603836156,6411.87646093463,4255.51415392841,9517.90035234025,"I1",10,"Fcap_1.50_Besc_6561_sigmaR_0.216_SE_reference_AE_historical"
10,"I1__Fcap_1.50_Besc_6561_sigmaR_0.216_SE_reference_AE_historical",1.5,6561,"Full",2035,1000,0,0.001,11845.343546521,8225.49642597175,16958.3255023459,0.011,6510.29743480796,6401.79805304642,4251.69399169898,9547.31668027372,"I1",10,"Fcap_1.50_Besc_6561_sigmaR_0.216_SE_reference_AE_historical"
10,"I1__Fcap_1.50_Besc_6561_sigmaR_0.216_SE_reference_AE_historical",1.5,6561,"Full",2036,1000,0,0.002,11765.4229028188,8107.40289527722,17002.4367145886,0.009,6516.34051591596,6347.44032512072,4324.13028861412,9341.66440308896,"I1",10,"Fcap_1.50_Besc_6561_sigmaR_0.216_SE_reference_AE_historical"
10,"I1__Fcap_1.50_Besc_6561_sigmaR_0.216_SE_reference_AE_historical",1.5,6561,"Full",2037,1000,0,0.002,11819.8428833383,8166.35672409299,16619.3350559633,0.008,6453.67907777846,6388.40688000038,4295.96937568528,9076.19885783455,"I1",10,"Fcap_1.50_Besc_6561_sigmaR_0.216_SE_reference_AE_historical"
10,"I1__Fcap_1.50_Besc_6561_sigmaR_0.216_SE_reference_AE_historical",1.5,6561,"Full",2038,1000,0,0,11670.1542333782,8143.01872133799,17141.2399685025,0.008,6479.82554383063,6267.16498502653,4343.84136061612,9560.10437075589,"I1",10,"Fcap_1.50_Besc_6561_sigmaR_0.216_SE_reference_AE_historical"
10,"I1__Fcap_1.50_Besc_6561_sigmaR_0.216_SE_reference_AE_historical",1.5,6561,"Full",2039,1000,0,0.002,11861.3960405699,8205.80482070933,17174.5264386828,0.014,6511.44052110097,6415.93148591572,4340.53911474208,9578.34876842945,"I1",10,"Fcap_1.50_Besc_6561_sigmaR_0.216_SE_reference_AE_historical"
10,"I1__Fcap_1.50_Besc_6561_sigmaR_0.216_SE_reference_AE_historical",1.5,6561,"Full",2040,1000,0,0,11728.6782068839,8367.1686121719,17408.7241424187,0.008,6550.59776301104,6378.05900854631,4458.76074302394,9601.81572242095,"I1",10,"Fcap_1.50_Besc_6561_sigmaR_0.216_SE_reference_AE_historical"
10,"I1__Fcap_1.50_Besc_6561_sigmaR_0.216_SE_reference_AE_historical",1.5,6561,"Full",2041,1000,0,0.002,11837.1952306286,8151.86665929184,17610.0021145237,0.012,6524.9177438362,6400.78465139882,4238.11332955387,9707.16877880783,"I1",10,"Fcap_1.50_Besc_6561_sigmaR_0.216_SE_reference_AE_historical"
10,"I1__Fcap_1.50_Besc_6561_sigmaR_0.216_SE_reference_AE_historical",1.5,6561,"Full",2042,1000,0,0.002,11910.0058389252,8088.1121554439,17221.6167848876,0.005,6553.47901483798,6399.75538521237,4384.49556476562,9464.42304101313,"I1",10,"Fcap_1.50_Besc_6561_sigmaR_0.216_SE_reference_AE_historical"
10,"I1__Fcap_1.50_Besc_6561_sigmaR_0.216_SE_reference_AE_historical",1.5,6561,"Full",2043,1000,0,0.001,11642.0104298081,8346.52442605681,16740.7081964248,0.008,6460.47054835147,6318.38335981967,4364.27911616812,9293.68120438944,"I1",10,"Fcap_1.50_Besc_6561_sigmaR_0.216_SE_reference_AE_historical"
10,"I1__Fcap_1.50_Besc_6561_sigmaR_0.216_SE_reference_AE_historical",1.5,6561,"Full",2044,1000,0,0.003,11792.7710658038,8204.35482108487,16790.2188559009,0.009,6516.88593372319,6323.2661799991,4372.03761767572,9453.86871958322,"I1",10,"Fcap_1.50_Besc_6561_sigmaR_0.216_SE_reference_AE_historical"
10,"I1__Fcap_1.50_Besc_6561_sigmaR_0.216_SE_reference_AE_historical",1.5,6561,"Full",2045,1000,0,0.002,11721.5050655424,8302.38952824633,17239.3240524128,0.008,6546.06146241933,6435.42116557396,4301.87532626547,9469.10813832176,"I1",10,"Fcap_1.50_Besc_6561_sigmaR_0.216_SE_reference_AE_historical"
10,"I1__Fcap_1.50_Besc_6561_sigmaR_0.216_SE_reference_AE_historical",1.5,6561,"Full",2046,1000,0,0.001,11796.0135616533,8062.98116820333,16988.1556477099,0.007,6525.78513661146,6294.93568830101,4292.19887311115,9650.77828038541,"I1",10,"Fcap_1.50_Besc_6561_sigmaR_0.216_SE_reference_AE_historical"
10,"I1__Fcap_1.50_Besc_6561_sigmaR_0.216_SE_reference_AE_historical",1.5,6561,"Full",2047,1000,0,0,11966.7068307653,8346.30546004687,17663.1949443662,0.008,6612.07163005593,6459.78639967731,4447.6715188218,9778.5045675474,"I1",10,"Fcap_1.50_Besc_6561_sigmaR_0.216_SE_reference_AE_historical"
10,"I1__Fcap_1.50_Besc_6561_sigmaR_0.216_SE_reference_AE_historical",1.5,6561,"Full",2048,1000,0,0.002,11908.334481305,8100.28167413611,17342.6230167195,0.011,6563.58475933904,6438.91130452125,4320.65983974112,9648.24392808433,"I1",10,"Fcap_1.50_Besc_6561_sigmaR_0.216_SE_reference_AE_historical"
10,"I1__Fcap_1.50_Besc_6561_sigmaR_0.216_SE_reference_AE_historical",1.5,6561,"Full",2049,1000,0,0.001,11756.8881322745,8099.93846202254,17315.2797546149,0.006,6492.72185881688,6323.84754863812,4287.10131664965,9504.06212090225,"I1",10,"Fcap_1.50_Besc_6561_sigmaR_0.216_SE_reference_AE_historical"
10,"I1__Fcap_1.50_Besc_6561_sigmaR_0.216_SE_reference_AE_historical",1.5,6561,"Full",2050,1000,0,0.001,11960.0314946562,8322.97166737369,17734.6711466482,0.013,6633.08955207864,6496.35918490325,4318.78986442393,9863.92230682764,"I1",10,"Fcap_1.50_Besc_6561_sigmaR_0.216_SE_reference_AE_historical"
10,"I1__Fcap_1.50_Besc_6561_sigmaR_0.216_SE_reference_AE_historical",1.5,6561,"Full",2051,1000,0,0,12023.2511037848,8254.92169856269,17331.1829988276,0.006,6636.94156188571,6462.60377345566,4378.2986077455,9545.27497495658,"I1",10,"Fcap_1.50_Besc_6561_sigmaR_0.216_SE_reference_AE_historical"
10,"I1__Fcap_1.50_Besc_6561_sigmaR_0.216_SE_reference_AE_historical",1.5,6561,"Full",2052,1000,0,0.002,11916.8451033022,8301.38630231842,17372.7401369755,0.008,6593.44178312184,6432.0616757281,4418.13815630402,9644.19315338544,"I1",10,"Fcap_1.50_Besc_6561_sigmaR_0.216_SE_reference_AE_historical"
10,"I1__Fcap_1.50_Besc_6561_sigmaR_0.216_SE_reference_AE_historical",1.5,6561,"Full",2053,1000,0,0.001,11762.2324762447,8261.66926008168,17699.0456866487,0.008,6566.96431372603,6403.85530099322,4364.39087383905,9827.20248287746,"I1",10,"Fcap_1.50_Besc_6561_sigmaR_0.216_SE_reference_AE_historical"
10,"I1__Fcap_1.50_Besc_6561_sigmaR_0.216_SE_reference_AE_historical",1.5,6561,"Full",2054,1000,0,0.001,11781.9988077943,8128.50329635425,17357.0506249346,0.014,6506.43640004872,6316.98549357899,4378.07612107553,9523.30210590156,"I1",10,"Fcap_1.50_Besc_6561_sigmaR_0.216_SE_reference_AE_historical"
11,"I1__Fcap_1.50_Besc_7250_sigmaR_0.216_SE_reference_AE_historical",1.5,7250,"Short",2025,1000,0,0,13110.6513368734,11480.7572450329,16254.5582268046,0,7392.98023716712,7168.47203041387,5639.52321836161,9949.25690405156,"I1",11,"Fcap_1.50_Besc_7250_sigmaR_0.216_SE_reference_AE_historical"
11,"I1__Fcap_1.50_Besc_7250_sigmaR_0.216_SE_reference_AE_historical",1.5,7250,"Short",2026,1000,0,0,12079.9768847689,8640.07191981431,17519.6006440681,0.019,6700.00152641788,6598.89135488577,4395.06504353016,9895.64554092128,"I1",11,"Fcap_1.50_Besc_7250_sigmaR_0.216_SE_reference_AE_historical"
11,"I1__Fcap_1.50_Besc_7250_sigmaR_0.216_SE_reference_AE_historical",1.5,7250,"Short",2027,1000,0,0.002,11967.3567324414,8289.86831702147,17774.4193786502,0.025,6658.56559921759,6626.92537933122,4089.22961084592,9850.1065545651,"I1",11,"Fcap_1.50_Besc_7250_sigmaR_0.216_SE_reference_AE_historical"
11,"I1__Fcap_1.50_Besc_7250_sigmaR_0.216_SE_reference_AE_historical",1.5,7250,"Short",2028,1000,0,0.002,12017.6816866297,8347.70315074922,17229.1258529352,0.024,6601.10211783782,6561.64080568075,4134.26346486327,9605.79900786206,"I1",11,"Fcap_1.50_Besc_7250_sigmaR_0.216_SE_reference_AE_historical"
11,"I1__Fcap_1.50_Besc_7250_sigmaR_0.216_SE_reference_AE_historical",1.5,7250,"Short",2029,1000,0,0.004,11724.1501074263,8160.84686691406,17133.2136549997,0.032,6465.99195250637,6462.26415309473,3096.91159305391,9668.8840309512,"I1",11,"Fcap_1.50_Besc_7250_sigmaR_0.216_SE_reference_AE_historical"
11,"I1__Fcap_1.50_Besc_7250_sigmaR_0.216_SE_reference_AE_historical",1.5,7250,"Short",2030,1000,0,0.001,11767.1182951245,8312.82273968931,17499.9070553645,0.025,6433.68146159608,6385.89788898921,3983.61040731503,9654.04255918812,"I1",11,"Fcap_1.50_Besc_7250_sigmaR_0.216_SE_reference_AE_historical"
11,"I1__Fcap_1.50_Besc_7250_sigmaR_0.216_SE_reference_AE_historical",1.5,7250,"Short",2031,1000,0,0.001,11651.2564270801,8407.50877531219,17099.4033196272,0.029,6365.11821918624,6350.83966106829,3843.02022259119,9247.58749034033,"I1",11,"Fcap_1.50_Besc_7250_sigmaR_0.216_SE_reference_AE_historical"
11,"I1__Fcap_1.50_Besc_7250_sigmaR_0.216_SE_reference_AE_historical",1.5,7250,"Short",2032,1000,0,0.001,11858.4978097498,8182.80457444981,16812.0346768539,0.032,6400.75303561271,6388.71740630095,3770.55115866427,9328.92425553441,"I1",11,"Fcap_1.50_Besc_7250_sigmaR_0.216_SE_reference_AE_historical"
11,"I1__Fcap_1.50_Besc_7250_sigmaR_0.216_SE_reference_AE_historical",1.5,7250,"Short",2033,1000,0,0.002,11877.109921031,8359.58831248481,17194.8977771412,0.026,6484.13172898954,6393.49869659299,4279.9322651419,9503.49840955596,"I1",11,"Fcap_1.50_Besc_7250_sigmaR_0.216_SE_reference_AE_historical"
11,"I1__Fcap_1.50_Besc_7250_sigmaR_0.216_SE_reference_AE_historical",1.5,7250,"Short",2034,1000,0,0.003,11946.1118259193,8426.89741929826,17221.9635282337,0.028,6531.05083542126,6437.55826778732,4174.01679409402,9507.10997454195,"I1",11,"Fcap_1.50_Besc_7250_sigmaR_0.216_SE_reference_AE_historical"
11,"I1__Fcap_1.50_Besc_7250_sigmaR_0.216_SE_reference_AE_historical",1.5,7250,"Medium",2035,1000,0,0.001,11862.1217534162,8403.62594485367,16976.7987733577,0.024,6450.48990944089,6412.04836323365,3922.7586033758,9578.951277507,"I1",11,"Fcap_1.50_Besc_7250_sigmaR_0.216_SE_reference_AE_historical"
11,"I1__Fcap_1.50_Besc_7250_sigmaR_0.216_SE_reference_AE_historical",1.5,7250,"Medium",2036,1000,0,0.002,11797.6708399583,8292.9203379369,17020.7091717683,0.02,6481.11692912818,6397.70432361736,4150.55785430602,9341.69612706876,"I1",11,"Fcap_1.50_Besc_7250_sigmaR_0.216_SE_reference_AE_historical"
11,"I1__Fcap_1.50_Besc_7250_sigmaR_0.216_SE_reference_AE_historical",1.5,7250,"Medium",2037,1000,0,0.002,11838.1606720418,8417.59339654978,16649.7641284541,0.021,6394.10904217214,6398.13265783136,4202.99408843865,9130.02079963575,"I1",11,"Fcap_1.50_Besc_7250_sigmaR_0.216_SE_reference_AE_historical"
11,"I1__Fcap_1.50_Besc_7250_sigmaR_0.216_SE_reference_AE_historical",1.5,7250,"Medium",2038,1000,0,0,11712.5193364023,8405.21788448364,17140.0693656608,0.027,6403.77528854076,6310.3053421602,4098.12571789275,9560.4352798974,"I1",11,"Fcap_1.50_Besc_7250_sigmaR_0.216_SE_reference_AE_historical"
11,"I1__Fcap_1.50_Besc_7250_sigmaR_0.216_SE_reference_AE_historical",1.5,7250,"Medium",2039,1000,0,0.001,11895.2015039076,8357.29597183656,17181.6188759535,0.026,6479.02869902764,6438.40064873975,4166.92552597024,9601.72881674737,"I1",11,"Fcap_1.50_Besc_7250_sigmaR_0.216_SE_reference_AE_historical"
11,"I1__Fcap_1.50_Besc_7250_sigmaR_0.216_SE_reference_AE_historical",1.5,7250,"Medium",2040,1000,0,0,11803.504978479,8575.60948062918,17536.0647346108,0.018,6525.3283058534,6397.19051822474,4332.50087786643,9603.80251902351,"I1",11,"Fcap_1.50_Besc_7250_sigmaR_0.216_SE_reference_AE_historical"
11,"I1__Fcap_1.50_Besc_7250_sigmaR_0.216_SE_reference_AE_historical",1.5,7250,"Medium",2041,1000,0,0.002,11855.1113615337,8371.35924502728,17602.541864614,0.034,6442.68606947361,6420.58947976822,3651.93274910035,9739.3752462981,"I1",11,"Fcap_1.50_Besc_7250_sigmaR_0.216_SE_reference_AE_historical"
11,"I1__Fcap_1.50_Besc_7250_sigmaR_0.216_SE_reference_AE_historical",1.5,7250,"Medium",2042,1000,0,0.001,11940.3524097912,8419.49696236107,17233.3270892675,0.025,6480.16506715176,6463.23589957673,3938.44777667436,9511.27034355828,"I1",11,"Fcap_1.50_Besc_7250_sigmaR_0.216_SE_reference_AE_historical"
11,"I1__Fcap_1.50_Besc_7250_sigmaR_0.216_SE_reference_AE_historical",1.5,7250,"Medium",2043,1000,0,0.001,11687.6099331771,8488.32825670385,16744.6173991758,0.02,6416.83466832186,6366.41833663914,4165.83376392713,9297.50274326667,"I1",11,"Fcap_1.50_Besc_7250_sigmaR_0.216_SE_reference_AE_historical"
11,"I1__Fcap_1.50_Besc_7250_sigmaR_0.216_SE_reference_AE_historical",1.5,7250,"Medium",2044,1000,0,0.001,11811.5101790002,8477.70519430674,16790.1816246966,0.025,6465.44441741697,6373.292209226,4055.67844167278,9474.6939123631,"I1",11,"Fcap_1.50_Besc_7250_sigmaR_0.216_SE_reference_AE_historical"
11,"I1__Fcap_1.50_Besc_7250_sigmaR_0.216_SE_reference_AE_historical",1.5,7250,"Long",2045,1000,0,0.002,11763.6110009654,8449.92569252145,17243.3219218786,0.02,6501.98776714897,6481.80961688206,4094.5920507728,9498.68636389975,"I1",11,"Fcap_1.50_Besc_7250_sigmaR_0.216_SE_reference_AE_historical"
11,"I1__Fcap_1.50_Besc_7250_sigmaR_0.216_SE_reference_AE_historical",1.5,7250,"Long",2046,1000,0,0,11847.5994398354,8324.51511362235,17018.3632450248,0.023,6453.31709831369,6320.62451703939,4038.72262597906,9650.7692960389,"I1",11,"Fcap_1.50_Besc_7250_sigmaR_0.216_SE_reference_AE_historical"
11,"I1__Fcap_1.50_Besc_7250_sigmaR_0.216_SE_reference_AE_historical",1.5,7250,"Long",2047,1000,0,0,11986.357460885,8487.40544860232,17668.3887556604,0.021,6591.36463235308,6470.47211280835,4371.40598227523,9793.8035086966,"I1",11,"Fcap_1.50_Besc_7250_sigmaR_0.216_SE_reference_AE_historical"
11,"I1__Fcap_1.50_Besc_7250_sigmaR_0.216_SE_reference_AE_historical",1.5,7250,"Long",2048,1000,0,0.001,11919.97348928,8262.76839590931,17344.049142399,0.033,6480.06577507027,6462.5219043486,4000.41987444026,9646.97288814221,"I1",11,"Fcap_1.50_Besc_7250_sigmaR_0.216_SE_reference_AE_historical"
11,"I1__Fcap_1.50_Besc_7250_sigmaR_0.216_SE_reference_AE_historical",1.5,7250,"Long",2049,1000,0,0.001,11822.8798366221,8362.4845587586,17315.128330451,0.023,6463.5102187111,6365.88151167228,4184.10809327763,9556.05846001241,"I1",11,"Fcap_1.50_Besc_7250_sigmaR_0.216_SE_reference_AE_historical"
11,"I1__Fcap_1.50_Besc_7250_sigmaR_0.216_SE_reference_AE_historical",1.5,7250,"Long",2050,1000,0,0.001,12003.5867525755,8393.28804405612,17837.1871584846,0.019,6604.19359654552,6533.91429588645,4019.97476345941,9863.72695779048,"I1",11,"Fcap_1.50_Besc_7250_sigmaR_0.216_SE_reference_AE_historical"
11,"I1__Fcap_1.50_Besc_7250_sigmaR_0.216_SE_reference_AE_historical",1.5,7250,"Long",2051,1000,0,0,12056.8064411977,8374.289438618,17334.4728726837,0.015,6592.16348955375,6498.46175574517,4254.79433238534,9542.82148953922,"I1",11,"Fcap_1.50_Besc_7250_sigmaR_0.216_SE_reference_AE_historical"
11,"I1__Fcap_1.50_Besc_7250_sigmaR_0.216_SE_reference_AE_historical",1.5,7250,"Long",2052,1000,0,0.002,11943.760485845,8386.40256845494,17390.1683613967,0.021,6532.84564255948,6450.29690212281,4253.17391714551,9672.7614487973,"I1",11,"Fcap_1.50_Besc_7250_sigmaR_0.216_SE_reference_AE_historical"
11,"I1__Fcap_1.50_Besc_7250_sigmaR_0.216_SE_reference_AE_historical",1.5,7250,"Long",2053,1000,0,0,11837.5743637911,8430.14097350322,17698.3990734692,0.023,6515.80053826289,6437.97519714498,4294.50151855772,9881.66911753249,"I1",11,"Fcap_1.50_Besc_7250_sigmaR_0.216_SE_reference_AE_historical"
11,"I1__Fcap_1.50_Besc_7250_sigmaR_0.216_SE_reference_AE_historical",1.5,7250,"Long",2054,1000,0,0.001,11801.4012016113,8294.22483448815,17363.4341034613,0.027,6462.04915904128,6335.41950673733,4000.93591987541,9522.86781300205,"I1",11,"Fcap_1.50_Besc_7250_sigmaR_0.216_SE_reference_AE_historical"
11,"I1__Fcap_1.50_Besc_7250_sigmaR_0.216_SE_reference_AE_historical",1.5,7250,"Full",2025,1000,0,0,13110.6513368734,11480.7572450329,16254.5582268046,0,7392.98023716712,7168.47203041387,5639.52321836161,9949.25690405156,"I1",11,"Fcap_1.50_Besc_7250_sigmaR_0.216_SE_reference_AE_historical"
11,"I1__Fcap_1.50_Besc_7250_sigmaR_0.216_SE_reference_AE_historical",1.5,7250,"Full",2026,1000,0,0,12079.9768847689,8640.07191981431,17519.6006440681,0.019,6700.00152641788,6598.89135488577,4395.06504353016,9895.64554092128,"I1",11,"Fcap_1.50_Besc_7250_sigmaR_0.216_SE_reference_AE_historical"
11,"I1__Fcap_1.50_Besc_7250_sigmaR_0.216_SE_reference_AE_historical",1.5,7250,"Full",2027,1000,0,0.002,11967.3567324414,8289.86831702147,17774.4193786502,0.025,6658.56559921759,6626.92537933122,4089.22961084592,9850.1065545651,"I1",11,"Fcap_1.50_Besc_7250_sigmaR_0.216_SE_reference_AE_historical"
11,"I1__Fcap_1.50_Besc_7250_sigmaR_0.216_SE_reference_AE_historical",1.5,7250,"Full",2028,1000,0,0.002,12017.6816866297,8347.70315074922,17229.1258529352,0.024,6601.10211783782,6561.64080568075,4134.26346486327,9605.79900786206,"I1",11,"Fcap_1.50_Besc_7250_sigmaR_0.216_SE_reference_AE_historical"
11,"I1__Fcap_1.50_Besc_7250_sigmaR_0.216_SE_reference_AE_historical",1.5,7250,"Full",2029,1000,0,0.004,11724.1501074263,8160.84686691406,17133.2136549997,0.032,6465.99195250637,6462.26415309473,3096.91159305391,9668.8840309512,"I1",11,"Fcap_1.50_Besc_7250_sigmaR_0.216_SE_reference_AE_historical"
11,"I1__Fcap_1.50_Besc_7250_sigmaR_0.216_SE_reference_AE_historical",1.5,7250,"Full",2030,1000,0,0.001,11767.1182951245,8312.82273968931,17499.9070553645,0.025,6433.68146159608,6385.89788898921,3983.61040731503,9654.04255918812,"I1",11,"Fcap_1.50_Besc_7250_sigmaR_0.216_SE_reference_AE_historical"
11,"I1__Fcap_1.50_Besc_7250_sigmaR_0.216_SE_reference_AE_historical",1.5,7250,"Full",2031,1000,0,0.001,11651.2564270801,8407.50877531219,17099.4033196272,0.029,6365.11821918624,6350.83966106829,3843.02022259119,9247.58749034033,"I1",11,"Fcap_1.50_Besc_7250_sigmaR_0.216_SE_reference_AE_historical"
11,"I1__Fcap_1.50_Besc_7250_sigmaR_0.216_SE_reference_AE_historical",1.5,7250,"Full",2032,1000,0,0.001,11858.4978097498,8182.80457444981,16812.0346768539,0.032,6400.75303561271,6388.71740630095,3770.55115866427,9328.92425553441,"I1",11,"Fcap_1.50_Besc_7250_sigmaR_0.216_SE_reference_AE_historical"
11,"I1__Fcap_1.50_Besc_7250_sigmaR_0.216_SE_reference_AE_historical",1.5,7250,"Full",2033,1000,0,0.002,11877.109921031,8359.58831248481,17194.8977771412,0.026,6484.13172898954,6393.49869659299,4279.9322651419,9503.49840955596,"I1",11,"Fcap_1.50_Besc_7250_sigmaR_0.216_SE_reference_AE_historical"
11,"I1__Fcap_1.50_Besc_7250_sigmaR_0.216_SE_reference_AE_historical",1.5,7250,"Full",2034,1000,0,0.003,11946.1118259193,8426.89741929826,17221.9635282337,0.028,6531.05083542126,6437.55826778732,4174.01679409402,9507.10997454195,"I1",11,"Fcap_1.50_Besc_7250_sigmaR_0.216_SE_reference_AE_historical"
11,"I1__Fcap_1.50_Besc_7250_sigmaR_0.216_SE_reference_AE_historical",1.5,7250,"Full",2035,1000,0,0.001,11862.1217534162,8403.62594485367,16976.7987733577,0.024,6450.48990944089,6412.04836323365,3922.7586033758,9578.951277507,"I1",11,"Fcap_1.50_Besc_7250_sigmaR_0.216_SE_reference_AE_historical"
11,"I1__Fcap_1.50_Besc_7250_sigmaR_0.216_SE_reference_AE_historical",1.5,7250,"Full",2036,1000,0,0.002,11797.6708399583,8292.9203379369,17020.7091717683,0.02,6481.11692912818,6397.70432361736,4150.55785430602,9341.69612706876,"I1",11,"Fcap_1.50_Besc_7250_sigmaR_0.216_SE_reference_AE_historical"
11,"I1__Fcap_1.50_Besc_7250_sigmaR_0.216_SE_reference_AE_historical",1.5,7250,"Full",2037,1000,0,0.002,11838.1606720418,8417.59339654978,16649.7641284541,0.021,6394.10904217214,6398.13265783136,4202.99408843865,9130.02079963575,"I1",11,"Fcap_1.50_Besc_7250_sigmaR_0.216_SE_reference_AE_historical"
11,"I1__Fcap_1.50_Besc_7250_sigmaR_0.216_SE_reference_AE_historical",1.5,7250,"Full",2038,1000,0,0,11712.5193364023,8405.21788448364,17140.0693656608,0.027,6403.77528854076,6310.3053421602,4098.12571789275,9560.4352798974,"I1",11,"Fcap_1.50_Besc_7250_sigmaR_0.216_SE_reference_AE_historical"
11,"I1__Fcap_1.50_Besc_7250_sigmaR_0.216_SE_reference_AE_historical",1.5,7250,"Full",2039,1000,0,0.001,11895.2015039076,8357.29597183656,17181.6188759535,0.026,6479.02869902764,6438.40064873975,4166.92552597024,9601.72881674737,"I1",11,"Fcap_1.50_Besc_7250_sigmaR_0.216_SE_reference_AE_historical"
11,"I1__Fcap_1.50_Besc_7250_sigmaR_0.216_SE_reference_AE_historical",1.5,7250,"Full",2040,1000,0,0,11803.504978479,8575.60948062918,17536.0647346108,0.018,6525.3283058534,6397.19051822474,4332.50087786643,9603.80251902351,"I1",11,"Fcap_1.50_Besc_7250_sigmaR_0.216_SE_reference_AE_historical"
11,"I1__Fcap_1.50_Besc_7250_sigmaR_0.216_SE_reference_AE_historical",1.5,7250,"Full",2041,1000,0,0.002,11855.1113615337,8371.35924502728,17602.541864614,0.034,6442.68606947361,6420.58947976822,3651.93274910035,9739.3752462981,"I1",11,"Fcap_1.50_Besc_7250_sigmaR_0.216_SE_reference_AE_historical"
11,"I1__Fcap_1.50_Besc_7250_sigmaR_0.216_SE_reference_AE_historical",1.5,7250,"Full",2042,1000,0,0.001,11940.3524097912,8419.49696236107,17233.3270892675,0.025,6480.16506715176,6463.23589957673,3938.44777667436,9511.27034355828,"I1",11,"Fcap_1.50_Besc_7250_sigmaR_0.216_SE_reference_AE_historical"
11,"I1__Fcap_1.50_Besc_7250_sigmaR_0.216_SE_reference_AE_historical",1.5,7250,"Full",2043,1000,0,0.001,11687.6099331771,8488.32825670385,16744.6173991758,0.02,6416.83466832186,6366.41833663914,4165.83376392713,9297.50274326667,"I1",11,"Fcap_1.50_Besc_7250_sigmaR_0.216_SE_reference_AE_historical"
11,"I1__Fcap_1.50_Besc_7250_sigmaR_0.216_SE_reference_AE_historical",1.5,7250,"Full",2044,1000,0,0.001,11811.5101790002,8477.70519430674,16790.1816246966,0.025,6465.44441741697,6373.292209226,4055.67844167278,9474.6939123631,"I1",11,"Fcap_1.50_Besc_7250_sigmaR_0.216_SE_reference_AE_historical"
11,"I1__Fcap_1.50_Besc_7250_sigmaR_0.216_SE_reference_AE_historical",1.5,7250,"Full",2045,1000,0,0.002,11763.6110009654,8449.92569252145,17243.3219218786,0.02,6501.98776714897,6481.80961688206,4094.5920507728,9498.68636389975,"I1",11,"Fcap_1.50_Besc_7250_sigmaR_0.216_SE_reference_AE_historical"
11,"I1__Fcap_1.50_Besc_7250_sigmaR_0.216_SE_reference_AE_historical",1.5,7250,"Full",2046,1000,0,0,11847.5994398354,8324.51511362235,17018.3632450248,0.023,6453.31709831369,6320.62451703939,4038.72262597906,9650.7692960389,"I1",11,"Fcap_1.50_Besc_7250_sigmaR_0.216_SE_reference_AE_historical"
11,"I1__Fcap_1.50_Besc_7250_sigmaR_0.216_SE_reference_AE_historical",1.5,7250,"Full",2047,1000,0,0,11986.357460885,8487.40544860232,17668.3887556604,0.021,6591.36463235308,6470.47211280835,4371.40598227523,9793.8035086966,"I1",11,"Fcap_1.50_Besc_7250_sigmaR_0.216_SE_reference_AE_historical"
11,"I1__Fcap_1.50_Besc_7250_sigmaR_0.216_SE_reference_AE_historical",1.5,7250,"Full",2048,1000,0,0.001,11919.97348928,8262.76839590931,17344.049142399,0.033,6480.06577507027,6462.5219043486,4000.41987444026,9646.97288814221,"I1",11,"Fcap_1.50_Besc_7250_sigmaR_0.216_SE_reference_AE_historical"
11,"I1__Fcap_1.50_Besc_7250_sigmaR_0.216_SE_reference_AE_historical",1.5,7250,"Full",2049,1000,0,0.001,11822.8798366221,8362.4845587586,17315.128330451,0.023,6463.5102187111,6365.88151167228,4184.10809327763,9556.05846001241,"I1",11,"Fcap_1.50_Besc_7250_sigmaR_0.216_SE_reference_AE_historical"
11,"I1__Fcap_1.50_Besc_7250_sigmaR_0.216_SE_reference_AE_historical",1.5,7250,"Full",2050,1000,0,0.001,12003.5867525755,8393.28804405612,17837.1871584846,0.019,6604.19359654552,6533.91429588645,4019.97476345941,9863.72695779048,"I1",11,"Fcap_1.50_Besc_7250_sigmaR_0.216_SE_reference_AE_historical"
11,"I1__Fcap_1.50_Besc_7250_sigmaR_0.216_SE_reference_AE_historical",1.5,7250,"Full",2051,1000,0,0,12056.8064411977,8374.289438618,17334.4728726837,0.015,6592.16348955375,6498.46175574517,4254.79433238534,9542.82148953922,"I1",11,"Fcap_1.50_Besc_7250_sigmaR_0.216_SE_reference_AE_historical"
11,"I1__Fcap_1.50_Besc_7250_sigmaR_0.216_SE_reference_AE_historical",1.5,7250,"Full",2052,1000,0,0.002,11943.760485845,8386.40256845494,17390.1683613967,0.021,6532.84564255948,6450.29690212281,4253.17391714551,9672.7614487973,"I1",11,"Fcap_1.50_Besc_7250_sigmaR_0.216_SE_reference_AE_historical"
11,"I1__Fcap_1.50_Besc_7250_sigmaR_0.216_SE_reference_AE_historical",1.5,7250,"Full",2053,1000,0,0,11837.5743637911,8430.14097350322,17698.3990734692,0.023,6515.80053826289,6437.97519714498,4294.50151855772,9881.66911753249,"I1",11,"Fcap_1.50_Besc_7250_sigmaR_0.216_SE_reference_AE_historical"
11,"I1__Fcap_1.50_Besc_7250_sigmaR_0.216_SE_reference_AE_historical",1.5,7250,"Full",2054,1000,0,0.001,11801.4012016113,8294.22483448815,17363.4341034613,0.027,6462.04915904128,6335.41950673733,4000.93591987541,9522.86781300205,"I1",11,"Fcap_1.50_Besc_7250_sigmaR_0.216_SE_reference_AE_historical"
12,"I1__Fcap_1.50_Besc_8000_sigmaR_0.216_SE_reference_AE_historical",1.5,8000,"Short",2025,1000,0,0,13110.6513368734,11480.7572450329,16254.5582268046,0,7392.98023716712,7168.47203041387,5639.52321836161,9949.25690405156,"I1",12,"Fcap_1.50_Besc_8000_sigmaR_0.216_SE_reference_AE_historical"
12,"I1__Fcap_1.50_Besc_8000_sigmaR_0.216_SE_reference_AE_historical",1.5,8000,"Short",2026,1000,0,0,12079.9768847689,8840.73584185802,17519.6006440681,0.053,6507.89410538507,6598.89135488577,0,9895.64554092128,"I1",12,"Fcap_1.50_Besc_8000_sigmaR_0.216_SE_reference_AE_historical"
12,"I1__Fcap_1.50_Besc_8000_sigmaR_0.216_SE_reference_AE_historical",1.5,8000,"Short",2027,1000,0,0.002,12069.4903247182,8655.69255035214,17774.4193786502,0.057,6536.4683967937,6677.86949442587,0,9850.3371595823,"I1",12,"Fcap_1.50_Besc_8000_sigmaR_0.216_SE_reference_AE_historical"
12,"I1__Fcap_1.50_Besc_8000_sigmaR_0.216_SE_reference_AE_historical",1.5,8000,"Short",2028,1000,0,0.001,12056.3847536259,8702.88845402874,17229.1899633239,0.062,6454.04408327265,6631.99234654584,0,9643.85286860586,"I1",12,"Fcap_1.50_Besc_8000_sigmaR_0.216_SE_reference_AE_historical"
12,"I1__Fcap_1.50_Besc_8000_sigmaR_0.216_SE_reference_AE_historical",1.5,8000,"Short",2029,1000,0,0.004,11816.8770224676,8508.61381305433,17133.8531970915,0.072,6339.73031506136,6550.05890966648,0,9671.44968131932,"I1",12,"Fcap_1.50_Besc_8000_sigmaR_0.216_SE_reference_AE_historical"
12,"I1__Fcap_1.50_Besc_8000_sigmaR_0.216_SE_reference_AE_historical",1.5,8000,"Short",2030,1000,0,0.001,11879.4409895724,8600.20396347248,17516.5949276381,0.06,6309.7245133171,6435.56536842939,0,9666.18396767796,"I1",12,"Fcap_1.50_Besc_8000_sigmaR_0.216_SE_reference_AE_historical"
12,"I1__Fcap_1.50_Besc_8000_sigmaR_0.216_SE_reference_AE_historical",1.5,8000,"Short",2031,1000,0,0,11740.6287527359,8733.48584257695,17171.8830422236,0.058,6257.97863849661,6378.91084590835,0,9332.6217968297,"I1",12,"Fcap_1.50_Besc_8000_sigmaR_0.216_SE_reference_AE_historical"
12,"I1__Fcap_1.50_Besc_8000_sigmaR_0.216_SE_reference_AE_historical",1.5,8000,"Short",2032,1000,0,0.001,11968.7289849891,8486.50383769341,16926.8027130069,0.056,6280.71194596271,6426.44978705803,0,9389.01689202972,"I1",12,"Fcap_1.50_Besc_8000_sigmaR_0.216_SE_reference_AE_historical"
12,"I1__Fcap_1.50_Besc_8000_sigmaR_0.216_SE_reference_AE_historical",1.5,8000,"Short",2033,1000,0,0.001,11982.4225814176,8748.91494322643,17195.8087258137,0.044,6410.25507662252,6431.97735849488,1163.96430340701,9573.82525798174,"I1",12,"Fcap_1.50_Besc_8000_sigmaR_0.216_SE_reference_AE_historical"
12,"I1__Fcap_1.50_Besc_8000_sigmaR_0.216_SE_reference_AE_historical",1.5,8000,"Short",2034,1000,0,0.002,12012.3445975934,8682.14105673053,17215.5245091214,0.047,6436.01836523261,6495.91978014053,616.17764073685,9610.02156749044,"I1",12,"Fcap_1.50_Besc_8000_sigmaR_0.216_SE_reference_AE_historical"
12,"I1__Fcap_1.50_Besc_8000_sigmaR_0.216_SE_reference_AE_historical",1.5,8000,"Medium",2035,1000,0,0.001,11925.3503934067,8748.42758599046,16993.2379018476,0.054,6324.62290376781,6458.66245741012,0,9614.6072091753,"I1",12,"Fcap_1.50_Besc_8000_sigmaR_0.216_SE_reference_AE_historical"
12,"I1__Fcap_1.50_Besc_8000_sigmaR_0.216_SE_reference_AE_historical",1.5,8000,"Medium",2036,1000,0,0.002,11864.546062536,8657.43402097068,17063.8337231669,0.044,6383.39876985156,6466.09265850305,773.431447009046,9402.37988138995,"I1",12,"Fcap_1.50_Besc_8000_sigmaR_0.216_SE_reference_AE_historical"
12,"I1__Fcap_1.50_Besc_8000_sigmaR_0.216_SE_reference_AE_historical",1.5,8000,"Medium",2037,1000,0,0.001,11933.5479662541,8672.12743240999,16660.4612136535,0.053,6272.89795899431,6468.78176202627,0,9159.9004809234,"I1",12,"Fcap_1.50_Besc_8000_sigmaR_0.216_SE_reference_AE_historical"
12,"I1__Fcap_1.50_Besc_8000_sigmaR_0.216_SE_reference_AE_historical",1.5,8000,"Medium",2038,1000,0,0,11818.1251582902,8630.90407998637,17291.2623841299,0.055,6264.19431374003,6399.24442514994,0,9562.548976127,"I1",12,"Fcap_1.50_Besc_8000_sigmaR_0.216_SE_reference_AE_historical"
12,"I1__Fcap_1.50_Besc_8000_sigmaR_0.216_SE_reference_AE_historical",1.5,8000,"Medium",2039,1000,0,0,12046.3950987884,8703.85632858769,17204.5558591846,0.048,6375.13948813266,6515.51859651936,362.149591901571,9608.61509391355,"I1",12,"Fcap_1.50_Besc_8000_sigmaR_0.216_SE_reference_AE_historical"
12,"I1__Fcap_1.50_Besc_8000_sigmaR_0.216_SE_reference_AE_historical",1.5,8000,"Medium",2040,1000,0,0,11892.7939682111,8942.98556977712,17536.5348928502,0.047,6393.21353344504,6514.41662721274,257.324621395273,9698.93306148387,"I1",12,"Fcap_1.50_Besc_8000_sigmaR_0.216_SE_reference_AE_historical"
12,"I1__Fcap_1.50_Besc_8000_sigmaR_0.216_SE_reference_AE_historical",1.5,8000,"Medium",2041,1000,0,0.001,11941.0678752381,8573.417181502,17603.3925157509,0.061,6331.87329001562,6506.07678651635,0,9775.57881341351,"I1",12,"Fcap_1.50_Besc_8000_sigmaR_0.216_SE_reference_AE_historical"
12,"I1__Fcap_1.50_Besc_8000_sigmaR_0.216_SE_reference_AE_historical",1.5,8000,"Medium",2042,1000,0,0.001,12034.7497554342,8693.62997408164,17263.965928968,0.056,6358.08749317926,6542.62803288068,0,9512.13066386747,"I1",12,"Fcap_1.50_Besc_8000_sigmaR_0.216_SE_reference_AE_historical"
12,"I1__Fcap_1.50_Besc_8000_sigmaR_0.216_SE_reference_AE_historical",1.5,8000,"Medium",2043,1000,0,0,11772.9815437233,8709.17248444663,16830.468917296,0.049,6306.76363275092,6433.78576874864,64.0220734560448,9348.38777908834,"I1",12,"Fcap_1.50_Besc_8000_sigmaR_0.216_SE_reference_AE_historical"
12,"I1__Fcap_1.50_Besc_8000_sigmaR_0.216_SE_reference_AE_historical",1.5,8000,"Medium",2044,1000,0,0,11881.0832211487,8733.21018072673,16925.4925784219,0.052,6360.07418488116,6435.23008373548,0,9501.07467145829,"I1",12,"Fcap_1.50_Besc_8000_sigmaR_0.216_SE_reference_AE_historical"
12,"I1__Fcap_1.50_Besc_8000_sigmaR_0.216_SE_reference_AE_historical",1.5,8000,"Long",2045,1000,0,0.002,11832.1287298985,8762.96858199928,17298.7571736507,0.048,6418.15424346195,6554.15457150385,665.99954620583,9523.99548618985,"I1",12,"Fcap_1.50_Besc_8000_sigmaR_0.216_SE_reference_AE_historical"
12,"I1__Fcap_1.50_Besc_8000_sigmaR_0.216_SE_reference_AE_historical",1.5,8000,"Long",2046,1000,0,0.001,11906.2783101003,8618.08552041636,17051.5795813817,0.065,6273.27264003074,6387.74029752702,0,9714.34826193601,"I1",12,"Fcap_1.50_Besc_8000_sigmaR_0.216_SE_reference_AE_historical"
12,"I1__Fcap_1.50_Besc_8000_sigmaR_0.216_SE_reference_AE_historical",1.5,8000,"Long",2047,1000,0,0,12074.0366250154,8880.1430549995,17774.9617647368,0.047,6484.76961523066,6521.2360874548,814.164295572803,9828.66257038172,"I1",12,"Fcap_1.50_Besc_8000_sigmaR_0.216_SE_reference_AE_historical"
12,"I1__Fcap_1.50_Besc_8000_sigmaR_0.216_SE_reference_AE_historical",1.5,8000,"Long",2048,1000,0,0.001,12058.8784349876,8642.63940252327,17450.3827937732,0.063,6333.79561088555,6513.78381016306,0,9707.60527245199,"I1",12,"Fcap_1.50_Besc_8000_sigmaR_0.216_SE_reference_AE_historical"
12,"I1__Fcap_1.50_Besc_8000_sigmaR_0.216_SE_reference_AE_historical",1.5,8000,"Long",2049,1000,0,0.001,11944.7978216465,8684.15908188601,17311.5577955471,0.054,6342.34689676958,6461.49964699866,0,9598.22902701341,"I1",12,"Fcap_1.50_Besc_8000_sigmaR_0.216_SE_reference_AE_historical"
12,"I1__Fcap_1.50_Besc_8000_sigmaR_0.216_SE_reference_AE_historical",1.5,8000,"Long",2050,1000,0,0.001,12104.7223181997,8716.06534108994,17879.3919967228,0.051,6475.88994538241,6580.03134830204,0,9888.87005016288,"I1",12,"Fcap_1.50_Besc_8000_sigmaR_0.216_SE_reference_AE_historical"
12,"I1__Fcap_1.50_Besc_8000_sigmaR_0.216_SE_reference_AE_historical",1.5,8000,"Long",2051,1000,0,0,12114.713362432,8670.87482120102,17467.2176229348,0.042,6482.05664260166,6542.58699311512,1314.94615048277,9608.03686518697,"I1",12,"Fcap_1.50_Besc_8000_sigmaR_0.216_SE_reference_AE_historical"
12,"I1__Fcap_1.50_Besc_8000_sigmaR_0.216_SE_reference_AE_historical",1.5,8000,"Long",2052,1000,0,0.001,12038.718733751,8780.83864368195,17411.1168796488,0.051,6446.28790545271,6549.39389536881,0,9715.50988173371,"I1",12,"Fcap_1.50_Besc_8000_sigmaR_0.216_SE_reference_AE_historical"
12,"I1__Fcap_1.50_Besc_8000_sigmaR_0.216_SE_reference_AE_historical",1.5,8000,"Long",2053,1000,0.001,0.001,11899.291030239,8776.63611213188,17751.8005345128,0.046,6380.4907854235,6460.66433634081,654.515288298771,9886.84000519222,"I1",12,"Fcap_1.50_Besc_8000_sigmaR_0.216_SE_reference_AE_historical"
12,"I1__Fcap_1.50_Besc_8000_sigmaR_0.216_SE_reference_AE_historical",1.5,8000,"Long",2054,1000,0,0.001,11887.9674013572,8764.03529317361,17356.2230830484,0.059,6340.42188093029,6438.60987281317,0,9559.96101926778,"I1",12,"Fcap_1.50_Besc_8000_sigmaR_0.216_SE_reference_AE_historical"
12,"I1__Fcap_1.50_Besc_8000_sigmaR_0.216_SE_reference_AE_historical",1.5,8000,"Full",2025,1000,0,0,13110.6513368734,11480.7572450329,16254.5582268046,0,7392.98023716712,7168.47203041387,5639.52321836161,9949.25690405156,"I1",12,"Fcap_1.50_Besc_8000_sigmaR_0.216_SE_reference_AE_historical"
12,"I1__Fcap_1.50_Besc_8000_sigmaR_0.216_SE_reference_AE_historical",1.5,8000,"Full",2026,1000,0,0,12079.9768847689,8840.73584185802,17519.6006440681,0.053,6507.89410538507,6598.89135488577,0,9895.64554092128,"I1",12,"Fcap_1.50_Besc_8000_sigmaR_0.216_SE_reference_AE_historical"
12,"I1__Fcap_1.50_Besc_8000_sigmaR_0.216_SE_reference_AE_historical",1.5,8000,"Full",2027,1000,0,0.002,12069.4903247182,8655.69255035214,17774.4193786502,0.057,6536.4683967937,6677.86949442587,0,9850.3371595823,"I1",12,"Fcap_1.50_Besc_8000_sigmaR_0.216_SE_reference_AE_historical"
12,"I1__Fcap_1.50_Besc_8000_sigmaR_0.216_SE_reference_AE_historical",1.5,8000,"Full",2028,1000,0,0.001,12056.3847536259,8702.88845402874,17229.1899633239,0.062,6454.04408327265,6631.99234654584,0,9643.85286860586,"I1",12,"Fcap_1.50_Besc_8000_sigmaR_0.216_SE_reference_AE_historical"
12,"I1__Fcap_1.50_Besc_8000_sigmaR_0.216_SE_reference_AE_historical",1.5,8000,"Full",2029,1000,0,0.004,11816.8770224676,8508.61381305433,17133.8531970915,0.072,6339.73031506136,6550.05890966648,0,9671.44968131932,"I1",12,"Fcap_1.50_Besc_8000_sigmaR_0.216_SE_reference_AE_historical"
12,"I1__Fcap_1.50_Besc_8000_sigmaR_0.216_SE_reference_AE_historical",1.5,8000,"Full",2030,1000,0,0.001,11879.4409895724,8600.20396347248,17516.5949276381,0.06,6309.7245133171,6435.56536842939,0,9666.18396767796,"I1",12,"Fcap_1.50_Besc_8000_sigmaR_0.216_SE_reference_AE_historical"
12,"I1__Fcap_1.50_Besc_8000_sigmaR_0.216_SE_reference_AE_historical",1.5,8000,"Full",2031,1000,0,0,11740.6287527359,8733.48584257695,17171.8830422236,0.058,6257.97863849661,6378.91084590835,0,9332.6217968297,"I1",12,"Fcap_1.50_Besc_8000_sigmaR_0.216_SE_reference_AE_historical"
12,"I1__Fcap_1.50_Besc_8000_sigmaR_0.216_SE_reference_AE_historical",1.5,8000,"Full",2032,1000,0,0.001,11968.7289849891,8486.50383769341,16926.8027130069,0.056,6280.71194596271,6426.44978705803,0,9389.01689202972,"I1",12,"Fcap_1.50_Besc_8000_sigmaR_0.216_SE_reference_AE_historical"
12,"I1__Fcap_1.50_Besc_8000_sigmaR_0.216_SE_reference_AE_historical",1.5,8000,"Full",2033,1000,0,0.001,11982.4225814176,8748.91494322643,17195.8087258137,0.044,6410.25507662252,6431.97735849488,1163.96430340701,9573.82525798174,"I1",12,"Fcap_1.50_Besc_8000_sigmaR_0.216_SE_reference_AE_historical"
12,"I1__Fcap_1.50_Besc_8000_sigmaR_0.216_SE_reference_AE_historical",1.5,8000,"Full",2034,1000,0,0.002,12012.3445975934,8682.14105673053,17215.5245091214,0.047,6436.01836523261,6495.91978014053,616.17764073685,9610.02156749044,"I1",12,"Fcap_1.50_Besc_8000_sigmaR_0.216_SE_reference_AE_historical"
12,"I1__Fcap_1.50_Besc_8000_sigmaR_0.216_SE_reference_AE_historical",1.5,8000,"Full",2035,1000,0,0.001,11925.3503934067,8748.42758599046,16993.2379018476,0.054,6324.62290376781,6458.66245741012,0,9614.6072091753,"I1",12,"Fcap_1.50_Besc_8000_sigmaR_0.216_SE_reference_AE_historical"
12,"I1__Fcap_1.50_Besc_8000_sigmaR_0.216_SE_reference_AE_historical",1.5,8000,"Full",2036,1000,0,0.002,11864.546062536,8657.43402097068,17063.8337231669,0.044,6383.39876985156,6466.09265850305,773.431447009046,9402.37988138995,"I1",12,"Fcap_1.50_Besc_8000_sigmaR_0.216_SE_reference_AE_historical"
12,"I1__Fcap_1.50_Besc_8000_sigmaR_0.216_SE_reference_AE_historical",1.5,8000,"Full",2037,1000,0,0.001,11933.5479662541,8672.12743240999,16660.4612136535,0.053,6272.89795899431,6468.78176202627,0,9159.9004809234,"I1",12,"Fcap_1.50_Besc_8000_sigmaR_0.216_SE_reference_AE_historical"
12,"I1__Fcap_1.50_Besc_8000_sigmaR_0.216_SE_reference_AE_historical",1.5,8000,"Full",2038,1000,0,0,11818.1251582902,8630.90407998637,17291.2623841299,0.055,6264.19431374003,6399.24442514994,0,9562.548976127,"I1",12,"Fcap_1.50_Besc_8000_sigmaR_0.216_SE_reference_AE_historical"
12,"I1__Fcap_1.50_Besc_8000_sigmaR_0.216_SE_reference_AE_historical",1.5,8000,"Full",2039,1000,0,0,12046.3950987884,8703.85632858769,17204.5558591846,0.048,6375.13948813266,6515.51859651936,362.149591901571,9608.61509391355,"I1",12,"Fcap_1.50_Besc_8000_sigmaR_0.216_SE_reference_AE_historical"
12,"I1__Fcap_1.50_Besc_8000_sigmaR_0.216_SE_reference_AE_historical",1.5,8000,"Full",2040,1000,0,0,11892.7939682111,8942.98556977712,17536.5348928502,0.047,6393.21353344504,6514.41662721274,257.324621395273,9698.93306148387,"I1",12,"Fcap_1.50_Besc_8000_sigmaR_0.216_SE_reference_AE_historical"
12,"I1__Fcap_1.50_Besc_8000_sigmaR_0.216_SE_reference_AE_historical",1.5,8000,"Full",2041,1000,0,0.001,11941.0678752381,8573.417181502,17603.3925157509,0.061,6331.87329001562,6506.07678651635,0,9775.57881341351,"I1",12,"Fcap_1.50_Besc_8000_sigmaR_0.216_SE_reference_AE_historical"
12,"I1__Fcap_1.50_Besc_8000_sigmaR_0.216_SE_reference_AE_historical",1.5,8000,"Full",2042,1000,0,0.001,12034.7497554342,8693.62997408164,17263.965928968,0.056,6358.08749317926,6542.62803288068,0,9512.13066386747,"I1",12,"Fcap_1.50_Besc_8000_sigmaR_0.216_SE_reference_AE_historical"
12,"I1__Fcap_1.50_Besc_8000_sigmaR_0.216_SE_reference_AE_historical",1.5,8000,"Full",2043,1000,0,0,11772.9815437233,8709.17248444663,16830.468917296,0.049,6306.76363275092,6433.78576874864,64.0220734560448,9348.38777908834,"I1",12,"Fcap_1.50_Besc_8000_sigmaR_0.216_SE_reference_AE_historical"
12,"I1__Fcap_1.50_Besc_8000_sigmaR_0.216_SE_reference_AE_historical",1.5,8000,"Full",2044,1000,0,0,11881.0832211487,8733.21018072673,16925.4925784219,0.052,6360.07418488116,6435.23008373548,0,9501.07467145829,"I1",12,"Fcap_1.50_Besc_8000_sigmaR_0.216_SE_reference_AE_historical"
12,"I1__Fcap_1.50_Besc_8000_sigmaR_0.216_SE_reference_AE_historical",1.5,8000,"Full",2045,1000,0,0.002,11832.1287298985,8762.96858199928,17298.7571736507,0.048,6418.15424346195,6554.15457150385,665.99954620583,9523.99548618985,"I1",12,"Fcap_1.50_Besc_8000_sigmaR_0.216_SE_reference_AE_historical"
12,"I1__Fcap_1.50_Besc_8000_sigmaR_0.216_SE_reference_AE_historical",1.5,8000,"Full",2046,1000,0,0.001,11906.2783101003,8618.08552041636,17051.5795813817,0.065,6273.27264003074,6387.74029752702,0,9714.34826193601,"I1",12,"Fcap_1.50_Besc_8000_sigmaR_0.216_SE_reference_AE_historical"
12,"I1__Fcap_1.50_Besc_8000_sigmaR_0.216_SE_reference_AE_historical",1.5,8000,"Full",2047,1000,0,0,12074.0366250154,8880.1430549995,17774.9617647368,0.047,6484.76961523066,6521.2360874548,814.164295572803,9828.66257038172,"I1",12,"Fcap_1.50_Besc_8000_sigmaR_0.216_SE_reference_AE_historical"
12,"I1__Fcap_1.50_Besc_8000_sigmaR_0.216_SE_reference_AE_historical",1.5,8000,"Full",2048,1000,0,0.001,12058.8784349876,8642.63940252327,17450.3827937732,0.063,6333.79561088555,6513.78381016306,0,9707.60527245199,"I1",12,"Fcap_1.50_Besc_8000_sigmaR_0.216_SE_reference_AE_historical"
12,"I1__Fcap_1.50_Besc_8000_sigmaR_0.216_SE_reference_AE_historical",1.5,8000,"Full",2049,1000,0,0.001,11944.7978216465,8684.15908188601,17311.5577955471,0.054,6342.34689676958,6461.49964699866,0,9598.22902701341,"I1",12,"Fcap_1.50_Besc_8000_sigmaR_0.216_SE_reference_AE_historical"
12,"I1__Fcap_1.50_Besc_8000_sigmaR_0.216_SE_reference_AE_historical",1.5,8000,"Full",2050,1000,0,0.001,12104.7223181997,8716.06534108994,17879.3919967228,0.051,6475.88994538241,6580.03134830204,0,9888.87005016288,"I1",12,"Fcap_1.50_Besc_8000_sigmaR_0.216_SE_reference_AE_historical"
12,"I1__Fcap_1.50_Besc_8000_sigmaR_0.216_SE_reference_AE_historical",1.5,8000,"Full",2051,1000,0,0,12114.713362432,8670.87482120102,17467.2176229348,0.042,6482.05664260166,6542.58699311512,1314.94615048277,9608.03686518697,"I1",12,"Fcap_1.50_Besc_8000_sigmaR_0.216_SE_reference_AE_historical"
12,"I1__Fcap_1.50_Besc_8000_sigmaR_0.216_SE_reference_AE_historical",1.5,8000,"Full",2052,1000,0,0.001,12038.718733751,8780.83864368195,17411.1168796488,0.051,6446.28790545271,6549.39389536881,0,9715.50988173371,"I1",12,"Fcap_1.50_Besc_8000_sigmaR_0.216_SE_reference_AE_historical"
12,"I1__Fcap_1.50_Besc_8000_sigmaR_0.216_SE_reference_AE_historical",1.5,8000,"Full",2053,1000,0.001,0.001,11899.291030239,8776.63611213188,17751.8005345128,0.046,6380.4907854235,6460.66433634081,654.515288298771,9886.84000519222,"I1",12,"Fcap_1.50_Besc_8000_sigmaR_0.216_SE_reference_AE_historical"
12,"I1__Fcap_1.50_Besc_8000_sigmaR_0.216_SE_reference_AE_historical",1.5,8000,"Full",2054,1000,0,0.001,11887.9674013572,8764.03529317361,17356.2230830484,0.059,6340.42188093029,6438.60987281317,0,9559.96101926778,"I1",12,"Fcap_1.50_Besc_8000_sigmaR_0.216_SE_reference_AE_historical"
17,"I1__Fcap_1.70_Besc_5000_sigmaR_0.216_SE_reference_AE_historical",1.7,5000,"Short",2025,1000,0,0,13033.4475109739,11422.0565086668,16147.1099112769,0,8009.38210809103,7769.91756087431,6140.83101288073,10748.3479385559,"I1",17,"Fcap_1.70_Besc_5000_sigmaR_0.216_SE_reference_AE_historical"
17,"I1__Fcap_1.70_Besc_5000_sigmaR_0.216_SE_reference_AE_historical",1.7,5000,"Short",2026,1000,0,0.001,11757.8559316016,8236.47346957348,17143.6234036861,0,7164.27991998459,6945.57398793129,4710.44341132819,10431.4176222599,"I1",17,"Fcap_1.70_Besc_5000_sigmaR_0.216_SE_reference_AE_historical"
17,"I1__Fcap_1.70_Besc_5000_sigmaR_0.216_SE_reference_AE_historical",1.7,5000,"Short",2027,1000,0,0.003,11573.8032609432,7921.41199461091,17286.3853980232,0.001,7138.69810599842,6951.82451045511,4559.85073707043,10385.4972656729,"I1",17,"Fcap_1.70_Besc_5000_sigmaR_0.216_SE_reference_AE_historical"
17,"I1__Fcap_1.70_Besc_5000_sigmaR_0.216_SE_reference_AE_historical",1.7,5000,"Short",2028,1000,0,0.003,11609.9374918524,7916.65565761598,16785.8043589506,0.001,7049.56805908793,6854.24513472412,4615.42066081323,10114.4380789605,"I1",17,"Fcap_1.70_Besc_5000_sigmaR_0.216_SE_reference_AE_historical"
17,"I1__Fcap_1.70_Besc_5000_sigmaR_0.216_SE_reference_AE_historical",1.7,5000,"Short",2029,1000,0,0.007,11349.0106000325,7620.44179104292,16694.5060786436,0.002,6945.81964343406,6769.70957627559,4507.6533460796,10159.0133586136,"I1",17,"Fcap_1.70_Besc_5000_sigmaR_0.216_SE_reference_AE_historical"
17,"I1__Fcap_1.70_Besc_5000_sigmaR_0.216_SE_reference_AE_historical",1.7,5000,"Short",2030,1000,0,0.006,11406.7132844863,7724.54965368672,17046.354183945,0.001,6871.38952005407,6664.31142598077,4487.71237014727,10165.5032284705,"I1",17,"Fcap_1.70_Besc_5000_sigmaR_0.216_SE_reference_AE_historical"
17,"I1__Fcap_1.70_Besc_5000_sigmaR_0.216_SE_reference_AE_historical",1.7,5000,"Short",2031,1000,0,0.004,11257.6990660929,7868.0184653783,16673.30490827,0,6820.11635091665,6577.29859345455,4476.30567707245,9722.95015217725,"I1",17,"Fcap_1.70_Besc_5000_sigmaR_0.216_SE_reference_AE_historical"
17,"I1__Fcap_1.70_Besc_5000_sigmaR_0.216_SE_reference_AE_historical",1.7,5000,"Short",2032,1000,0,0.006,11463.53918615,7621.75127622229,16373.5293749028,0.001,6859.7617878723,6687.78179281911,4384.97158452855,9776.9491044132,"I1",17,"Fcap_1.70_Besc_5000_sigmaR_0.216_SE_reference_AE_historical"
17,"I1__Fcap_1.70_Besc_5000_sigmaR_0.216_SE_reference_AE_historical",1.7,5000,"Short",2033,1000,0,0.006,11485.098973885,7785.75938769659,16787.4695393927,0.001,6921.56524060732,6668.60505936121,4667.35478340022,10034.8238925821,"I1",17,"Fcap_1.70_Besc_5000_sigmaR_0.216_SE_reference_AE_historical"
17,"I1__Fcap_1.70_Besc_5000_sigmaR_0.216_SE_reference_AE_historical",1.7,5000,"Short",2034,1000,0,0.009,11569.9245375707,8006.31970109582,16814.9091133541,0.001,6975.44144555657,6775.17555061888,4526.26058093412,9990.18078501899,"I1",17,"Fcap_1.70_Besc_5000_sigmaR_0.216_SE_reference_AE_historical"
17,"I1__Fcap_1.70_Besc_5000_sigmaR_0.216_SE_reference_AE_historical",1.7,5000,"Medium",2035,1000,0,0.006,11471.4578229348,7838.9623399901,16538.9138424566,0.001,6892.76314474343,6698.93589954432,4473.46959247548,10072.9003872814,"I1",17,"Fcap_1.70_Besc_5000_sigmaR_0.216_SE_reference_AE_historical"
17,"I1__Fcap_1.70_Besc_5000_sigmaR_0.216_SE_reference_AE_historical",1.7,5000,"Medium",2036,1000,0,0.009,11383.2766672511,7803.47755568032,16584.9837390845,0,6892.55345078929,6657.56993239133,4570.8474819529,9831.53338227532,"I1",17,"Fcap_1.70_Besc_5000_sigmaR_0.216_SE_reference_AE_historical"
17,"I1__Fcap_1.70_Besc_5000_sigmaR_0.216_SE_reference_AE_historical",1.7,5000,"Medium",2037,1000,0,0.008,11424.0180688771,7843.80123923485,16247.0186191569,0.001,6827.50202677738,6683.54871517808,4509.14687214696,9595.89534600599,"I1",17,"Fcap_1.70_Besc_5000_sigmaR_0.216_SE_reference_AE_historical"
17,"I1__Fcap_1.70_Besc_5000_sigmaR_0.216_SE_reference_AE_historical",1.7,5000,"Medium",2038,1000,0,0.003,11303.5466829784,7835.75431810683,16747.3872935057,0,6848.98784154226,6580.46573937317,4554.14461725448,10079.2039043834,"I1",17,"Fcap_1.70_Besc_5000_sigmaR_0.216_SE_reference_AE_historical"
17,"I1__Fcap_1.70_Besc_5000_sigmaR_0.216_SE_reference_AE_historical",1.7,5000,"Medium",2039,1000,0,0.011,11538.9125144739,7807.43775384273,16793.2761012227,0.001,6918.669816765,6764.66817529947,4561.57014189483,10084.5615319567,"I1",17,"Fcap_1.70_Besc_5000_sigmaR_0.216_SE_reference_AE_historical"
17,"I1__Fcap_1.70_Besc_5000_sigmaR_0.216_SE_reference_AE_historical",1.7,5000,"Medium",2040,1000,0,0.005,11386.7113607491,7960.0189373542,16970.4790206327,0,6924.51523566744,6681.73027552984,4699.53649795089,10179.6646407043,"I1",17,"Fcap_1.70_Besc_5000_sigmaR_0.216_SE_reference_AE_historical"
17,"I1__Fcap_1.70_Besc_5000_sigmaR_0.216_SE_reference_AE_historical",1.7,5000,"Medium",2041,1000,0,0.009,11480.2258320486,7793.74558640578,17131.2835688511,0.001,6939.32930330518,6758.45644448106,4486.29316797845,10219.979713087,"I1",17,"Fcap_1.70_Besc_5000_sigmaR_0.216_SE_reference_AE_historical"
17,"I1__Fcap_1.70_Besc_5000_sigmaR_0.216_SE_reference_AE_historical",1.7,5000,"Medium",2042,1000,0,0.005,11562.295817467,7682.57516777493,16813.2544915637,0.001,6928.04927404418,6719.6841502354,4604.52234144421,10020.1150729328,"I1",17,"Fcap_1.70_Besc_5000_sigmaR_0.216_SE_reference_AE_historical"
17,"I1__Fcap_1.70_Besc_5000_sigmaR_0.216_SE_reference_AE_historical",1.7,5000,"Medium",2043,1000,0,0.007,11308.6619032609,7993.24628367717,16322.8466418443,0.001,6839.64080823369,6651.16885997707,4561.59487884245,9799.77913535016,"I1",17,"Fcap_1.70_Besc_5000_sigmaR_0.216_SE_reference_AE_historical"
17,"I1__Fcap_1.70_Besc_5000_sigmaR_0.216_SE_reference_AE_historical",1.7,5000,"Medium",2044,1000,0,0.007,11455.0558180582,7877.56310480242,16397.6286308725,0,6907.50341205037,6663.39635994938,4628.58875866443,9993.44119025287,"I1",17,"Fcap_1.70_Besc_5000_sigmaR_0.216_SE_reference_AE_historical"
17,"I1__Fcap_1.70_Besc_5000_sigmaR_0.216_SE_reference_AE_historical",1.7,5000,"Long",2045,1000,0,0.007,11351.8634452313,7929.82894080911,16842.2852681837,0.002,6915.1746616417,6761.71653438968,4543.45836729318,9938.50646292401,"I1",17,"Fcap_1.70_Besc_5000_sigmaR_0.216_SE_reference_AE_historical"
17,"I1__Fcap_1.70_Besc_5000_sigmaR_0.216_SE_reference_AE_historical",1.7,5000,"Long",2046,1000,0,0.005,11438.6486524648,7745.07131700949,16611.6546731792,0,6913.69581147901,6618.27071493847,4507.96263260247,10222.6337352701,"I1",17,"Fcap_1.70_Besc_5000_sigmaR_0.216_SE_reference_AE_historical"
17,"I1__Fcap_1.70_Besc_5000_sigmaR_0.216_SE_reference_AE_historical",1.7,5000,"Long",2047,1000,0,0.007,11616.757944538,8044.02756003146,17091.9338117119,0,7004.40563244072,6778.5184925324,4693.02074904761,10305.0355812536,"I1",17,"Fcap_1.70_Besc_5000_sigmaR_0.216_SE_reference_AE_historical"
17,"I1__Fcap_1.70_Besc_5000_sigmaR_0.216_SE_reference_AE_historical",1.7,5000,"Long",2048,1000,0,0.009,11555.0021711969,7684.9316019242,16975.2814110579,0.001,6968.42745417831,6807.74456979891,4563.45410448523,10182.8378702798,"I1",17,"Fcap_1.70_Besc_5000_sigmaR_0.216_SE_reference_AE_historical"
17,"I1__Fcap_1.70_Besc_5000_sigmaR_0.216_SE_reference_AE_historical",1.7,5000,"Long",2049,1000,0,0.006,11409.944165664,7747.12244426615,16845.3088285891,0,6873.72323479586,6633.94609765701,4498.2314901592,10053.2280821352,"I1",17,"Fcap_1.70_Besc_5000_sigmaR_0.216_SE_reference_AE_historical"
17,"I1__Fcap_1.70_Besc_5000_sigmaR_0.216_SE_reference_AE_historical",1.7,5000,"Long",2050,1000,0.001,0.009,11628.004424284,7959.88496225508,17284.9327102067,0.002,7028.67899609292,6828.26092558279,4515.69185326694,10401.5516477652,"I1",17,"Fcap_1.70_Besc_5000_sigmaR_0.216_SE_reference_AE_historical"
17,"I1__Fcap_1.70_Besc_5000_sigmaR_0.216_SE_reference_AE_historical",1.7,5000,"Long",2051,1000,0,0.006,11654.9939125944,7881.82776547393,16955.1201588315,0,7004.25872145763,6791.14268660517,4553.11063986696,10069.2529830216,"I1",17,"Fcap_1.70_Besc_5000_sigmaR_0.216_SE_reference_AE_historical"
17,"I1__Fcap_1.70_Besc_5000_sigmaR_0.216_SE_reference_AE_historical",1.7,5000,"Long",2052,1000,0,0.007,11579.1449390274,7973.64593465502,17029.4367436813,0,6982.81782272029,6783.69696632474,4632.94974856752,10161.3053402835,"I1",17,"Fcap_1.70_Besc_5000_sigmaR_0.216_SE_reference_AE_historical"
17,"I1__Fcap_1.70_Besc_5000_sigmaR_0.216_SE_reference_AE_historical",1.7,5000,"Long",2053,1000,0,0.005,11409.6006627278,7985.15782563041,17218.3278061445,0.001,6949.22652946315,6709.6492856019,4644.35499550449,10373.991782898,"I1",17,"Fcap_1.70_Besc_5000_sigmaR_0.216_SE_reference_AE_historical"
17,"I1__Fcap_1.70_Besc_5000_sigmaR_0.216_SE_reference_AE_historical",1.7,5000,"Long",2054,1000,0,0.01,11399.026697906,7761.94206940802,16881.0949456095,0,6917.78073598703,6647.65677635039,4578.89985251741,10033.9837481789,"I1",17,"Fcap_1.70_Besc_5000_sigmaR_0.216_SE_reference_AE_historical"
17,"I1__Fcap_1.70_Besc_5000_sigmaR_0.216_SE_reference_AE_historical",1.7,5000,"Full",2025,1000,0,0,13033.4475109739,11422.0565086668,16147.1099112769,0,8009.38210809103,7769.91756087431,6140.83101288073,10748.3479385559,"I1",17,"Fcap_1.70_Besc_5000_sigmaR_0.216_SE_reference_AE_historical"
17,"I1__Fcap_1.70_Besc_5000_sigmaR_0.216_SE_reference_AE_historical",1.7,5000,"Full",2026,1000,0,0.001,11757.8559316016,8236.47346957348,17143.6234036861,0,7164.27991998459,6945.57398793129,4710.44341132819,10431.4176222599,"I1",17,"Fcap_1.70_Besc_5000_sigmaR_0.216_SE_reference_AE_historical"
17,"I1__Fcap_1.70_Besc_5000_sigmaR_0.216_SE_reference_AE_historical",1.7,5000,"Full",2027,1000,0,0.003,11573.8032609432,7921.41199461091,17286.3853980232,0.001,7138.69810599842,6951.82451045511,4559.85073707043,10385.4972656729,"I1",17,"Fcap_1.70_Besc_5000_sigmaR_0.216_SE_reference_AE_historical"
17,"I1__Fcap_1.70_Besc_5000_sigmaR_0.216_SE_reference_AE_historical",1.7,5000,"Full",2028,1000,0,0.003,11609.9374918524,7916.65565761598,16785.8043589506,0.001,7049.56805908793,6854.24513472412,4615.42066081323,10114.4380789605,"I1",17,"Fcap_1.70_Besc_5000_sigmaR_0.216_SE_reference_AE_historical"
17,"I1__Fcap_1.70_Besc_5000_sigmaR_0.216_SE_reference_AE_historical",1.7,5000,"Full",2029,1000,0,0.007,11349.0106000325,7620.44179104292,16694.5060786436,0.002,6945.81964343406,6769.70957627559,4507.6533460796,10159.0133586136,"I1",17,"Fcap_1.70_Besc_5000_sigmaR_0.216_SE_reference_AE_historical"
17,"I1__Fcap_1.70_Besc_5000_sigmaR_0.216_SE_reference_AE_historical",1.7,5000,"Full",2030,1000,0,0.006,11406.7132844863,7724.54965368672,17046.354183945,0.001,6871.38952005407,6664.31142598077,4487.71237014727,10165.5032284705,"I1",17,"Fcap_1.70_Besc_5000_sigmaR_0.216_SE_reference_AE_historical"
17,"I1__Fcap_1.70_Besc_5000_sigmaR_0.216_SE_reference_AE_historical",1.7,5000,"Full",2031,1000,0,0.004,11257.6990660929,7868.0184653783,16673.30490827,0,6820.11635091665,6577.29859345455,4476.30567707245,9722.95015217725,"I1",17,"Fcap_1.70_Besc_5000_sigmaR_0.216_SE_reference_AE_historical"
17,"I1__Fcap_1.70_Besc_5000_sigmaR_0.216_SE_reference_AE_historical",1.7,5000,"Full",2032,1000,0,0.006,11463.53918615,7621.75127622229,16373.5293749028,0.001,6859.7617878723,6687.78179281911,4384.97158452855,9776.9491044132,"I1",17,"Fcap_1.70_Besc_5000_sigmaR_0.216_SE_reference_AE_historical"
17,"I1__Fcap_1.70_Besc_5000_sigmaR_0.216_SE_reference_AE_historical",1.7,5000,"Full",2033,1000,0,0.006,11485.098973885,7785.75938769659,16787.4695393927,0.001,6921.56524060732,6668.60505936121,4667.35478340022,10034.8238925821,"I1",17,"Fcap_1.70_Besc_5000_sigmaR_0.216_SE_reference_AE_historical"
17,"I1__Fcap_1.70_Besc_5000_sigmaR_0.216_SE_reference_AE_historical",1.7,5000,"Full",2034,1000,0,0.009,11569.9245375707,8006.31970109582,16814.9091133541,0.001,6975.44144555657,6775.17555061888,4526.26058093412,9990.18078501899,"I1",17,"Fcap_1.70_Besc_5000_sigmaR_0.216_SE_reference_AE_historical"
17,"I1__Fcap_1.70_Besc_5000_sigmaR_0.216_SE_reference_AE_historical",1.7,5000,"Full",2035,1000,0,0.006,11471.4578229348,7838.9623399901,16538.9138424566,0.001,6892.76314474343,6698.93589954432,4473.46959247548,10072.9003872814,"I1",17,"Fcap_1.70_Besc_5000_sigmaR_0.216_SE_reference_AE_historical"
17,"I1__Fcap_1.70_Besc_5000_sigmaR_0.216_SE_reference_AE_historical",1.7,5000,"Full",2036,1000,0,0.009,11383.2766672511,7803.47755568032,16584.9837390845,0,6892.55345078929,6657.56993239133,4570.8474819529,9831.53338227532,"I1",17,"Fcap_1.70_Besc_5000_sigmaR_0.216_SE_reference_AE_historical"
17,"I1__Fcap_1.70_Besc_5000_sigmaR_0.216_SE_reference_AE_historical",1.7,5000,"Full",2037,1000,0,0.008,11424.0180688771,7843.80123923485,16247.0186191569,0.001,6827.50202677738,6683.54871517808,4509.14687214696,9595.89534600599,"I1",17,"Fcap_1.70_Besc_5000_sigmaR_0.216_SE_reference_AE_historical"
17,"I1__Fcap_1.70_Besc_5000_sigmaR_0.216_SE_reference_AE_historical",1.7,5000,"Full",2038,1000,0,0.003,11303.5466829784,7835.75431810683,16747.3872935057,0,6848.98784154226,6580.46573937317,4554.14461725448,10079.2039043834,"I1",17,"Fcap_1.70_Besc_5000_sigmaR_0.216_SE_reference_AE_historical"
17,"I1__Fcap_1.70_Besc_5000_sigmaR_0.216_SE_reference_AE_historical",1.7,5000,"Full",2039,1000,0,0.011,11538.9125144739,7807.43775384273,16793.2761012227,0.001,6918.669816765,6764.66817529947,4561.57014189483,10084.5615319567,"I1",17,"Fcap_1.70_Besc_5000_sigmaR_0.216_SE_reference_AE_historical"
17,"I1__Fcap_1.70_Besc_5000_sigmaR_0.216_SE_reference_AE_historical",1.7,5000,"Full",2040,1000,0,0.005,11386.7113607491,7960.0189373542,16970.4790206327,0,6924.51523566744,6681.73027552984,4699.53649795089,10179.6646407043,"I1",17,"Fcap_1.70_Besc_5000_sigmaR_0.216_SE_reference_AE_historical"
17,"I1__Fcap_1.70_Besc_5000_sigmaR_0.216_SE_reference_AE_historical",1.7,5000,"Full",2041,1000,0,0.009,11480.2258320486,7793.74558640578,17131.2835688511,0.001,6939.32930330518,6758.45644448106,4486.29316797845,10219.979713087,"I1",17,"Fcap_1.70_Besc_5000_sigmaR_0.216_SE_reference_AE_historical"
17,"I1__Fcap_1.70_Besc_5000_sigmaR_0.216_SE_reference_AE_historical",1.7,5000,"Full",2042,1000,0,0.005,11562.295817467,7682.57516777493,16813.2544915637,0.001,6928.04927404418,6719.6841502354,4604.52234144421,10020.1150729328,"I1",17,"Fcap_1.70_Besc_5000_sigmaR_0.216_SE_reference_AE_historical"
17,"I1__Fcap_1.70_Besc_5000_sigmaR_0.216_SE_reference_AE_historical",1.7,5000,"Full",2043,1000,0,0.007,11308.6619032609,7993.24628367717,16322.8466418443,0.001,6839.64080823369,6651.16885997707,4561.59487884245,9799.77913535016,"I1",17,"Fcap_1.70_Besc_5000_sigmaR_0.216_SE_reference_AE_historical"
17,"I1__Fcap_1.70_Besc_5000_sigmaR_0.216_SE_reference_AE_historical",1.7,5000,"Full",2044,1000,0,0.007,11455.0558180582,7877.56310480242,16397.6286308725,0,6907.50341205037,6663.39635994938,4628.58875866443,9993.44119025287,"I1",17,"Fcap_1.70_Besc_5000_sigmaR_0.216_SE_reference_AE_historical"
17,"I1__Fcap_1.70_Besc_5000_sigmaR_0.216_SE_reference_AE_historical",1.7,5000,"Full",2045,1000,0,0.007,11351.8634452313,7929.82894080911,16842.2852681837,0.002,6915.1746616417,6761.71653438968,4543.45836729318,9938.50646292401,"I1",17,"Fcap_1.70_Besc_5000_sigmaR_0.216_SE_reference_AE_historical"
17,"I1__Fcap_1.70_Besc_5000_sigmaR_0.216_SE_reference_AE_historical",1.7,5000,"Full",2046,1000,0,0.005,11438.6486524648,7745.07131700949,16611.6546731792,0,6913.69581147901,6618.27071493847,4507.96263260247,10222.6337352701,"I1",17,"Fcap_1.70_Besc_5000_sigmaR_0.216_SE_reference_AE_historical"
17,"I1__Fcap_1.70_Besc_5000_sigmaR_0.216_SE_reference_AE_historical",1.7,5000,"Full",2047,1000,0,0.007,11616.757944538,8044.02756003146,17091.9338117119,0,7004.40563244072,6778.5184925324,4693.02074904761,10305.0355812536,"I1",17,"Fcap_1.70_Besc_5000_sigmaR_0.216_SE_reference_AE_historical"
17,"I1__Fcap_1.70_Besc_5000_sigmaR_0.216_SE_reference_AE_historical",1.7,5000,"Full",2048,1000,0,0.009,11555.0021711969,7684.9316019242,16975.2814110579,0.001,6968.42745417831,6807.74456979891,4563.45410448523,10182.8378702798,"I1",17,"Fcap_1.70_Besc_5000_sigmaR_0.216_SE_reference_AE_historical"
17,"I1__Fcap_1.70_Besc_5000_sigmaR_0.216_SE_reference_AE_historical",1.7,5000,"Full",2049,1000,0,0.006,11409.944165664,7747.12244426615,16845.3088285891,0,6873.72323479586,6633.94609765701,4498.2314901592,10053.2280821352,"I1",17,"Fcap_1.70_Besc_5000_sigmaR_0.216_SE_reference_AE_historical"
17,"I1__Fcap_1.70_Besc_5000_sigmaR_0.216_SE_reference_AE_historical",1.7,5000,"Full",2050,1000,0.001,0.009,11628.004424284,7959.88496225508,17284.9327102067,0.002,7028.67899609292,6828.26092558279,4515.69185326694,10401.5516477652,"I1",17,"Fcap_1.70_Besc_5000_sigmaR_0.216_SE_reference_AE_historical"
17,"I1__Fcap_1.70_Besc_5000_sigmaR_0.216_SE_reference_AE_historical",1.7,5000,"Full",2051,1000,0,0.006,11654.9939125944,7881.82776547393,16955.1201588315,0,7004.25872145763,6791.14268660517,4553.11063986696,10069.2529830216,"I1",17,"Fcap_1.70_Besc_5000_sigmaR_0.216_SE_reference_AE_historical"
17,"I1__Fcap_1.70_Besc_5000_sigmaR_0.216_SE_reference_AE_historical",1.7,5000,"Full",2052,1000,0,0.007,11579.1449390274,7973.64593465502,17029.4367436813,0,6982.81782272029,6783.69696632474,4632.94974856752,10161.3053402835,"I1",17,"Fcap_1.70_Besc_5000_sigmaR_0.216_SE_reference_AE_historical"
17,"I1__Fcap_1.70_Besc_5000_sigmaR_0.216_SE_reference_AE_historical",1.7,5000,"Full",2053,1000,0,0.005,11409.6006627278,7985.15782563041,17218.3278061445,0.001,6949.22652946315,6709.6492856019,4644.35499550449,10373.991782898,"I1",17,"Fcap_1.70_Besc_5000_sigmaR_0.216_SE_reference_AE_historical"
17,"I1__Fcap_1.70_Besc_5000_sigmaR_0.216_SE_reference_AE_historical",1.7,5000,"Full",2054,1000,0,0.01,11399.026697906,7761.94206940802,16881.0949456095,0,6917.78073598703,6647.65677635039,4578.89985251741,10033.9837481789,"I1",17,"Fcap_1.70_Besc_5000_sigmaR_0.216_SE_reference_AE_historical"
18,"I1__Fcap_1.70_Besc_6561_sigmaR_0.216_SE_reference_AE_historical",1.7,6561,"Short",2025,1000,0,0,13033.4475109739,11422.0565086668,16147.1099112769,0,8009.38210809103,7769.91756087431,6140.83101288073,10748.3479385559,"I1",18,"Fcap_1.70_Besc_6561_sigmaR_0.216_SE_reference_AE_historical"
18,"I1__Fcap_1.70_Besc_6561_sigmaR_0.216_SE_reference_AE_historical",1.7,6561,"Short",2026,1000,0,0.001,11757.8559316016,8362.64274037864,17143.6234036861,0.011,7098.9191812605,6945.57398793129,4688.25137150211,10431.4176222599,"I1",18,"Fcap_1.70_Besc_6561_sigmaR_0.216_SE_reference_AE_historical"
18,"I1__Fcap_1.70_Besc_6561_sigmaR_0.216_SE_reference_AE_historical",1.7,6561,"Short",2027,1000,0,0.002,11593.2672087549,7975.09952058635,17356.4749178217,0.009,7086.83432257916,6967.13385042658,4514.21839126891,10426.6446434169,"I1",18,"Fcap_1.70_Besc_6561_sigmaR_0.216_SE_reference_AE_historical"
18,"I1__Fcap_1.70_Besc_6561_sigmaR_0.216_SE_reference_AE_historical",1.7,6561,"Short",2028,1000,0,0.002,11659.8971550471,7979.14921111034,16786.3667205373,0.008,7014.85178965593,6867.42188751976,4574.67706654784,10110.2057167474,"I1",18,"Fcap_1.70_Besc_6561_sigmaR_0.216_SE_reference_AE_historical"
18,"I1__Fcap_1.70_Besc_6561_sigmaR_0.216_SE_reference_AE_historical",1.7,6561,"Short",2029,1000,0,0.005,11371.1774135917,7736.4596350829,16736.4241536118,0.014,6868.59424963536,6793.82725476405,4273.27023429999,10166.1517625563,"I1",18,"Fcap_1.70_Besc_6561_sigmaR_0.216_SE_reference_AE_historical"
18,"I1__Fcap_1.70_Besc_6561_sigmaR_0.216_SE_reference_AE_historical",1.7,6561,"Short",2030,1000,0,0.001,11455.4961849525,7873.96333550485,17046.1537117774,0.013,6835.18594760687,6687.66734653508,4467.35401622027,10175.3392947723,"I1",18,"Fcap_1.70_Besc_6561_sigmaR_0.216_SE_reference_AE_historical"
18,"I1__Fcap_1.70_Besc_6561_sigmaR_0.216_SE_reference_AE_historical",1.7,6561,"Short",2031,1000,0,0.002,11274.9613686186,7973.44448730852,16673.0532123866,0.015,6749.34287414936,6637.45697848602,4392.46666970409,9719.17313039452,"I1",18,"Fcap_1.70_Besc_6561_sigmaR_0.216_SE_reference_AE_historical"
18,"I1__Fcap_1.70_Besc_6561_sigmaR_0.216_SE_reference_AE_historical",1.7,6561,"Short",2032,1000,0,0.001,11513.6057173524,7830.75122178605,16372.3638646646,0.019,6790.82563569181,6715.33563267816,4242.05432076019,9794.0198522728,"I1",18,"Fcap_1.70_Besc_6561_sigmaR_0.216_SE_reference_AE_historical"
18,"I1__Fcap_1.70_Besc_6561_sigmaR_0.216_SE_reference_AE_historical",1.7,6561,"Short",2033,1000,0,0.003,11514.7711837962,7937.58468622638,16790.4533233524,0.014,6876.9938883221,6711.75961949084,4621.97429111204,10035.0683565616,"I1",18,"Fcap_1.70_Besc_6561_sigmaR_0.216_SE_reference_AE_historical"
18,"I1__Fcap_1.70_Besc_6561_sigmaR_0.216_SE_reference_AE_historical",1.7,6561,"Short",2034,1000,0,0.002,11577.6606322776,8103.20991083516,16811.2845067688,0.019,6909.17866659126,6778.44309322454,4492.27992087823,10048.9142483978,"I1",18,"Fcap_1.70_Besc_6561_sigmaR_0.216_SE_reference_AE_historical"
18,"I1__Fcap_1.70_Besc_6561_sigmaR_0.216_SE_reference_AE_historical",1.7,6561,"Medium",2035,1000,0,0.001,11493.3838029912,7973.6837178816,16566.1118026538,0.016,6848.4644067355,6759.77939258396,4433.36827735082,10071.3755391075,"I1",18,"Fcap_1.70_Besc_6561_sigmaR_0.216_SE_reference_AE_historical"
18,"I1__Fcap_1.70_Besc_6561_sigmaR_0.216_SE_reference_AE_historical",1.7,6561,"Medium",2036,1000,0,0.003,11425.8347807314,7919.55070480991,16597.1065619898,0.013,6861.65053861905,6714.3681915727,4582.79302174662,9849.63790376412,"I1",18,"Fcap_1.70_Besc_6561_sigmaR_0.216_SE_reference_AE_historical"
18,"I1__Fcap_1.70_Besc_6561_sigmaR_0.216_SE_reference_AE_historical",1.7,6561,"Medium",2037,1000,0,0.003,11490.8550894855,7964.66723508735,16243.3042681008,0.013,6785.68852045676,6717.32516031046,4542.99212151422,9618.91064031678,"I1",18,"Fcap_1.70_Besc_6561_sigmaR_0.216_SE_reference_AE_historical"
18,"I1__Fcap_1.70_Besc_6561_sigmaR_0.216_SE_reference_AE_historical",1.7,6561,"Medium",2038,1000,0,0,11382.7276565494,7977.66291431134,16742.9109583137,0.009,6805.4853476144,6613.93248219958,4483.96969216635,10082.3205022204,"I1",18,"Fcap_1.70_Besc_6561_sigmaR_0.216_SE_reference_AE_historical"
18,"I1__Fcap_1.70_Besc_6561_sigmaR_0.216_SE_reference_AE_historical",1.7,6561,"Medium",2039,1000,0,0.002,11573.8186336675,7939.60185281239,16796.6090927599,0.018,6859.1580192157,6775.36123066405,4573.79542313162,10083.5393338868,"I1",18,"Fcap_1.70_Besc_6561_sigmaR_0.216_SE_reference_AE_historical"
18,"I1__Fcap_1.70_Besc_6561_sigmaR_0.216_SE_reference_AE_historical",1.7,6561,"Medium",2040,1000,0,0.001,11486.4264011065,8125.25458250206,17074.4224429012,0.012,6892.49938100624,6735.02906414611,4685.39994710527,10182.0730026927,"I1",18,"Fcap_1.70_Besc_6561_sigmaR_0.216_SE_reference_AE_historical"
18,"I1__Fcap_1.70_Besc_6561_sigmaR_0.216_SE_reference_AE_historical",1.7,6561,"Medium",2041,1000,0,0.003,11506.6984451658,7963.06531042528,17137.3828667158,0.019,6851.35624186436,6766.10651173879,4328.88273421532,10226.0236869397,"I1",18,"Fcap_1.70_Besc_6561_sigmaR_0.216_SE_reference_AE_historical"
18,"I1__Fcap_1.70_Besc_6561_sigmaR_0.216_SE_reference_AE_historical",1.7,6561,"Medium",2042,1000,0,0.002,11606.5192286115,7937.79534933187,16820.1491791458,0.012,6879.14778836417,6767.81697123611,4488.52767326598,10035.1896498399,"I1",18,"Fcap_1.70_Besc_6561_sigmaR_0.216_SE_reference_AE_historical"
18,"I1__Fcap_1.70_Besc_6561_sigmaR_0.216_SE_reference_AE_historical",1.7,6561,"Medium",2043,1000,0,0.001,11343.2270408049,8103.7076900867,16331.6774826804,0.011,6800.93793030014,6685.314429416,4549.4169294882,9825.36035256736,"I1",18,"Fcap_1.70_Besc_6561_sigmaR_0.216_SE_reference_AE_historical"
18,"I1__Fcap_1.70_Besc_6561_sigmaR_0.216_SE_reference_AE_historical",1.7,6561,"Medium",2044,1000,0,0.003,11486.3355143914,8054.54046882868,16392.6602500018,0.012,6847.72252385436,6689.98433473108,4565.94959783571,9987.02526312965,"I1",18,"Fcap_1.70_Besc_6561_sigmaR_0.216_SE_reference_AE_historical"
18,"I1__Fcap_1.70_Besc_6561_sigmaR_0.216_SE_reference_AE_historical",1.7,6561,"Long",2045,1000,0,0.004,11399.8182584561,8037.54201843356,16862.4802130715,0.01,6893.10510596371,6808.00867766068,4535.66235311124,9961.83622312053,"I1",18,"Fcap_1.70_Besc_6561_sigmaR_0.216_SE_reference_AE_historical"
18,"I1__Fcap_1.70_Besc_6561_sigmaR_0.216_SE_reference_AE_historical",1.7,6561,"Long",2046,1000,0,0.002,11468.3196532359,7941.43029757608,16619.3837592993,0.014,6850.37561728622,6648.77577211226,4396.5274585225,10222.7160174842,"I1",18,"Fcap_1.70_Besc_6561_sigmaR_0.216_SE_reference_AE_historical"
18,"I1__Fcap_1.70_Besc_6561_sigmaR_0.216_SE_reference_AE_historical",1.7,6561,"Long",2047,1000,0,0,11640.8042597095,8127.03034395663,17158.9049915509,0.011,6967.12236963443,6820.57800526068,4696.39049408195,10323.3466424177,"I1",18,"Fcap_1.70_Besc_6561_sigmaR_0.216_SE_reference_AE_historical"
18,"I1__Fcap_1.70_Besc_6561_sigmaR_0.216_SE_reference_AE_historical",1.7,6561,"Long",2048,1000,0,0.003,11573.3123958589,7859.3710080674,16974.5827823855,0.017,6885.93716325138,6826.50638523841,4332.51099829469,10191.4380430456,"I1",18,"Fcap_1.70_Besc_6561_sigmaR_0.216_SE_reference_AE_historical"
18,"I1__Fcap_1.70_Besc_6561_sigmaR_0.216_SE_reference_AE_historical",1.7,6561,"Long",2049,1000,0,0.002,11440.211608079,7933.29994739612,16849.7354228061,0.015,6831.64339150864,6722.82875467676,4438.23830962808,10025.9116256747,"I1",18,"Fcap_1.70_Besc_6561_sigmaR_0.216_SE_reference_AE_historical"
18,"I1__Fcap_1.70_Besc_6561_sigmaR_0.216_SE_reference_AE_historical",1.7,6561,"Long",2050,1000,0,0.004,11641.1328670608,8073.40603280668,17304.2646921603,0.017,6999.95272911024,6859.74837986656,4500.82920861274,10409.4617705144,"I1",18,"Fcap_1.70_Besc_6561_sigmaR_0.216_SE_reference_AE_historical"
18,"I1__Fcap_1.70_Besc_6561_sigmaR_0.216_SE_reference_AE_historical",1.7,6561,"Long",2051,1000,0,0.001,11674.7344466711,8010.67804734119,16956.4673063854,0.008,6981.68127030455,6809.15451215881,4555.33603215329,10067.3420072964,"I1",18,"Fcap_1.70_Besc_6561_sigmaR_0.216_SE_reference_AE_historical"
18,"I1__Fcap_1.70_Besc_6561_sigmaR_0.216_SE_reference_AE_historical",1.7,6561,"Long",2052,1000,0,0.005,11601.7552130522,8056.5685044514,17039.17825708,0.013,6932.54662147967,6818.86996747461,4583.9568578364,10161.3049909111,"I1",18,"Fcap_1.70_Besc_6561_sigmaR_0.216_SE_reference_AE_historical"
18,"I1__Fcap_1.70_Besc_6561_sigmaR_0.216_SE_reference_AE_historical",1.7,6561,"Long",2053,1000,0,0.001,11475.3417264712,8038.42905581913,17217.8137909632,0.009,6896.50645492683,6759.73454134631,4547.75710455505,10501.1522073941,"I1",18,"Fcap_1.70_Besc_6561_sigmaR_0.216_SE_reference_AE_historical"
18,"I1__Fcap_1.70_Besc_6561_sigmaR_0.216_SE_reference_AE_historical",1.7,6561,"Long",2054,1000,0,0.003,11459.1201238323,7921.34885604379,16890.7949692017,0.019,6848.65808570706,6659.66022532756,4544.14284829016,10039.5423687716,"I1",18,"Fcap_1.70_Besc_6561_sigmaR_0.216_SE_reference_AE_historical"
18,"I1__Fcap_1.70_Besc_6561_sigmaR_0.216_SE_reference_AE_historical",1.7,6561,"Full",2025,1000,0,0,13033.4475109739,11422.0565086668,16147.1099112769,0,8009.38210809103,7769.91756087431,6140.83101288073,10748.3479385559,"I1",18,"Fcap_1.70_Besc_6561_sigmaR_0.216_SE_reference_AE_historical"
18,"I1__Fcap_1.70_Besc_6561_sigmaR_0.216_SE_reference_AE_historical",1.7,6561,"Full",2026,1000,0,0.001,11757.8559316016,8362.64274037864,17143.6234036861,0.011,7098.9191812605,6945.57398793129,4688.25137150211,10431.4176222599,"I1",18,"Fcap_1.70_Besc_6561_sigmaR_0.216_SE_reference_AE_historical"
18,"I1__Fcap_1.70_Besc_6561_sigmaR_0.216_SE_reference_AE_historical",1.7,6561,"Full",2027,1000,0,0.002,11593.2672087549,7975.09952058635,17356.4749178217,0.009,7086.83432257916,6967.13385042658,4514.21839126891,10426.6446434169,"I1",18,"Fcap_1.70_Besc_6561_sigmaR_0.216_SE_reference_AE_historical"
18,"I1__Fcap_1.70_Besc_6561_sigmaR_0.216_SE_reference_AE_historical",1.7,6561,"Full",2028,1000,0,0.002,11659.8971550471,7979.14921111034,16786.3667205373,0.008,7014.85178965593,6867.42188751976,4574.67706654784,10110.2057167474,"I1",18,"Fcap_1.70_Besc_6561_sigmaR_0.216_SE_reference_AE_historical"
18,"I1__Fcap_1.70_Besc_6561_sigmaR_0.216_SE_reference_AE_historical",1.7,6561,"Full",2029,1000,0,0.005,11371.1774135917,7736.4596350829,16736.4241536118,0.014,6868.59424963536,6793.82725476405,4273.27023429999,10166.1517625563,"I1",18,"Fcap_1.70_Besc_6561_sigmaR_0.216_SE_reference_AE_historical"
18,"I1__Fcap_1.70_Besc_6561_sigmaR_0.216_SE_reference_AE_historical",1.7,6561,"Full",2030,1000,0,0.001,11455.4961849525,7873.96333550485,17046.1537117774,0.013,6835.18594760687,6687.66734653508,4467.35401622027,10175.3392947723,"I1",18,"Fcap_1.70_Besc_6561_sigmaR_0.216_SE_reference_AE_historical"
18,"I1__Fcap_1.70_Besc_6561_sigmaR_0.216_SE_reference_AE_historical",1.7,6561,"Full",2031,1000,0,0.002,11274.9613686186,7973.44448730852,16673.0532123866,0.015,6749.34287414936,6637.45697848602,4392.46666970409,9719.17313039452,"I1",18,"Fcap_1.70_Besc_6561_sigmaR_0.216_SE_reference_AE_historical"
18,"I1__Fcap_1.70_Besc_6561_sigmaR_0.216_SE_reference_AE_historical",1.7,6561,"Full",2032,1000,0,0.001,11513.6057173524,7830.75122178605,16372.3638646646,0.019,6790.82563569181,6715.33563267816,4242.05432076019,9794.0198522728,"I1",18,"Fcap_1.70_Besc_6561_sigmaR_0.216_SE_reference_AE_historical"
18,"I1__Fcap_1.70_Besc_6561_sigmaR_0.216_SE_reference_AE_historical",1.7,6561,"Full",2033,1000,0,0.003,11514.7711837962,7937.58468622638,16790.4533233524,0.014,6876.9938883221,6711.75961949084,4621.97429111204,10035.0683565616,"I1",18,"Fcap_1.70_Besc_6561_sigmaR_0.216_SE_reference_AE_historical"
18,"I1__Fcap_1.70_Besc_6561_sigmaR_0.216_SE_reference_AE_historical",1.7,6561,"Full",2034,1000,0,0.002,11577.6606322776,8103.20991083516,16811.2845067688,0.019,6909.17866659126,6778.44309322454,4492.27992087823,10048.9142483978,"I1",18,"Fcap_1.70_Besc_6561_sigmaR_0.216_SE_reference_AE_historical"
18,"I1__Fcap_1.70_Besc_6561_sigmaR_0.216_SE_reference_AE_historical",1.7,6561,"Full",2035,1000,0,0.001,11493.3838029912,7973.6837178816,16566.1118026538,0.016,6848.4644067355,6759.77939258396,4433.36827735082,10071.3755391075,"I1",18,"Fcap_1.70_Besc_6561_sigmaR_0.216_SE_reference_AE_historical"
18,"I1__Fcap_1.70_Besc_6561_sigmaR_0.216_SE_reference_AE_historical",1.7,6561,"Full",2036,1000,0,0.003,11425.8347807314,7919.55070480991,16597.1065619898,0.013,6861.65053861905,6714.3681915727,4582.79302174662,9849.63790376412,"I1",18,"Fcap_1.70_Besc_6561_sigmaR_0.216_SE_reference_AE_historical"
18,"I1__Fcap_1.70_Besc_6561_sigmaR_0.216_SE_reference_AE_historical",1.7,6561,"Full",2037,1000,0,0.003,11490.8550894855,7964.66723508735,16243.3042681008,0.013,6785.68852045676,6717.32516031046,4542.99212151422,9618.91064031678,"I1",18,"Fcap_1.70_Besc_6561_sigmaR_0.216_SE_reference_AE_historical"
18,"I1__Fcap_1.70_Besc_6561_sigmaR_0.216_SE_reference_AE_historical",1.7,6561,"Full",2038,1000,0,0,11382.7276565494,7977.66291431134,16742.9109583137,0.009,6805.4853476144,6613.93248219958,4483.96969216635,10082.3205022204,"I1",18,"Fcap_1.70_Besc_6561_sigmaR_0.216_SE_reference_AE_historical"
18,"I1__Fcap_1.70_Besc_6561_sigmaR_0.216_SE_reference_AE_historical",1.7,6561,"Full",2039,1000,0,0.002,11573.8186336675,7939.60185281239,16796.6090927599,0.018,6859.1580192157,6775.36123066405,4573.79542313162,10083.5393338868,"I1",18,"Fcap_1.70_Besc_6561_sigmaR_0.216_SE_reference_AE_historical"
18,"I1__Fcap_1.70_Besc_6561_sigmaR_0.216_SE_reference_AE_historical",1.7,6561,"Full",2040,1000,0,0.001,11486.4264011065,8125.25458250206,17074.4224429012,0.012,6892.49938100624,6735.02906414611,4685.39994710527,10182.0730026927,"I1",18,"Fcap_1.70_Besc_6561_sigmaR_0.216_SE_reference_AE_historical"
18,"I1__Fcap_1.70_Besc_6561_sigmaR_0.216_SE_reference_AE_historical",1.7,6561,"Full",2041,1000,0,0.003,11506.6984451658,7963.06531042528,17137.3828667158,0.019,6851.35624186436,6766.10651173879,4328.88273421532,10226.0236869397,"I1",18,"Fcap_1.70_Besc_6561_sigmaR_0.216_SE_reference_AE_historical"
18,"I1__Fcap_1.70_Besc_6561_sigmaR_0.216_SE_reference_AE_historical",1.7,6561,"Full",2042,1000,0,0.002,11606.5192286115,7937.79534933187,16820.1491791458,0.012,6879.14778836417,6767.81697123611,4488.52767326598,10035.1896498399,"I1",18,"Fcap_1.70_Besc_6561_sigmaR_0.216_SE_reference_AE_historical"
18,"I1__Fcap_1.70_Besc_6561_sigmaR_0.216_SE_reference_AE_historical",1.7,6561,"Full",2043,1000,0,0.001,11343.2270408049,8103.7076900867,16331.6774826804,0.011,6800.93793030014,6685.314429416,4549.4169294882,9825.36035256736,"I1",18,"Fcap_1.70_Besc_6561_sigmaR_0.216_SE_reference_AE_historical"
18,"I1__Fcap_1.70_Besc_6561_sigmaR_0.216_SE_reference_AE_historical",1.7,6561,"Full",2044,1000,0,0.003,11486.3355143914,8054.54046882868,16392.6602500018,0.012,6847.72252385436,6689.98433473108,4565.94959783571,9987.02526312965,"I1",18,"Fcap_1.70_Besc_6561_sigmaR_0.216_SE_reference_AE_historical"
18,"I1__Fcap_1.70_Besc_6561_sigmaR_0.216_SE_reference_AE_historical",1.7,6561,"Full",2045,1000,0,0.004,11399.8182584561,8037.54201843356,16862.4802130715,0.01,6893.10510596371,6808.00867766068,4535.66235311124,9961.83622312053,"I1",18,"Fcap_1.70_Besc_6561_sigmaR_0.216_SE_reference_AE_historical"
18,"I1__Fcap_1.70_Besc_6561_sigmaR_0.216_SE_reference_AE_historical",1.7,6561,"Full",2046,1000,0,0.002,11468.3196532359,7941.43029757608,16619.3837592993,0.014,6850.37561728622,6648.77577211226,4396.5274585225,10222.7160174842,"I1",18,"Fcap_1.70_Besc_6561_sigmaR_0.216_SE_reference_AE_historical"
18,"I1__Fcap_1.70_Besc_6561_sigmaR_0.216_SE_reference_AE_historical",1.7,6561,"Full",2047,1000,0,0,11640.8042597095,8127.03034395663,17158.9049915509,0.011,6967.12236963443,6820.57800526068,4696.39049408195,10323.3466424177,"I1",18,"Fcap_1.70_Besc_6561_sigmaR_0.216_SE_reference_AE_historical"
18,"I1__Fcap_1.70_Besc_6561_sigmaR_0.216_SE_reference_AE_historical",1.7,6561,"Full",2048,1000,0,0.003,11573.3123958589,7859.3710080674,16974.5827823855,0.017,6885.93716325138,6826.50638523841,4332.51099829469,10191.4380430456,"I1",18,"Fcap_1.70_Besc_6561_sigmaR_0.216_SE_reference_AE_historical"
18,"I1__Fcap_1.70_Besc_6561_sigmaR_0.216_SE_reference_AE_historical",1.7,6561,"Full",2049,1000,0,0.002,11440.211608079,7933.29994739612,16849.7354228061,0.015,6831.64339150864,6722.82875467676,4438.23830962808,10025.9116256747,"I1",18,"Fcap_1.70_Besc_6561_sigmaR_0.216_SE_reference_AE_historical"
18,"I1__Fcap_1.70_Besc_6561_sigmaR_0.216_SE_reference_AE_historical",1.7,6561,"Full",2050,1000,0,0.004,11641.1328670608,8073.40603280668,17304.2646921603,0.017,6999.95272911024,6859.74837986656,4500.82920861274,10409.4617705144,"I1",18,"Fcap_1.70_Besc_6561_sigmaR_0.216_SE_reference_AE_historical"
18,"I1__Fcap_1.70_Besc_6561_sigmaR_0.216_SE_reference_AE_historical",1.7,6561,"Full",2051,1000,0,0.001,11674.7344466711,8010.67804734119,16956.4673063854,0.008,6981.68127030455,6809.15451215881,4555.33603215329,10067.3420072964,"I1",18,"Fcap_1.70_Besc_6561_sigmaR_0.216_SE_reference_AE_historical"
18,"I1__Fcap_1.70_Besc_6561_sigmaR_0.216_SE_reference_AE_historical",1.7,6561,"Full",2052,1000,0,0.005,11601.7552130522,8056.5685044514,17039.17825708,0.013,6932.54662147967,6818.86996747461,4583.9568578364,10161.3049909111,"I1",18,"Fcap_1.70_Besc_6561_sigmaR_0.216_SE_reference_AE_historical"
18,"I1__Fcap_1.70_Besc_6561_sigmaR_0.216_SE_reference_AE_historical",1.7,6561,"Full",2053,1000,0,0.001,11475.3417264712,8038.42905581913,17217.8137909632,0.009,6896.50645492683,6759.73454134631,4547.75710455505,10501.1522073941,"I1",18,"Fcap_1.70_Besc_6561_sigmaR_0.216_SE_reference_AE_historical"
18,"I1__Fcap_1.70_Besc_6561_sigmaR_0.216_SE_reference_AE_historical",1.7,6561,"Full",2054,1000,0,0.003,11459.1201238323,7921.34885604379,16890.7949692017,0.019,6848.65808570706,6659.66022532756,4544.14284829016,10039.5423687716,"I1",18,"Fcap_1.70_Besc_6561_sigmaR_0.216_SE_reference_AE_historical"
19,"I1__Fcap_1.70_Besc_7250_sigmaR_0.216_SE_reference_AE_historical",1.7,7250,"Short",2025,1000,0,0,13033.4475109739,11422.0565086668,16147.1099112769,0,8009.38210809103,7769.91756087431,6140.83101288073,10748.3479385559,"I1",19,"Fcap_1.70_Besc_7250_sigmaR_0.216_SE_reference_AE_historical"
19,"I1__Fcap_1.70_Besc_7250_sigmaR_0.216_SE_reference_AE_historical",1.7,7250,"Short",2026,1000,0,0.001,11757.8559316016,8474.87062784283,17143.6234036861,0.026,6995.70173735909,6945.57398793129,3809.46805023291,10431.4176222599,"I1",19,"Fcap_1.70_Besc_7250_sigmaR_0.216_SE_reference_AE_historical"
19,"I1__Fcap_1.70_Besc_7250_sigmaR_0.216_SE_reference_AE_historical",1.7,7250,"Short",2027,1000,0,0.002,11693.9872797253,8183.06080241347,17356.4749178217,0.029,6994.4386130789,7015.64518090618,3044.11295431839,10426.6446434169,"I1",19,"Fcap_1.70_Besc_7250_sigmaR_0.216_SE_reference_AE_historical"
19,"I1__Fcap_1.70_Besc_7250_sigmaR_0.216_SE_reference_AE_historical",1.7,7250,"Short",2028,1000,0,0.001,11675.4384342353,8216.28823626603,16788.4567593228,0.032,6890.96468068437,6961.46956909298,2572.99321130388,10148.3448847082,"I1",19,"Fcap_1.70_Besc_7250_sigmaR_0.216_SE_reference_AE_historical"
19,"I1__Fcap_1.70_Besc_7250_sigmaR_0.216_SE_reference_AE_historical",1.7,7250,"Short",2029,1000,0,0.005,11453.5690933171,8068.39201173711,16736.4241536118,0.046,6760.20173866143,6847.57623324939,709.032118528202,10168.7211293517,"I1",19,"Fcap_1.70_Besc_7250_sigmaR_0.216_SE_reference_AE_historical"
19,"I1__Fcap_1.70_Besc_7250_sigmaR_0.216_SE_reference_AE_historical",1.7,7250,"Short",2030,1000,0,0.001,11503.9158030073,8181.20466327131,17095.4460867076,0.041,6748.23709776327,6752.66800535682,2615.21415618073,10197.1954108678,"I1",19,"Fcap_1.70_Besc_7250_sigmaR_0.216_SE_reference_AE_historical"
19,"I1__Fcap_1.70_Besc_7250_sigmaR_0.216_SE_reference_AE_historical",1.7,7250,"Short",2031,1000,0,0.002,11337.0255469571,8259.33618951358,16734.4223338435,0.04,6682.23882010125,6711.90916746332,2600.80404867418,9789.1723632191,"I1",19,"Fcap_1.70_Besc_7250_sigmaR_0.216_SE_reference_AE_historical"
19,"I1__Fcap_1.70_Besc_7250_sigmaR_0.216_SE_reference_AE_historical",1.7,7250,"Short",2032,1000,0,0.001,11575.7674518712,8051.05399534136,16377.4002929261,0.04,6727.84829632416,6764.86214258841,2588.36793258198,9870.39866192122,"I1",19,"Fcap_1.70_Besc_7250_sigmaR_0.216_SE_reference_AE_historical"
19,"I1__Fcap_1.70_Besc_7250_sigmaR_0.216_SE_reference_AE_historical",1.7,7250,"Short",2033,1000,0,0.002,11591.2397395715,8264.38006525366,16777.0491857009,0.035,6817.22015332222,6758.73557332592,4200.09515048276,10113.4526246787,"I1",19,"Fcap_1.70_Besc_7250_sigmaR_0.216_SE_reference_AE_historical"
19,"I1__Fcap_1.70_Besc_7250_sigmaR_0.216_SE_reference_AE_historical",1.7,7250,"Short",2034,1000,0,0.003,11640.425477295,8280.4833182288,16820.4815375489,0.032,6858.36432927471,6794.86964597531,4087.76879746921,10101.7545475217,"I1",19,"Fcap_1.70_Besc_7250_sigmaR_0.216_SE_reference_AE_historical"
19,"I1__Fcap_1.70_Besc_7250_sigmaR_0.216_SE_reference_AE_historical",1.7,7250,"Medium",2035,1000,0,0.001,11533.1247226858,8277.26849231996,16636.2250393897,0.034,6749.7468711087,6774.2265087003,2819.38271808682,10132.0302650721,"I1",19,"Fcap_1.70_Besc_7250_sigmaR_0.216_SE_reference_AE_historical"
19,"I1__Fcap_1.70_Besc_7250_sigmaR_0.216_SE_reference_AE_historical",1.7,7250,"Medium",2036,1000,0,0.003,11493.8136995191,8167.52508982981,16617.8749330504,0.031,6806.70879075039,6772.88318082977,4069.79446808674,9874.48361412789,"I1",19,"Fcap_1.70_Besc_7250_sigmaR_0.216_SE_reference_AE_historical"
19,"I1__Fcap_1.70_Besc_7250_sigmaR_0.216_SE_reference_AE_historical",1.7,7250,"Medium",2037,1000,0,0.002,11547.7130495765,8273.79689522438,16267.6783178652,0.03,6696.55854373836,6775.57807796158,2891.51761337829,9646.81201450324,"I1",19,"Fcap_1.70_Besc_7250_sigmaR_0.216_SE_reference_AE_historical"
19,"I1__Fcap_1.70_Besc_7250_sigmaR_0.216_SE_reference_AE_historical",1.7,7250,"Medium",2038,1000,0,0,11448.9579974731,8203.25998279759,16763.0662575929,0.037,6715.58680593999,6696.76661358047,3313.73272065803,10088.9298146124,"I1",19,"Fcap_1.70_Besc_7250_sigmaR_0.216_SE_reference_AE_historical"
19,"I1__Fcap_1.70_Besc_7250_sigmaR_0.216_SE_reference_AE_historical",1.7,7250,"Medium",2039,1000,0,0.001,11656.8542690104,8234.75332127073,16794.7325083244,0.034,6793.69946217388,6809.73915171428,2982.20329728746,10128.4048256784,"I1",19,"Fcap_1.70_Besc_7250_sigmaR_0.216_SE_reference_AE_historical"
19,"I1__Fcap_1.70_Besc_7250_sigmaR_0.216_SE_reference_AE_historical",1.7,7250,"Medium",2040,1000,0,0.001,11521.9026942169,8384.25638870585,17076.1211848689,0.018,6842.98630119947,6790.88320299751,3742.74539685795,10235.5412501439,"I1",19,"Fcap_1.70_Besc_7250_sigmaR_0.216_SE_reference_AE_historical"
19,"I1__Fcap_1.70_Besc_7250_sigmaR_0.216_SE_reference_AE_historical",1.7,7250,"Medium",2041,1000,0,0.003,11561.5545078849,8219.02409504019,17137.2560570387,0.044,6763.72473299579,6816.50492679117,2150.83930586132,10229.0167105171,"I1",19,"Fcap_1.70_Besc_7250_sigmaR_0.216_SE_reference_AE_historical"
19,"I1__Fcap_1.70_Besc_7250_sigmaR_0.216_SE_reference_AE_historical",1.7,7250,"Medium",2042,1000,0,0.002,11660.8451037979,8254.60910340883,16874.8771012178,0.037,6794.24424543453,6857.1867110157,2872.47764134743,10051.1288164634,"I1",19,"Fcap_1.70_Besc_7250_sigmaR_0.216_SE_reference_AE_historical"
19,"I1__Fcap_1.70_Besc_7250_sigmaR_0.216_SE_reference_AE_historical",1.7,7250,"Medium",2043,1000,0,0.001,11378.2344245141,8343.52695624545,16332.7468598715,0.032,6726.77666155245,6750.37337765409,3449.30439721273,9866.63457398298,"I1",19,"Fcap_1.70_Besc_7250_sigmaR_0.216_SE_reference_AE_historical"
19,"I1__Fcap_1.70_Besc_7250_sigmaR_0.216_SE_reference_AE_historical",1.7,7250,"Medium",2044,1000,0,0.003,11532.7442300409,8298.88252026713,16521.7284735615,0.031,6786.68392958793,6742.83113452637,3118.4929427205,10066.5890819818,"I1",19,"Fcap_1.70_Besc_7250_sigmaR_0.216_SE_reference_AE_historical"
19,"I1__Fcap_1.70_Besc_7250_sigmaR_0.216_SE_reference_AE_historical",1.7,7250,"Long",2045,1000,0,0.003,11434.7393723064,8334.37493949719,16861.1257718131,0.033,6822.64762823251,6856.92804133098,4074.45590272417,9995.02013717295,"I1",19,"Fcap_1.70_Besc_7250_sigmaR_0.216_SE_reference_AE_historical"
19,"I1__Fcap_1.70_Besc_7250_sigmaR_0.216_SE_reference_AE_historical",1.7,7250,"Long",2046,1000,0,0.002,11505.8671873898,8248.39134416771,16638.3617978169,0.037,6745.80849909948,6695.96891198735,2390.01735634883,10257.9339845352,"I1",19,"Fcap_1.70_Besc_7250_sigmaR_0.216_SE_reference_AE_historical"
19,"I1__Fcap_1.70_Besc_7250_sigmaR_0.216_SE_reference_AE_historical",1.7,7250,"Long",2047,1000,0,0,11707.6942018918,8325.84583387526,17155.1172254883,0.024,6917.57484096383,6850.40032977176,3939.63557265231,10373.9190023984,"I1",19,"Fcap_1.70_Besc_7250_sigmaR_0.216_SE_reference_AE_historical"
19,"I1__Fcap_1.70_Besc_7250_sigmaR_0.216_SE_reference_AE_historical",1.7,7250,"Long",2048,1000,0,0.002,11666.8813878311,8229.96750543765,16975.1590454787,0.043,6790.28355014287,6853.88427248489,2473.27513861202,10190.1562958505,"I1",19,"Fcap_1.70_Besc_7250_sigmaR_0.216_SE_reference_AE_historical"
19,"I1__Fcap_1.70_Besc_7250_sigmaR_0.216_SE_reference_AE_historical",1.7,7250,"Long",2049,1000,0,0.002,11516.2419441332,8226.41374872773,16845.6856540043,0.028,6774.57609979113,6756.69411891232,3112.05189207137,10102.8653074444,"I1",19,"Fcap_1.70_Besc_7250_sigmaR_0.216_SE_reference_AE_historical"
19,"I1__Fcap_1.70_Besc_7250_sigmaR_0.216_SE_reference_AE_historical",1.7,7250,"Long",2050,1000,0,0.003,11745.0186970092,8207.63011801651,17478.0402504629,0.027,6924.01203428825,6914.95543090891,3445.62809024916,10423.4893197893,"I1",19,"Fcap_1.70_Besc_7250_sigmaR_0.216_SE_reference_AE_historical"
19,"I1__Fcap_1.70_Besc_7250_sigmaR_0.216_SE_reference_AE_historical",1.7,7250,"Long",2051,1000,0,0.001,11740.7401485075,8257.54191666831,16958.317118857,0.022,6906.3110914875,6853.58046494001,4122.17986236134,10153.4730125351,"I1",19,"Fcap_1.70_Besc_7250_sigmaR_0.216_SE_reference_AE_historical"
19,"I1__Fcap_1.70_Besc_7250_sigmaR_0.216_SE_reference_AE_historical",1.7,7250,"Long",2052,1000,0,0.003,11681.0641888373,8258.76896502927,17046.5783842799,0.032,6840.19793222215,6859.64287166105,2996.00017296299,10176.2548949875,"I1",19,"Fcap_1.70_Besc_7250_sigmaR_0.216_SE_reference_AE_historical"
19,"I1__Fcap_1.70_Besc_7250_sigmaR_0.216_SE_reference_AE_historical",1.7,7250,"Long",2053,1000,0,0,11556.7375079586,8343.72488410995,17280.6144690892,0.028,6847.68599941259,6794.51932926567,4136.19558780693,10488.1418341181,"I1",19,"Fcap_1.70_Besc_7250_sigmaR_0.216_SE_reference_AE_historical"
19,"I1__Fcap_1.70_Besc_7250_sigmaR_0.216_SE_reference_AE_historical",1.7,7250,"Long",2054,1000,0,0.003,11474.8361189592,8171.25158552023,16889.6107334993,0.035,6766.58226088289,6721.81898119516,2871.51139867621,10043.6647713527,"I1",19,"Fcap_1.70_Besc_7250_sigmaR_0.216_SE_reference_AE_historical"
19,"I1__Fcap_1.70_Besc_7250_sigmaR_0.216_SE_reference_AE_historical",1.7,7250,"Full",2025,1000,0,0,13033.4475109739,11422.0565086668,16147.1099112769,0,8009.38210809103,7769.91756087431,6140.83101288073,10748.3479385559,"I1",19,"Fcap_1.70_Besc_7250_sigmaR_0.216_SE_reference_AE_historical"
19,"I1__Fcap_1.70_Besc_7250_sigmaR_0.216_SE_reference_AE_historical",1.7,7250,"Full",2026,1000,0,0.001,11757.8559316016,8474.87062784283,17143.6234036861,0.026,6995.70173735909,6945.57398793129,3809.46805023291,10431.4176222599,"I1",19,"Fcap_1.70_Besc_7250_sigmaR_0.216_SE_reference_AE_historical"
19,"I1__Fcap_1.70_Besc_7250_sigmaR_0.216_SE_reference_AE_historical",1.7,7250,"Full",2027,1000,0,0.002,11693.9872797253,8183.06080241347,17356.4749178217,0.029,6994.4386130789,7015.64518090618,3044.11295431839,10426.6446434169,"I1",19,"Fcap_1.70_Besc_7250_sigmaR_0.216_SE_reference_AE_historical"
19,"I1__Fcap_1.70_Besc_7250_sigmaR_0.216_SE_reference_AE_historical",1.7,7250,"Full",2028,1000,0,0.001,11675.4384342353,8216.28823626603,16788.4567593228,0.032,6890.96468068437,6961.46956909298,2572.99321130388,10148.3448847082,"I1",19,"Fcap_1.70_Besc_7250_sigmaR_0.216_SE_reference_AE_historical"
19,"I1__Fcap_1.70_Besc_7250_sigmaR_0.216_SE_reference_AE_historical",1.7,7250,"Full",2029,1000,0,0.005,11453.5690933171,8068.39201173711,16736.4241536118,0.046,6760.20173866143,6847.57623324939,709.032118528202,10168.7211293517,"I1",19,"Fcap_1.70_Besc_7250_sigmaR_0.216_SE_reference_AE_historical"
19,"I1__Fcap_1.70_Besc_7250_sigmaR_0.216_SE_reference_AE_historical",1.7,7250,"Full",2030,1000,0,0.001,11503.9158030073,8181.20466327131,17095.4460867076,0.041,6748.23709776327,6752.66800535682,2615.21415618073,10197.1954108678,"I1",19,"Fcap_1.70_Besc_7250_sigmaR_0.216_SE_reference_AE_historical"
19,"I1__Fcap_1.70_Besc_7250_sigmaR_0.216_SE_reference_AE_historical",1.7,7250,"Full",2031,1000,0,0.002,11337.0255469571,8259.33618951358,16734.4223338435,0.04,6682.23882010125,6711.90916746332,2600.80404867418,9789.1723632191,"I1",19,"Fcap_1.70_Besc_7250_sigmaR_0.216_SE_reference_AE_historical"
19,"I1__Fcap_1.70_Besc_7250_sigmaR_0.216_SE_reference_AE_historical",1.7,7250,"Full",2032,1000,0,0.001,11575.7674518712,8051.05399534136,16377.4002929261,0.04,6727.84829632416,6764.86214258841,2588.36793258198,9870.39866192122,"I1",19,"Fcap_1.70_Besc_7250_sigmaR_0.216_SE_reference_AE_historical"
19,"I1__Fcap_1.70_Besc_7250_sigmaR_0.216_SE_reference_AE_historical",1.7,7250,"Full",2033,1000,0,0.002,11591.2397395715,8264.38006525366,16777.0491857009,0.035,6817.22015332222,6758.73557332592,4200.09515048276,10113.4526246787,"I1",19,"Fcap_1.70_Besc_7250_sigmaR_0.216_SE_reference_AE_historical"
19,"I1__Fcap_1.70_Besc_7250_sigmaR_0.216_SE_reference_AE_historical",1.7,7250,"Full",2034,1000,0,0.003,11640.425477295,8280.4833182288,16820.4815375489,0.032,6858.36432927471,6794.86964597531,4087.76879746921,10101.7545475217,"I1",19,"Fcap_1.70_Besc_7250_sigmaR_0.216_SE_reference_AE_historical"
19,"I1__Fcap_1.70_Besc_7250_sigmaR_0.216_SE_reference_AE_historical",1.7,7250,"Full",2035,1000,0,0.001,11533.1247226858,8277.26849231996,16636.2250393897,0.034,6749.7468711087,6774.2265087003,2819.38271808682,10132.0302650721,"I1",19,"Fcap_1.70_Besc_7250_sigmaR_0.216_SE_reference_AE_historical"
19,"I1__Fcap_1.70_Besc_7250_sigmaR_0.216_SE_reference_AE_historical",1.7,7250,"Full",2036,1000,0,0.003,11493.8136995191,8167.52508982981,16617.8749330504,0.031,6806.70879075039,6772.88318082977,4069.79446808674,9874.48361412789,"I1",19,"Fcap_1.70_Besc_7250_sigmaR_0.216_SE_reference_AE_historical"
19,"I1__Fcap_1.70_Besc_7250_sigmaR_0.216_SE_reference_AE_historical",1.7,7250,"Full",2037,1000,0,0.002,11547.7130495765,8273.79689522438,16267.6783178652,0.03,6696.55854373836,6775.57807796158,2891.51761337829,9646.81201450324,"I1",19,"Fcap_1.70_Besc_7250_sigmaR_0.216_SE_reference_AE_historical"
19,"I1__Fcap_1.70_Besc_7250_sigmaR_0.216_SE_reference_AE_historical",1.7,7250,"Full",2038,1000,0,0,11448.9579974731,8203.25998279759,16763.0662575929,0.037,6715.58680593999,6696.76661358047,3313.73272065803,10088.9298146124,"I1",19,"Fcap_1.70_Besc_7250_sigmaR_0.216_SE_reference_AE_historical"
19,"I1__Fcap_1.70_Besc_7250_sigmaR_0.216_SE_reference_AE_historical",1.7,7250,"Full",2039,1000,0,0.001,11656.8542690104,8234.75332127073,16794.7325083244,0.034,6793.69946217388,6809.73915171428,2982.20329728746,10128.4048256784,"I1",19,"Fcap_1.70_Besc_7250_sigmaR_0.216_SE_reference_AE_historical"
19,"I1__Fcap_1.70_Besc_7250_sigmaR_0.216_SE_reference_AE_historical",1.7,7250,"Full",2040,1000,0,0.001,11521.9026942169,8384.25638870585,17076.1211848689,0.018,6842.98630119947,6790.88320299751,3742.74539685795,10235.5412501439,"I1",19,"Fcap_1.70_Besc_7250_sigmaR_0.216_SE_reference_AE_historical"
19,"I1__Fcap_1.70_Besc_7250_sigmaR_0.216_SE_reference_AE_historical",1.7,7250,"Full",2041,1000,0,0.003,11561.5545078849,8219.02409504019,17137.2560570387,0.044,6763.72473299579,6816.50492679117,2150.83930586132,10229.0167105171,"I1",19,"Fcap_1.70_Besc_7250_sigmaR_0.216_SE_reference_AE_historical"
19,"I1__Fcap_1.70_Besc_7250_sigmaR_0.216_SE_reference_AE_historical",1.7,7250,"Full",2042,1000,0,0.002,11660.8451037979,8254.60910340883,16874.8771012178,0.037,6794.24424543453,6857.1867110157,2872.47764134743,10051.1288164634,"I1",19,"Fcap_1.70_Besc_7250_sigmaR_0.216_SE_reference_AE_historical"
19,"I1__Fcap_1.70_Besc_7250_sigmaR_0.216_SE_reference_AE_historical",1.7,7250,"Full",2043,1000,0,0.001,11378.2344245141,8343.52695624545,16332.7468598715,0.032,6726.77666155245,6750.37337765409,3449.30439721273,9866.63457398298,"I1",19,"Fcap_1.70_Besc_7250_sigmaR_0.216_SE_reference_AE_historical"
19,"I1__Fcap_1.70_Besc_7250_sigmaR_0.216_SE_reference_AE_historical",1.7,7250,"Full",2044,1000,0,0.003,11532.7442300409,8298.88252026713,16521.7284735615,0.031,6786.68392958793,6742.83113452637,3118.4929427205,10066.5890819818,"I1",19,"Fcap_1.70_Besc_7250_sigmaR_0.216_SE_reference_AE_historical"
19,"I1__Fcap_1.70_Besc_7250_sigmaR_0.216_SE_reference_AE_historical",1.7,7250,"Full",2045,1000,0,0.003,11434.7393723064,8334.37493949719,16861.1257718131,0.033,6822.64762823251,6856.92804133098,4074.45590272417,9995.02013717295,"I1",19,"Fcap_1.70_Besc_7250_sigmaR_0.216_SE_reference_AE_historical"
19,"I1__Fcap_1.70_Besc_7250_sigmaR_0.216_SE_reference_AE_historical",1.7,7250,"Full",2046,1000,0,0.002,11505.8671873898,8248.39134416771,16638.3617978169,0.037,6745.80849909948,6695.96891198735,2390.01735634883,10257.9339845352,"I1",19,"Fcap_1.70_Besc_7250_sigmaR_0.216_SE_reference_AE_historical"
19,"I1__Fcap_1.70_Besc_7250_sigmaR_0.216_SE_reference_AE_historical",1.7,7250,"Full",2047,1000,0,0,11707.6942018918,8325.84583387526,17155.1172254883,0.024,6917.57484096383,6850.40032977176,3939.63557265231,10373.9190023984,"I1",19,"Fcap_1.70_Besc_7250_sigmaR_0.216_SE_reference_AE_historical"
19,"I1__Fcap_1.70_Besc_7250_sigmaR_0.216_SE_reference_AE_historical",1.7,7250,"Full",2048,1000,0,0.002,11666.8813878311,8229.96750543765,16975.1590454787,0.043,6790.28355014287,6853.88427248489,2473.27513861202,10190.1562958505,"I1",19,"Fcap_1.70_Besc_7250_sigmaR_0.216_SE_reference_AE_historical"
19,"I1__Fcap_1.70_Besc_7250_sigmaR_0.216_SE_reference_AE_historical",1.7,7250,"Full",2049,1000,0,0.002,11516.2419441332,8226.41374872773,16845.6856540043,0.028,6774.57609979113,6756.69411891232,3112.05189207137,10102.8653074444,"I1",19,"Fcap_1.70_Besc_7250_sigmaR_0.216_SE_reference_AE_historical"
19,"I1__Fcap_1.70_Besc_7250_sigmaR_0.216_SE_reference_AE_historical",1.7,7250,"Full",2050,1000,0,0.003,11745.0186970092,8207.63011801651,17478.0402504629,0.027,6924.01203428825,6914.95543090891,3445.62809024916,10423.4893197893,"I1",19,"Fcap_1.70_Besc_7250_sigmaR_0.216_SE_reference_AE_historical"
19,"I1__Fcap_1.70_Besc_7250_sigmaR_0.216_SE_reference_AE_historical",1.7,7250,"Full",2051,1000,0,0.001,11740.7401485075,8257.54191666831,16958.317118857,0.022,6906.3110914875,6853.58046494001,4122.17986236134,10153.4730125351,"I1",19,"Fcap_1.70_Besc_7250_sigmaR_0.216_SE_reference_AE_historical"
19,"I1__Fcap_1.70_Besc_7250_sigmaR_0.216_SE_reference_AE_historical",1.7,7250,"Full",2052,1000,0,0.003,11681.0641888373,8258.76896502927,17046.5783842799,0.032,6840.19793222215,6859.64287166105,2996.00017296299,10176.2548949875,"I1",19,"Fcap_1.70_Besc_7250_sigmaR_0.216_SE_reference_AE_historical"
19,"I1__Fcap_1.70_Besc_7250_sigmaR_0.216_SE_reference_AE_historical",1.7,7250,"Full",2053,1000,0,0,11556.7375079586,8343.72488410995,17280.6144690892,0.028,6847.68599941259,6794.51932926567,4136.19558780693,10488.1418341181,"I1",19,"Fcap_1.70_Besc_7250_sigmaR_0.216_SE_reference_AE_historical"
19,"I1__Fcap_1.70_Besc_7250_sigmaR_0.216_SE_reference_AE_historical",1.7,7250,"Full",2054,1000,0,0.003,11474.8361189592,8171.25158552023,16889.6107334993,0.035,6766.58226088289,6721.81898119516,2871.51139867621,10043.6647713527,"I1",19,"Fcap_1.70_Besc_7250_sigmaR_0.216_SE_reference_AE_historical"
20,"I1__Fcap_1.70_Besc_8000_sigmaR_0.216_SE_reference_AE_historical",1.7,8000,"Short",2025,1000,0,0,13033.4475109739,11422.0565086668,16147.1099112769,0,8009.38210809103,7769.91756087431,6140.83101288073,10748.3479385559,"I1",20,"Fcap_1.70_Besc_8000_sigmaR_0.216_SE_reference_AE_historical"
20,"I1__Fcap_1.70_Besc_8000_sigmaR_0.216_SE_reference_AE_historical",1.7,8000,"Short",2026,1000,0,0.001,11757.8559316016,8659.05495461767,17143.6234036861,0.073,6734.05452060772,6945.57398793129,0,10431.4176222599,"I1",20,"Fcap_1.70_Besc_8000_sigmaR_0.216_SE_reference_AE_historical"
20,"I1__Fcap_1.70_Besc_8000_sigmaR_0.216_SE_reference_AE_historical",1.7,8000,"Short",2027,1000,0,0.002,11830.1961741371,8526.7953706199,17371.8821531037,0.072,6846.64640880309,7109.94217858275,0,10538.6278180887,"I1",20,"Fcap_1.70_Besc_8000_sigmaR_0.216_SE_reference_AE_historical"
20,"I1__Fcap_1.70_Besc_8000_sigmaR_0.216_SE_reference_AE_historical",1.7,8000,"Short",2028,1000,0,0,11777.3503636832,8588.00638376577,16807.4221000519,0.076,6733.79509851741,6996.19961407562,0,10195.2385211817,"I1",20,"Fcap_1.70_Besc_8000_sigmaR_0.216_SE_reference_AE_historical"
20,"I1__Fcap_1.70_Besc_8000_sigmaR_0.216_SE_reference_AE_historical",1.7,8000,"Short",2029,1000,0,0.004,11582.7576749046,8371.18292875851,16803.4227375982,0.087,6632.6889129398,6943.29901358573,0,10258.2612676906,"I1",20,"Fcap_1.70_Besc_8000_sigmaR_0.216_SE_reference_AE_historical"
20,"I1__Fcap_1.70_Besc_8000_sigmaR_0.216_SE_reference_AE_historical",1.7,8000,"Short",2030,1000,0,0.001,11614.4631894934,8473.44262560472,17100.2033970833,0.077,6574.94064980511,6820.69675960355,0,10252.3588433138,"I1",20,"Fcap_1.70_Besc_8000_sigmaR_0.216_SE_reference_AE_historical"
20,"I1__Fcap_1.70_Besc_8000_sigmaR_0.216_SE_reference_AE_historical",1.7,8000,"Short",2031,1000,0,0.001,11519.6949243647,8578.44959749061,16764.0539247258,0.074,6549.22049338704,6779.89938562981,0,10035.2863023784,"I1",20,"Fcap_1.70_Besc_8000_sigmaR_0.216_SE_reference_AE_historical"
20,"I1__Fcap_1.70_Besc_8000_sigmaR_0.216_SE_reference_AE_historical",1.7,8000,"Short",2032,1000,0,0.001,11669.2415989421,8412.93500123514,16631.7182186211,0.075,6542.08862163729,6837.23619967423,0,9972.74561584488,"I1",20,"Fcap_1.70_Besc_8000_sigmaR_0.216_SE_reference_AE_historical"
20,"I1__Fcap_1.70_Besc_8000_sigmaR_0.216_SE_reference_AE_historical",1.7,8000,"Short",2033,1000,0,0,11734.8343105917,8645.67147692136,16928.0046095758,0.06,6734.15582261834,6810.43621768284,0,10172.3953375456,"I1",20,"Fcap_1.70_Besc_8000_sigmaR_0.216_SE_reference_AE_historical"
20,"I1__Fcap_1.70_Besc_8000_sigmaR_0.216_SE_reference_AE_historical",1.7,8000,"Short",2034,1000,0,0.003,11727.2615955179,8608.8182527322,16834.5809429711,0.059,6721.94197880744,6868.5718975001,0,10198.8668697995,"I1",20,"Fcap_1.70_Besc_8000_sigmaR_0.216_SE_reference_AE_historical"
20,"I1__Fcap_1.70_Besc_8000_sigmaR_0.216_SE_reference_AE_historical",1.7,8000,"Medium",2035,1000,0,0.001,11661.4566258969,8663.46222613152,16741.803337368,0.07,6608.42208012457,6863.3249642941,0,10208.1831368152,"I1",20,"Fcap_1.70_Besc_8000_sigmaR_0.216_SE_reference_AE_historical"
20,"I1__Fcap_1.70_Besc_8000_sigmaR_0.216_SE_reference_AE_historical",1.7,8000,"Medium",2036,1000,0,0.002,11580.3962909854,8520.11875217558,16707.4633625942,0.059,6674.67582717445,6828.03242014358,0,9982.81161237746,"I1",20,"Fcap_1.70_Besc_8000_sigmaR_0.216_SE_reference_AE_historical"
20,"I1__Fcap_1.70_Besc_8000_sigmaR_0.216_SE_reference_AE_historical",1.7,8000,"Medium",2037,1000,0,0.002,11661.2392153168,8570.30845059919,16292.4323287151,0.068,6561.10924590696,6880.44492648487,0,9716.09570009738,"I1",20,"Fcap_1.70_Besc_8000_sigmaR_0.216_SE_reference_AE_historical"
20,"I1__Fcap_1.70_Besc_8000_sigmaR_0.216_SE_reference_AE_historical",1.7,8000,"Medium",2038,1000,0,0,11559.9159759329,8466.09700718528,16788.8777749171,0.078,6521.06175961724,6811.37809962772,0,10153.3215641814,"I1",20,"Fcap_1.70_Besc_8000_sigmaR_0.216_SE_reference_AE_historical"
20,"I1__Fcap_1.70_Besc_8000_sigmaR_0.216_SE_reference_AE_historical",1.7,8000,"Medium",2039,1000,0,0,11833.106527396,8565.86453076954,16830.9715984413,0.068,6655.03716441298,6926.83916289191,0,10151.6692329757,"I1",20,"Fcap_1.70_Besc_8000_sigmaR_0.216_SE_reference_AE_historical"
20,"I1__Fcap_1.70_Besc_8000_sigmaR_0.216_SE_reference_AE_historical",1.7,8000,"Medium",2040,1000,0,0.001,11623.2517628813,8776.66421817166,17125.093569332,0.059,6704.92025865499,6913.4525166763,0,10249.7918191431,"I1",20,"Fcap_1.70_Besc_8000_sigmaR_0.216_SE_reference_AE_historical"
20,"I1__Fcap_1.70_Besc_8000_sigmaR_0.216_SE_reference_AE_historical",1.7,8000,"Medium",2041,1000,0,0.002,11704.3318190124,8495.38765741701,17138.1481917213,0.081,6617.22404413202,6894.86663423689,0,10407.6576128215,"I1",20,"Fcap_1.70_Besc_8000_sigmaR_0.216_SE_reference_AE_historical"
20,"I1__Fcap_1.70_Besc_8000_sigmaR_0.216_SE_reference_AE_historical",1.7,8000,"Medium",2042,1000,0,0.002,11758.0392062576,8516.09604668293,16932.2663807278,0.078,6648.08628650565,6934.33525894449,0,10121.6205871884,"I1",20,"Fcap_1.70_Besc_8000_sigmaR_0.216_SE_reference_AE_historical"
20,"I1__Fcap_1.70_Besc_8000_sigmaR_0.216_SE_reference_AE_historical",1.7,8000,"Medium",2043,1000,0,0.001,11507.5798682065,8640.24159369598,16399.1891628,0.066,6598.31367152337,6816.95489723943,0,9933.99060166648,"I1",20,"Fcap_1.70_Besc_8000_sigmaR_0.216_SE_reference_AE_historical"
20,"I1__Fcap_1.70_Besc_8000_sigmaR_0.216_SE_reference_AE_historical",1.7,8000,"Medium",2044,1000,0,0,11638.8113147316,8628.42491415435,16527.733126329,0.061,6645.00853631864,6836.35609714147,0,10068.4855450974,"I1",20,"Fcap_1.70_Besc_8000_sigmaR_0.216_SE_reference_AE_historical"
20,"I1__Fcap_1.70_Besc_8000_sigmaR_0.216_SE_reference_AE_historical",1.7,8000,"Long",2045,1000,0,0.003,11626.2916973877,8540.83021749316,16923.7023897039,0.056,6709.4557585794,6947.69748492532,0,10101.9862134851,"I1",20,"Fcap_1.70_Besc_8000_sigmaR_0.216_SE_reference_AE_historical"
20,"I1__Fcap_1.70_Besc_8000_sigmaR_0.216_SE_reference_AE_historical",1.7,8000,"Long",2046,1000,0,0.003,11645.4022864853,8562.36234403665,16777.5472754248,0.083,6544.25768281191,6780.49814443253,0,10294.9603512739,"I1",20,"Fcap_1.70_Besc_8000_sigmaR_0.216_SE_reference_AE_historical"
20,"I1__Fcap_1.70_Besc_8000_sigmaR_0.216_SE_reference_AE_historical",1.7,8000,"Long",2047,1000,0,0,11813.4021410445,8798.98724881305,17373.4524771842,0.056,6798.25908363855,6917.93763939277,0,10435.5657999443,"I1",20,"Fcap_1.70_Besc_8000_sigmaR_0.216_SE_reference_AE_historical"
20,"I1__Fcap_1.70_Besc_8000_sigmaR_0.216_SE_reference_AE_historical",1.7,8000,"Long",2048,1000,0,0.001,11748.0029875623,8550.09926605244,17040.5127716328,0.086,6646.36210279228,6886.76451115181,0,10328.4293900468,"I1",20,"Fcap_1.70_Besc_8000_sigmaR_0.216_SE_reference_AE_historical"
20,"I1__Fcap_1.70_Besc_8000_sigmaR_0.216_SE_reference_AE_historical",1.7,8000,"Long",2049,1000,0,0.002,11671.347789774,8567.33606085962,16881.2045200029,0.063,6608.37266290003,6843.16376803142,0,10173.37115541,"I1",20,"Fcap_1.70_Besc_8000_sigmaR_0.216_SE_reference_AE_historical"
20,"I1__Fcap_1.70_Besc_8000_sigmaR_0.216_SE_reference_AE_historical",1.7,8000,"Long",2050,1000,0,0.002,11909.6779722007,8577.17442931454,17573.6913501025,0.069,6780.27049734432,7008.92534829186,0,10529.846889916,"I1",20,"Fcap_1.70_Besc_8000_sigmaR_0.216_SE_reference_AE_historical"
20,"I1__Fcap_1.70_Besc_8000_sigmaR_0.216_SE_reference_AE_historical",1.7,8000,"Long",2051,1000,0,0.001,11825.7016109939,8609.54386951469,17105.4830011153,0.06,6754.25652351284,6915.41251828116,0,10338.6762953376,"I1",20,"Fcap_1.70_Besc_8000_sigmaR_0.216_SE_reference_AE_historical"
20,"I1__Fcap_1.70_Besc_8000_sigmaR_0.216_SE_reference_AE_historical",1.7,8000,"Long",2052,1000,0,0.002,11791.9567750266,8637.24723043858,17178.705595606,0.059,6758.02116100017,6954.12010874888,0,10340.5493939171,"I1",20,"Fcap_1.70_Besc_8000_sigmaR_0.216_SE_reference_AE_historical"
20,"I1__Fcap_1.70_Besc_8000_sigmaR_0.216_SE_reference_AE_historical",1.7,8000,"Long",2053,1000,0.001,0.001,11648.4513401819,8615.49450861656,17390.3020059076,0.065,6635.22618721665,6844.83643600931,0,10519.5551353378,"I1",20,"Fcap_1.70_Besc_8000_sigmaR_0.216_SE_reference_AE_historical"
20,"I1__Fcap_1.70_Besc_8000_sigmaR_0.216_SE_reference_AE_historical",1.7,8000,"Long",2054,1000,0,0.001,11668.7719418191,8610.60653234445,16885.3313728407,0.073,6640.67408167062,6821.81414041729,0,10145.9209817335,"I1",20,"Fcap_1.70_Besc_8000_sigmaR_0.216_SE_reference_AE_historical"
20,"I1__Fcap_1.70_Besc_8000_sigmaR_0.216_SE_reference_AE_historical",1.7,8000,"Full",2025,1000,0,0,13033.4475109739,11422.0565086668,16147.1099112769,0,8009.38210809103,7769.91756087431,6140.83101288073,10748.3479385559,"I1",20,"Fcap_1.70_Besc_8000_sigmaR_0.216_SE_reference_AE_historical"
20,"I1__Fcap_1.70_Besc_8000_sigmaR_0.216_SE_reference_AE_historical",1.7,8000,"Full",2026,1000,0,0.001,11757.8559316016,8659.05495461767,17143.6234036861,0.073,6734.05452060772,6945.57398793129,0,10431.4176222599,"I1",20,"Fcap_1.70_Besc_8000_sigmaR_0.216_SE_reference_AE_historical"
20,"I1__Fcap_1.70_Besc_8000_sigmaR_0.216_SE_reference_AE_historical",1.7,8000,"Full",2027,1000,0,0.002,11830.1961741371,8526.7953706199,17371.8821531037,0.072,6846.64640880309,7109.94217858275,0,10538.6278180887,"I1",20,"Fcap_1.70_Besc_8000_sigmaR_0.216_SE_reference_AE_historical"
20,"I1__Fcap_1.70_Besc_8000_sigmaR_0.216_SE_reference_AE_historical",1.7,8000,"Full",2028,1000,0,0,11777.3503636832,8588.00638376577,16807.4221000519,0.076,6733.79509851741,6996.19961407562,0,10195.2385211817,"I1",20,"Fcap_1.70_Besc_8000_sigmaR_0.216_SE_reference_AE_historical"
20,"I1__Fcap_1.70_Besc_8000_sigmaR_0.216_SE_reference_AE_historical",1.7,8000,"Full",2029,1000,0,0.004,11582.7576749046,8371.18292875851,16803.4227375982,0.087,6632.6889129398,6943.29901358573,0,10258.2612676906,"I1",20,"Fcap_1.70_Besc_8000_sigmaR_0.216_SE_reference_AE_historical"
20,"I1__Fcap_1.70_Besc_8000_sigmaR_0.216_SE_reference_AE_historical",1.7,8000,"Full",2030,1000,0,0.001,11614.4631894934,8473.44262560472,17100.2033970833,0.077,6574.94064980511,6820.69675960355,0,10252.3588433138,"I1",20,"Fcap_1.70_Besc_8000_sigmaR_0.216_SE_reference_AE_historical"
20,"I1__Fcap_1.70_Besc_8000_sigmaR_0.216_SE_reference_AE_historical",1.7,8000,"Full",2031,1000,0,0.001,11519.6949243647,8578.44959749061,16764.0539247258,0.074,6549.22049338704,6779.89938562981,0,10035.2863023784,"I1",20,"Fcap_1.70_Besc_8000_sigmaR_0.216_SE_reference_AE_historical"
20,"I1__Fcap_1.70_Besc_8000_sigmaR_0.216_SE_reference_AE_historical",1.7,8000,"Full",2032,1000,0,0.001,11669.2415989421,8412.93500123514,16631.7182186211,0.075,6542.08862163729,6837.23619967423,0,9972.74561584488,"I1",20,"Fcap_1.70_Besc_8000_sigmaR_0.216_SE_reference_AE_historical"
20,"I1__Fcap_1.70_Besc_8000_sigmaR_0.216_SE_reference_AE_historical",1.7,8000,"Full",2033,1000,0,0,11734.8343105917,8645.67147692136,16928.0046095758,0.06,6734.15582261834,6810.43621768284,0,10172.3953375456,"I1",20,"Fcap_1.70_Besc_8000_sigmaR_0.216_SE_reference_AE_historical"
20,"I1__Fcap_1.70_Besc_8000_sigmaR_0.216_SE_reference_AE_historical",1.7,8000,"Full",2034,1000,0,0.003,11727.2615955179,8608.8182527322,16834.5809429711,0.059,6721.94197880744,6868.5718975001,0,10198.8668697995,"I1",20,"Fcap_1.70_Besc_8000_sigmaR_0.216_SE_reference_AE_historical"
20,"I1__Fcap_1.70_Besc_8000_sigmaR_0.216_SE_reference_AE_historical",1.7,8000,"Full",2035,1000,0,0.001,11661.4566258969,8663.46222613152,16741.803337368,0.07,6608.42208012457,6863.3249642941,0,10208.1831368152,"I1",20,"Fcap_1.70_Besc_8000_sigmaR_0.216_SE_reference_AE_historical"
20,"I1__Fcap_1.70_Besc_8000_sigmaR_0.216_SE_reference_AE_historical",1.7,8000,"Full",2036,1000,0,0.002,11580.3962909854,8520.11875217558,16707.4633625942,0.059,6674.67582717445,6828.03242014358,0,9982.81161237746,"I1",20,"Fcap_1.70_Besc_8000_sigmaR_0.216_SE_reference_AE_historical"
20,"I1__Fcap_1.70_Besc_8000_sigmaR_0.216_SE_reference_AE_historical",1.7,8000,"Full",2037,1000,0,0.002,11661.2392153168,8570.30845059919,16292.4323287151,0.068,6561.10924590696,6880.44492648487,0,9716.09570009738,"I1",20,"Fcap_1.70_Besc_8000_sigmaR_0.216_SE_reference_AE_historical"
20,"I1__Fcap_1.70_Besc_8000_sigmaR_0.216_SE_reference_AE_historical",1.7,8000,"Full",2038,1000,0,0,11559.9159759329,8466.09700718528,16788.8777749171,0.078,6521.06175961724,6811.37809962772,0,10153.3215641814,"I1",20,"Fcap_1.70_Besc_8000_sigmaR_0.216_SE_reference_AE_historical"
20,"I1__Fcap_1.70_Besc_8000_sigmaR_0.216_SE_reference_AE_historical",1.7,8000,"Full",2039,1000,0,0,11833.106527396,8565.86453076954,16830.9715984413,0.068,6655.03716441298,6926.83916289191,0,10151.6692329757,"I1",20,"Fcap_1.70_Besc_8000_sigmaR_0.216_SE_reference_AE_historical"
20,"I1__Fcap_1.70_Besc_8000_sigmaR_0.216_SE_reference_AE_historical",1.7,8000,"Full",2040,1000,0,0.001,11623.2517628813,8776.66421817166,17125.093569332,0.059,6704.92025865499,6913.4525166763,0,10249.7918191431,"I1",20,"Fcap_1.70_Besc_8000_sigmaR_0.216_SE_reference_AE_historical"
20,"I1__Fcap_1.70_Besc_8000_sigmaR_0.216_SE_reference_AE_historical",1.7,8000,"Full",2041,1000,0,0.002,11704.3318190124,8495.38765741701,17138.1481917213,0.081,6617.22404413202,6894.86663423689,0,10407.6576128215,"I1",20,"Fcap_1.70_Besc_8000_sigmaR_0.216_SE_reference_AE_historical"
20,"I1__Fcap_1.70_Besc_8000_sigmaR_0.216_SE_reference_AE_historical",1.7,8000,"Full",2042,1000,0,0.002,11758.0392062576,8516.09604668293,16932.2663807278,0.078,6648.08628650565,6934.33525894449,0,10121.6205871884,"I1",20,"Fcap_1.70_Besc_8000_sigmaR_0.216_SE_reference_AE_historical"
20,"I1__Fcap_1.70_Besc_8000_sigmaR_0.216_SE_reference_AE_historical",1.7,8000,"Full",2043,1000,0,0.001,11507.5798682065,8640.24159369598,16399.1891628,0.066,6598.31367152337,6816.95489723943,0,9933.99060166648,"I1",20,"Fcap_1.70_Besc_8000_sigmaR_0.216_SE_reference_AE_historical"
20,"I1__Fcap_1.70_Besc_8000_sigmaR_0.216_SE_reference_AE_historical",1.7,8000,"Full",2044,1000,0,0,11638.8113147316,8628.42491415435,16527.733126329,0.061,6645.00853631864,6836.35609714147,0,10068.4855450974,"I1",20,"Fcap_1.70_Besc_8000_sigmaR_0.216_SE_reference_AE_historical"
20,"I1__Fcap_1.70_Besc_8000_sigmaR_0.216_SE_reference_AE_historical",1.7,8000,"Full",2045,1000,0,0.003,11626.2916973877,8540.83021749316,16923.7023897039,0.056,6709.4557585794,6947.69748492532,0,10101.9862134851,"I1",20,"Fcap_1.70_Besc_8000_sigmaR_0.216_SE_reference_AE_historical"
20,"I1__Fcap_1.70_Besc_8000_sigmaR_0.216_SE_reference_AE_historical",1.7,8000,"Full",2046,1000,0,0.003,11645.4022864853,8562.36234403665,16777.5472754248,0.083,6544.25768281191,6780.49814443253,0,10294.9603512739,"I1",20,"Fcap_1.70_Besc_8000_sigmaR_0.216_SE_reference_AE_historical"
20,"I1__Fcap_1.70_Besc_8000_sigmaR_0.216_SE_reference_AE_historical",1.7,8000,"Full",2047,1000,0,0,11813.4021410445,8798.98724881305,17373.4524771842,0.056,6798.25908363855,6917.93763939277,0,10435.5657999443,"I1",20,"Fcap_1.70_Besc_8000_sigmaR_0.216_SE_reference_AE_historical"
20,"I1__Fcap_1.70_Besc_8000_sigmaR_0.216_SE_reference_AE_historical",1.7,8000,"Full",2048,1000,0,0.001,11748.0029875623,8550.09926605244,17040.5127716328,0.086,6646.36210279228,6886.76451115181,0,10328.4293900468,"I1",20,"Fcap_1.70_Besc_8000_sigmaR_0.216_SE_reference_AE_historical"
20,"I1__Fcap_1.70_Besc_8000_sigmaR_0.216_SE_reference_AE_historical",1.7,8000,"Full",2049,1000,0,0.002,11671.347789774,8567.33606085962,16881.2045200029,0.063,6608.37266290003,6843.16376803142,0,10173.37115541,"I1",20,"Fcap_1.70_Besc_8000_sigmaR_0.216_SE_reference_AE_historical"
20,"I1__Fcap_1.70_Besc_8000_sigmaR_0.216_SE_reference_AE_historical",1.7,8000,"Full",2050,1000,0,0.002,11909.6779722007,8577.17442931454,17573.6913501025,0.069,6780.27049734432,7008.92534829186,0,10529.846889916,"I1",20,"Fcap_1.70_Besc_8000_sigmaR_0.216_SE_reference_AE_historical"
20,"I1__Fcap_1.70_Besc_8000_sigmaR_0.216_SE_reference_AE_historical",1.7,8000,"Full",2051,1000,0,0.001,11825.7016109939,8609.54386951469,17105.4830011153,0.06,6754.25652351284,6915.41251828116,0,10338.6762953376,"I1",20,"Fcap_1.70_Besc_8000_sigmaR_0.216_SE_reference_AE_historical"
20,"I1__Fcap_1.70_Besc_8000_sigmaR_0.216_SE_reference_AE_historical",1.7,8000,"Full",2052,1000,0,0.002,11791.9567750266,8637.24723043858,17178.705595606,0.059,6758.02116100017,6954.12010874888,0,10340.5493939171,"I1",20,"Fcap_1.70_Besc_8000_sigmaR_0.216_SE_reference_AE_historical"
20,"I1__Fcap_1.70_Besc_8000_sigmaR_0.216_SE_reference_AE_historical",1.7,8000,"Full",2053,1000,0.001,0.001,11648.4513401819,8615.49450861656,17390.3020059076,0.065,6635.22618721665,6844.83643600931,0,10519.5551353378,"I1",20,"Fcap_1.70_Besc_8000_sigmaR_0.216_SE_reference_AE_historical"
20,"I1__Fcap_1.70_Besc_8000_sigmaR_0.216_SE_reference_AE_historical",1.7,8000,"Full",2054,1000,0,0.001,11668.7719418191,8610.60653234445,16885.3313728407,0.073,6640.67408167062,6821.81414041729,0,10145.9209817335,"I1",20,"Fcap_1.70_Besc_8000_sigmaR_0.216_SE_reference_AE_historical"
25,"I1__Fcap_1.80_Besc_5000_sigmaR_0.216_SE_reference_AE_historical",1.8,5000,"Short",2025,1000,0,0,12998.1627355154,11394.4725486,16100.6102473553,0,8296.38129609255,8048.27833270729,6370.05924071055,11122.0458137279,"I1",25,"Fcap_1.80_Besc_5000_sigmaR_0.216_SE_reference_AE_historical"
25,"I1__Fcap_1.80_Besc_5000_sigmaR_0.216_SE_reference_AE_historical",1.8,5000,"Short",2026,1000,0,0.001,11624.6788649798,8118.45172507317,16966.7666952026,0,7325.71882067614,7094.47032419859,4819.61662422904,10663.9668039124,"I1",25,"Fcap_1.80_Besc_5000_sigmaR_0.216_SE_reference_AE_historical"
25,"I1__Fcap_1.80_Besc_5000_sigmaR_0.216_SE_reference_AE_historical",1.8,5000,"Short",2027,1000,0,0.004,11421.5419908949,7805.69197934227,17125.8941914762,0.001,7305.50089799688,7111.13987209681,4657.58557403103,10658.8001102717,"I1",25,"Fcap_1.80_Besc_5000_sigmaR_0.216_SE_reference_AE_historical"
25,"I1__Fcap_1.80_Besc_5000_sigmaR_0.216_SE_reference_AE_historical",1.8,5000,"Short",2028,1000,0,0.004,11473.0626072843,7798.3303841775,16574.0623370506,0.001,7206.01000484256,7009.01430652352,4692.30953831096,10359.3281747995,"I1",25,"Fcap_1.80_Besc_5000_sigmaR_0.216_SE_reference_AE_historical"
25,"I1__Fcap_1.80_Besc_5000_sigmaR_0.216_SE_reference_AE_historical",1.8,5000,"Short",2029,1000,0,0.007,11205.3608264605,7499.03201399365,16545.7569693718,0.002,7100.20173408668,6932.76270905849,4606.66157371803,10380.2618941944,"I1",25,"Fcap_1.80_Besc_5000_sigmaR_0.216_SE_reference_AE_historical"
25,"I1__Fcap_1.80_Besc_5000_sigmaR_0.216_SE_reference_AE_historical",1.8,5000,"Short",2030,1000,0,0.009,11258.3009474925,7625.00640007456,16793.2556976733,0.001,7027.89950418492,6807.22906517053,4578.23755894053,10395.0086386592,"I1",25,"Fcap_1.80_Besc_5000_sigmaR_0.216_SE_reference_AE_historical"
25,"I1__Fcap_1.80_Besc_5000_sigmaR_0.216_SE_reference_AE_historical",1.8,5000,"Short",2031,1000,0,0.005,11101.7754250903,7755.63471296926,16456.4601228903,0,6975.83822941648,6728.52890401987,4570.6378701699,9948.58711101953,"I1",25,"Fcap_1.80_Besc_5000_sigmaR_0.216_SE_reference_AE_historical"
25,"I1__Fcap_1.80_Besc_5000_sigmaR_0.216_SE_reference_AE_historical",1.8,5000,"Short",2032,1000,0,0.009,11323.6484063155,7519.15660360711,16146.6199431893,0.001,7017.63616854768,6830.06972597751,4487.08270231827,10013.4613938363,"I1",25,"Fcap_1.80_Besc_5000_sigmaR_0.216_SE_reference_AE_historical"
25,"I1__Fcap_1.80_Besc_5000_sigmaR_0.216_SE_reference_AE_historical",1.8,5000,"Short",2033,1000,0,0.008,11343.3721316772,7669.22173312665,16665.0234706651,0.001,7078.70505229476,6829.00191403527,4776.16335754516,10278.2156492337,"I1",25,"Fcap_1.80_Besc_5000_sigmaR_0.216_SE_reference_AE_historical"
25,"I1__Fcap_1.80_Besc_5000_sigmaR_0.216_SE_reference_AE_historical",1.8,5000,"Short",2034,1000,0,0.01,11425.6626497365,7874.56049092233,16638.3138053632,0.001,7134.49636266822,6915.8360692558,4617.09229168694,10230.3790904536,"I1",25,"Fcap_1.80_Besc_5000_sigmaR_0.216_SE_reference_AE_historical"
25,"I1__Fcap_1.80_Besc_5000_sigmaR_0.216_SE_reference_AE_historical",1.8,5000,"Medium",2035,1000,0,0.007,11302.4287408507,7703.49640274557,16355.4190214257,0.001,7050.81048725029,6861.60202448064,4571.2724104286,10308.9804451552,"I1",25,"Fcap_1.80_Besc_5000_sigmaR_0.216_SE_reference_AE_historical"
25,"I1__Fcap_1.80_Besc_5000_sigmaR_0.216_SE_reference_AE_historical",1.8,5000,"Medium",2036,1000,0,0.013,11237.8732714508,7676.27161631605,16405.9420044708,0.001,7047.83055942597,6820.25769137065,4672.04772957647,10040.4051928649,"I1",25,"Fcap_1.80_Besc_5000_sigmaR_0.216_SE_reference_AE_historical"
25,"I1__Fcap_1.80_Besc_5000_sigmaR_0.216_SE_reference_AE_historical",1.8,5000,"Medium",2037,1000,0,0.009,11249.8461130351,7721.62681470565,16073.3211062636,0.002,6983.31215317564,6841.86784312769,4607.52547675532,9839.82040082277,"I1",25,"Fcap_1.80_Besc_5000_sigmaR_0.216_SE_reference_AE_historical"
25,"I1__Fcap_1.80_Besc_5000_sigmaR_0.216_SE_reference_AE_historical",1.8,5000,"Medium",2038,1000,0,0.006,11173.9373593206,7719.41807895565,16525.2249483417,0,7005.45133332202,6737.29242308337,4638.64559380641,10327.9509329596,"I1",25,"Fcap_1.80_Besc_5000_sigmaR_0.216_SE_reference_AE_historical"
25,"I1__Fcap_1.80_Besc_5000_sigmaR_0.216_SE_reference_AE_historical",1.8,5000,"Medium",2039,1000,0,0.012,11407.5347709815,7676.23281644963,16629.0440225198,0.001,7077.73214320875,6932.51247426391,4657.59264238673,10314.7586711603,"I1",25,"Fcap_1.80_Besc_5000_sigmaR_0.216_SE_reference_AE_historical"
25,"I1__Fcap_1.80_Besc_5000_sigmaR_0.216_SE_reference_AE_historical",1.8,5000,"Medium",2040,1000,0,0.006,11230.495946186,7836.49273775126,16792.6151159554,0.001,7080.64647154397,6834.53456663155,4790.74550155857,10445.7514400842,"I1",25,"Fcap_1.80_Besc_5000_sigmaR_0.216_SE_reference_AE_historical"
25,"I1__Fcap_1.80_Besc_5000_sigmaR_0.216_SE_reference_AE_historical",1.8,5000,"Medium",2041,1000,0,0.009,11322.9486432445,7694.57382783678,16943.4642176587,0.001,7097.02245814441,6922.14131075044,4595.70413726772,10471.4905595968,"I1",25,"Fcap_1.80_Besc_5000_sigmaR_0.216_SE_reference_AE_historical"
25,"I1__Fcap_1.80_Besc_5000_sigmaR_0.216_SE_reference_AE_historical",1.8,5000,"Medium",2042,1000,0,0.007,11428.198162452,7578.71968363572,16634.9628912462,0.001,7088.03519087183,6884.3164572827,4726.07338830902,10277.5921312142,"I1",25,"Fcap_1.80_Besc_5000_sigmaR_0.216_SE_reference_AE_historical"
25,"I1__Fcap_1.80_Besc_5000_sigmaR_0.216_SE_reference_AE_historical",1.8,5000,"Medium",2043,1000,0,0.009,11155.0268295758,7831.23624188717,16154.4437067038,0.001,6995.66405317688,6789.02968132224,4658.4381627443,10025.5815041847,"I1",25,"Fcap_1.80_Besc_5000_sigmaR_0.216_SE_reference_AE_historical"
25,"I1__Fcap_1.80_Besc_5000_sigmaR_0.216_SE_reference_AE_historical",1.8,5000,"Medium",2044,1000,0,0.008,11305.0570958724,7740.4059344203,16211.9061248804,0.001,7064.60843900526,6812.33805256196,4724.17974370841,10240.5466801743,"I1",25,"Fcap_1.80_Besc_5000_sigmaR_0.216_SE_reference_AE_historical"
25,"I1__Fcap_1.80_Besc_5000_sigmaR_0.216_SE_reference_AE_historical",1.8,5000,"Long",2045,1000,0,0.007,11206.517176639,7800.36673802862,16644.5519908649,0.003,7074.17018934544,6924.10795495813,4647.41974988611,10185.2466407878,"I1",25,"Fcap_1.80_Besc_5000_sigmaR_0.216_SE_reference_AE_historical"
25,"I1__Fcap_1.80_Besc_5000_sigmaR_0.216_SE_reference_AE_historical",1.8,5000,"Long",2046,1000,0,0.005,11275.265389346,7617.22374231098,16446.7779277995,0,7071.17487939091,6775.85618852266,4601.08153799478,10483.5248124863,"I1",25,"Fcap_1.80_Besc_5000_sigmaR_0.216_SE_reference_AE_historical"
25,"I1__Fcap_1.80_Besc_5000_sigmaR_0.216_SE_reference_AE_historical",1.8,5000,"Long",2047,1000,0,0.008,11472.1409205203,7914.48363552166,16915.3734089214,0,7164.19383327138,6944.2189076272,4792.0475163493,10552.579164002,"I1",25,"Fcap_1.80_Besc_5000_sigmaR_0.216_SE_reference_AE_historical"
25,"I1__Fcap_1.80_Besc_5000_sigmaR_0.216_SE_reference_AE_historical",1.8,5000,"Long",2048,1000,0,0.011,11396.8853650094,7542.36999694736,16801.4363534295,0.001,7128.8008145189,6963.78498401888,4658.58485895998,10401.8348581599,"I1",25,"Fcap_1.80_Besc_5000_sigmaR_0.216_SE_reference_AE_historical"
25,"I1__Fcap_1.80_Besc_5000_sigmaR_0.216_SE_reference_AE_historical",1.8,5000,"Long",2049,1000,0,0.007,11251.5467036781,7596.85954900385,16617.698267143,0,7029.02717874372,6779.39488584019,4588.90550254568,10300.5779100773,"I1",25,"Fcap_1.80_Besc_5000_sigmaR_0.216_SE_reference_AE_historical"
25,"I1__Fcap_1.80_Besc_5000_sigmaR_0.216_SE_reference_AE_historical",1.8,5000,"Long",2050,1000,0.001,0.011,11484.1741685273,7854.31256543255,17101.7002693827,0.002,7189.36490661683,6990.24486377689,4617.23237974037,10649.0089283327,"I1",25,"Fcap_1.80_Besc_5000_sigmaR_0.216_SE_reference_AE_historical"
25,"I1__Fcap_1.80_Besc_5000_sigmaR_0.216_SE_reference_AE_historical",1.8,5000,"Long",2051,1000,0,0.007,11498.3923055413,7761.50991300102,16758.4094282625,0,7163.669987695,6942.03889267922,4643.95625118348,10329.6624536567,"I1",25,"Fcap_1.80_Besc_5000_sigmaR_0.216_SE_reference_AE_historical"
25,"I1__Fcap_1.80_Besc_5000_sigmaR_0.216_SE_reference_AE_historical",1.8,5000,"Long",2052,1000,0,0.007,11417.3783927578,7869.63580901545,16867.7618077575,0,7140.76681474837,6948.76633011823,4747.56854211183,10375.9312285594,"I1",25,"Fcap_1.80_Besc_5000_sigmaR_0.216_SE_reference_AE_historical"
25,"I1__Fcap_1.80_Besc_5000_sigmaR_0.216_SE_reference_AE_historical",1.8,5000,"Long",2053,1000,0,0.006,11270.9019044764,7858.54764451681,17028.9652309928,0.001,7109.6471313316,6856.35622435257,4738.57269400402,10615.9260958389,"I1",25,"Fcap_1.80_Besc_5000_sigmaR_0.216_SE_reference_AE_historical"
25,"I1__Fcap_1.80_Besc_5000_sigmaR_0.216_SE_reference_AE_historical",1.8,5000,"Long",2054,1000,0,0.01,11255.9631767276,7630.26541359197,16698.7583990699,0,7074.84383196402,6803.1824141162,4689.55106562305,10266.5540788103,"I1",25,"Fcap_1.80_Besc_5000_sigmaR_0.216_SE_reference_AE_historical"
25,"I1__Fcap_1.80_Besc_5000_sigmaR_0.216_SE_reference_AE_historical",1.8,5000,"Full",2025,1000,0,0,12998.1627355154,11394.4725486,16100.6102473553,0,8296.38129609255,8048.27833270729,6370.05924071055,11122.0458137279,"I1",25,"Fcap_1.80_Besc_5000_sigmaR_0.216_SE_reference_AE_historical"
25,"I1__Fcap_1.80_Besc_5000_sigmaR_0.216_SE_reference_AE_historical",1.8,5000,"Full",2026,1000,0,0.001,11624.6788649798,8118.45172507317,16966.7666952026,0,7325.71882067614,7094.47032419859,4819.61662422904,10663.9668039124,"I1",25,"Fcap_1.80_Besc_5000_sigmaR_0.216_SE_reference_AE_historical"
25,"I1__Fcap_1.80_Besc_5000_sigmaR_0.216_SE_reference_AE_historical",1.8,5000,"Full",2027,1000,0,0.004,11421.5419908949,7805.69197934227,17125.8941914762,0.001,7305.50089799688,7111.13987209681,4657.58557403103,10658.8001102717,"I1",25,"Fcap_1.80_Besc_5000_sigmaR_0.216_SE_reference_AE_historical"
25,"I1__Fcap_1.80_Besc_5000_sigmaR_0.216_SE_reference_AE_historical",1.8,5000,"Full",2028,1000,0,0.004,11473.0626072843,7798.3303841775,16574.0623370506,0.001,7206.01000484256,7009.01430652352,4692.30953831096,10359.3281747995,"I1",25,"Fcap_1.80_Besc_5000_sigmaR_0.216_SE_reference_AE_historical"
25,"I1__Fcap_1.80_Besc_5000_sigmaR_0.216_SE_reference_AE_historical",1.8,5000,"Full",2029,1000,0,0.007,11205.3608264605,7499.03201399365,16545.7569693718,0.002,7100.20173408668,6932.76270905849,4606.66157371803,10380.2618941944,"I1",25,"Fcap_1.80_Besc_5000_sigmaR_0.216_SE_reference_AE_historical"
25,"I1__Fcap_1.80_Besc_5000_sigmaR_0.216_SE_reference_AE_historical",1.8,5000,"Full",2030,1000,0,0.009,11258.3009474925,7625.00640007456,16793.2556976733,0.001,7027.89950418492,6807.22906517053,4578.23755894053,10395.0086386592,"I1",25,"Fcap_1.80_Besc_5000_sigmaR_0.216_SE_reference_AE_historical"
25,"I1__Fcap_1.80_Besc_5000_sigmaR_0.216_SE_reference_AE_historical",1.8,5000,"Full",2031,1000,0,0.005,11101.7754250903,7755.63471296926,16456.4601228903,0,6975.83822941648,6728.52890401987,4570.6378701699,9948.58711101953,"I1",25,"Fcap_1.80_Besc_5000_sigmaR_0.216_SE_reference_AE_historical"
25,"I1__Fcap_1.80_Besc_5000_sigmaR_0.216_SE_reference_AE_historical",1.8,5000,"Full",2032,1000,0,0.009,11323.6484063155,7519.15660360711,16146.6199431893,0.001,7017.63616854768,6830.06972597751,4487.08270231827,10013.4613938363,"I1",25,"Fcap_1.80_Besc_5000_sigmaR_0.216_SE_reference_AE_historical"
25,"I1__Fcap_1.80_Besc_5000_sigmaR_0.216_SE_reference_AE_historical",1.8,5000,"Full",2033,1000,0,0.008,11343.3721316772,7669.22173312665,16665.0234706651,0.001,7078.70505229476,6829.00191403527,4776.16335754516,10278.2156492337,"I1",25,"Fcap_1.80_Besc_5000_sigmaR_0.216_SE_reference_AE_historical"
25,"I1__Fcap_1.80_Besc_5000_sigmaR_0.216_SE_reference_AE_historical",1.8,5000,"Full",2034,1000,0,0.01,11425.6626497365,7874.56049092233,16638.3138053632,0.001,7134.49636266822,6915.8360692558,4617.09229168694,10230.3790904536,"I1",25,"Fcap_1.80_Besc_5000_sigmaR_0.216_SE_reference_AE_historical"
25,"I1__Fcap_1.80_Besc_5000_sigmaR_0.216_SE_reference_AE_historical",1.8,5000,"Full",2035,1000,0,0.007,11302.4287408507,7703.49640274557,16355.4190214257,0.001,7050.81048725029,6861.60202448064,4571.2724104286,10308.9804451552,"I1",25,"Fcap_1.80_Besc_5000_sigmaR_0.216_SE_reference_AE_historical"
25,"I1__Fcap_1.80_Besc_5000_sigmaR_0.216_SE_reference_AE_historical",1.8,5000,"Full",2036,1000,0,0.013,11237.8732714508,7676.27161631605,16405.9420044708,0.001,7047.83055942597,6820.25769137065,4672.04772957647,10040.4051928649,"I1",25,"Fcap_1.80_Besc_5000_sigmaR_0.216_SE_reference_AE_historical"
25,"I1__Fcap_1.80_Besc_5000_sigmaR_0.216_SE_reference_AE_historical",1.8,5000,"Full",2037,1000,0,0.009,11249.8461130351,7721.62681470565,16073.3211062636,0.002,6983.31215317564,6841.86784312769,4607.52547675532,9839.82040082277,"I1",25,"Fcap_1.80_Besc_5000_sigmaR_0.216_SE_reference_AE_historical"
25,"I1__Fcap_1.80_Besc_5000_sigmaR_0.216_SE_reference_AE_historical",1.8,5000,"Full",2038,1000,0,0.006,11173.9373593206,7719.41807895565,16525.2249483417,0,7005.45133332202,6737.29242308337,4638.64559380641,10327.9509329596,"I1",25,"Fcap_1.80_Besc_5000_sigmaR_0.216_SE_reference_AE_historical"
25,"I1__Fcap_1.80_Besc_5000_sigmaR_0.216_SE_reference_AE_historical",1.8,5000,"Full",2039,1000,0,0.012,11407.5347709815,7676.23281644963,16629.0440225198,0.001,7077.73214320875,6932.51247426391,4657.59264238673,10314.7586711603,"I1",25,"Fcap_1.80_Besc_5000_sigmaR_0.216_SE_reference_AE_historical"
25,"I1__Fcap_1.80_Besc_5000_sigmaR_0.216_SE_reference_AE_historical",1.8,5000,"Full",2040,1000,0,0.006,11230.495946186,7836.49273775126,16792.6151159554,0.001,7080.64647154397,6834.53456663155,4790.74550155857,10445.7514400842,"I1",25,"Fcap_1.80_Besc_5000_sigmaR_0.216_SE_reference_AE_historical"
25,"I1__Fcap_1.80_Besc_5000_sigmaR_0.216_SE_reference_AE_historical",1.8,5000,"Full",2041,1000,0,0.009,11322.9486432445,7694.57382783678,16943.4642176587,0.001,7097.02245814441,6922.14131075044,4595.70413726772,10471.4905595968,"I1",25,"Fcap_1.80_Besc_5000_sigmaR_0.216_SE_reference_AE_historical"
25,"I1__Fcap_1.80_Besc_5000_sigmaR_0.216_SE_reference_AE_historical",1.8,5000,"Full",2042,1000,0,0.007,11428.198162452,7578.71968363572,16634.9628912462,0.001,7088.03519087183,6884.3164572827,4726.07338830902,10277.5921312142,"I1",25,"Fcap_1.80_Besc_5000_sigmaR_0.216_SE_reference_AE_historical"
25,"I1__Fcap_1.80_Besc_5000_sigmaR_0.216_SE_reference_AE_historical",1.8,5000,"Full",2043,1000,0,0.009,11155.0268295758,7831.23624188717,16154.4437067038,0.001,6995.66405317688,6789.02968132224,4658.4381627443,10025.5815041847,"I1",25,"Fcap_1.80_Besc_5000_sigmaR_0.216_SE_reference_AE_historical"
25,"I1__Fcap_1.80_Besc_5000_sigmaR_0.216_SE_reference_AE_historical",1.8,5000,"Full",2044,1000,0,0.008,11305.0570958724,7740.4059344203,16211.9061248804,0.001,7064.60843900526,6812.33805256196,4724.17974370841,10240.5466801743,"I1",25,"Fcap_1.80_Besc_5000_sigmaR_0.216_SE_reference_AE_historical"
25,"I1__Fcap_1.80_Besc_5000_sigmaR_0.216_SE_reference_AE_historical",1.8,5000,"Full",2045,1000,0,0.007,11206.517176639,7800.36673802862,16644.5519908649,0.003,7074.17018934544,6924.10795495813,4647.41974988611,10185.2466407878,"I1",25,"Fcap_1.80_Besc_5000_sigmaR_0.216_SE_reference_AE_historical"
25,"I1__Fcap_1.80_Besc_5000_sigmaR_0.216_SE_reference_AE_historical",1.8,5000,"Full",2046,1000,0,0.005,11275.265389346,7617.22374231098,16446.7779277995,0,7071.17487939091,6775.85618852266,4601.08153799478,10483.5248124863,"I1",25,"Fcap_1.80_Besc_5000_sigmaR_0.216_SE_reference_AE_historical"
25,"I1__Fcap_1.80_Besc_5000_sigmaR_0.216_SE_reference_AE_historical",1.8,5000,"Full",2047,1000,0,0.008,11472.1409205203,7914.48363552166,16915.3734089214,0,7164.19383327138,6944.2189076272,4792.0475163493,10552.579164002,"I1",25,"Fcap_1.80_Besc_5000_sigmaR_0.216_SE_reference_AE_historical"
25,"I1__Fcap_1.80_Besc_5000_sigmaR_0.216_SE_reference_AE_historical",1.8,5000,"Full",2048,1000,0,0.011,11396.8853650094,7542.36999694736,16801.4363534295,0.001,7128.8008145189,6963.78498401888,4658.58485895998,10401.8348581599,"I1",25,"Fcap_1.80_Besc_5000_sigmaR_0.216_SE_reference_AE_historical"
25,"I1__Fcap_1.80_Besc_5000_sigmaR_0.216_SE_reference_AE_historical",1.8,5000,"Full",2049,1000,0,0.007,11251.5467036781,7596.85954900385,16617.698267143,0,7029.02717874372,6779.39488584019,4588.90550254568,10300.5779100773,"I1",25,"Fcap_1.80_Besc_5000_sigmaR_0.216_SE_reference_AE_historical"
25,"I1__Fcap_1.80_Besc_5000_sigmaR_0.216_SE_reference_AE_historical",1.8,5000,"Full",2050,1000,0.001,0.011,11484.1741685273,7854.31256543255,17101.7002693827,0.002,7189.36490661683,6990.24486377689,4617.23237974037,10649.0089283327,"I1",25,"Fcap_1.80_Besc_5000_sigmaR_0.216_SE_reference_AE_historical"
25,"I1__Fcap_1.80_Besc_5000_sigmaR_0.216_SE_reference_AE_historical",1.8,5000,"Full",2051,1000,0,0.007,11498.3923055413,7761.50991300102,16758.4094282625,0,7163.669987695,6942.03889267922,4643.95625118348,10329.6624536567,"I1",25,"Fcap_1.80_Besc_5000_sigmaR_0.216_SE_reference_AE_historical"
25,"I1__Fcap_1.80_Besc_5000_sigmaR_0.216_SE_reference_AE_historical",1.8,5000,"Full",2052,1000,0,0.007,11417.3783927578,7869.63580901545,16867.7618077575,0,7140.76681474837,6948.76633011823,4747.56854211183,10375.9312285594,"I1",25,"Fcap_1.80_Besc_5000_sigmaR_0.216_SE_reference_AE_historical"
25,"I1__Fcap_1.80_Besc_5000_sigmaR_0.216_SE_reference_AE_historical",1.8,5000,"Full",2053,1000,0,0.006,11270.9019044764,7858.54764451681,17028.9652309928,0.001,7109.6471313316,6856.35622435257,4738.57269400402,10615.9260958389,"I1",25,"Fcap_1.80_Besc_5000_sigmaR_0.216_SE_reference_AE_historical"
25,"I1__Fcap_1.80_Besc_5000_sigmaR_0.216_SE_reference_AE_historical",1.8,5000,"Full",2054,1000,0,0.01,11255.9631767276,7630.26541359197,16698.7583990699,0,7074.84383196402,6803.1824141162,4689.55106562305,10266.5540788103,"I1",25,"Fcap_1.80_Besc_5000_sigmaR_0.216_SE_reference_AE_historical"
26,"I1__Fcap_1.80_Besc_6561_sigmaR_0.216_SE_reference_AE_historical",1.8,6561,"Short",2025,1000,0,0,12998.1627355154,11394.4725486,16100.6102473553,0,8296.38129609255,8048.27833270729,6370.05924071055,11122.0458137279,"I1",26,"Fcap_1.80_Besc_6561_sigmaR_0.216_SE_reference_AE_historical"
26,"I1__Fcap_1.80_Besc_6561_sigmaR_0.216_SE_reference_AE_historical",1.8,6561,"Short",2026,1000,0,0.001,11624.6788649798,8249.11232888929,16966.7666952026,0.013,7245.81556015146,7094.47032419859,4795.25408126127,10663.9668039124,"I1",26,"Fcap_1.80_Besc_6561_sigmaR_0.216_SE_reference_AE_historical"
26,"I1__Fcap_1.80_Besc_6561_sigmaR_0.216_SE_reference_AE_historical",1.8,6561,"Short",2027,1000,0,0.002,11459.9736731966,7869.31366465788,17141.6893542157,0.017,7237.51039729559,7146.65061184957,4510.09615625825,10686.1290138809,"I1",26,"Fcap_1.80_Besc_6561_sigmaR_0.216_SE_reference_AE_historical"
26,"I1__Fcap_1.80_Besc_6561_sigmaR_0.216_SE_reference_AE_historical",1.8,6561,"Short",2028,1000,0,0.002,11508.5429856013,7863.95118084189,16574.6900102319,0.012,7159.55348967648,7044.44756055999,4626.40273446804,10354.830596386,"I1",26,"Fcap_1.80_Besc_6561_sigmaR_0.216_SE_reference_AE_historical"
26,"I1__Fcap_1.80_Besc_6561_sigmaR_0.216_SE_reference_AE_historical",1.8,6561,"Short",2029,1000,0,0.005,11237.972123191,7699.77519253826,16571.1182217413,0.02,7007.37389875078,6948.09870824315,4172.31327094149,10383.9824463542,"I1",26,"Fcap_1.80_Besc_6561_sigmaR_0.216_SE_reference_AE_historical"
26,"I1__Fcap_1.80_Besc_6561_sigmaR_0.216_SE_reference_AE_historical",1.8,6561,"Short",2030,1000,0,0.001,11311.8292794659,7794.74182826513,16793.0898833298,0.014,6971.13077357448,6844.31797914811,4402.23237214608,10421.6588167912,"I1",26,"Fcap_1.80_Besc_6561_sigmaR_0.216_SE_reference_AE_historical"
26,"I1__Fcap_1.80_Besc_6561_sigmaR_0.216_SE_reference_AE_historical",1.8,6561,"Short",2031,1000,0,0.002,11139.3041167834,7878.33420250976,16456.3583596434,0.021,6897.93277108765,6813.36947286902,4404.18644421474,9968.77810753661,"I1",26,"Fcap_1.80_Besc_6561_sigmaR_0.216_SE_reference_AE_historical"
26,"I1__Fcap_1.80_Besc_6561_sigmaR_0.216_SE_reference_AE_historical",1.8,6561,"Short",2032,1000,0,0.001,11373.0940421997,7733.98360381782,16158.8741895196,0.021,6934.5979377772,6877.99879222057,4335.82762999874,10046.3977658447,"I1",26,"Fcap_1.80_Besc_6561_sigmaR_0.216_SE_reference_AE_historical"
26,"I1__Fcap_1.80_Besc_6561_sigmaR_0.216_SE_reference_AE_historical",1.8,6561,"Short",2033,1000,0,0.003,11398.7077988058,7919.75962506777,16665.5835276368,0.016,7023.41477504542,6872.09204873287,4657.2320757258,10291.0289166751,"I1",26,"Fcap_1.80_Besc_6561_sigmaR_0.216_SE_reference_AE_historical"
26,"I1__Fcap_1.80_Besc_6561_sigmaR_0.216_SE_reference_AE_historical",1.8,6561,"Short",2034,1000,0,0.003,11448.4779435688,7989.784056818,16635.0531349217,0.023,7064.2704830292,6933.80871775606,4563.78778453672,10258.4321926091,"I1",26,"Fcap_1.80_Besc_6561_sigmaR_0.216_SE_reference_AE_historical"
26,"I1__Fcap_1.80_Besc_6561_sigmaR_0.216_SE_reference_AE_historical",1.8,6561,"Medium",2035,1000,0,0.002,11319.3221185315,7866.81363413062,16373.8970358795,0.017,6991.07322199076,6924.18129240408,4428.31186342296,10342.9282765306,"I1",26,"Fcap_1.80_Besc_6561_sigmaR_0.216_SE_reference_AE_historical"
26,"I1__Fcap_1.80_Besc_6561_sigmaR_0.216_SE_reference_AE_historical",1.8,6561,"Medium",2036,1000,0,0.004,11266.8833768319,7802.00963654419,16432.7737386668,0.016,7014.92873956233,6869.60644085642,4576.49607312105,10063.113316322,"I1",26,"Fcap_1.80_Besc_6561_sigmaR_0.216_SE_reference_AE_historical"
26,"I1__Fcap_1.80_Besc_6561_sigmaR_0.216_SE_reference_AE_historical",1.8,6561,"Medium",2037,1000,0,0.003,11344.7659689942,7889.80635308297,16070.5350573242,0.014,6933.72941441702,6864.66780385645,4608.39382781496,9842.73687556106,"I1",26,"Fcap_1.80_Besc_6561_sigmaR_0.216_SE_reference_AE_historical"
26,"I1__Fcap_1.80_Besc_6561_sigmaR_0.216_SE_reference_AE_historical",1.8,6561,"Medium",2038,1000,0,0,11262.7327968328,7915.25790016467,16534.4817823667,0.014,6942.86318283342,6794.40381853511,4555.32124721215,10332.2005997747,"I1",26,"Fcap_1.80_Besc_6561_sigmaR_0.216_SE_reference_AE_historical"
26,"I1__Fcap_1.80_Besc_6561_sigmaR_0.216_SE_reference_AE_historical",1.8,6561,"Medium",2039,1000,0,0.001,11439.4174026236,7866.35178145862,16634.270564221,0.018,7011.62364104053,6939.02422778478,4580.58326846424,10358.4354349118,"I1",26,"Fcap_1.80_Besc_6561_sigmaR_0.216_SE_reference_AE_historical"
26,"I1__Fcap_1.80_Besc_6561_sigmaR_0.216_SE_reference_AE_historical",1.8,6561,"Medium",2040,1000,0,0.004,11344.5894108355,8101.83014254398,16884.8040716723,0.013,7046.71788066954,6901.82973745841,4785.72243880001,10449.0125346037,"I1",26,"Fcap_1.80_Besc_6561_sigmaR_0.216_SE_reference_AE_historical"
26,"I1__Fcap_1.80_Besc_6561_sigmaR_0.216_SE_reference_AE_historical",1.8,6561,"Medium",2041,1000,0,0.005,11362.4724399976,7910.06205201026,16953.6245814672,0.025,6991.57500733929,6931.32651526428,4301.68902220804,10487.8363390656,"I1",26,"Fcap_1.80_Besc_6561_sigmaR_0.216_SE_reference_AE_historical"
26,"I1__Fcap_1.80_Besc_6561_sigmaR_0.216_SE_reference_AE_historical",1.8,6561,"Medium",2042,1000,0,0.003,11445.9359046225,7877.1309534356,16636.8615744719,0.016,7022.98973473381,6941.06429044443,4569.57482913785,10278.8384383735,"I1",26,"Fcap_1.80_Besc_6561_sigmaR_0.216_SE_reference_AE_historical"
26,"I1__Fcap_1.80_Besc_6561_sigmaR_0.216_SE_reference_AE_historical",1.8,6561,"Medium",2043,1000,0,0.001,11203.9855141171,8015.16711754858,16175.9845557793,0.013,6951.44588575309,6870.82058184203,4562.14722574927,10035.850840406,"I1",26,"Fcap_1.80_Besc_6561_sigmaR_0.216_SE_reference_AE_historical"
26,"I1__Fcap_1.80_Besc_6561_sigmaR_0.216_SE_reference_AE_historical",1.8,6561,"Medium",2044,1000,0,0.004,11336.6176858263,7975.76012878045,16218.8553897489,0.019,6999.32752801045,6858.39131331229,4606.39668316851,10233.3219539005,"I1",26,"Fcap_1.80_Besc_6561_sigmaR_0.216_SE_reference_AE_historical"
26,"I1__Fcap_1.80_Besc_6561_sigmaR_0.216_SE_reference_AE_historical",1.8,6561,"Long",2045,1000,0,0.004,11267.393079406,8002.85763275628,16666.5697749136,0.015,7041.64269950543,6971.52622079109,4567.00677013339,10199.2976010702,"I1",26,"Fcap_1.80_Besc_6561_sigmaR_0.216_SE_reference_AE_historical"
26,"I1__Fcap_1.80_Besc_6561_sigmaR_0.216_SE_reference_AE_historical",1.8,6561,"Long",2046,1000,0,0.002,11326.9591730391,7845.56111067617,16450.5659223867,0.015,6996.91353638711,6800.52859103292,4487.12617966416,10483.6524481606,"I1",26,"Fcap_1.80_Besc_6561_sigmaR_0.216_SE_reference_AE_historical"
26,"I1__Fcap_1.80_Besc_6561_sigmaR_0.216_SE_reference_AE_historical",1.8,6561,"Long",2047,1000,0,0.001,11486.240267147,8007.71879531695,16919.9882860626,0.014,7124.98182150938,6986.87600877414,4800.93669208825,10568.1884980273,"I1",26,"Fcap_1.80_Besc_6561_sigmaR_0.216_SE_reference_AE_historical"
26,"I1__Fcap_1.80_Besc_6561_sigmaR_0.216_SE_reference_AE_historical",1.8,6561,"Long",2048,1000,0,0.002,11430.0627799799,7768.88676386079,16801.409744057,0.024,7028.1991416093,6993.35745394121,4417.61981055132,10440.2863482364,"I1",26,"Fcap_1.80_Besc_6561_sigmaR_0.216_SE_reference_AE_historical"
26,"I1__Fcap_1.80_Besc_6561_sigmaR_0.216_SE_reference_AE_historical",1.8,6561,"Long",2049,1000,0,0.002,11330.1873170547,7830.90200198055,16629.5546569814,0.018,6987.04049701926,6888.93652007212,4517.06001555838,10326.4339344708,"I1",26,"Fcap_1.80_Besc_6561_sigmaR_0.216_SE_reference_AE_historical"
26,"I1__Fcap_1.80_Besc_6561_sigmaR_0.216_SE_reference_AE_historical",1.8,6561,"Long",2050,1000,0,0.004,11511.7900614796,7966.30788507316,17118.6496903295,0.017,7155.44557289374,7035.56007471452,4518.11418949009,10661.2659203025,"I1",26,"Fcap_1.80_Besc_6561_sigmaR_0.216_SE_reference_AE_historical"
26,"I1__Fcap_1.80_Besc_6561_sigmaR_0.216_SE_reference_AE_historical",1.8,6561,"Long",2051,1000,0,0.001,11534.132634779,7912.67659736368,16762.7600526255,0.01,7133.48670248791,6950.85761851898,4634.31879625953,10340.6197024813,"I1",26,"Fcap_1.80_Besc_6561_sigmaR_0.216_SE_reference_AE_historical"
26,"I1__Fcap_1.80_Besc_6561_sigmaR_0.216_SE_reference_AE_historical",1.8,6561,"Long",2052,1000,0,0.005,11462.8549343834,7954.40459566518,16883.6629780627,0.016,7077.31970188156,6974.60762187888,4653.12112427487,10402.6575433887,"I1",26,"Fcap_1.80_Besc_6561_sigmaR_0.216_SE_reference_AE_historical"
26,"I1__Fcap_1.80_Besc_6561_sigmaR_0.216_SE_reference_AE_historical",1.8,6561,"Long",2053,1000,0,0.001,11322.0526818907,7935.25809366669,17032.0207716114,0.015,7051.50539815143,6922.83186575423,4645.21223832693,10744.8288915032,"I1",26,"Fcap_1.80_Besc_6561_sigmaR_0.216_SE_reference_AE_historical"
26,"I1__Fcap_1.80_Besc_6561_sigmaR_0.216_SE_reference_AE_historical",1.8,6561,"Long",2054,1000,0,0.003,11296.7651542603,7828.09152048002,16709.6732391524,0.022,6994.83605718144,6847.44006049116,4541.91976051392,10277.2484186536,"I1",26,"Fcap_1.80_Besc_6561_sigmaR_0.216_SE_reference_AE_historical"
26,"I1__Fcap_1.80_Besc_6561_sigmaR_0.216_SE_reference_AE_historical",1.8,6561,"Full",2025,1000,0,0,12998.1627355154,11394.4725486,16100.6102473553,0,8296.38129609255,8048.27833270729,6370.05924071055,11122.0458137279,"I1",26,"Fcap_1.80_Besc_6561_sigmaR_0.216_SE_reference_AE_historical"
26,"I1__Fcap_1.80_Besc_6561_sigmaR_0.216_SE_reference_AE_historical",1.8,6561,"Full",2026,1000,0,0.001,11624.6788649798,8249.11232888929,16966.7666952026,0.013,7245.81556015146,7094.47032419859,4795.25408126127,10663.9668039124,"I1",26,"Fcap_1.80_Besc_6561_sigmaR_0.216_SE_reference_AE_historical"
26,"I1__Fcap_1.80_Besc_6561_sigmaR_0.216_SE_reference_AE_historical",1.8,6561,"Full",2027,1000,0,0.002,11459.9736731966,7869.31366465788,17141.6893542157,0.017,7237.51039729559,7146.65061184957,4510.09615625825,10686.1290138809,"I1",26,"Fcap_1.80_Besc_6561_sigmaR_0.216_SE_reference_AE_historical"
26,"I1__Fcap_1.80_Besc_6561_sigmaR_0.216_SE_reference_AE_historical",1.8,6561,"Full",2028,1000,0,0.002,11508.5429856013,7863.95118084189,16574.6900102319,0.012,7159.55348967648,7044.44756055999,4626.40273446804,10354.830596386,"I1",26,"Fcap_1.80_Besc_6561_sigmaR_0.216_SE_reference_AE_historical"
26,"I1__Fcap_1.80_Besc_6561_sigmaR_0.216_SE_reference_AE_historical",1.8,6561,"Full",2029,1000,0,0.005,11237.972123191,7699.77519253826,16571.1182217413,0.02,7007.37389875078,6948.09870824315,4172.31327094149,10383.9824463542,"I1",26,"Fcap_1.80_Besc_6561_sigmaR_0.216_SE_reference_AE_historical"
26,"I1__Fcap_1.80_Besc_6561_sigmaR_0.216_SE_reference_AE_historical",1.8,6561,"Full",2030,1000,0,0.001,11311.8292794659,7794.74182826513,16793.0898833298,0.014,6971.13077357448,6844.31797914811,4402.23237214608,10421.6588167912,"I1",26,"Fcap_1.80_Besc_6561_sigmaR_0.216_SE_reference_AE_historical"
26,"I1__Fcap_1.80_Besc_6561_sigmaR_0.216_SE_reference_AE_historical",1.8,6561,"Full",2031,1000,0,0.002,11139.3041167834,7878.33420250976,16456.3583596434,0.021,6897.93277108765,6813.36947286902,4404.18644421474,9968.77810753661,"I1",26,"Fcap_1.80_Besc_6561_sigmaR_0.216_SE_reference_AE_historical"
26,"I1__Fcap_1.80_Besc_6561_sigmaR_0.216_SE_reference_AE_historical",1.8,6561,"Full",2032,1000,0,0.001,11373.0940421997,7733.98360381782,16158.8741895196,0.021,6934.5979377772,6877.99879222057,4335.82762999874,10046.3977658447,"I1",26,"Fcap_1.80_Besc_6561_sigmaR_0.216_SE_reference_AE_historical"
26,"I1__Fcap_1.80_Besc_6561_sigmaR_0.216_SE_reference_AE_historical",1.8,6561,"Full",2033,1000,0,0.003,11398.7077988058,7919.75962506777,16665.5835276368,0.016,7023.41477504542,6872.09204873287,4657.2320757258,10291.0289166751,"I1",26,"Fcap_1.80_Besc_6561_sigmaR_0.216_SE_reference_AE_historical"
26,"I1__Fcap_1.80_Besc_6561_sigmaR_0.216_SE_reference_AE_historical",1.8,6561,"Full",2034,1000,0,0.003,11448.4779435688,7989.784056818,16635.0531349217,0.023,7064.2704830292,6933.80871775606,4563.78778453672,10258.4321926091,"I1",26,"Fcap_1.80_Besc_6561_sigmaR_0.216_SE_reference_AE_historical"
26,"I1__Fcap_1.80_Besc_6561_sigmaR_0.216_SE_reference_AE_historical",1.8,6561,"Full",2035,1000,0,0.002,11319.3221185315,7866.81363413062,16373.8970358795,0.017,6991.07322199076,6924.18129240408,4428.31186342296,10342.9282765306,"I1",26,"Fcap_1.80_Besc_6561_sigmaR_0.216_SE_reference_AE_historical"
26,"I1__Fcap_1.80_Besc_6561_sigmaR_0.216_SE_reference_AE_historical",1.8,6561,"Full",2036,1000,0,0.004,11266.8833768319,7802.00963654419,16432.7737386668,0.016,7014.92873956233,6869.60644085642,4576.49607312105,10063.113316322,"I1",26,"Fcap_1.80_Besc_6561_sigmaR_0.216_SE_reference_AE_historical"
26,"I1__Fcap_1.80_Besc_6561_sigmaR_0.216_SE_reference_AE_historical",1.8,6561,"Full",2037,1000,0,0.003,11344.7659689942,7889.80635308297,16070.5350573242,0.014,6933.72941441702,6864.66780385645,4608.39382781496,9842.73687556106,"I1",26,"Fcap_1.80_Besc_6561_sigmaR_0.216_SE_reference_AE_historical"
26,"I1__Fcap_1.80_Besc_6561_sigmaR_0.216_SE_reference_AE_historical",1.8,6561,"Full",2038,1000,0,0,11262.7327968328,7915.25790016467,16534.4817823667,0.014,6942.86318283342,6794.40381853511,4555.32124721215,10332.2005997747,"I1",26,"Fcap_1.80_Besc_6561_sigmaR_0.216_SE_reference_AE_historical"
26,"I1__Fcap_1.80_Besc_6561_sigmaR_0.216_SE_reference_AE_historical",1.8,6561,"Full",2039,1000,0,0.001,11439.4174026236,7866.35178145862,16634.270564221,0.018,7011.62364104053,6939.02422778478,4580.58326846424,10358.4354349118,"I1",26,"Fcap_1.80_Besc_6561_sigmaR_0.216_SE_reference_AE_historical"
26,"I1__Fcap_1.80_Besc_6561_sigmaR_0.216_SE_reference_AE_historical",1.8,6561,"Full",2040,1000,0,0.004,11344.5894108355,8101.83014254398,16884.8040716723,0.013,7046.71788066954,6901.82973745841,4785.72243880001,10449.0125346037,"I1",26,"Fcap_1.80_Besc_6561_sigmaR_0.216_SE_reference_AE_historical"
26,"I1__Fcap_1.80_Besc_6561_sigmaR_0.216_SE_reference_AE_historical",1.8,6561,"Full",2041,1000,0,0.005,11362.4724399976,7910.06205201026,16953.6245814672,0.025,6991.57500733929,6931.32651526428,4301.68902220804,10487.8363390656,"I1",26,"Fcap_1.80_Besc_6561_sigmaR_0.216_SE_reference_AE_historical"
26,"I1__Fcap_1.80_Besc_6561_sigmaR_0.216_SE_reference_AE_historical",1.8,6561,"Full",2042,1000,0,0.003,11445.9359046225,7877.1309534356,16636.8615744719,0.016,7022.98973473381,6941.06429044443,4569.57482913785,10278.8384383735,"I1",26,"Fcap_1.80_Besc_6561_sigmaR_0.216_SE_reference_AE_historical"
26,"I1__Fcap_1.80_Besc_6561_sigmaR_0.216_SE_reference_AE_historical",1.8,6561,"Full",2043,1000,0,0.001,11203.9855141171,8015.16711754858,16175.9845557793,0.013,6951.44588575309,6870.82058184203,4562.14722574927,10035.850840406,"I1",26,"Fcap_1.80_Besc_6561_sigmaR_0.216_SE_reference_AE_historical"
26,"I1__Fcap_1.80_Besc_6561_sigmaR_0.216_SE_reference_AE_historical",1.8,6561,"Full",2044,1000,0,0.004,11336.6176858263,7975.76012878045,16218.8553897489,0.019,6999.32752801045,6858.39131331229,4606.39668316851,10233.3219539005,"I1",26,"Fcap_1.80_Besc_6561_sigmaR_0.216_SE_reference_AE_historical"
26,"I1__Fcap_1.80_Besc_6561_sigmaR_0.216_SE_reference_AE_historical",1.8,6561,"Full",2045,1000,0,0.004,11267.393079406,8002.85763275628,16666.5697749136,0.015,7041.64269950543,6971.52622079109,4567.00677013339,10199.2976010702,"I1",26,"Fcap_1.80_Besc_6561_sigmaR_0.216_SE_reference_AE_historical"
26,"I1__Fcap_1.80_Besc_6561_sigmaR_0.216_SE_reference_AE_historical",1.8,6561,"Full",2046,1000,0,0.002,11326.9591730391,7845.56111067617,16450.5659223867,0.015,6996.91353638711,6800.52859103292,4487.12617966416,10483.6524481606,"I1",26,"Fcap_1.80_Besc_6561_sigmaR_0.216_SE_reference_AE_historical"
26,"I1__Fcap_1.80_Besc_6561_sigmaR_0.216_SE_reference_AE_historical",1.8,6561,"Full",2047,1000,0,0.001,11486.240267147,8007.71879531695,16919.9882860626,0.014,7124.98182150938,6986.87600877414,4800.93669208825,10568.1884980273,"I1",26,"Fcap_1.80_Besc_6561_sigmaR_0.216_SE_reference_AE_historical"
26,"I1__Fcap_1.80_Besc_6561_sigmaR_0.216_SE_reference_AE_historical",1.8,6561,"Full",2048,1000,0,0.002,11430.0627799799,7768.88676386079,16801.409744057,0.024,7028.1991416093,6993.35745394121,4417.61981055132,10440.2863482364,"I1",26,"Fcap_1.80_Besc_6561_sigmaR_0.216_SE_reference_AE_historical"
26,"I1__Fcap_1.80_Besc_6561_sigmaR_0.216_SE_reference_AE_historical",1.8,6561,"Full",2049,1000,0,0.002,11330.1873170547,7830.90200198055,16629.5546569814,0.018,6987.04049701926,6888.93652007212,4517.06001555838,10326.4339344708,"I1",26,"Fcap_1.80_Besc_6561_sigmaR_0.216_SE_reference_AE_historical"
26,"I1__Fcap_1.80_Besc_6561_sigmaR_0.216_SE_reference_AE_historical",1.8,6561,"Full",2050,1000,0,0.004,11511.7900614796,7966.30788507316,17118.6496903295,0.017,7155.44557289374,7035.56007471452,4518.11418949009,10661.2659203025,"I1",26,"Fcap_1.80_Besc_6561_sigmaR_0.216_SE_reference_AE_historical"
26,"I1__Fcap_1.80_Besc_6561_sigmaR_0.216_SE_reference_AE_historical",1.8,6561,"Full",2051,1000,0,0.001,11534.132634779,7912.67659736368,16762.7600526255,0.01,7133.48670248791,6950.85761851898,4634.31879625953,10340.6197024813,"I1",26,"Fcap_1.80_Besc_6561_sigmaR_0.216_SE_reference_AE_historical"
26,"I1__Fcap_1.80_Besc_6561_sigmaR_0.216_SE_reference_AE_historical",1.8,6561,"Full",2052,1000,0,0.005,11462.8549343834,7954.40459566518,16883.6629780627,0.016,7077.31970188156,6974.60762187888,4653.12112427487,10402.6575433887,"I1",26,"Fcap_1.80_Besc_6561_sigmaR_0.216_SE_reference_AE_historical"
26,"I1__Fcap_1.80_Besc_6561_sigmaR_0.216_SE_reference_AE_historical",1.8,6561,"Full",2053,1000,0,0.001,11322.0526818907,7935.25809366669,17032.0207716114,0.015,7051.50539815143,6922.83186575423,4645.21223832693,10744.8288915032,"I1",26,"Fcap_1.80_Besc_6561_sigmaR_0.216_SE_reference_AE_historical"
26,"I1__Fcap_1.80_Besc_6561_sigmaR_0.216_SE_reference_AE_historical",1.8,6561,"Full",2054,1000,0,0.003,11296.7651542603,7828.09152048002,16709.6732391524,0.022,6994.83605718144,6847.44006049116,4541.91976051392,10277.2484186536,"I1",26,"Fcap_1.80_Besc_6561_sigmaR_0.216_SE_reference_AE_historical"
27,"I1__Fcap_1.80_Besc_7250_sigmaR_0.216_SE_reference_AE_historical",1.8,7250,"Short",2025,1000,0,0,12998.1627355154,11394.4725486,16100.6102473553,0,8296.38129609255,8048.27833270729,6370.05924071055,11122.0458137279,"I1",27,"Fcap_1.80_Besc_7250_sigmaR_0.216_SE_reference_AE_historical"
27,"I1__Fcap_1.80_Besc_7250_sigmaR_0.216_SE_reference_AE_historical",1.8,7250,"Short",2026,1000,0,0.001,11624.6788649798,8372.21359487107,16966.7666952026,0.032,7103.02536285933,7094.47032419859,2745.85548660894,10663.9668039124,"I1",27,"Fcap_1.80_Besc_7250_sigmaR_0.216_SE_reference_AE_historical"
27,"I1__Fcap_1.80_Besc_7250_sigmaR_0.216_SE_reference_AE_historical",1.8,7250,"Short",2027,1000,0,0.002,11562.2261790296,8162.25348102408,17141.6893542157,0.037,7151.8499633402,7190.10036404255,2630.58327286724,10722.3220061867,"I1",27,"Fcap_1.80_Besc_7250_sigmaR_0.216_SE_reference_AE_historical"
27,"I1__Fcap_1.80_Besc_7250_sigmaR_0.216_SE_reference_AE_historical",1.8,7250,"Short",2028,1000,0,0.001,11531.5857157202,8187.76023294083,16587.9286080415,0.042,7009.11038106563,7115.82179504497,1241.31022754693,10342.8729133107,"I1",27,"Fcap_1.80_Besc_7250_sigmaR_0.216_SE_reference_AE_historical"
27,"I1__Fcap_1.80_Besc_7250_sigmaR_0.216_SE_reference_AE_historical",1.8,7250,"Short",2029,1000,0,0.005,11346.3705975258,8059.19226066149,16574.713040916,0.054,6893.57045048277,7032.73044476082,0,10386.4455649229,"I1",27,"Fcap_1.80_Besc_7250_sigmaR_0.216_SE_reference_AE_historical"
27,"I1__Fcap_1.80_Besc_7250_sigmaR_0.216_SE_reference_AE_historical",1.8,7250,"Short",2030,1000,0,0.001,11362.5670942422,8092.27996860658,16909.7872037298,0.044,6885.3339619824,6916.82021956888,1641.88805506515,10433.0775165337,"I1",27,"Fcap_1.80_Besc_7250_sigmaR_0.216_SE_reference_AE_historical"
27,"I1__Fcap_1.80_Besc_7250_sigmaR_0.216_SE_reference_AE_historical",1.8,7250,"Short",2031,1000,0,0.002,11193.3203718865,8212.52209862192,16533.4256101109,0.043,6821.02318652971,6869.04273677131,1734.5472925423,10055.1646519456,"I1",27,"Fcap_1.80_Besc_7250_sigmaR_0.216_SE_reference_AE_historical"
27,"I1__Fcap_1.80_Besc_7250_sigmaR_0.216_SE_reference_AE_historical",1.8,7250,"Short",2032,1000,0,0.001,11436.2126371077,8010.25051847922,16225.249442217,0.042,6865.69274661528,6925.2281820094,2170.79179816023,10103.2202506877,"I1",27,"Fcap_1.80_Besc_7250_sigmaR_0.216_SE_reference_AE_historical"
27,"I1__Fcap_1.80_Besc_7250_sigmaR_0.216_SE_reference_AE_historical",1.8,7250,"Short",2033,1000,0,0.002,11494.195129994,8201.42317620832,16614.6997173322,0.034,6967.13238446871,6910.48893335651,3577.38557220619,10406.3273021412,"I1",27,"Fcap_1.80_Besc_7250_sigmaR_0.216_SE_reference_AE_historical"
27,"I1__Fcap_1.80_Besc_7250_sigmaR_0.216_SE_reference_AE_historical",1.8,7250,"Short",2034,1000,0,0.003,11488.7951188522,8176.19260510813,16650.4404533303,0.04,7002.94177506333,6967.82640972723,3182.80154407492,10346.6335766434,"I1",27,"Fcap_1.80_Besc_7250_sigmaR_0.216_SE_reference_AE_historical"
27,"I1__Fcap_1.80_Besc_7250_sigmaR_0.216_SE_reference_AE_historical",1.8,7250,"Medium",2035,1000,0,0.002,11364.5812347337,8218.2320495368,16482.9632023263,0.043,6876.10590098822,6952.05666970347,2241.99988200727,10360.9283027184,"I1",27,"Fcap_1.80_Besc_7250_sigmaR_0.216_SE_reference_AE_historical"
27,"I1__Fcap_1.80_Besc_7250_sigmaR_0.216_SE_reference_AE_historical",1.8,7250,"Medium",2036,1000,0,0.004,11343.7117138501,8126.05653663663,16454.4573633735,0.032,6953.64385794593,6925.36640763891,3236.13407752763,10130.6366940124,"I1",27,"Fcap_1.80_Besc_7250_sigmaR_0.216_SE_reference_AE_historical"
27,"I1__Fcap_1.80_Besc_7250_sigmaR_0.216_SE_reference_AE_historical",1.8,7250,"Medium",2037,1000,0,0.002,11393.655667218,8206.26894065626,16085.3255264187,0.038,6822.72028135743,6922.02267054264,2090.78728925539,9895.20884282274,"I1",27,"Fcap_1.80_Besc_7250_sigmaR_0.216_SE_reference_AE_historical"
27,"I1__Fcap_1.80_Besc_7250_sigmaR_0.216_SE_reference_AE_historical",1.8,7250,"Medium",2038,1000,0,0,11350.9398984461,8126.8500671161,16590.8583550852,0.043,6852.35433674908,6870.27030260773,2163.11821580931,10361.5183869421,"I1",27,"Fcap_1.80_Besc_7250_sigmaR_0.216_SE_reference_AE_historical"
27,"I1__Fcap_1.80_Besc_7250_sigmaR_0.216_SE_reference_AE_historical",1.8,7250,"Medium",2039,1000,0,0.001,11528.7397592176,8151.19254810011,16631.1350459315,0.04,6932.98260805274,6993.04216811924,2473.36730648592,10375.0200076754,"I1",27,"Fcap_1.80_Besc_7250_sigmaR_0.216_SE_reference_AE_historical"
27,"I1__Fcap_1.80_Besc_7250_sigmaR_0.216_SE_reference_AE_historical",1.8,7250,"Medium",2040,1000,0,0.003,11388.9734375165,8310.71386149282,16886.6315784683,0.024,6969.56183112182,6958.85155892204,3424.06869624485,10496.8400992328,"I1",27,"Fcap_1.80_Besc_7250_sigmaR_0.216_SE_reference_AE_historical"
27,"I1__Fcap_1.80_Besc_7250_sigmaR_0.216_SE_reference_AE_historical",1.8,7250,"Medium",2041,1000,0,0.004,11424.3219226017,8095.00074185146,16954.5715202742,0.047,6906.7804661155,6975.13292492231,1327.24210256076,10526.9210937862,"I1",27,"Fcap_1.80_Besc_7250_sigmaR_0.216_SE_reference_AE_historical"
27,"I1__Fcap_1.80_Besc_7250_sigmaR_0.216_SE_reference_AE_historical",1.8,7250,"Medium",2042,1000,0,0.003,11527.3058063479,8199.73884577307,16698.6779417306,0.044,6927.85715398792,7042.33488947366,2024.99030043198,10308.6585115209,"I1",27,"Fcap_1.80_Besc_7250_sigmaR_0.216_SE_reference_AE_historical"
27,"I1__Fcap_1.80_Besc_7250_sigmaR_0.216_SE_reference_AE_historical",1.8,7250,"Medium",2043,1000,0,0.001,11260.8910759966,8244.14853604246,16176.8741929227,0.038,6864.20318208086,6913.34927575176,2615.88295816197,10120.6150739814,"I1",27,"Fcap_1.80_Besc_7250_sigmaR_0.216_SE_reference_AE_historical"
27,"I1__Fcap_1.80_Besc_7250_sigmaR_0.216_SE_reference_AE_historical",1.8,7250,"Medium",2044,1000,0,0.003,11391.0900474429,8301.43571129446,16337.335709585,0.04,6927.14310588064,6913.58331504527,2039.9943962682,10309.2980188765,"I1",27,"Fcap_1.80_Besc_7250_sigmaR_0.216_SE_reference_AE_historical"
27,"I1__Fcap_1.80_Besc_7250_sigmaR_0.216_SE_reference_AE_historical",1.8,7250,"Long",2045,1000,0,0.004,11316.6968999625,8230.87803201122,16673.3045873732,0.036,6965.3138490488,7042.67025497272,3281.94037925165,10239.6060176326,"I1",27,"Fcap_1.80_Besc_7250_sigmaR_0.216_SE_reference_AE_historical"
27,"I1__Fcap_1.80_Besc_7250_sigmaR_0.216_SE_reference_AE_historical",1.8,7250,"Long",2046,1000,0,0.002,11379.9517449686,8175.40242530898,16531.2745376713,0.045,6866.93389469276,6847.41582065156,1390.63563309845,10586.3353973094,"I1",27,"Fcap_1.80_Besc_7250_sigmaR_0.216_SE_reference_AE_historical"
27,"I1__Fcap_1.80_Besc_7250_sigmaR_0.216_SE_reference_AE_historical",1.8,7250,"Long",2047,1000,0,0.001,11565.8747835373,8289.30233824297,16928.8630208067,0.029,7055.81375777257,7026.94665635162,2937.87417038085,10626.8243868165,"I1",27,"Fcap_1.80_Besc_7250_sigmaR_0.216_SE_reference_AE_historical"
27,"I1__Fcap_1.80_Besc_7250_sigmaR_0.216_SE_reference_AE_historical",1.8,7250,"Long",2048,1000,0,0.002,11554.6897184948,8147.46692733314,16801.1515236576,0.044,6924.19843715811,7022.24661335984,1596.16609176892,10463.9685393172,"I1",27,"Fcap_1.80_Besc_7250_sigmaR_0.216_SE_reference_AE_historical"
27,"I1__Fcap_1.80_Besc_7250_sigmaR_0.216_SE_reference_AE_historical",1.8,7250,"Long",2049,1000,0,0.002,11407.2192453008,8194.37340971197,16627.9082682467,0.033,6903.91355370917,6931.64928901654,2273.43235639137,10350.4105385219,"I1",27,"Fcap_1.80_Besc_7250_sigmaR_0.216_SE_reference_AE_historical"
27,"I1__Fcap_1.80_Besc_7250_sigmaR_0.216_SE_reference_AE_historical",1.8,7250,"Long",2050,1000,0,0.003,11599.5849160873,8183.06707649952,17297.3580816107,0.03,7064.24068203368,7101.76997288723,2691.79996257838,10667.879104829,"I1",27,"Fcap_1.80_Besc_7250_sigmaR_0.216_SE_reference_AE_historical"
27,"I1__Fcap_1.80_Besc_7250_sigmaR_0.216_SE_reference_AE_historical",1.8,7250,"Long",2051,1000,0,0.001,11598.9609398268,8176.33008147353,16810.7199192677,0.029,7050.30596702064,7018.68461864666,3442.51989912143,10424.4320365824,"I1",27,"Fcap_1.80_Besc_7250_sigmaR_0.216_SE_reference_AE_historical"
27,"I1__Fcap_1.80_Besc_7250_sigmaR_0.216_SE_reference_AE_historical",1.8,7250,"Long",2052,1000,0,0.003,11550.3889966268,8209.65149739644,16893.5160541983,0.035,6973.0925022224,7033.60498765959,1916.39883131542,10423.7025335719,"I1",27,"Fcap_1.80_Besc_7250_sigmaR_0.216_SE_reference_AE_historical"
27,"I1__Fcap_1.80_Besc_7250_sigmaR_0.216_SE_reference_AE_historical",1.8,7250,"Long",2053,1000,0,0,11406.007104174,8270.62023700175,17094.6730852247,0.032,6982.5737029032,6959.90894596802,3455.40408924961,10745.8207697045,"I1",27,"Fcap_1.80_Besc_7250_sigmaR_0.216_SE_reference_AE_historical"
27,"I1__Fcap_1.80_Besc_7250_sigmaR_0.216_SE_reference_AE_historical",1.8,7250,"Long",2054,1000,0,0.003,11358.8118624132,8169.11183083631,16703.5290343854,0.039,6899.80092166151,6894.12711193278,1332.0470049947,10293.8889389109,"I1",27,"Fcap_1.80_Besc_7250_sigmaR_0.216_SE_reference_AE_historical"
27,"I1__Fcap_1.80_Besc_7250_sigmaR_0.216_SE_reference_AE_historical",1.8,7250,"Full",2025,1000,0,0,12998.1627355154,11394.4725486,16100.6102473553,0,8296.38129609255,8048.27833270729,6370.05924071055,11122.0458137279,"I1",27,"Fcap_1.80_Besc_7250_sigmaR_0.216_SE_reference_AE_historical"
27,"I1__Fcap_1.80_Besc_7250_sigmaR_0.216_SE_reference_AE_historical",1.8,7250,"Full",2026,1000,0,0.001,11624.6788649798,8372.21359487107,16966.7666952026,0.032,7103.02536285933,7094.47032419859,2745.85548660894,10663.9668039124,"I1",27,"Fcap_1.80_Besc_7250_sigmaR_0.216_SE_reference_AE_historical"
27,"I1__Fcap_1.80_Besc_7250_sigmaR_0.216_SE_reference_AE_historical",1.8,7250,"Full",2027,1000,0,0.002,11562.2261790296,8162.25348102408,17141.6893542157,0.037,7151.8499633402,7190.10036404255,2630.58327286724,10722.3220061867,"I1",27,"Fcap_1.80_Besc_7250_sigmaR_0.216_SE_reference_AE_historical"
27,"I1__Fcap_1.80_Besc_7250_sigmaR_0.216_SE_reference_AE_historical",1.8,7250,"Full",2028,1000,0,0.001,11531.5857157202,8187.76023294083,16587.9286080415,0.042,7009.11038106563,7115.82179504497,1241.31022754693,10342.8729133107,"I1",27,"Fcap_1.80_Besc_7250_sigmaR_0.216_SE_reference_AE_historical"
27,"I1__Fcap_1.80_Besc_7250_sigmaR_0.216_SE_reference_AE_historical",1.8,7250,"Full",2029,1000,0,0.005,11346.3705975258,8059.19226066149,16574.713040916,0.054,6893.57045048277,7032.73044476082,0,10386.4455649229,"I1",27,"Fcap_1.80_Besc_7250_sigmaR_0.216_SE_reference_AE_historical"
27,"I1__Fcap_1.80_Besc_7250_sigmaR_0.216_SE_reference_AE_historical",1.8,7250,"Full",2030,1000,0,0.001,11362.5670942422,8092.27996860658,16909.7872037298,0.044,6885.3339619824,6916.82021956888,1641.88805506515,10433.0775165337,"I1",27,"Fcap_1.80_Besc_7250_sigmaR_0.216_SE_reference_AE_historical"
27,"I1__Fcap_1.80_Besc_7250_sigmaR_0.216_SE_reference_AE_historical",1.8,7250,"Full",2031,1000,0,0.002,11193.3203718865,8212.52209862192,16533.4256101109,0.043,6821.02318652971,6869.04273677131,1734.5472925423,10055.1646519456,"I1",27,"Fcap_1.80_Besc_7250_sigmaR_0.216_SE_reference_AE_historical"
27,"I1__Fcap_1.80_Besc_7250_sigmaR_0.216_SE_reference_AE_historical",1.8,7250,"Full",2032,1000,0,0.001,11436.2126371077,8010.25051847922,16225.249442217,0.042,6865.69274661528,6925.2281820094,2170.79179816023,10103.2202506877,"I1",27,"Fcap_1.80_Besc_7250_sigmaR_0.216_SE_reference_AE_historical"
27,"I1__Fcap_1.80_Besc_7250_sigmaR_0.216_SE_reference_AE_historical",1.8,7250,"Full",2033,1000,0,0.002,11494.195129994,8201.42317620832,16614.6997173322,0.034,6967.13238446871,6910.48893335651,3577.38557220619,10406.3273021412,"I1",27,"Fcap_1.80_Besc_7250_sigmaR_0.216_SE_reference_AE_historical"
27,"I1__Fcap_1.80_Besc_7250_sigmaR_0.216_SE_reference_AE_historical",1.8,7250,"Full",2034,1000,0,0.003,11488.7951188522,8176.19260510813,16650.4404533303,0.04,7002.94177506333,6967.82640972723,3182.80154407492,10346.6335766434,"I1",27,"Fcap_1.80_Besc_7250_sigmaR_0.216_SE_reference_AE_historical"
27,"I1__Fcap_1.80_Besc_7250_sigmaR_0.216_SE_reference_AE_historical",1.8,7250,"Full",2035,1000,0,0.002,11364.5812347337,8218.2320495368,16482.9632023263,0.043,6876.10590098822,6952.05666970347,2241.99988200727,10360.9283027184,"I1",27,"Fcap_1.80_Besc_7250_sigmaR_0.216_SE_reference_AE_historical"
27,"I1__Fcap_1.80_Besc_7250_sigmaR_0.216_SE_reference_AE_historical",1.8,7250,"Full",2036,1000,0,0.004,11343.7117138501,8126.05653663663,16454.4573633735,0.032,6953.64385794593,6925.36640763891,3236.13407752763,10130.6366940124,"I1",27,"Fcap_1.80_Besc_7250_sigmaR_0.216_SE_reference_AE_historical"
27,"I1__Fcap_1.80_Besc_7250_sigmaR_0.216_SE_reference_AE_historical",1.8,7250,"Full",2037,1000,0,0.002,11393.655667218,8206.26894065626,16085.3255264187,0.038,6822.72028135743,6922.02267054264,2090.78728925539,9895.20884282274,"I1",27,"Fcap_1.80_Besc_7250_sigmaR_0.216_SE_reference_AE_historical"
27,"I1__Fcap_1.80_Besc_7250_sigmaR_0.216_SE_reference_AE_historical",1.8,7250,"Full",2038,1000,0,0,11350.9398984461,8126.8500671161,16590.8583550852,0.043,6852.35433674908,6870.27030260773,2163.11821580931,10361.5183869421,"I1",27,"Fcap_1.80_Besc_7250_sigmaR_0.216_SE_reference_AE_historical"
27,"I1__Fcap_1.80_Besc_7250_sigmaR_0.216_SE_reference_AE_historical",1.8,7250,"Full",2039,1000,0,0.001,11528.7397592176,8151.19254810011,16631.1350459315,0.04,6932.98260805274,6993.04216811924,2473.36730648592,10375.0200076754,"I1",27,"Fcap_1.80_Besc_7250_sigmaR_0.216_SE_reference_AE_historical"
27,"I1__Fcap_1.80_Besc_7250_sigmaR_0.216_SE_reference_AE_historical",1.8,7250,"Full",2040,1000,0,0.003,11388.9734375165,8310.71386149282,16886.6315784683,0.024,6969.56183112182,6958.85155892204,3424.06869624485,10496.8400992328,"I1",27,"Fcap_1.80_Besc_7250_sigmaR_0.216_SE_reference_AE_historical"
27,"I1__Fcap_1.80_Besc_7250_sigmaR_0.216_SE_reference_AE_historical",1.8,7250,"Full",2041,1000,0,0.004,11424.3219226017,8095.00074185146,16954.5715202742,0.047,6906.7804661155,6975.13292492231,1327.24210256076,10526.9210937862,"I1",27,"Fcap_1.80_Besc_7250_sigmaR_0.216_SE_reference_AE_historical"
27,"I1__Fcap_1.80_Besc_7250_sigmaR_0.216_SE_reference_AE_historical",1.8,7250,"Full",2042,1000,0,0.003,11527.3058063479,8199.73884577307,16698.6779417306,0.044,6927.85715398792,7042.33488947366,2024.99030043198,10308.6585115209,"I1",27,"Fcap_1.80_Besc_7250_sigmaR_0.216_SE_reference_AE_historical"
27,"I1__Fcap_1.80_Besc_7250_sigmaR_0.216_SE_reference_AE_historical",1.8,7250,"Full",2043,1000,0,0.001,11260.8910759966,8244.14853604246,16176.8741929227,0.038,6864.20318208086,6913.34927575176,2615.88295816197,10120.6150739814,"I1",27,"Fcap_1.80_Besc_7250_sigmaR_0.216_SE_reference_AE_historical"
27,"I1__Fcap_1.80_Besc_7250_sigmaR_0.216_SE_reference_AE_historical",1.8,7250,"Full",2044,1000,0,0.003,11391.0900474429,8301.43571129446,16337.335709585,0.04,6927.14310588064,6913.58331504527,2039.9943962682,10309.2980188765,"I1",27,"Fcap_1.80_Besc_7250_sigmaR_0.216_SE_reference_AE_historical"
27,"I1__Fcap_1.80_Besc_7250_sigmaR_0.216_SE_reference_AE_historical",1.8,7250,"Full",2045,1000,0,0.004,11316.6968999625,8230.87803201122,16673.3045873732,0.036,6965.3138490488,7042.67025497272,3281.94037925165,10239.6060176326,"I1",27,"Fcap_1.80_Besc_7250_sigmaR_0.216_SE_reference_AE_historical"
27,"I1__Fcap_1.80_Besc_7250_sigmaR_0.216_SE_reference_AE_historical",1.8,7250,"Full",2046,1000,0,0.002,11379.9517449686,8175.40242530898,16531.2745376713,0.045,6866.93389469276,6847.41582065156,1390.63563309845,10586.3353973094,"I1",27,"Fcap_1.80_Besc_7250_sigmaR_0.216_SE_reference_AE_historical"
27,"I1__Fcap_1.80_Besc_7250_sigmaR_0.216_SE_reference_AE_historical",1.8,7250,"Full",2047,1000,0,0.001,11565.8747835373,8289.30233824297,16928.8630208067,0.029,7055.81375777257,7026.94665635162,2937.87417038085,10626.8243868165,"I1",27,"Fcap_1.80_Besc_7250_sigmaR_0.216_SE_reference_AE_historical"
27,"I1__Fcap_1.80_Besc_7250_sigmaR_0.216_SE_reference_AE_historical",1.8,7250,"Full",2048,1000,0,0.002,11554.6897184948,8147.46692733314,16801.1515236576,0.044,6924.19843715811,7022.24661335984,1596.16609176892,10463.9685393172,"I1",27,"Fcap_1.80_Besc_7250_sigmaR_0.216_SE_reference_AE_historical"
27,"I1__Fcap_1.80_Besc_7250_sigmaR_0.216_SE_reference_AE_historical",1.8,7250,"Full",2049,1000,0,0.002,11407.2192453008,8194.37340971197,16627.9082682467,0.033,6903.91355370917,6931.64928901654,2273.43235639137,10350.4105385219,"I1",27,"Fcap_1.80_Besc_7250_sigmaR_0.216_SE_reference_AE_historical"
27,"I1__Fcap_1.80_Besc_7250_sigmaR_0.216_SE_reference_AE_historical",1.8,7250,"Full",2050,1000,0,0.003,11599.5849160873,8183.06707649952,17297.3580816107,0.03,7064.24068203368,7101.76997288723,2691.79996257838,10667.879104829,"I1",27,"Fcap_1.80_Besc_7250_sigmaR_0.216_SE_reference_AE_historical"
27,"I1__Fcap_1.80_Besc_7250_sigmaR_0.216_SE_reference_AE_historical",1.8,7250,"Full",2051,1000,0,0.001,11598.9609398268,8176.33008147353,16810.7199192677,0.029,7050.30596702064,7018.68461864666,3442.51989912143,10424.4320365824,"I1",27,"Fcap_1.80_Besc_7250_sigmaR_0.216_SE_reference_AE_historical"
27,"I1__Fcap_1.80_Besc_7250_sigmaR_0.216_SE_reference_AE_historical",1.8,7250,"Full",2052,1000,0,0.003,11550.3889966268,8209.65149739644,16893.5160541983,0.035,6973.0925022224,7033.60498765959,1916.39883131542,10423.7025335719,"I1",27,"Fcap_1.80_Besc_7250_sigmaR_0.216_SE_reference_AE_historical"
27,"I1__Fcap_1.80_Besc_7250_sigmaR_0.216_SE_reference_AE_historical",1.8,7250,"Full",2053,1000,0,0,11406.007104174,8270.62023700175,17094.6730852247,0.032,6982.5737029032,6959.90894596802,3455.40408924961,10745.8207697045,"I1",27,"Fcap_1.80_Besc_7250_sigmaR_0.216_SE_reference_AE_historical"
27,"I1__Fcap_1.80_Besc_7250_sigmaR_0.216_SE_reference_AE_historical",1.8,7250,"Full",2054,1000,0,0.003,11358.8118624132,8169.11183083631,16703.5290343854,0.039,6899.80092166151,6894.12711193278,1332.0470049947,10293.8889389109,"I1",27,"Fcap_1.80_Besc_7250_sigmaR_0.216_SE_reference_AE_historical"
28,"I1__Fcap_1.80_Besc_8000_sigmaR_0.216_SE_reference_AE_historical",1.8,8000,"Short",2025,1000,0,0,12998.1627355154,11394.4725486,16100.6102473553,0,8296.38129609255,8048.27833270729,6370.05924071055,11122.0458137279,"I1",28,"Fcap_1.80_Besc_8000_sigmaR_0.216_SE_reference_AE_historical"
28,"I1__Fcap_1.80_Besc_8000_sigmaR_0.216_SE_reference_AE_historical",1.8,8000,"Short",2026,1000,0,0.001,11624.6788649798,8599.10979170801,16966.7666952026,0.085,6816.78741224244,7094.47032419859,0,10663.9668039124,"I1",28,"Fcap_1.80_Besc_8000_sigmaR_0.216_SE_reference_AE_historical"
28,"I1__Fcap_1.80_Besc_8000_sigmaR_0.216_SE_reference_AE_historical",1.8,8000,"Short",2027,1000,0,0.002,11731.1680289579,8471.959758613,17164.2666042791,0.077,6989.81932883078,7317.64744950127,0,10850.3538865731,"I1",28,"Fcap_1.80_Besc_8000_sigmaR_0.216_SE_reference_AE_historical"
28,"I1__Fcap_1.80_Besc_8000_sigmaR_0.216_SE_reference_AE_historical",1.8,8000,"Short",2028,1000,0,0,11659.7642247366,8472.9610464424,16653.6452503758,0.085,6865.98602102462,7176.80320249424,0,10465.5276685234,"I1",28,"Fcap_1.80_Besc_8000_sigmaR_0.216_SE_reference_AE_historical"
28,"I1__Fcap_1.80_Besc_8000_sigmaR_0.216_SE_reference_AE_historical",1.8,8000,"Short",2029,1000,0,0.004,11454.8071824603,8330.15954781095,16680.2267373663,0.095,6741.6065287174,7124.28052121478,0,10623.0268422026,"I1",28,"Fcap_1.80_Besc_8000_sigmaR_0.216_SE_reference_AE_historical"
28,"I1__Fcap_1.80_Besc_8000_sigmaR_0.216_SE_reference_AE_historical",1.8,8000,"Short",2030,1000,0,0.001,11495.5249612638,8443.84752312463,16910.7040244533,0.084,6695.7316588655,6986.93654520373,0,10517.8143604944,"I1",28,"Fcap_1.80_Besc_8000_sigmaR_0.216_SE_reference_AE_historical"
28,"I1__Fcap_1.80_Besc_8000_sigmaR_0.216_SE_reference_AE_historical",1.8,8000,"Short",2031,1000,0,0.001,11457.0780655485,8502.8480856675,16577.8021014269,0.083,6665.40314015427,6947.49893865576,0,10316.7592333548,"I1",28,"Fcap_1.80_Besc_8000_sigmaR_0.216_SE_reference_AE_historical"
28,"I1__Fcap_1.80_Besc_8000_sigmaR_0.216_SE_reference_AE_historical",1.8,8000,"Short",2032,1000,0,0.001,11575.1613656043,8373.65279284412,16459.1680679948,0.085,6667.12250696758,7006.82721445681,0,10213.8057912528,"I1",28,"Fcap_1.80_Besc_8000_sigmaR_0.216_SE_reference_AE_historical"
28,"I1__Fcap_1.80_Besc_8000_sigmaR_0.216_SE_reference_AE_historical",1.8,8000,"Short",2033,1000,0,0,11656.579923809,8589.06430442337,16874.740899927,0.065,6869.36999008569,7011.90091437271,0,10510.5981420453,"I1",28,"Fcap_1.80_Besc_8000_sigmaR_0.216_SE_reference_AE_historical"
28,"I1__Fcap_1.80_Besc_8000_sigmaR_0.216_SE_reference_AE_historical",1.8,8000,"Short",2034,1000,0,0.003,11621.9966154662,8592.20566024559,16769.197276226,0.067,6838.13608278509,7033.31123008091,0,10435.0683198877,"I1",28,"Fcap_1.80_Besc_8000_sigmaR_0.216_SE_reference_AE_historical"
28,"I1__Fcap_1.80_Besc_8000_sigmaR_0.216_SE_reference_AE_historical",1.8,8000,"Medium",2035,1000,0,0.002,11537.9782932487,8597.05531743929,16554.4086147412,0.075,6729.38783099701,7051.51486536228,0,10451.7672571664,"I1",28,"Fcap_1.80_Besc_8000_sigmaR_0.216_SE_reference_AE_historical"
28,"I1__Fcap_1.80_Besc_8000_sigmaR_0.216_SE_reference_AE_historical",1.8,8000,"Medium",2036,1000,0,0.003,11464.9170286294,8494.97641198322,16576.2597935842,0.065,6814.27180558608,7027.76993909919,0,10228.4222250207,"I1",28,"Fcap_1.80_Besc_8000_sigmaR_0.216_SE_reference_AE_historical"
28,"I1__Fcap_1.80_Besc_8000_sigmaR_0.216_SE_reference_AE_historical",1.8,8000,"Medium",2037,1000,0,0.002,11547.0854928544,8476.04882655546,16105.4974243651,0.075,6681.21301400541,7050.48057022191,0,10044.8816963421,"I1",28,"Fcap_1.80_Besc_8000_sigmaR_0.216_SE_reference_AE_historical"
28,"I1__Fcap_1.80_Besc_8000_sigmaR_0.216_SE_reference_AE_historical",1.8,8000,"Medium",2038,1000,0,0,11459.9258071668,8440.49200541012,16595.5518657626,0.085,6648.69349461157,6997.01927678671,0,10421.4361121147,"I1",28,"Fcap_1.80_Besc_8000_sigmaR_0.216_SE_reference_AE_historical"
28,"I1__Fcap_1.80_Besc_8000_sigmaR_0.216_SE_reference_AE_historical",1.8,8000,"Medium",2039,1000,0,0,11680.2816971543,8550.04049376492,16723.9570314013,0.075,6774.62837293455,7106.28333040617,0,10391.3290803993,"I1",28,"Fcap_1.80_Besc_8000_sigmaR_0.216_SE_reference_AE_historical"
28,"I1__Fcap_1.80_Besc_8000_sigmaR_0.216_SE_reference_AE_historical",1.8,8000,"Medium",2040,1000,0,0.002,11507.2335091556,8765.28955756771,16942.0714612505,0.066,6830.78839199532,7078.22859846612,0,10501.9226118187,"I1",28,"Fcap_1.80_Besc_8000_sigmaR_0.216_SE_reference_AE_historical"
28,"I1__Fcap_1.80_Besc_8000_sigmaR_0.216_SE_reference_AE_historical",1.8,8000,"Medium",2041,1000,0,0.003,11564.2222990693,8516.42687240558,16965.584785738,0.088,6740.6150764664,7076.73221347238,0,10667.0242127079,"I1",28,"Fcap_1.80_Besc_8000_sigmaR_0.216_SE_reference_AE_historical"
28,"I1__Fcap_1.80_Besc_8000_sigmaR_0.216_SE_reference_AE_historical",1.8,8000,"Medium",2042,1000,0,0.003,11676.0113432003,8453.81148801792,16736.4406579092,0.083,6763.81195865393,7122.64591132876,0,10393.5209062253,"I1",28,"Fcap_1.80_Besc_8000_sigmaR_0.216_SE_reference_AE_historical"
28,"I1__Fcap_1.80_Besc_8000_sigmaR_0.216_SE_reference_AE_historical",1.8,8000,"Medium",2043,1000,0,0.001,11372.2096646721,8637.59177076643,16194.2076446021,0.07,6731.52157542114,7008.26113908093,0,10258.69030515,"I1",28,"Fcap_1.80_Besc_8000_sigmaR_0.216_SE_reference_AE_historical"
28,"I1__Fcap_1.80_Besc_8000_sigmaR_0.216_SE_reference_AE_historical",1.8,8000,"Medium",2044,1000,0,0,11514.1565861519,8561.21382343021,16374.1462871984,0.074,6772.61598670858,7019.26415948967,0,10320.3088445516,"I1",28,"Fcap_1.80_Besc_8000_sigmaR_0.216_SE_reference_AE_historical"
28,"I1__Fcap_1.80_Besc_8000_sigmaR_0.216_SE_reference_AE_historical",1.8,8000,"Long",2045,1000,0,0.003,11500.0680247185,8457.62987785998,16763.014828436,0.065,6814.54432335977,7122.18260370481,0,10372.5799863861,"I1",28,"Fcap_1.80_Besc_8000_sigmaR_0.216_SE_reference_AE_historical"
28,"I1__Fcap_1.80_Besc_8000_sigmaR_0.216_SE_reference_AE_historical",1.8,8000,"Long",2046,1000,0,0.002,11502.7622746078,8511.55910335365,16608.8689167638,0.088,6682.80680539369,6964.72468109813,0,10575.8660613608,"I1",28,"Fcap_1.80_Besc_8000_sigmaR_0.216_SE_reference_AE_historical"
28,"I1__Fcap_1.80_Besc_8000_sigmaR_0.216_SE_reference_AE_historical",1.8,8000,"Long",2047,1000,0,0.001,11708.7058348989,8730.93804799478,17222.9047498499,0.065,6915.58303262641,7097.1728786103,0,10703.9182535079,"I1",28,"Fcap_1.80_Besc_8000_sigmaR_0.216_SE_reference_AE_historical"
28,"I1__Fcap_1.80_Besc_8000_sigmaR_0.216_SE_reference_AE_historical",1.8,8000,"Long",2048,1000,0,0.001,11615.1582052253,8464.26210476801,16847.3043234537,0.092,6782.37088407528,7078.28420325633,0,10564.5595924867,"I1",28,"Fcap_1.80_Besc_8000_sigmaR_0.216_SE_reference_AE_historical"
28,"I1__Fcap_1.80_Besc_8000_sigmaR_0.216_SE_reference_AE_historical",1.8,8000,"Long",2049,1000,0,0.002,11526.3523996157,8487.42434118003,16675.8034978809,0.073,6721.58770414336,7032.76329807475,0,10423.9363842493,"I1",28,"Fcap_1.80_Besc_8000_sigmaR_0.216_SE_reference_AE_historical"
28,"I1__Fcap_1.80_Besc_8000_sigmaR_0.216_SE_reference_AE_historical",1.8,8000,"Long",2050,1000,0,0.002,11802.3002027863,8511.93910948956,17383.4230659288,0.074,6902.2237189592,7220.12542946872,0,10791.5688377028,"I1",28,"Fcap_1.80_Besc_8000_sigmaR_0.216_SE_reference_AE_historical"
28,"I1__Fcap_1.80_Besc_8000_sigmaR_0.216_SE_reference_AE_historical",1.8,8000,"Long",2051,1000,0,0.001,11721.3407658944,8560.19987406678,16952.3105141058,0.067,6871.78395980545,7094.54746147159,0,10610.5443357043,"I1",28,"Fcap_1.80_Besc_8000_sigmaR_0.216_SE_reference_AE_historical"
28,"I1__Fcap_1.80_Besc_8000_sigmaR_0.216_SE_reference_AE_historical",1.8,8000,"Long",2052,1000,0,0.002,11641.542381688,8612.78201114313,17101.4202316288,0.066,6892.75947798189,7122.90767946635,0,10607.7584576785,"I1",28,"Fcap_1.80_Besc_8000_sigmaR_0.216_SE_reference_AE_historical"
28,"I1__Fcap_1.80_Besc_8000_sigmaR_0.216_SE_reference_AE_historical",1.8,8000,"Long",2053,1000,0.001,0.001,11519.2619716083,8594.01678646732,17232.5644436302,0.081,6732.08683795872,7010.63192917064,0,10816.2876157857,"I1",28,"Fcap_1.80_Besc_8000_sigmaR_0.216_SE_reference_AE_historical"
28,"I1__Fcap_1.80_Besc_8000_sigmaR_0.216_SE_reference_AE_historical",1.8,8000,"Long",2054,1000,0,0.002,11528.1698736196,8553.98895258803,16704.6272065993,0.077,6783.09448611196,7026.8334371534,0,10404.1133964172,"I1",28,"Fcap_1.80_Besc_8000_sigmaR_0.216_SE_reference_AE_historical"
28,"I1__Fcap_1.80_Besc_8000_sigmaR_0.216_SE_reference_AE_historical",1.8,8000,"Full",2025,1000,0,0,12998.1627355154,11394.4725486,16100.6102473553,0,8296.38129609255,8048.27833270729,6370.05924071055,11122.0458137279,"I1",28,"Fcap_1.80_Besc_8000_sigmaR_0.216_SE_reference_AE_historical"
28,"I1__Fcap_1.80_Besc_8000_sigmaR_0.216_SE_reference_AE_historical",1.8,8000,"Full",2026,1000,0,0.001,11624.6788649798,8599.10979170801,16966.7666952026,0.085,6816.78741224244,7094.47032419859,0,10663.9668039124,"I1",28,"Fcap_1.80_Besc_8000_sigmaR_0.216_SE_reference_AE_historical"
28,"I1__Fcap_1.80_Besc_8000_sigmaR_0.216_SE_reference_AE_historical",1.8,8000,"Full",2027,1000,0,0.002,11731.1680289579,8471.959758613,17164.2666042791,0.077,6989.81932883078,7317.64744950127,0,10850.3538865731,"I1",28,"Fcap_1.80_Besc_8000_sigmaR_0.216_SE_reference_AE_historical"
28,"I1__Fcap_1.80_Besc_8000_sigmaR_0.216_SE_reference_AE_historical",1.8,8000,"Full",2028,1000,0,0,11659.7642247366,8472.9610464424,16653.6452503758,0.085,6865.98602102462,7176.80320249424,0,10465.5276685234,"I1",28,"Fcap_1.80_Besc_8000_sigmaR_0.216_SE_reference_AE_historical"
28,"I1__Fcap_1.80_Besc_8000_sigmaR_0.216_SE_reference_AE_historical",1.8,8000,"Full",2029,1000,0,0.004,11454.8071824603,8330.15954781095,16680.2267373663,0.095,6741.6065287174,7124.28052121478,0,10623.0268422026,"I1",28,"Fcap_1.80_Besc_8000_sigmaR_0.216_SE_reference_AE_historical"
28,"I1__Fcap_1.80_Besc_8000_sigmaR_0.216_SE_reference_AE_historical",1.8,8000,"Full",2030,1000,0,0.001,11495.5249612638,8443.84752312463,16910.7040244533,0.084,6695.7316588655,6986.93654520373,0,10517.8143604944,"I1",28,"Fcap_1.80_Besc_8000_sigmaR_0.216_SE_reference_AE_historical"
28,"I1__Fcap_1.80_Besc_8000_sigmaR_0.216_SE_reference_AE_historical",1.8,8000,"Full",2031,1000,0,0.001,11457.0780655485,8502.8480856675,16577.8021014269,0.083,6665.40314015427,6947.49893865576,0,10316.7592333548,"I1",28,"Fcap_1.80_Besc_8000_sigmaR_0.216_SE_reference_AE_historical"
28,"I1__Fcap_1.80_Besc_8000_sigmaR_0.216_SE_reference_AE_historical",1.8,8000,"Full",2032,1000,0,0.001,11575.1613656043,8373.65279284412,16459.1680679948,0.085,6667.12250696758,7006.82721445681,0,10213.8057912528,"I1",28,"Fcap_1.80_Besc_8000_sigmaR_0.216_SE_reference_AE_historical"
28,"I1__Fcap_1.80_Besc_8000_sigmaR_0.216_SE_reference_AE_historical",1.8,8000,"Full",2033,1000,0,0,11656.579923809,8589.06430442337,16874.740899927,0.065,6869.36999008569,7011.90091437271,0,10510.5981420453,"I1",28,"Fcap_1.80_Besc_8000_sigmaR_0.216_SE_reference_AE_historical"
28,"I1__Fcap_1.80_Besc_8000_sigmaR_0.216_SE_reference_AE_historical",1.8,8000,"Full",2034,1000,0,0.003,11621.9966154662,8592.20566024559,16769.197276226,0.067,6838.13608278509,7033.31123008091,0,10435.0683198877,"I1",28,"Fcap_1.80_Besc_8000_sigmaR_0.216_SE_reference_AE_historical"
28,"I1__Fcap_1.80_Besc_8000_sigmaR_0.216_SE_reference_AE_historical",1.8,8000,"Full",2035,1000,0,0.002,11537.9782932487,8597.05531743929,16554.4086147412,0.075,6729.38783099701,7051.51486536228,0,10451.7672571664,"I1",28,"Fcap_1.80_Besc_8000_sigmaR_0.216_SE_reference_AE_historical"
28,"I1__Fcap_1.80_Besc_8000_sigmaR_0.216_SE_reference_AE_historical",1.8,8000,"Full",2036,1000,0,0.003,11464.9170286294,8494.97641198322,16576.2597935842,0.065,6814.27180558608,7027.76993909919,0,10228.4222250207,"I1",28,"Fcap_1.80_Besc_8000_sigmaR_0.216_SE_reference_AE_historical"
28,"I1__Fcap_1.80_Besc_8000_sigmaR_0.216_SE_reference_AE_historical",1.8,8000,"Full",2037,1000,0,0.002,11547.0854928544,8476.04882655546,16105.4974243651,0.075,6681.21301400541,7050.48057022191,0,10044.8816963421,"I1",28,"Fcap_1.80_Besc_8000_sigmaR_0.216_SE_reference_AE_historical"
28,"I1__Fcap_1.80_Besc_8000_sigmaR_0.216_SE_reference_AE_historical",1.8,8000,"Full",2038,1000,0,0,11459.9258071668,8440.49200541012,16595.5518657626,0.085,6648.69349461157,6997.01927678671,0,10421.4361121147,"I1",28,"Fcap_1.80_Besc_8000_sigmaR_0.216_SE_reference_AE_historical"
28,"I1__Fcap_1.80_Besc_8000_sigmaR_0.216_SE_reference_AE_historical",1.8,8000,"Full",2039,1000,0,0,11680.2816971543,8550.04049376492,16723.9570314013,0.075,6774.62837293455,7106.28333040617,0,10391.3290803993,"I1",28,"Fcap_1.80_Besc_8000_sigmaR_0.216_SE_reference_AE_historical"
28,"I1__Fcap_1.80_Besc_8000_sigmaR_0.216_SE_reference_AE_historical",1.8,8000,"Full",2040,1000,0,0.002,11507.2335091556,8765.28955756771,16942.0714612505,0.066,6830.78839199532,7078.22859846612,0,10501.9226118187,"I1",28,"Fcap_1.80_Besc_8000_sigmaR_0.216_SE_reference_AE_historical"
28,"I1__Fcap_1.80_Besc_8000_sigmaR_0.216_SE_reference_AE_historical",1.8,8000,"Full",2041,1000,0,0.003,11564.2222990693,8516.42687240558,16965.584785738,0.088,6740.6150764664,7076.73221347238,0,10667.0242127079,"I1",28,"Fcap_1.80_Besc_8000_sigmaR_0.216_SE_reference_AE_historical"
28,"I1__Fcap_1.80_Besc_8000_sigmaR_0.216_SE_reference_AE_historical",1.8,8000,"Full",2042,1000,0,0.003,11676.0113432003,8453.81148801792,16736.4406579092,0.083,6763.81195865393,7122.64591132876,0,10393.5209062253,"I1",28,"Fcap_1.80_Besc_8000_sigmaR_0.216_SE_reference_AE_historical"
28,"I1__Fcap_1.80_Besc_8000_sigmaR_0.216_SE_reference_AE_historical",1.8,8000,"Full",2043,1000,0,0.001,11372.2096646721,8637.59177076643,16194.2076446021,0.07,6731.52157542114,7008.26113908093,0,10258.69030515,"I1",28,"Fcap_1.80_Besc_8000_sigmaR_0.216_SE_reference_AE_historical"
28,"I1__Fcap_1.80_Besc_8000_sigmaR_0.216_SE_reference_AE_historical",1.8,8000,"Full",2044,1000,0,0,11514.1565861519,8561.21382343021,16374.1462871984,0.074,6772.61598670858,7019.26415948967,0,10320.3088445516,"I1",28,"Fcap_1.80_Besc_8000_sigmaR_0.216_SE_reference_AE_historical"
28,"I1__Fcap_1.80_Besc_8000_sigmaR_0.216_SE_reference_AE_historical",1.8,8000,"Full",2045,1000,0,0.003,11500.0680247185,8457.62987785998,16763.014828436,0.065,6814.54432335977,7122.18260370481,0,10372.5799863861,"I1",28,"Fcap_1.80_Besc_8000_sigmaR_0.216_SE_reference_AE_historical"
28,"I1__Fcap_1.80_Besc_8000_sigmaR_0.216_SE_reference_AE_historical",1.8,8000,"Full",2046,1000,0,0.002,11502.7622746078,8511.55910335365,16608.8689167638,0.088,6682.80680539369,6964.72468109813,0,10575.8660613608,"I1",28,"Fcap_1.80_Besc_8000_sigmaR_0.216_SE_reference_AE_historical"
28,"I1__Fcap_1.80_Besc_8000_sigmaR_0.216_SE_reference_AE_historical",1.8,8000,"Full",2047,1000,0,0.001,11708.7058348989,8730.93804799478,17222.9047498499,0.065,6915.58303262641,7097.1728786103,0,10703.9182535079,"I1",28,"Fcap_1.80_Besc_8000_sigmaR_0.216_SE_reference_AE_historical"
28,"I1__Fcap_1.80_Besc_8000_sigmaR_0.216_SE_reference_AE_historical",1.8,8000,"Full",2048,1000,0,0.001,11615.1582052253,8464.26210476801,16847.3043234537,0.092,6782.37088407528,7078.28420325633,0,10564.5595924867,"I1",28,"Fcap_1.80_Besc_8000_sigmaR_0.216_SE_reference_AE_historical"
28,"I1__Fcap_1.80_Besc_8000_sigmaR_0.216_SE_reference_AE_historical",1.8,8000,"Full",2049,1000,0,0.002,11526.3523996157,8487.42434118003,16675.8034978809,0.073,6721.58770414336,7032.76329807475,0,10423.9363842493,"I1",28,"Fcap_1.80_Besc_8000_sigmaR_0.216_SE_reference_AE_historical"
28,"I1__Fcap_1.80_Besc_8000_sigmaR_0.216_SE_reference_AE_historical",1.8,8000,"Full",2050,1000,0,0.002,11802.3002027863,8511.93910948956,17383.4230659288,0.074,6902.2237189592,7220.12542946872,0,10791.5688377028,"I1",28,"Fcap_1.80_Besc_8000_sigmaR_0.216_SE_reference_AE_historical"
28,"I1__Fcap_1.80_Besc_8000_sigmaR_0.216_SE_reference_AE_historical",1.8,8000,"Full",2051,1000,0,0.001,11721.3407658944,8560.19987406678,16952.3105141058,0.067,6871.78395980545,7094.54746147159,0,10610.5443357043,"I1",28,"Fcap_1.80_Besc_8000_sigmaR_0.216_SE_reference_AE_historical"
28,"I1__Fcap_1.80_Besc_8000_sigmaR_0.216_SE_reference_AE_historical",1.8,8000,"Full",2052,1000,0,0.002,11641.542381688,8612.78201114313,17101.4202316288,0.066,6892.75947798189,7122.90767946635,0,10607.7584576785,"I1",28,"Fcap_1.80_Besc_8000_sigmaR_0.216_SE_reference_AE_historical"
28,"I1__Fcap_1.80_Besc_8000_sigmaR_0.216_SE_reference_AE_historical",1.8,8000,"Full",2053,1000,0.001,0.001,11519.2619716083,8594.01678646732,17232.5644436302,0.081,6732.08683795872,7010.63192917064,0,10816.2876157857,"I1",28,"Fcap_1.80_Besc_8000_sigmaR_0.216_SE_reference_AE_historical"
28,"I1__Fcap_1.80_Besc_8000_sigmaR_0.216_SE_reference_AE_historical",1.8,8000,"Full",2054,1000,0,0.002,11528.1698736196,8553.98895258803,16704.6272065993,0.077,6783.09448611196,7026.8334371534,0,10404.1133964172,"I1",28,"Fcap_1.80_Besc_8000_sigmaR_0.216_SE_reference_AE_historical"
