"scenario_number","scenario_id","Fcap","Besc","horizon","year","n","P_Blim","P_Bpa","SSB_median","SSB_p05","SSB_p95","P_closed","mean_catch","median_catch","p05_catch","p95_catch","robustness_id","reference_scenario_number","reference_scenario_id"
9,"I0__Fcap_1.50_Besc_5000_sigmaR_0.216_SE_reference_AE_historical",1.5,5000,"Short",2025,1000,0,0,13112.3826936268,11525.0829226642,16244.7512179728,0,7319.68140612105,7014.79075510456,5666.89694745892,9809.62408720058,"I0",9,"Fcap_1.50_Besc_5000_sigmaR_0.216_SE_reference_AE_historical"
9,"I0__Fcap_1.50_Besc_5000_sigmaR_0.216_SE_reference_AE_historical",1.5,5000,"Short",2026,1000,0,0.001,12079.090405533,8575.69015729722,17675.7374980103,0,6763.75932343245,6539.82433378839,4531.32873395111,9790.12816950539,"I0",9,"Fcap_1.50_Besc_5000_sigmaR_0.216_SE_reference_AE_historical"
9,"I0__Fcap_1.50_Besc_5000_sigmaR_0.216_SE_reference_AE_historical",1.5,5000,"Short",2027,1000,0,0.003,11963.7966801438,8161.64782505619,17736.8099142724,0,6713.59802274369,6475.10333742076,4334.4589317651,9876.11330599943,"I0",9,"Fcap_1.50_Besc_5000_sigmaR_0.216_SE_reference_AE_historical"
9,"I0__Fcap_1.50_Besc_5000_sigmaR_0.216_SE_reference_AE_historical",1.5,5000,"Short",2028,1000,0,0.003,11982.8761521666,8214.52266068753,17225.5932248619,0,6644.76238509564,6505.66726728604,4365.55078129514,9449.89770705893,"I0",9,"Fcap_1.50_Besc_5000_sigmaR_0.216_SE_reference_AE_historical"
9,"I0__Fcap_1.50_Besc_5000_sigmaR_0.216_SE_reference_AE_historical",1.5,5000,"Short",2029,1000,0,0.006,11726.369102312,7883.99549514526,17257.072441837,0,6545.58424635739,6348.79790395918,4342.03568610879,9531.8093539932,"I0",9,"Fcap_1.50_Besc_5000_sigmaR_0.216_SE_reference_AE_historical"
9,"I0__Fcap_1.50_Besc_5000_sigmaR_0.216_SE_reference_AE_historical",1.5,5000,"Short",2030,1000,0,0.002,11778.4486415329,8032.45206164791,17545.7511863363,0,6466.64822311306,6203.17938764435,4270.2959715477,9510.61730059915,"I0",9,"Fcap_1.50_Besc_5000_sigmaR_0.216_SE_reference_AE_historical"
9,"I0__Fcap_1.50_Besc_5000_sigmaR_0.216_SE_reference_AE_historical",1.5,5000,"Short",2031,1000,0,0.003,11607.986353799,8190.74187709439,17110.396844261,0,6436.60401342665,6223.94516086502,4361.26629120151,9172.01307604446,"I0",9,"Fcap_1.50_Besc_5000_sigmaR_0.216_SE_reference_AE_historical"
9,"I0__Fcap_1.50_Besc_5000_sigmaR_0.216_SE_reference_AE_historical",1.5,5000,"Short",2032,1000,0,0.003,11858.9736247767,7941.4557549986,16750.2947068606,0,6469.42551594836,6328.03855409427,4160.06411063627,9065.48595887438,"I0",9,"Fcap_1.50_Besc_5000_sigmaR_0.216_SE_reference_AE_historical"
9,"I0__Fcap_1.50_Besc_5000_sigmaR_0.216_SE_reference_AE_historical",1.5,5000,"Short",2033,1000,0,0.002,11868.0501432405,8073.69860818956,17249.3348004161,0.001,6550.59510437609,6372.15733456811,4455.41025207157,9494.41410729711,"I0",9,"Fcap_1.50_Besc_5000_sigmaR_0.216_SE_reference_AE_historical"
9,"I0__Fcap_1.50_Besc_5000_sigmaR_0.216_SE_reference_AE_historical",1.5,5000,"Short",2034,1000,0,0.004,11907.6067291961,8306.4210080835,17357.8937630091,0.001,6577.55072282026,6385.32966044779,4384.35065132943,9422.10936486367,"I0",9,"Fcap_1.50_Besc_5000_sigmaR_0.216_SE_reference_AE_historical"
9,"I0__Fcap_1.50_Besc_5000_sigmaR_0.216_SE_reference_AE_historical",1.5,5000,"Medium",2035,1000,0,0.003,11889.6586695714,8090.01897434289,17055.4366008078,0,6502.22896984777,6334.26888550337,4294.58872681458,9252.46600175302,"I0",9,"Fcap_1.50_Besc_5000_sigmaR_0.216_SE_reference_AE_historical"
9,"I0__Fcap_1.50_Besc_5000_sigmaR_0.216_SE_reference_AE_historical",1.5,5000,"Medium",2036,1000,0,0.006,11733.5154303904,8137.73963152541,17015.5180739867,0,6500.10515496797,6281.72880669715,4324.34659369371,9282.72563081336,"I0",9,"Fcap_1.50_Besc_5000_sigmaR_0.216_SE_reference_AE_historical"
9,"I0__Fcap_1.50_Besc_5000_sigmaR_0.216_SE_reference_AE_historical",1.5,5000,"Medium",2037,1000,0,0.006,11806.3972154562,8074.83239987676,16563.1879125151,0,6449.99075884692,6356.26140655461,4331.23572620441,9093.80141940662,"I0",9,"Fcap_1.50_Besc_5000_sigmaR_0.216_SE_reference_AE_historical"
9,"I0__Fcap_1.50_Besc_5000_sigmaR_0.216_SE_reference_AE_historical",1.5,5000,"Medium",2038,1000,0,0.001,11619.2863535335,8088.73242986456,17232.4631148401,0,6468.52672798378,6241.76183821818,4278.73194105011,9491.04979039509,"I0",9,"Fcap_1.50_Besc_5000_sigmaR_0.216_SE_reference_AE_historical"
9,"I0__Fcap_1.50_Besc_5000_sigmaR_0.216_SE_reference_AE_historical",1.5,5000,"Medium",2039,1000,0,0.004,11880.9459202153,8112.68348807974,17311.536199308,0,6521.52542601376,6363.5499537974,4317.41651209891,9262.27332522527,"I0",9,"Fcap_1.50_Besc_5000_sigmaR_0.216_SE_reference_AE_historical"
9,"I0__Fcap_1.50_Besc_5000_sigmaR_0.216_SE_reference_AE_historical",1.5,5000,"Medium",2040,1000,0,0.005,11758.2050284721,8360.4978462435,17407.3314763883,0,6536.27166344549,6346.90335935168,4519.14678629395,9476.43571507266,"I0",9,"Fcap_1.50_Besc_5000_sigmaR_0.216_SE_reference_AE_historical"
9,"I0__Fcap_1.50_Besc_5000_sigmaR_0.216_SE_reference_AE_historical",1.5,5000,"Medium",2041,1000,0,0.007,11858.9061539696,8075.12895228571,17540.0379725671,0.001,6539.85749546532,6324.80926172793,4330.24053930207,9500.18100415686,"I0",9,"Fcap_1.50_Besc_5000_sigmaR_0.216_SE_reference_AE_historical"
9,"I0__Fcap_1.50_Besc_5000_sigmaR_0.216_SE_reference_AE_historical",1.5,5000,"Medium",2042,1000,0,0.005,11914.2454004323,7962.08840791833,17333.9270706054,0,6533.38865668329,6310.14654237692,4352.21478354972,9477.86765187301,"I0",9,"Fcap_1.50_Besc_5000_sigmaR_0.216_SE_reference_AE_historical"
9,"I0__Fcap_1.50_Besc_5000_sigmaR_0.216_SE_reference_AE_historical",1.5,5000,"Medium",2043,1000,0,0.003,11666.3917378717,8283.3874148801,16751.7671085234,0.001,6453.66085980116,6271.06290180314,4399.65676603869,9032.12283853679,"I0",9,"Fcap_1.50_Besc_5000_sigmaR_0.216_SE_reference_AE_historical"
9,"I0__Fcap_1.50_Besc_5000_sigmaR_0.216_SE_reference_AE_historical",1.5,5000,"Medium",2044,1000,0,0.004,11768.1881838703,8218.52974355834,16903.6511188689,0,6520.54601507333,6345.10845054367,4333.49933871788,9365.20728271403,"I0",9,"Fcap_1.50_Besc_5000_sigmaR_0.216_SE_reference_AE_historical"
9,"I0__Fcap_1.50_Besc_5000_sigmaR_0.216_SE_reference_AE_historical",1.5,5000,"Long",2045,1000,0,0.004,11689.7090558975,8306.39647716649,17279.8466690671,0,6507.04798582769,6359.59511274518,4308.38608068673,9332.79181920577,"I0",9,"Fcap_1.50_Besc_5000_sigmaR_0.216_SE_reference_AE_historical"
9,"I0__Fcap_1.50_Besc_5000_sigmaR_0.216_SE_reference_AE_historical",1.5,5000,"Long",2046,1000,0,0.003,11817.2779948897,8108.64080474442,17029.3660637084,0,6541.27299267345,6261.97218124058,4412.62418699297,9458.5368612222,"I0",9,"Fcap_1.50_Besc_5000_sigmaR_0.216_SE_reference_AE_historical"
9,"I0__Fcap_1.50_Besc_5000_sigmaR_0.216_SE_reference_AE_historical",1.5,5000,"Long",2047,1000,0,0.004,11967.3594073379,8244.87874049445,17636.471460974,0,6613.06392353903,6346.22802041721,4449.0009808398,9637.47542381807,"I0",9,"Fcap_1.50_Besc_5000_sigmaR_0.216_SE_reference_AE_historical"
9,"I0__Fcap_1.50_Besc_5000_sigmaR_0.216_SE_reference_AE_historical",1.5,5000,"Long",2048,1000,0,0.004,11926.7093306258,7959.24844031159,17425.805381865,0,6575.46809922169,6410.99662595058,4381.52655531946,9515.27756350242,"I0",9,"Fcap_1.50_Besc_5000_sigmaR_0.216_SE_reference_AE_historical"
9,"I0__Fcap_1.50_Besc_5000_sigmaR_0.216_SE_reference_AE_historical",1.5,5000,"Long",2049,1000,0,0.003,11713.6910410316,8064.72206347115,17412.0939098298,0,6488.99144904335,6296.53971867411,4309.39875359945,9600.67126856622,"I0",9,"Fcap_1.50_Besc_5000_sigmaR_0.216_SE_reference_AE_historical"
9,"I0__Fcap_1.50_Besc_5000_sigmaR_0.216_SE_reference_AE_historical",1.5,5000,"Long",2050,1000,0,0.005,12009.0227767136,8285.92889464126,17755.5775494921,0.001,6636.93685950602,6458.58750397753,4309.00417039155,9633.23742599763,"I0",9,"Fcap_1.50_Besc_5000_sigmaR_0.216_SE_reference_AE_historical"
9,"I0__Fcap_1.50_Besc_5000_sigmaR_0.216_SE_reference_AE_historical",1.5,5000,"Long",2051,1000,0,0.004,12011.7622957445,8175.03271745345,17420.5064168782,0,6589.02328447514,6390.21996292486,4299.61565561321,9539.49951833001,"I0",9,"Fcap_1.50_Besc_5000_sigmaR_0.216_SE_reference_AE_historical"
9,"I0__Fcap_1.50_Besc_5000_sigmaR_0.216_SE_reference_AE_historical",1.5,5000,"Long",2052,1000,0,0.005,11892.7946775789,8230.27936779502,17439.057071072,0,6587.74362894804,6341.13076433052,4386.15947272505,9564.39547750204,"I0",9,"Fcap_1.50_Besc_5000_sigmaR_0.216_SE_reference_AE_historical"
9,"I0__Fcap_1.50_Besc_5000_sigmaR_0.216_SE_reference_AE_historical",1.5,5000,"Long",2053,1000,0,0.001,11797.7022837074,8254.05035806317,17628.317433945,0,6558.85129255831,6330.15720985792,4404.24688157541,9542.88891314804,"I0",9,"Fcap_1.50_Besc_5000_sigmaR_0.216_SE_reference_AE_historical"
9,"I0__Fcap_1.50_Besc_5000_sigmaR_0.216_SE_reference_AE_historical",1.5,5000,"Long",2054,1000,0,0.006,11748.2072141269,8112.82432804737,17389.8469462214,0,6521.09743842938,6272.8384282906,4330.22752390936,9361.85902572167,"I0",9,"Fcap_1.50_Besc_5000_sigmaR_0.216_SE_reference_AE_historical"
9,"I0__Fcap_1.50_Besc_5000_sigmaR_0.216_SE_reference_AE_historical",1.5,5000,"Full",2025,1000,0,0,13112.3826936268,11525.0829226642,16244.7512179728,0,7319.68140612105,7014.79075510456,5666.89694745892,9809.62408720058,"I0",9,"Fcap_1.50_Besc_5000_sigmaR_0.216_SE_reference_AE_historical"
9,"I0__Fcap_1.50_Besc_5000_sigmaR_0.216_SE_reference_AE_historical",1.5,5000,"Full",2026,1000,0,0.001,12079.090405533,8575.69015729722,17675.7374980103,0,6763.75932343245,6539.82433378839,4531.32873395111,9790.12816950539,"I0",9,"Fcap_1.50_Besc_5000_sigmaR_0.216_SE_reference_AE_historical"
9,"I0__Fcap_1.50_Besc_5000_sigmaR_0.216_SE_reference_AE_historical",1.5,5000,"Full",2027,1000,0,0.003,11963.7966801438,8161.64782505619,17736.8099142724,0,6713.59802274369,6475.10333742076,4334.4589317651,9876.11330599943,"I0",9,"Fcap_1.50_Besc_5000_sigmaR_0.216_SE_reference_AE_historical"
9,"I0__Fcap_1.50_Besc_5000_sigmaR_0.216_SE_reference_AE_historical",1.5,5000,"Full",2028,1000,0,0.003,11982.8761521666,8214.52266068753,17225.5932248619,0,6644.76238509564,6505.66726728604,4365.55078129514,9449.89770705893,"I0",9,"Fcap_1.50_Besc_5000_sigmaR_0.216_SE_reference_AE_historical"
9,"I0__Fcap_1.50_Besc_5000_sigmaR_0.216_SE_reference_AE_historical",1.5,5000,"Full",2029,1000,0,0.006,11726.369102312,7883.99549514526,17257.072441837,0,6545.58424635739,6348.79790395918,4342.03568610879,9531.8093539932,"I0",9,"Fcap_1.50_Besc_5000_sigmaR_0.216_SE_reference_AE_historical"
9,"I0__Fcap_1.50_Besc_5000_sigmaR_0.216_SE_reference_AE_historical",1.5,5000,"Full",2030,1000,0,0.002,11778.4486415329,8032.45206164791,17545.7511863363,0,6466.64822311306,6203.17938764435,4270.2959715477,9510.61730059915,"I0",9,"Fcap_1.50_Besc_5000_sigmaR_0.216_SE_reference_AE_historical"
9,"I0__Fcap_1.50_Besc_5000_sigmaR_0.216_SE_reference_AE_historical",1.5,5000,"Full",2031,1000,0,0.003,11607.986353799,8190.74187709439,17110.396844261,0,6436.60401342665,6223.94516086502,4361.26629120151,9172.01307604446,"I0",9,"Fcap_1.50_Besc_5000_sigmaR_0.216_SE_reference_AE_historical"
9,"I0__Fcap_1.50_Besc_5000_sigmaR_0.216_SE_reference_AE_historical",1.5,5000,"Full",2032,1000,0,0.003,11858.9736247767,7941.4557549986,16750.2947068606,0,6469.42551594836,6328.03855409427,4160.06411063627,9065.48595887438,"I0",9,"Fcap_1.50_Besc_5000_sigmaR_0.216_SE_reference_AE_historical"
9,"I0__Fcap_1.50_Besc_5000_sigmaR_0.216_SE_reference_AE_historical",1.5,5000,"Full",2033,1000,0,0.002,11868.0501432405,8073.69860818956,17249.3348004161,0.001,6550.59510437609,6372.15733456811,4455.41025207157,9494.41410729711,"I0",9,"Fcap_1.50_Besc_5000_sigmaR_0.216_SE_reference_AE_historical"
9,"I0__Fcap_1.50_Besc_5000_sigmaR_0.216_SE_reference_AE_historical",1.5,5000,"Full",2034,1000,0,0.004,11907.6067291961,8306.4210080835,17357.8937630091,0.001,6577.55072282026,6385.32966044779,4384.35065132943,9422.10936486367,"I0",9,"Fcap_1.50_Besc_5000_sigmaR_0.216_SE_reference_AE_historical"
9,"I0__Fcap_1.50_Besc_5000_sigmaR_0.216_SE_reference_AE_historical",1.5,5000,"Full",2035,1000,0,0.003,11889.6586695714,8090.01897434289,17055.4366008078,0,6502.22896984777,6334.26888550337,4294.58872681458,9252.46600175302,"I0",9,"Fcap_1.50_Besc_5000_sigmaR_0.216_SE_reference_AE_historical"
9,"I0__Fcap_1.50_Besc_5000_sigmaR_0.216_SE_reference_AE_historical",1.5,5000,"Full",2036,1000,0,0.006,11733.5154303904,8137.73963152541,17015.5180739867,0,6500.10515496797,6281.72880669715,4324.34659369371,9282.72563081336,"I0",9,"Fcap_1.50_Besc_5000_sigmaR_0.216_SE_reference_AE_historical"
9,"I0__Fcap_1.50_Besc_5000_sigmaR_0.216_SE_reference_AE_historical",1.5,5000,"Full",2037,1000,0,0.006,11806.3972154562,8074.83239987676,16563.1879125151,0,6449.99075884692,6356.26140655461,4331.23572620441,9093.80141940662,"I0",9,"Fcap_1.50_Besc_5000_sigmaR_0.216_SE_reference_AE_historical"
9,"I0__Fcap_1.50_Besc_5000_sigmaR_0.216_SE_reference_AE_historical",1.5,5000,"Full",2038,1000,0,0.001,11619.2863535335,8088.73242986456,17232.4631148401,0,6468.52672798378,6241.76183821818,4278.73194105011,9491.04979039509,"I0",9,"Fcap_1.50_Besc_5000_sigmaR_0.216_SE_reference_AE_historical"
9,"I0__Fcap_1.50_Besc_5000_sigmaR_0.216_SE_reference_AE_historical",1.5,5000,"Full",2039,1000,0,0.004,11880.9459202153,8112.68348807974,17311.536199308,0,6521.52542601376,6363.5499537974,4317.41651209891,9262.27332522527,"I0",9,"Fcap_1.50_Besc_5000_sigmaR_0.216_SE_reference_AE_historical"
9,"I0__Fcap_1.50_Besc_5000_sigmaR_0.216_SE_reference_AE_historical",1.5,5000,"Full",2040,1000,0,0.005,11758.2050284721,8360.4978462435,17407.3314763883,0,6536.27166344549,6346.90335935168,4519.14678629395,9476.43571507266,"I0",9,"Fcap_1.50_Besc_5000_sigmaR_0.216_SE_reference_AE_historical"
9,"I0__Fcap_1.50_Besc_5000_sigmaR_0.216_SE_reference_AE_historical",1.5,5000,"Full",2041,1000,0,0.007,11858.9061539696,8075.12895228571,17540.0379725671,0.001,6539.85749546532,6324.80926172793,4330.24053930207,9500.18100415686,"I0",9,"Fcap_1.50_Besc_5000_sigmaR_0.216_SE_reference_AE_historical"
9,"I0__Fcap_1.50_Besc_5000_sigmaR_0.216_SE_reference_AE_historical",1.5,5000,"Full",2042,1000,0,0.005,11914.2454004323,7962.08840791833,17333.9270706054,0,6533.38865668329,6310.14654237692,4352.21478354972,9477.86765187301,"I0",9,"Fcap_1.50_Besc_5000_sigmaR_0.216_SE_reference_AE_historical"
9,"I0__Fcap_1.50_Besc_5000_sigmaR_0.216_SE_reference_AE_historical",1.5,5000,"Full",2043,1000,0,0.003,11666.3917378717,8283.3874148801,16751.7671085234,0.001,6453.66085980116,6271.06290180314,4399.65676603869,9032.12283853679,"I0",9,"Fcap_1.50_Besc_5000_sigmaR_0.216_SE_reference_AE_historical"
9,"I0__Fcap_1.50_Besc_5000_sigmaR_0.216_SE_reference_AE_historical",1.5,5000,"Full",2044,1000,0,0.004,11768.1881838703,8218.52974355834,16903.6511188689,0,6520.54601507333,6345.10845054367,4333.49933871788,9365.20728271403,"I0",9,"Fcap_1.50_Besc_5000_sigmaR_0.216_SE_reference_AE_historical"
9,"I0__Fcap_1.50_Besc_5000_sigmaR_0.216_SE_reference_AE_historical",1.5,5000,"Full",2045,1000,0,0.004,11689.7090558975,8306.39647716649,17279.8466690671,0,6507.04798582769,6359.59511274518,4308.38608068673,9332.79181920577,"I0",9,"Fcap_1.50_Besc_5000_sigmaR_0.216_SE_reference_AE_historical"
9,"I0__Fcap_1.50_Besc_5000_sigmaR_0.216_SE_reference_AE_historical",1.5,5000,"Full",2046,1000,0,0.003,11817.2779948897,8108.64080474442,17029.3660637084,0,6541.27299267345,6261.97218124058,4412.62418699297,9458.5368612222,"I0",9,"Fcap_1.50_Besc_5000_sigmaR_0.216_SE_reference_AE_historical"
9,"I0__Fcap_1.50_Besc_5000_sigmaR_0.216_SE_reference_AE_historical",1.5,5000,"Full",2047,1000,0,0.004,11967.3594073379,8244.87874049445,17636.471460974,0,6613.06392353903,6346.22802041721,4449.0009808398,9637.47542381807,"I0",9,"Fcap_1.50_Besc_5000_sigmaR_0.216_SE_reference_AE_historical"
9,"I0__Fcap_1.50_Besc_5000_sigmaR_0.216_SE_reference_AE_historical",1.5,5000,"Full",2048,1000,0,0.004,11926.7093306258,7959.24844031159,17425.805381865,0,6575.46809922169,6410.99662595058,4381.52655531946,9515.27756350242,"I0",9,"Fcap_1.50_Besc_5000_sigmaR_0.216_SE_reference_AE_historical"
9,"I0__Fcap_1.50_Besc_5000_sigmaR_0.216_SE_reference_AE_historical",1.5,5000,"Full",2049,1000,0,0.003,11713.6910410316,8064.72206347115,17412.0939098298,0,6488.99144904335,6296.53971867411,4309.39875359945,9600.67126856622,"I0",9,"Fcap_1.50_Besc_5000_sigmaR_0.216_SE_reference_AE_historical"
9,"I0__Fcap_1.50_Besc_5000_sigmaR_0.216_SE_reference_AE_historical",1.5,5000,"Full",2050,1000,0,0.005,12009.0227767136,8285.92889464126,17755.5775494921,0.001,6636.93685950602,6458.58750397753,4309.00417039155,9633.23742599763,"I0",9,"Fcap_1.50_Besc_5000_sigmaR_0.216_SE_reference_AE_historical"
9,"I0__Fcap_1.50_Besc_5000_sigmaR_0.216_SE_reference_AE_historical",1.5,5000,"Full",2051,1000,0,0.004,12011.7622957445,8175.03271745345,17420.5064168782,0,6589.02328447514,6390.21996292486,4299.61565561321,9539.49951833001,"I0",9,"Fcap_1.50_Besc_5000_sigmaR_0.216_SE_reference_AE_historical"
9,"I0__Fcap_1.50_Besc_5000_sigmaR_0.216_SE_reference_AE_historical",1.5,5000,"Full",2052,1000,0,0.005,11892.7946775789,8230.27936779502,17439.057071072,0,6587.74362894804,6341.13076433052,4386.15947272505,9564.39547750204,"I0",9,"Fcap_1.50_Besc_5000_sigmaR_0.216_SE_reference_AE_historical"
9,"I0__Fcap_1.50_Besc_5000_sigmaR_0.216_SE_reference_AE_historical",1.5,5000,"Full",2053,1000,0,0.001,11797.7022837074,8254.05035806317,17628.317433945,0,6558.85129255831,6330.15720985792,4404.24688157541,9542.88891314804,"I0",9,"Fcap_1.50_Besc_5000_sigmaR_0.216_SE_reference_AE_historical"
9,"I0__Fcap_1.50_Besc_5000_sigmaR_0.216_SE_reference_AE_historical",1.5,5000,"Full",2054,1000,0,0.006,11748.2072141269,8112.82432804737,17389.8469462214,0,6521.09743842938,6272.8384282906,4330.22752390936,9361.85902572167,"I0",9,"Fcap_1.50_Besc_5000_sigmaR_0.216_SE_reference_AE_historical"
10,"I0__Fcap_1.50_Besc_6561_sigmaR_0.216_SE_reference_AE_historical",1.5,6561,"Short",2025,1000,0,0,13112.3826936268,11525.0829226642,16244.7512179728,0,7319.68140612105,7014.79075510456,5666.89694745892,9809.62408720058,"I0",10,"Fcap_1.50_Besc_6561_sigmaR_0.216_SE_reference_AE_historical"
10,"I0__Fcap_1.50_Besc_6561_sigmaR_0.216_SE_reference_AE_historical",1.5,6561,"Short",2026,1000,0,0,12079.090405533,8575.69015729722,17675.7374980103,0.001,6752.53263209557,6539.82433378839,4531.32873395111,9790.12816950539,"I0",10,"Fcap_1.50_Besc_6561_sigmaR_0.216_SE_reference_AE_historical"
10,"I0__Fcap_1.50_Besc_6561_sigmaR_0.216_SE_reference_AE_historical",1.5,6561,"Short",2027,1000,0,0.001,11963.7966801438,8176.06715821311,17736.8308887934,0.005,6691.6355467564,6477.79302341895,4334.4589317651,9876.11330599943,"I0",10,"Fcap_1.50_Besc_6561_sigmaR_0.216_SE_reference_AE_historical"
10,"I0__Fcap_1.50_Besc_6561_sigmaR_0.216_SE_reference_AE_historical",1.5,6561,"Short",2028,1000,0,0.001,11989.6165602996,8230.44992153816,17225.8180700343,0.004,6623.9033277226,6509.31463799277,4427.74503498343,9449.85628709803,"I0",10,"Fcap_1.50_Besc_6561_sigmaR_0.216_SE_reference_AE_historical"
10,"I0__Fcap_1.50_Besc_6561_sigmaR_0.216_SE_reference_AE_historical",1.5,6561,"Short",2029,1000,0,0.005,11728.1189306275,7921.21571554069,17257.1071788444,0.008,6502.89713779141,6350.11836153027,4317.73771752949,9541.53831625181,"I0",10,"Fcap_1.50_Besc_6561_sigmaR_0.216_SE_reference_AE_historical"
10,"I0__Fcap_1.50_Besc_6561_sigmaR_0.216_SE_reference_AE_historical",1.5,6561,"Short",2030,1000,0,0.001,11785.4469586976,8162.1330271447,17546.6806462401,0.007,6441.32677725471,6207.56097341362,4248.96706949454,9552.88719898701,"I0",10,"Fcap_1.50_Besc_6561_sigmaR_0.216_SE_reference_AE_historical"
10,"I0__Fcap_1.50_Besc_6561_sigmaR_0.216_SE_reference_AE_historical",1.5,6561,"Short",2031,1000,0,0.001,11624.2612530499,8232.15438483217,17109.9121672555,0.004,6416.4182350434,6247.06541262482,4326.95526230379,9172.52505896374,"I0",10,"Fcap_1.50_Besc_6561_sigmaR_0.216_SE_reference_AE_historical"
10,"I0__Fcap_1.50_Besc_6561_sigmaR_0.216_SE_reference_AE_historical",1.5,6561,"Short",2032,1000,0,0.001,11897.7880761033,7973.22445169923,16747.8706337829,0.005,6437.52341758078,6345.64477354172,4102.14599719839,9092.50005800288,"I0",10,"Fcap_1.50_Besc_6561_sigmaR_0.216_SE_reference_AE_historical"
10,"I0__Fcap_1.50_Besc_6561_sigmaR_0.216_SE_reference_AE_historical",1.5,6561,"Short",2033,1000,0,0.001,11878.2198320134,8127.84969082277,17257.1575575062,0.008,6528.16326670856,6377.76253227424,4485.55633294264,9496.51762097594,"I0",10,"Fcap_1.50_Besc_6561_sigmaR_0.216_SE_reference_AE_historical"
10,"I0__Fcap_1.50_Besc_6561_sigmaR_0.216_SE_reference_AE_historical",1.5,6561,"Short",2034,1000,0,0.003,11916.2321419567,8352.90788176948,17355.692336513,0.008,6549.88539085063,6393.70020576719,4368.95389302919,9415.23002909136,"I0",10,"Fcap_1.50_Besc_6561_sigmaR_0.216_SE_reference_AE_historical"
10,"I0__Fcap_1.50_Besc_6561_sigmaR_0.216_SE_reference_AE_historical",1.5,6561,"Medium",2035,1000,0,0.001,11912.0792966013,8175.71019652776,17050.219638227,0.005,6468.42466998935,6357.9400412248,4196.94752721047,9255.59924443691,"I0",10,"Fcap_1.50_Besc_6561_sigmaR_0.216_SE_reference_AE_historical"
10,"I0__Fcap_1.50_Besc_6561_sigmaR_0.216_SE_reference_AE_historical",1.5,6561,"Medium",2036,1000,0,0.001,11753.9026735574,8178.18451812874,17027.5196569622,0.007,6477.78907510095,6288.87716326781,4325.60014973127,9292.38977339107,"I0",10,"Fcap_1.50_Besc_6561_sigmaR_0.216_SE_reference_AE_historical"
10,"I0__Fcap_1.50_Besc_6561_sigmaR_0.216_SE_reference_AE_historical",1.5,6561,"Medium",2037,1000,0,0.002,11837.0977001231,8172.01327760158,16572.0435102641,0.007,6428.22765178407,6374.27668052781,4359.12438081665,9096.14167404262,"I0",10,"Fcap_1.50_Besc_6561_sigmaR_0.216_SE_reference_AE_historical"
10,"I0__Fcap_1.50_Besc_6561_sigmaR_0.216_SE_reference_AE_historical",1.5,6561,"Medium",2038,1000,0,0,11662.7621214283,8102.63463028454,17231.511867903,0.005,6444.48331502633,6258.99623303156,4253.432681146,9530.70873141764,"I0",10,"Fcap_1.50_Besc_6561_sigmaR_0.216_SE_reference_AE_historical"
10,"I0__Fcap_1.50_Besc_6561_sigmaR_0.216_SE_reference_AE_historical",1.5,6561,"Medium",2039,1000,0,0.002,11896.659272611,8144.15058420295,17314.1119501665,0.009,6481.89817429863,6363.16399655195,4315.17454888072,9290.82690524775,"I0",10,"Fcap_1.50_Besc_6561_sigmaR_0.216_SE_reference_AE_historical"
10,"I0__Fcap_1.50_Besc_6561_sigmaR_0.216_SE_reference_AE_historical",1.5,6561,"Medium",2040,1000,0,0,11788.0412699251,8435.29338978646,17432.0751984555,0.006,6518.65547566872,6351.12186615149,4517.26645526103,9474.01413001007,"I0",10,"Fcap_1.50_Besc_6561_sigmaR_0.216_SE_reference_AE_historical"
10,"I0__Fcap_1.50_Besc_6561_sigmaR_0.216_SE_reference_AE_historical",1.5,6561,"Medium",2041,1000,0,0.002,11885.088746345,8169.12201765645,17541.8373348901,0.008,6510.85166265391,6338.03846052428,4287.21380067814,9498.92560825249,"I0",10,"Fcap_1.50_Besc_6561_sigmaR_0.216_SE_reference_AE_historical"
10,"I0__Fcap_1.50_Besc_6561_sigmaR_0.216_SE_reference_AE_historical",1.5,6561,"Medium",2042,1000,0,0.001,11925.5533660416,8041.25250171111,17337.0147779936,0.005,6510.11023478093,6334.31229260571,4320.93264101548,9467.51032434938,"I0",10,"Fcap_1.50_Besc_6561_sigmaR_0.216_SE_reference_AE_historical"
10,"I0__Fcap_1.50_Besc_6561_sigmaR_0.216_SE_reference_AE_historical",1.5,6561,"Medium",2043,1000,0,0.001,11681.7121794662,8372.67514782052,16750.0673142844,0.005,6442.66157021633,6278.74966364695,4413.69464651509,9047.91424229821,"I0",10,"Fcap_1.50_Besc_6561_sigmaR_0.216_SE_reference_AE_historical"
10,"I0__Fcap_1.50_Besc_6561_sigmaR_0.216_SE_reference_AE_historical",1.5,6561,"Medium",2044,1000,0,0.003,11769.5947587078,8278.95438329389,16911.0483287096,0.006,6495.23502041692,6347.74116742111,4337.865722931,9365.50746337453,"I0",10,"Fcap_1.50_Besc_6561_sigmaR_0.216_SE_reference_AE_historical"
10,"I0__Fcap_1.50_Besc_6561_sigmaR_0.216_SE_reference_AE_historical",1.5,6561,"Long",2045,1000,0,0.001,11755.9360441511,8333.710974726,17262.4065411481,0.008,6487.20767767591,6376.91059236996,4302.82438662371,9342.58982223154,"I0",10,"Fcap_1.50_Besc_6561_sigmaR_0.216_SE_reference_AE_historical"
10,"I0__Fcap_1.50_Besc_6561_sigmaR_0.216_SE_reference_AE_historical",1.5,6561,"Long",2046,1000,0,0,11845.8263764705,8151.0050412067,17050.4971341732,0.004,6533.53162303229,6272.75701266558,4431.12182327126,9457.50485639911,"I0",10,"Fcap_1.50_Besc_6561_sigmaR_0.216_SE_reference_AE_historical"
10,"I0__Fcap_1.50_Besc_6561_sigmaR_0.216_SE_reference_AE_historical",1.5,6561,"Long",2047,1000,0,0,11967.1410340804,8297.19249939018,17635.1882909326,0.006,6585.66513784351,6352.79027040142,4421.38725928248,9640.1247431598,"I0",10,"Fcap_1.50_Besc_6561_sigmaR_0.216_SE_reference_AE_historical"
10,"I0__Fcap_1.50_Besc_6561_sigmaR_0.216_SE_reference_AE_historical",1.5,6561,"Long",2048,1000,0,0.001,11928.1795051351,8087.33303852758,17448.7104729564,0.009,6535.41253436732,6414.05220780703,4277.79130217353,9515.73869572536,"I0",10,"Fcap_1.50_Besc_6561_sigmaR_0.216_SE_reference_AE_historical"
10,"I0__Fcap_1.50_Besc_6561_sigmaR_0.216_SE_reference_AE_historical",1.5,6561,"Long",2049,1000,0,0.001,11719.1105199804,8097.11825756656,17411.934810338,0.005,6467.58011359637,6334.94142425205,4313.08606355472,9601.85794357208,"I0",10,"Fcap_1.50_Besc_6561_sigmaR_0.216_SE_reference_AE_historical"
10,"I0__Fcap_1.50_Besc_6561_sigmaR_0.216_SE_reference_AE_historical",1.5,6561,"Long",2050,1000,0,0.002,12037.7558403514,8317.34098013755,17760.2309313636,0.008,6599.05367924307,6477.46193810811,4311.38416028668,9701.73917798922,"I0",10,"Fcap_1.50_Besc_6561_sigmaR_0.216_SE_reference_AE_historical"
10,"I0__Fcap_1.50_Besc_6561_sigmaR_0.216_SE_reference_AE_historical",1.5,6561,"Long",2051,1000,0,0,12026.8950261314,8242.83352778857,17419.1278941495,0.006,6578.3660906386,6394.89671307706,4333.79684677205,9537.3229379047,"I0",10,"Fcap_1.50_Besc_6561_sigmaR_0.216_SE_reference_AE_historical"
10,"I0__Fcap_1.50_Besc_6561_sigmaR_0.216_SE_reference_AE_historical",1.5,6561,"Long",2052,1000,0,0.002,11916.2295904523,8267.11159516921,17441.0857223711,0.007,6556.1816013535,6347.20015936458,4385.12271556857,9573.20207235488,"I0",10,"Fcap_1.50_Besc_6561_sigmaR_0.216_SE_reference_AE_historical"
10,"I0__Fcap_1.50_Besc_6561_sigmaR_0.216_SE_reference_AE_historical",1.5,6561,"Long",2053,1000,0,0.001,11819.0743437108,8277.32328977755,17623.1314741249,0.006,6535.95261821056,6352.63005941801,4368.73474241462,9540.38135930676,"I0",10,"Fcap_1.50_Besc_6561_sigmaR_0.216_SE_reference_AE_historical"
10,"I0__Fcap_1.50_Besc_6561_sigmaR_0.216_SE_reference_AE_historical",1.5,6561,"Long",2054,1000,0,0.001,11792.889397443,8194.07935166875,17396.0733447545,0.011,6485.14033816983,6284.63032971222,4354.10023372222,9365.54037681478,"I0",10,"Fcap_1.50_Besc_6561_sigmaR_0.216_SE_reference_AE_historical"
10,"I0__Fcap_1.50_Besc_6561_sigmaR_0.216_SE_reference_AE_historical",1.5,6561,"Full",2025,1000,0,0,13112.3826936268,11525.0829226642,16244.7512179728,0,7319.68140612105,7014.79075510456,5666.89694745892,9809.62408720058,"I0",10,"Fcap_1.50_Besc_6561_sigmaR_0.216_SE_reference_AE_historical"
10,"I0__Fcap_1.50_Besc_6561_sigmaR_0.216_SE_reference_AE_historical",1.5,6561,"Full",2026,1000,0,0,12079.090405533,8575.69015729722,17675.7374980103,0.001,6752.53263209557,6539.82433378839,4531.32873395111,9790.12816950539,"I0",10,"Fcap_1.50_Besc_6561_sigmaR_0.216_SE_reference_AE_historical"
10,"I0__Fcap_1.50_Besc_6561_sigmaR_0.216_SE_reference_AE_historical",1.5,6561,"Full",2027,1000,0,0.001,11963.7966801438,8176.06715821311,17736.8308887934,0.005,6691.6355467564,6477.79302341895,4334.4589317651,9876.11330599943,"I0",10,"Fcap_1.50_Besc_6561_sigmaR_0.216_SE_reference_AE_historical"
10,"I0__Fcap_1.50_Besc_6561_sigmaR_0.216_SE_reference_AE_historical",1.5,6561,"Full",2028,1000,0,0.001,11989.6165602996,8230.44992153816,17225.8180700343,0.004,6623.9033277226,6509.31463799277,4427.74503498343,9449.85628709803,"I0",10,"Fcap_1.50_Besc_6561_sigmaR_0.216_SE_reference_AE_historical"
10,"I0__Fcap_1.50_Besc_6561_sigmaR_0.216_SE_reference_AE_historical",1.5,6561,"Full",2029,1000,0,0.005,11728.1189306275,7921.21571554069,17257.1071788444,0.008,6502.89713779141,6350.11836153027,4317.73771752949,9541.53831625181,"I0",10,"Fcap_1.50_Besc_6561_sigmaR_0.216_SE_reference_AE_historical"
10,"I0__Fcap_1.50_Besc_6561_sigmaR_0.216_SE_reference_AE_historical",1.5,6561,"Full",2030,1000,0,0.001,11785.4469586976,8162.1330271447,17546.6806462401,0.007,6441.32677725471,6207.56097341362,4248.96706949454,9552.88719898701,"I0",10,"Fcap_1.50_Besc_6561_sigmaR_0.216_SE_reference_AE_historical"
10,"I0__Fcap_1.50_Besc_6561_sigmaR_0.216_SE_reference_AE_historical",1.5,6561,"Full",2031,1000,0,0.001,11624.2612530499,8232.15438483217,17109.9121672555,0.004,6416.4182350434,6247.06541262482,4326.95526230379,9172.52505896374,"I0",10,"Fcap_1.50_Besc_6561_sigmaR_0.216_SE_reference_AE_historical"
10,"I0__Fcap_1.50_Besc_6561_sigmaR_0.216_SE_reference_AE_historical",1.5,6561,"Full",2032,1000,0,0.001,11897.7880761033,7973.22445169923,16747.8706337829,0.005,6437.52341758078,6345.64477354172,4102.14599719839,9092.50005800288,"I0",10,"Fcap_1.50_Besc_6561_sigmaR_0.216_SE_reference_AE_historical"
10,"I0__Fcap_1.50_Besc_6561_sigmaR_0.216_SE_reference_AE_historical",1.5,6561,"Full",2033,1000,0,0.001,11878.2198320134,8127.84969082277,17257.1575575062,0.008,6528.16326670856,6377.76253227424,4485.55633294264,9496.51762097594,"I0",10,"Fcap_1.50_Besc_6561_sigmaR_0.216_SE_reference_AE_historical"
10,"I0__Fcap_1.50_Besc_6561_sigmaR_0.216_SE_reference_AE_historical",1.5,6561,"Full",2034,1000,0,0.003,11916.2321419567,8352.90788176948,17355.692336513,0.008,6549.88539085063,6393.70020576719,4368.95389302919,9415.23002909136,"I0",10,"Fcap_1.50_Besc_6561_sigmaR_0.216_SE_reference_AE_historical"
10,"I0__Fcap_1.50_Besc_6561_sigmaR_0.216_SE_reference_AE_historical",1.5,6561,"Full",2035,1000,0,0.001,11912.0792966013,8175.71019652776,17050.219638227,0.005,6468.42466998935,6357.9400412248,4196.94752721047,9255.59924443691,"I0",10,"Fcap_1.50_Besc_6561_sigmaR_0.216_SE_reference_AE_historical"
10,"I0__Fcap_1.50_Besc_6561_sigmaR_0.216_SE_reference_AE_historical",1.5,6561,"Full",2036,1000,0,0.001,11753.9026735574,8178.18451812874,17027.5196569622,0.007,6477.78907510095,6288.87716326781,4325.60014973127,9292.38977339107,"I0",10,"Fcap_1.50_Besc_6561_sigmaR_0.216_SE_reference_AE_historical"
10,"I0__Fcap_1.50_Besc_6561_sigmaR_0.216_SE_reference_AE_historical",1.5,6561,"Full",2037,1000,0,0.002,11837.0977001231,8172.01327760158,16572.0435102641,0.007,6428.22765178407,6374.27668052781,4359.12438081665,9096.14167404262,"I0",10,"Fcap_1.50_Besc_6561_sigmaR_0.216_SE_reference_AE_historical"
10,"I0__Fcap_1.50_Besc_6561_sigmaR_0.216_SE_reference_AE_historical",1.5,6561,"Full",2038,1000,0,0,11662.7621214283,8102.63463028454,17231.511867903,0.005,6444.48331502633,6258.99623303156,4253.432681146,9530.70873141764,"I0",10,"Fcap_1.50_Besc_6561_sigmaR_0.216_SE_reference_AE_historical"
10,"I0__Fcap_1.50_Besc_6561_sigmaR_0.216_SE_reference_AE_historical",1.5,6561,"Full",2039,1000,0,0.002,11896.659272611,8144.15058420295,17314.1119501665,0.009,6481.89817429863,6363.16399655195,4315.17454888072,9290.82690524775,"I0",10,"Fcap_1.50_Besc_6561_sigmaR_0.216_SE_reference_AE_historical"
10,"I0__Fcap_1.50_Besc_6561_sigmaR_0.216_SE_reference_AE_historical",1.5,6561,"Full",2040,1000,0,0,11788.0412699251,8435.29338978646,17432.0751984555,0.006,6518.65547566872,6351.12186615149,4517.26645526103,9474.01413001007,"I0",10,"Fcap_1.50_Besc_6561_sigmaR_0.216_SE_reference_AE_historical"
10,"I0__Fcap_1.50_Besc_6561_sigmaR_0.216_SE_reference_AE_historical",1.5,6561,"Full",2041,1000,0,0.002,11885.088746345,8169.12201765645,17541.8373348901,0.008,6510.85166265391,6338.03846052428,4287.21380067814,9498.92560825249,"I0",10,"Fcap_1.50_Besc_6561_sigmaR_0.216_SE_reference_AE_historical"
10,"I0__Fcap_1.50_Besc_6561_sigmaR_0.216_SE_reference_AE_historical",1.5,6561,"Full",2042,1000,0,0.001,11925.5533660416,8041.25250171111,17337.0147779936,0.005,6510.11023478093,6334.31229260571,4320.93264101548,9467.51032434938,"I0",10,"Fcap_1.50_Besc_6561_sigmaR_0.216_SE_reference_AE_historical"
10,"I0__Fcap_1.50_Besc_6561_sigmaR_0.216_SE_reference_AE_historical",1.5,6561,"Full",2043,1000,0,0.001,11681.7121794662,8372.67514782052,16750.0673142844,0.005,6442.66157021633,6278.74966364695,4413.69464651509,9047.91424229821,"I0",10,"Fcap_1.50_Besc_6561_sigmaR_0.216_SE_reference_AE_historical"
10,"I0__Fcap_1.50_Besc_6561_sigmaR_0.216_SE_reference_AE_historical",1.5,6561,"Full",2044,1000,0,0.003,11769.5947587078,8278.95438329389,16911.0483287096,0.006,6495.23502041692,6347.74116742111,4337.865722931,9365.50746337453,"I0",10,"Fcap_1.50_Besc_6561_sigmaR_0.216_SE_reference_AE_historical"
10,"I0__Fcap_1.50_Besc_6561_sigmaR_0.216_SE_reference_AE_historical",1.5,6561,"Full",2045,1000,0,0.001,11755.9360441511,8333.710974726,17262.4065411481,0.008,6487.20767767591,6376.91059236996,4302.82438662371,9342.58982223154,"I0",10,"Fcap_1.50_Besc_6561_sigmaR_0.216_SE_reference_AE_historical"
10,"I0__Fcap_1.50_Besc_6561_sigmaR_0.216_SE_reference_AE_historical",1.5,6561,"Full",2046,1000,0,0,11845.8263764705,8151.0050412067,17050.4971341732,0.004,6533.53162303229,6272.75701266558,4431.12182327126,9457.50485639911,"I0",10,"Fcap_1.50_Besc_6561_sigmaR_0.216_SE_reference_AE_historical"
10,"I0__Fcap_1.50_Besc_6561_sigmaR_0.216_SE_reference_AE_historical",1.5,6561,"Full",2047,1000,0,0,11967.1410340804,8297.19249939018,17635.1882909326,0.006,6585.66513784351,6352.79027040142,4421.38725928248,9640.1247431598,"I0",10,"Fcap_1.50_Besc_6561_sigmaR_0.216_SE_reference_AE_historical"
10,"I0__Fcap_1.50_Besc_6561_sigmaR_0.216_SE_reference_AE_historical",1.5,6561,"Full",2048,1000,0,0.001,11928.1795051351,8087.33303852758,17448.7104729564,0.009,6535.41253436732,6414.05220780703,4277.79130217353,9515.73869572536,"I0",10,"Fcap_1.50_Besc_6561_sigmaR_0.216_SE_reference_AE_historical"
10,"I0__Fcap_1.50_Besc_6561_sigmaR_0.216_SE_reference_AE_historical",1.5,6561,"Full",2049,1000,0,0.001,11719.1105199804,8097.11825756656,17411.934810338,0.005,6467.58011359637,6334.94142425205,4313.08606355472,9601.85794357208,"I0",10,"Fcap_1.50_Besc_6561_sigmaR_0.216_SE_reference_AE_historical"
10,"I0__Fcap_1.50_Besc_6561_sigmaR_0.216_SE_reference_AE_historical",1.5,6561,"Full",2050,1000,0,0.002,12037.7558403514,8317.34098013755,17760.2309313636,0.008,6599.05367924307,6477.46193810811,4311.38416028668,9701.73917798922,"I0",10,"Fcap_1.50_Besc_6561_sigmaR_0.216_SE_reference_AE_historical"
10,"I0__Fcap_1.50_Besc_6561_sigmaR_0.216_SE_reference_AE_historical",1.5,6561,"Full",2051,1000,0,0,12026.8950261314,8242.83352778857,17419.1278941495,0.006,6578.3660906386,6394.89671307706,4333.79684677205,9537.3229379047,"I0",10,"Fcap_1.50_Besc_6561_sigmaR_0.216_SE_reference_AE_historical"
10,"I0__Fcap_1.50_Besc_6561_sigmaR_0.216_SE_reference_AE_historical",1.5,6561,"Full",2052,1000,0,0.002,11916.2295904523,8267.11159516921,17441.0857223711,0.007,6556.1816013535,6347.20015936458,4385.12271556857,9573.20207235488,"I0",10,"Fcap_1.50_Besc_6561_sigmaR_0.216_SE_reference_AE_historical"
10,"I0__Fcap_1.50_Besc_6561_sigmaR_0.216_SE_reference_AE_historical",1.5,6561,"Full",2053,1000,0,0.001,11819.0743437108,8277.32328977755,17623.1314741249,0.006,6535.95261821056,6352.63005941801,4368.73474241462,9540.38135930676,"I0",10,"Fcap_1.50_Besc_6561_sigmaR_0.216_SE_reference_AE_historical"
10,"I0__Fcap_1.50_Besc_6561_sigmaR_0.216_SE_reference_AE_historical",1.5,6561,"Full",2054,1000,0,0.001,11792.889397443,8194.07935166875,17396.0733447545,0.011,6485.14033816983,6284.63032971222,4354.10023372222,9365.54037681478,"I0",10,"Fcap_1.50_Besc_6561_sigmaR_0.216_SE_reference_AE_historical"
11,"I0__Fcap_1.50_Besc_7250_sigmaR_0.216_SE_reference_AE_historical",1.5,7250,"Short",2025,1000,0,0,13112.3826936268,11525.0829226642,16244.7512179728,0,7319.68140612105,7014.79075510456,5666.89694745892,9809.62408720058,"I0",11,"Fcap_1.50_Besc_7250_sigmaR_0.216_SE_reference_AE_historical"
11,"I0__Fcap_1.50_Besc_7250_sigmaR_0.216_SE_reference_AE_historical",1.5,7250,"Short",2026,1000,0,0,12079.090405533,8612.26090560206,17675.7374980103,0.01,6685.57488368842,6539.82433378839,4490.02614711847,9790.12816950539,"I0",11,"Fcap_1.50_Besc_7250_sigmaR_0.216_SE_reference_AE_historical"
11,"I0__Fcap_1.50_Besc_7250_sigmaR_0.216_SE_reference_AE_historical",1.5,7250,"Short",2027,1000,0,0.001,12014.5457572719,8267.996122479,17796.7016618908,0.015,6639.4210059248,6494.01409697427,4282.32490435791,9878.38301607501,"I0",11,"Fcap_1.50_Besc_7250_sigmaR_0.216_SE_reference_AE_historical"
11,"I0__Fcap_1.50_Besc_7250_sigmaR_0.216_SE_reference_AE_historical",1.5,7250,"Short",2028,1000,0,0.001,12020.5804116368,8354.8449580502,17225.1752803191,0.018,6549.99828102043,6531.63560141793,4113.16305792608,9471.05413884147,"I0",11,"Fcap_1.50_Besc_7250_sigmaR_0.216_SE_reference_AE_historical"
11,"I0__Fcap_1.50_Besc_7250_sigmaR_0.216_SE_reference_AE_historical",1.5,7250,"Short",2029,1000,0,0.004,11759.7169718961,8242.59327623282,17258.9251369399,0.031,6415.7531681854,6366.3406753674,3102.78304547864,9586.833794345,"I0",11,"Fcap_1.50_Besc_7250_sigmaR_0.216_SE_reference_AE_historical"
11,"I0__Fcap_1.50_Besc_7250_sigmaR_0.216_SE_reference_AE_historical",1.5,7250,"Short",2030,1000,0,0.001,11836.4987449878,8311.84152153135,17546.9814197554,0.022,6384.47972189792,6282.45394462582,3897.47655212775,9554.31030860146,"I0",11,"Fcap_1.50_Besc_7250_sigmaR_0.216_SE_reference_AE_historical"
11,"I0__Fcap_1.50_Besc_7250_sigmaR_0.216_SE_reference_AE_historical",1.5,7250,"Short",2031,1000,0,0.001,11690.9044167681,8385.62285057459,17100.8904393002,0.019,6372.71759027782,6304.90171296548,4109.18635132304,9231.22418758627,"I0",11,"Fcap_1.50_Besc_7250_sigmaR_0.216_SE_reference_AE_historical"
11,"I0__Fcap_1.50_Besc_7250_sigmaR_0.216_SE_reference_AE_historical",1.5,7250,"Short",2032,1000,0,0.001,11915.9698361565,8220.94705767247,16781.227209433,0.032,6333.73801948049,6367.35335357524,3143.60212674528,9100.43392957734,"I0",11,"Fcap_1.50_Besc_7250_sigmaR_0.216_SE_reference_AE_historical"
11,"I0__Fcap_1.50_Besc_7250_sigmaR_0.216_SE_reference_AE_historical",1.5,7250,"Short",2033,1000,0,0.001,11939.852879804,8365.09594857798,17255.1641472907,0.021,6487.77434147221,6414.39782966073,4250.56820338656,9497.3707661666,"I0",11,"Fcap_1.50_Besc_7250_sigmaR_0.216_SE_reference_AE_historical"
11,"I0__Fcap_1.50_Besc_7250_sigmaR_0.216_SE_reference_AE_historical",1.5,7250,"Short",2034,1000,0,0.003,11930.5487676732,8407.39038329913,17357.0882495851,0.022,6512.62192291733,6415.19777133058,4306.39987361149,9446.18868780162,"I0",11,"Fcap_1.50_Besc_7250_sigmaR_0.216_SE_reference_AE_historical"
11,"I0__Fcap_1.50_Besc_7250_sigmaR_0.216_SE_reference_AE_historical",1.5,7250,"Medium",2035,1000,0,0.001,11946.76724976,8367.87813614063,17041.3710282906,0.025,6415.75444095335,6375.55156596958,3929.8301469972,9299.63799421346,"I0",11,"Fcap_1.50_Besc_7250_sigmaR_0.216_SE_reference_AE_historical"
11,"I0__Fcap_1.50_Besc_7250_sigmaR_0.216_SE_reference_AE_historical",1.5,7250,"Medium",2036,1000,0,0.001,11784.9092195348,8307.34193729643,17026.8521324136,0.021,6440.41584000034,6334.13945337571,4247.54399806645,9322.42694626289,"I0",11,"Fcap_1.50_Besc_7250_sigmaR_0.216_SE_reference_AE_historical"
11,"I0__Fcap_1.50_Besc_7250_sigmaR_0.216_SE_reference_AE_historical",1.5,7250,"Medium",2037,1000,0,0.001,11884.3439919043,8350.51105737372,16573.8562615936,0.018,6371.84677123439,6400.5460493907,4077.8262981751,9125.82368745678,"I0",11,"Fcap_1.50_Besc_7250_sigmaR_0.216_SE_reference_AE_historical"
11,"I0__Fcap_1.50_Besc_7250_sigmaR_0.216_SE_reference_AE_historical",1.5,7250,"Medium",2038,1000,0,0,11707.0218831354,8270.51230976903,17228.0484374213,0.023,6372.18783346885,6321.45135998539,3901.92107729749,9530.61993654922,"I0",11,"Fcap_1.50_Besc_7250_sigmaR_0.216_SE_reference_AE_historical"
11,"I0__Fcap_1.50_Besc_7250_sigmaR_0.216_SE_reference_AE_historical",1.5,7250,"Medium",2039,1000,0,0,11909.2445270431,8416.00021542292,17347.3158222558,0.02,6442.66766869295,6380.28087891162,4135.41829054365,9311.77671096394,"I0",11,"Fcap_1.50_Besc_7250_sigmaR_0.216_SE_reference_AE_historical"
11,"I0__Fcap_1.50_Besc_7250_sigmaR_0.216_SE_reference_AE_historical",1.5,7250,"Medium",2040,1000,0,0,11822.7988154543,8505.04381309493,17460.202856726,0.013,6484.62704749497,6376.60747908668,4439.72040617679,9475.05505548563,"I0",11,"Fcap_1.50_Besc_7250_sigmaR_0.216_SE_reference_AE_historical"
11,"I0__Fcap_1.50_Besc_7250_sigmaR_0.216_SE_reference_AE_historical",1.5,7250,"Medium",2041,1000,0,0.002,11928.8974488533,8345.69929766313,17540.4346472839,0.027,6430.07656345387,6367.42814567006,4102.77225484319,9485.17702249747,"I0",11,"Fcap_1.50_Besc_7250_sigmaR_0.216_SE_reference_AE_historical"
11,"I0__Fcap_1.50_Besc_7250_sigmaR_0.216_SE_reference_AE_historical",1.5,7250,"Medium",2042,1000,0,0.001,11970.5163069168,8396.68340233012,17338.1641658971,0.021,6431.23391166597,6371.35126800487,4064.22335470524,9460.03122751676,"I0",11,"Fcap_1.50_Besc_7250_sigmaR_0.216_SE_reference_AE_historical"
11,"I0__Fcap_1.50_Besc_7250_sigmaR_0.216_SE_reference_AE_historical",1.5,7250,"Medium",2043,1000,0,0.001,11731.8752440499,8504.18240214044,16758.0474331009,0.018,6414.25859879086,6301.27096740442,4379.57000286342,9121.72864608305,"I0",11,"Fcap_1.50_Besc_7250_sigmaR_0.216_SE_reference_AE_historical"
11,"I0__Fcap_1.50_Besc_7250_sigmaR_0.216_SE_reference_AE_historical",1.5,7250,"Medium",2044,1000,0,0.002,11786.1282053869,8368.86072203081,16973.1098821924,0.022,6428.92107419244,6369.24103446875,4142.39656079816,9371.72464378789,"I0",11,"Fcap_1.50_Besc_7250_sigmaR_0.216_SE_reference_AE_historical"
11,"I0__Fcap_1.50_Besc_7250_sigmaR_0.216_SE_reference_AE_historical",1.5,7250,"Long",2045,1000,0,0.001,11794.4762763509,8480.97206237952,17244.9994134917,0.017,6451.29783179677,6391.3995480854,4167.54665244282,9331.95351020329,"I0",11,"Fcap_1.50_Besc_7250_sigmaR_0.216_SE_reference_AE_historical"
11,"I0__Fcap_1.50_Besc_7250_sigmaR_0.216_SE_reference_AE_historical",1.5,7250,"Long",2046,1000,0,0,11880.9687233601,8270.66718572769,17149.5592755967,0.013,6468.55688031408,6301.52398969063,4132.57741332365,9453.476119928,"I0",11,"Fcap_1.50_Besc_7250_sigmaR_0.216_SE_reference_AE_historical"
11,"I0__Fcap_1.50_Besc_7250_sigmaR_0.216_SE_reference_AE_historical",1.5,7250,"Long",2047,1000,0,0,12020.4385096656,8417.11666399604,17730.0747019337,0.017,6549.67550874976,6383.2242637817,4337.16371894883,9649.07297269405,"I0",11,"Fcap_1.50_Besc_7250_sigmaR_0.216_SE_reference_AE_historical"
11,"I0__Fcap_1.50_Besc_7250_sigmaR_0.216_SE_reference_AE_historical",1.5,7250,"Long",2048,1000,0,0.001,11979.1193713247,8250.56432019237,17463.7440283437,0.028,6465.67293275541,6432.95896602847,3965.48725988787,9522.29756239512,"I0",11,"Fcap_1.50_Besc_7250_sigmaR_0.216_SE_reference_AE_historical"
11,"I0__Fcap_1.50_Besc_7250_sigmaR_0.216_SE_reference_AE_historical",1.5,7250,"Long",2049,1000,0,0.001,11780.4220178759,8328.16330740342,17413.0795305959,0.017,6421.6860087712,6371.3351740491,4211.63992430518,9604.31793081614,"I0",11,"Fcap_1.50_Besc_7250_sigmaR_0.216_SE_reference_AE_historical"
11,"I0__Fcap_1.50_Besc_7250_sigmaR_0.216_SE_reference_AE_historical",1.5,7250,"Long",2050,1000,0,0.002,12048.5020664597,8421.36075007721,17834.7261601609,0.024,6561.5000354735,6500.09768525612,4192.44608911698,9704.8479835198,"I0",11,"Fcap_1.50_Besc_7250_sigmaR_0.216_SE_reference_AE_historical"
11,"I0__Fcap_1.50_Besc_7250_sigmaR_0.216_SE_reference_AE_historical",1.5,7250,"Long",2051,1000,0,0,12045.6369706581,8391.44496416953,17445.1300510352,0.015,6527.36020100509,6405.1131932222,4241.76293153195,9553.92142187634,"I0",11,"Fcap_1.50_Besc_7250_sigmaR_0.216_SE_reference_AE_historical"
11,"I0__Fcap_1.50_Besc_7250_sigmaR_0.216_SE_reference_AE_historical",1.5,7250,"Long",2052,1000,0,0.002,11974.4444503811,8355.20632222467,17447.7692210971,0.02,6514.76324204912,6374.92986065273,4312.63173801182,9595.446859542,"I0",11,"Fcap_1.50_Besc_7250_sigmaR_0.216_SE_reference_AE_historical"
11,"I0__Fcap_1.50_Besc_7250_sigmaR_0.216_SE_reference_AE_historical",1.5,7250,"Long",2053,1000,0,0.001,11843.7517729693,8417.35687900793,17619.427123368,0.019,6470.07619103082,6376.99160612138,4116.23210929045,9544.2425640776,"I0",11,"Fcap_1.50_Besc_7250_sigmaR_0.216_SE_reference_AE_historical"
11,"I0__Fcap_1.50_Besc_7250_sigmaR_0.216_SE_reference_AE_historical",1.5,7250,"Long",2054,1000,0,0.001,11862.8964289449,8296.62658757898,17391.548342242,0.022,6428.84843311637,6315.48300223144,4051.78747501576,9417.6522819894,"I0",11,"Fcap_1.50_Besc_7250_sigmaR_0.216_SE_reference_AE_historical"
11,"I0__Fcap_1.50_Besc_7250_sigmaR_0.216_SE_reference_AE_historical",1.5,7250,"Full",2025,1000,0,0,13112.3826936268,11525.0829226642,16244.7512179728,0,7319.68140612105,7014.79075510456,5666.89694745892,9809.62408720058,"I0",11,"Fcap_1.50_Besc_7250_sigmaR_0.216_SE_reference_AE_historical"
11,"I0__Fcap_1.50_Besc_7250_sigmaR_0.216_SE_reference_AE_historical",1.5,7250,"Full",2026,1000,0,0,12079.090405533,8612.26090560206,17675.7374980103,0.01,6685.57488368842,6539.82433378839,4490.02614711847,9790.12816950539,"I0",11,"Fcap_1.50_Besc_7250_sigmaR_0.216_SE_reference_AE_historical"
11,"I0__Fcap_1.50_Besc_7250_sigmaR_0.216_SE_reference_AE_historical",1.5,7250,"Full",2027,1000,0,0.001,12014.5457572719,8267.996122479,17796.7016618908,0.015,6639.4210059248,6494.01409697427,4282.32490435791,9878.38301607501,"I0",11,"Fcap_1.50_Besc_7250_sigmaR_0.216_SE_reference_AE_historical"
11,"I0__Fcap_1.50_Besc_7250_sigmaR_0.216_SE_reference_AE_historical",1.5,7250,"Full",2028,1000,0,0.001,12020.5804116368,8354.8449580502,17225.1752803191,0.018,6549.99828102043,6531.63560141793,4113.16305792608,9471.05413884147,"I0",11,"Fcap_1.50_Besc_7250_sigmaR_0.216_SE_reference_AE_historical"
11,"I0__Fcap_1.50_Besc_7250_sigmaR_0.216_SE_reference_AE_historical",1.5,7250,"Full",2029,1000,0,0.004,11759.7169718961,8242.59327623282,17258.9251369399,0.031,6415.7531681854,6366.3406753674,3102.78304547864,9586.833794345,"I0",11,"Fcap_1.50_Besc_7250_sigmaR_0.216_SE_reference_AE_historical"
11,"I0__Fcap_1.50_Besc_7250_sigmaR_0.216_SE_reference_AE_historical",1.5,7250,"Full",2030,1000,0,0.001,11836.4987449878,8311.84152153135,17546.9814197554,0.022,6384.47972189792,6282.45394462582,3897.47655212775,9554.31030860146,"I0",11,"Fcap_1.50_Besc_7250_sigmaR_0.216_SE_reference_AE_historical"
11,"I0__Fcap_1.50_Besc_7250_sigmaR_0.216_SE_reference_AE_historical",1.5,7250,"Full",2031,1000,0,0.001,11690.9044167681,8385.62285057459,17100.8904393002,0.019,6372.71759027782,6304.90171296548,4109.18635132304,9231.22418758627,"I0",11,"Fcap_1.50_Besc_7250_sigmaR_0.216_SE_reference_AE_historical"
11,"I0__Fcap_1.50_Besc_7250_sigmaR_0.216_SE_reference_AE_historical",1.5,7250,"Full",2032,1000,0,0.001,11915.9698361565,8220.94705767247,16781.227209433,0.032,6333.73801948049,6367.35335357524,3143.60212674528,9100.43392957734,"I0",11,"Fcap_1.50_Besc_7250_sigmaR_0.216_SE_reference_AE_historical"
11,"I0__Fcap_1.50_Besc_7250_sigmaR_0.216_SE_reference_AE_historical",1.5,7250,"Full",2033,1000,0,0.001,11939.852879804,8365.09594857798,17255.1641472907,0.021,6487.77434147221,6414.39782966073,4250.56820338656,9497.3707661666,"I0",11,"Fcap_1.50_Besc_7250_sigmaR_0.216_SE_reference_AE_historical"
11,"I0__Fcap_1.50_Besc_7250_sigmaR_0.216_SE_reference_AE_historical",1.5,7250,"Full",2034,1000,0,0.003,11930.5487676732,8407.39038329913,17357.0882495851,0.022,6512.62192291733,6415.19777133058,4306.39987361149,9446.18868780162,"I0",11,"Fcap_1.50_Besc_7250_sigmaR_0.216_SE_reference_AE_historical"
11,"I0__Fcap_1.50_Besc_7250_sigmaR_0.216_SE_reference_AE_historical",1.5,7250,"Full",2035,1000,0,0.001,11946.76724976,8367.87813614063,17041.3710282906,0.025,6415.75444095335,6375.55156596958,3929.8301469972,9299.63799421346,"I0",11,"Fcap_1.50_Besc_7250_sigmaR_0.216_SE_reference_AE_historical"
11,"I0__Fcap_1.50_Besc_7250_sigmaR_0.216_SE_reference_AE_historical",1.5,7250,"Full",2036,1000,0,0.001,11784.9092195348,8307.34193729643,17026.8521324136,0.021,6440.41584000034,6334.13945337571,4247.54399806645,9322.42694626289,"I0",11,"Fcap_1.50_Besc_7250_sigmaR_0.216_SE_reference_AE_historical"
11,"I0__Fcap_1.50_Besc_7250_sigmaR_0.216_SE_reference_AE_historical",1.5,7250,"Full",2037,1000,0,0.001,11884.3439919043,8350.51105737372,16573.8562615936,0.018,6371.84677123439,6400.5460493907,4077.8262981751,9125.82368745678,"I0",11,"Fcap_1.50_Besc_7250_sigmaR_0.216_SE_reference_AE_historical"
11,"I0__Fcap_1.50_Besc_7250_sigmaR_0.216_SE_reference_AE_historical",1.5,7250,"Full",2038,1000,0,0,11707.0218831354,8270.51230976903,17228.0484374213,0.023,6372.18783346885,6321.45135998539,3901.92107729749,9530.61993654922,"I0",11,"Fcap_1.50_Besc_7250_sigmaR_0.216_SE_reference_AE_historical"
11,"I0__Fcap_1.50_Besc_7250_sigmaR_0.216_SE_reference_AE_historical",1.5,7250,"Full",2039,1000,0,0,11909.2445270431,8416.00021542292,17347.3158222558,0.02,6442.66766869295,6380.28087891162,4135.41829054365,9311.77671096394,"I0",11,"Fcap_1.50_Besc_7250_sigmaR_0.216_SE_reference_AE_historical"
11,"I0__Fcap_1.50_Besc_7250_sigmaR_0.216_SE_reference_AE_historical",1.5,7250,"Full",2040,1000,0,0,11822.7988154543,8505.04381309493,17460.202856726,0.013,6484.62704749497,6376.60747908668,4439.72040617679,9475.05505548563,"I0",11,"Fcap_1.50_Besc_7250_sigmaR_0.216_SE_reference_AE_historical"
11,"I0__Fcap_1.50_Besc_7250_sigmaR_0.216_SE_reference_AE_historical",1.5,7250,"Full",2041,1000,0,0.002,11928.8974488533,8345.69929766313,17540.4346472839,0.027,6430.07656345387,6367.42814567006,4102.77225484319,9485.17702249747,"I0",11,"Fcap_1.50_Besc_7250_sigmaR_0.216_SE_reference_AE_historical"
11,"I0__Fcap_1.50_Besc_7250_sigmaR_0.216_SE_reference_AE_historical",1.5,7250,"Full",2042,1000,0,0.001,11970.5163069168,8396.68340233012,17338.1641658971,0.021,6431.23391166597,6371.35126800487,4064.22335470524,9460.03122751676,"I0",11,"Fcap_1.50_Besc_7250_sigmaR_0.216_SE_reference_AE_historical"
11,"I0__Fcap_1.50_Besc_7250_sigmaR_0.216_SE_reference_AE_historical",1.5,7250,"Full",2043,1000,0,0.001,11731.8752440499,8504.18240214044,16758.0474331009,0.018,6414.25859879086,6301.27096740442,4379.57000286342,9121.72864608305,"I0",11,"Fcap_1.50_Besc_7250_sigmaR_0.216_SE_reference_AE_historical"
11,"I0__Fcap_1.50_Besc_7250_sigmaR_0.216_SE_reference_AE_historical",1.5,7250,"Full",2044,1000,0,0.002,11786.1282053869,8368.86072203081,16973.1098821924,0.022,6428.92107419244,6369.24103446875,4142.39656079816,9371.72464378789,"I0",11,"Fcap_1.50_Besc_7250_sigmaR_0.216_SE_reference_AE_historical"
11,"I0__Fcap_1.50_Besc_7250_sigmaR_0.216_SE_reference_AE_historical",1.5,7250,"Full",2045,1000,0,0.001,11794.4762763509,8480.97206237952,17244.9994134917,0.017,6451.29783179677,6391.3995480854,4167.54665244282,9331.95351020329,"I0",11,"Fcap_1.50_Besc_7250_sigmaR_0.216_SE_reference_AE_historical"
11,"I0__Fcap_1.50_Besc_7250_sigmaR_0.216_SE_reference_AE_historical",1.5,7250,"Full",2046,1000,0,0,11880.9687233601,8270.66718572769,17149.5592755967,0.013,6468.55688031408,6301.52398969063,4132.57741332365,9453.476119928,"I0",11,"Fcap_1.50_Besc_7250_sigmaR_0.216_SE_reference_AE_historical"
11,"I0__Fcap_1.50_Besc_7250_sigmaR_0.216_SE_reference_AE_historical",1.5,7250,"Full",2047,1000,0,0,12020.4385096656,8417.11666399604,17730.0747019337,0.017,6549.67550874976,6383.2242637817,4337.16371894883,9649.07297269405,"I0",11,"Fcap_1.50_Besc_7250_sigmaR_0.216_SE_reference_AE_historical"
11,"I0__Fcap_1.50_Besc_7250_sigmaR_0.216_SE_reference_AE_historical",1.5,7250,"Full",2048,1000,0,0.001,11979.1193713247,8250.56432019237,17463.7440283437,0.028,6465.67293275541,6432.95896602847,3965.48725988787,9522.29756239512,"I0",11,"Fcap_1.50_Besc_7250_sigmaR_0.216_SE_reference_AE_historical"
11,"I0__Fcap_1.50_Besc_7250_sigmaR_0.216_SE_reference_AE_historical",1.5,7250,"Full",2049,1000,0,0.001,11780.4220178759,8328.16330740342,17413.0795305959,0.017,6421.6860087712,6371.3351740491,4211.63992430518,9604.31793081614,"I0",11,"Fcap_1.50_Besc_7250_sigmaR_0.216_SE_reference_AE_historical"
11,"I0__Fcap_1.50_Besc_7250_sigmaR_0.216_SE_reference_AE_historical",1.5,7250,"Full",2050,1000,0,0.002,12048.5020664597,8421.36075007721,17834.7261601609,0.024,6561.5000354735,6500.09768525612,4192.44608911698,9704.8479835198,"I0",11,"Fcap_1.50_Besc_7250_sigmaR_0.216_SE_reference_AE_historical"
11,"I0__Fcap_1.50_Besc_7250_sigmaR_0.216_SE_reference_AE_historical",1.5,7250,"Full",2051,1000,0,0,12045.6369706581,8391.44496416953,17445.1300510352,0.015,6527.36020100509,6405.1131932222,4241.76293153195,9553.92142187634,"I0",11,"Fcap_1.50_Besc_7250_sigmaR_0.216_SE_reference_AE_historical"
11,"I0__Fcap_1.50_Besc_7250_sigmaR_0.216_SE_reference_AE_historical",1.5,7250,"Full",2052,1000,0,0.002,11974.4444503811,8355.20632222467,17447.7692210971,0.02,6514.76324204912,6374.92986065273,4312.63173801182,9595.446859542,"I0",11,"Fcap_1.50_Besc_7250_sigmaR_0.216_SE_reference_AE_historical"
11,"I0__Fcap_1.50_Besc_7250_sigmaR_0.216_SE_reference_AE_historical",1.5,7250,"Full",2053,1000,0,0.001,11843.7517729693,8417.35687900793,17619.427123368,0.019,6470.07619103082,6376.99160612138,4116.23210929045,9544.2425640776,"I0",11,"Fcap_1.50_Besc_7250_sigmaR_0.216_SE_reference_AE_historical"
11,"I0__Fcap_1.50_Besc_7250_sigmaR_0.216_SE_reference_AE_historical",1.5,7250,"Full",2054,1000,0,0.001,11862.8964289449,8296.62658757898,17391.548342242,0.022,6428.84843311637,6315.48300223144,4051.78747501576,9417.6522819894,"I0",11,"Fcap_1.50_Besc_7250_sigmaR_0.216_SE_reference_AE_historical"
12,"I0__Fcap_1.50_Besc_8000_sigmaR_0.216_SE_reference_AE_historical",1.5,8000,"Short",2025,1000,0,0,13112.3826936268,11525.0829226642,16244.7512179728,0,7319.68140612105,7014.79075510456,5666.89694745892,9809.62408720058,"I0",12,"Fcap_1.50_Besc_8000_sigmaR_0.216_SE_reference_AE_historical"
12,"I0__Fcap_1.50_Besc_8000_sigmaR_0.216_SE_reference_AE_historical",1.5,8000,"Short",2026,1000,0,0,12079.090405533,8912.34173506576,17675.7374980103,0.049,6493.5047524421,6539.82433378839,194.776881483068,9790.12816950539,"I0",12,"Fcap_1.50_Besc_8000_sigmaR_0.216_SE_reference_AE_historical"
12,"I0__Fcap_1.50_Besc_8000_sigmaR_0.216_SE_reference_AE_historical",1.5,8000,"Short",2027,1000,0,0.001,12109.4919142086,8753.64956514257,17796.7016618908,0.058,6462.66370715032,6572.05548116706,0,9890.20958595972,"I0",12,"Fcap_1.50_Besc_8000_sigmaR_0.216_SE_reference_AE_historical"
12,"I0__Fcap_1.50_Besc_8000_sigmaR_0.216_SE_reference_AE_historical",1.5,8000,"Short",2028,1000,0,0,12105.4325515025,8822.50971444251,17241.649943987,0.052,6427.14069042195,6618.17094027315,0,9565.15336078941,"I0",12,"Fcap_1.50_Besc_8000_sigmaR_0.216_SE_reference_AE_historical"
12,"I0__Fcap_1.50_Besc_8000_sigmaR_0.216_SE_reference_AE_historical",1.5,8000,"Short",2029,1000,0,0.004,11892.3096213695,8703.05113923928,17256.1270874181,0.063,6291.60780125372,6509.85607561502,0,9663.02080343708,"I0",12,"Fcap_1.50_Besc_8000_sigmaR_0.216_SE_reference_AE_historical"
12,"I0__Fcap_1.50_Besc_8000_sigmaR_0.216_SE_reference_AE_historical",1.5,8000,"Short",2030,1000,0,0.001,11896.4588545722,8791.90814108805,17569.0892313638,0.057,6258.29375293634,6369.0057092079,0,9594.65885078905,"I0",12,"Fcap_1.50_Besc_8000_sigmaR_0.216_SE_reference_AE_historical"
12,"I0__Fcap_1.50_Besc_8000_sigmaR_0.216_SE_reference_AE_historical",1.5,8000,"Short",2031,1000,0,0.001,11829.963322123,8852.50856201234,17125.7812883802,0.047,6253.54941613987,6370.21262895452,394.184333284048,9261.05609918739,"I0",12,"Fcap_1.50_Besc_8000_sigmaR_0.216_SE_reference_AE_historical"
12,"I0__Fcap_1.50_Besc_8000_sigmaR_0.216_SE_reference_AE_historical",1.5,8000,"Short",2032,1000,0,0.001,11984.4026681713,8683.8628046061,16780.5841356395,0.063,6234.34977683589,6425.71657082527,0,9177.14410683262,"I0",12,"Fcap_1.50_Besc_8000_sigmaR_0.216_SE_reference_AE_historical"
12,"I0__Fcap_1.50_Besc_8000_sigmaR_0.216_SE_reference_AE_historical",1.5,8000,"Short",2033,1000,0,0,12040.8256491386,8851.54507964543,17257.5121436354,0.045,6391.19742787373,6455.14719426405,736.734832865689,9537.69596542351,"I0",12,"Fcap_1.50_Besc_8000_sigmaR_0.216_SE_reference_AE_historical"
12,"I0__Fcap_1.50_Besc_8000_sigmaR_0.216_SE_reference_AE_historical",1.5,8000,"Short",2034,1000,0,0.002,12055.4888372265,8828.82651034611,17394.5950044689,0.049,6420.83904855833,6486.39657726797,894.768148597152,9559.20751580219,"I0",12,"Fcap_1.50_Besc_8000_sigmaR_0.216_SE_reference_AE_historical"
12,"I0__Fcap_1.50_Besc_8000_sigmaR_0.216_SE_reference_AE_historical",1.5,8000,"Medium",2035,1000,0,0.001,11975.8036882683,8843.3399623116,17067.1035463534,0.049,6281.1378553506,6408.65553107792,19.4042331582993,9332.16672407206,"I0",12,"Fcap_1.50_Besc_8000_sigmaR_0.216_SE_reference_AE_historical"
12,"I0__Fcap_1.50_Besc_8000_sigmaR_0.216_SE_reference_AE_historical",1.5,8000,"Medium",2036,1000,0,0.001,11880.9858692024,8794.62476473576,17184.9660529357,0.046,6342.96022962608,6402.26300975879,333.822741672703,9365.88039267877,"I0",12,"Fcap_1.50_Besc_8000_sigmaR_0.216_SE_reference_AE_historical"
12,"I0__Fcap_1.50_Besc_8000_sigmaR_0.216_SE_reference_AE_historical",1.5,8000,"Medium",2037,1000,0,0.001,11980.6549351234,8840.60443923951,16620.7531926922,0.05,6280.46810663357,6443.42236951876,67.5306274899148,9140.34682912085,"I0",12,"Fcap_1.50_Besc_8000_sigmaR_0.216_SE_reference_AE_historical"
12,"I0__Fcap_1.50_Besc_8000_sigmaR_0.216_SE_reference_AE_historical",1.5,8000,"Medium",2038,1000,0,0,11799.1960034098,8757.64252445723,17232.4921413102,0.051,6235.6091201848,6372.95379449775,0,9575.60964044966,"I0",12,"Fcap_1.50_Besc_8000_sigmaR_0.216_SE_reference_AE_historical"
12,"I0__Fcap_1.50_Besc_8000_sigmaR_0.216_SE_reference_AE_historical",1.5,8000,"Medium",2039,1000,0,0,11994.4213735983,8818.93812246927,17339.8251664793,0.049,6347.41056373844,6424.72046154624,535.84271918269,9358.6492511239,"I0",12,"Fcap_1.50_Besc_8000_sigmaR_0.216_SE_reference_AE_historical"
12,"I0__Fcap_1.50_Besc_8000_sigmaR_0.216_SE_reference_AE_historical",1.5,8000,"Medium",2040,1000,0,0,11915.5365534817,8922.22129936773,17463.0154301188,0.035,6373.21667292815,6456.68092449968,2367.56311475409,9491.64976912073,"I0",12,"Fcap_1.50_Besc_8000_sigmaR_0.216_SE_reference_AE_historical"
12,"I0__Fcap_1.50_Besc_8000_sigmaR_0.216_SE_reference_AE_historical",1.5,8000,"Medium",2041,1000,0,0.001,12039.3179472832,8816.60373038035,17538.5312331567,0.054,6293.77758051699,6435.26885349684,0,9518.62934433056,"I0",12,"Fcap_1.50_Besc_8000_sigmaR_0.216_SE_reference_AE_historical"
12,"I0__Fcap_1.50_Besc_8000_sigmaR_0.216_SE_reference_AE_historical",1.5,8000,"Medium",2042,1000,0,0.001,12055.1767242037,8786.91358332583,17363.8351753381,0.051,6347.78385048131,6436.20206425734,0,9535.71270365269,"I0",12,"Fcap_1.50_Besc_8000_sigmaR_0.216_SE_reference_AE_historical"
12,"I0__Fcap_1.50_Besc_8000_sigmaR_0.216_SE_reference_AE_historical",1.5,8000,"Medium",2043,1000,0,0.001,11820.0168956082,8862.37996440902,16855.2021299452,0.039,6299.46600481093,6343.11870737425,1686.91745039363,9230.60705609579,"I0",12,"Fcap_1.50_Besc_8000_sigmaR_0.216_SE_reference_AE_historical"
12,"I0__Fcap_1.50_Besc_8000_sigmaR_0.216_SE_reference_AE_historical",1.5,8000,"Medium",2044,1000,0,0.001,11905.7804535832,8855.33870003878,17016.4997214301,0.048,6350.88880252126,6421.98409976602,927.598737982365,9424.32858840024,"I0",12,"Fcap_1.50_Besc_8000_sigmaR_0.216_SE_reference_AE_historical"
12,"I0__Fcap_1.50_Besc_8000_sigmaR_0.216_SE_reference_AE_historical",1.5,8000,"Long",2045,1000,0,0.001,11911.2541228375,8890.89452732802,17310.599321969,0.047,6329.05605686535,6429.23669647422,931.188990847156,9434.66933990909,"I0",12,"Fcap_1.50_Besc_8000_sigmaR_0.216_SE_reference_AE_historical"
12,"I0__Fcap_1.50_Besc_8000_sigmaR_0.216_SE_reference_AE_historical",1.5,8000,"Long",2046,1000,0,0,11920.8561194462,8820.84177881739,17162.3606684629,0.052,6323.62501969964,6385.3700564122,0,9641.37283489332,"I0",12,"Fcap_1.50_Besc_8000_sigmaR_0.216_SE_reference_AE_historical"
12,"I0__Fcap_1.50_Besc_8000_sigmaR_0.216_SE_reference_AE_historical",1.5,8000,"Long",2047,1000,0,0,12087.930741603,8915.97023745507,17741.4368759048,0.036,6480.19625924049,6436.38897153907,2294.49925049857,9667.59068573147,"I0",12,"Fcap_1.50_Besc_8000_sigmaR_0.216_SE_reference_AE_historical"
12,"I0__Fcap_1.50_Besc_8000_sigmaR_0.216_SE_reference_AE_historical",1.5,8000,"Long",2048,1000,0,0.001,12060.5275245719,8764.07488385451,17493.841229017,0.055,6350.69824866508,6471.64553284291,0,9603.59813664875,"I0",12,"Fcap_1.50_Besc_8000_sigmaR_0.216_SE_reference_AE_historical"
12,"I0__Fcap_1.50_Besc_8000_sigmaR_0.216_SE_reference_AE_historical",1.5,8000,"Long",2049,1000,0,0.001,11881.7175346185,8824.59989542403,17407.2874649583,0.047,6292.23451033144,6431.35535585415,386.327981541881,9601.84370794257,"I0",12,"Fcap_1.50_Besc_8000_sigmaR_0.216_SE_reference_AE_historical"
12,"I0__Fcap_1.50_Besc_8000_sigmaR_0.216_SE_reference_AE_historical",1.5,8000,"Long",2050,1000,0,0.001,12191.1180713837,8831.1530513592,17948.2609418779,0.046,6444.70704368534,6591.85744468666,770.821209270713,9819.49069073629,"I0",12,"Fcap_1.50_Besc_8000_sigmaR_0.216_SE_reference_AE_historical"
12,"I0__Fcap_1.50_Besc_8000_sigmaR_0.216_SE_reference_AE_historical",1.5,8000,"Long",2051,1000,0,0,12187.3486987347,8889.21402211366,17453.6771887314,0.048,6417.41729140795,6468.70886888461,733.618857559239,9591.86440113087,"I0",12,"Fcap_1.50_Besc_8000_sigmaR_0.216_SE_reference_AE_historical"
12,"I0__Fcap_1.50_Besc_8000_sigmaR_0.216_SE_reference_AE_historical",1.5,8000,"Long",2052,1000,0,0.001,12101.1332110098,8851.14159517681,17576.528789095,0.047,6421.29131839708,6483.57003953962,579.400129319215,9720.54740533064,"I0",12,"Fcap_1.50_Besc_8000_sigmaR_0.216_SE_reference_AE_historical"
12,"I0__Fcap_1.50_Besc_8000_sigmaR_0.216_SE_reference_AE_historical",1.5,8000,"Long",2053,1000,0.001,0.001,11896.9718943504,8855.75245223336,17645.8252143778,0.049,6371.61782794922,6448.0255632857,111.742623098297,9630.05925726605,"I0",12,"Fcap_1.50_Besc_8000_sigmaR_0.216_SE_reference_AE_historical"
12,"I0__Fcap_1.50_Besc_8000_sigmaR_0.216_SE_reference_AE_historical",1.5,8000,"Long",2054,1000,0,0.001,11921.1960189926,8805.83621159392,17394.0498906519,0.052,6315.13700740983,6367.85104026558,0,9467.31958088093,"I0",12,"Fcap_1.50_Besc_8000_sigmaR_0.216_SE_reference_AE_historical"
12,"I0__Fcap_1.50_Besc_8000_sigmaR_0.216_SE_reference_AE_historical",1.5,8000,"Full",2025,1000,0,0,13112.3826936268,11525.0829226642,16244.7512179728,0,7319.68140612105,7014.79075510456,5666.89694745892,9809.62408720058,"I0",12,"Fcap_1.50_Besc_8000_sigmaR_0.216_SE_reference_AE_historical"
12,"I0__Fcap_1.50_Besc_8000_sigmaR_0.216_SE_reference_AE_historical",1.5,8000,"Full",2026,1000,0,0,12079.090405533,8912.34173506576,17675.7374980103,0.049,6493.5047524421,6539.82433378839,194.776881483068,9790.12816950539,"I0",12,"Fcap_1.50_Besc_8000_sigmaR_0.216_SE_reference_AE_historical"
12,"I0__Fcap_1.50_Besc_8000_sigmaR_0.216_SE_reference_AE_historical",1.5,8000,"Full",2027,1000,0,0.001,12109.4919142086,8753.64956514257,17796.7016618908,0.058,6462.66370715032,6572.05548116706,0,9890.20958595972,"I0",12,"Fcap_1.50_Besc_8000_sigmaR_0.216_SE_reference_AE_historical"
12,"I0__Fcap_1.50_Besc_8000_sigmaR_0.216_SE_reference_AE_historical",1.5,8000,"Full",2028,1000,0,0,12105.4325515025,8822.50971444251,17241.649943987,0.052,6427.14069042195,6618.17094027315,0,9565.15336078941,"I0",12,"Fcap_1.50_Besc_8000_sigmaR_0.216_SE_reference_AE_historical"
12,"I0__Fcap_1.50_Besc_8000_sigmaR_0.216_SE_reference_AE_historical",1.5,8000,"Full",2029,1000,0,0.004,11892.3096213695,8703.05113923928,17256.1270874181,0.063,6291.60780125372,6509.85607561502,0,9663.02080343708,"I0",12,"Fcap_1.50_Besc_8000_sigmaR_0.216_SE_reference_AE_historical"
12,"I0__Fcap_1.50_Besc_8000_sigmaR_0.216_SE_reference_AE_historical",1.5,8000,"Full",2030,1000,0,0.001,11896.4588545722,8791.90814108805,17569.0892313638,0.057,6258.29375293634,6369.0057092079,0,9594.65885078905,"I0",12,"Fcap_1.50_Besc_8000_sigmaR_0.216_SE_reference_AE_historical"
12,"I0__Fcap_1.50_Besc_8000_sigmaR_0.216_SE_reference_AE_historical",1.5,8000,"Full",2031,1000,0,0.001,11829.963322123,8852.50856201234,17125.7812883802,0.047,6253.54941613987,6370.21262895452,394.184333284048,9261.05609918739,"I0",12,"Fcap_1.50_Besc_8000_sigmaR_0.216_SE_reference_AE_historical"
12,"I0__Fcap_1.50_Besc_8000_sigmaR_0.216_SE_reference_AE_historical",1.5,8000,"Full",2032,1000,0,0.001,11984.4026681713,8683.8628046061,16780.5841356395,0.063,6234.34977683589,6425.71657082527,0,9177.14410683262,"I0",12,"Fcap_1.50_Besc_8000_sigmaR_0.216_SE_reference_AE_historical"
12,"I0__Fcap_1.50_Besc_8000_sigmaR_0.216_SE_reference_AE_historical",1.5,8000,"Full",2033,1000,0,0,12040.8256491386,8851.54507964543,17257.5121436354,0.045,6391.19742787373,6455.14719426405,736.734832865689,9537.69596542351,"I0",12,"Fcap_1.50_Besc_8000_sigmaR_0.216_SE_reference_AE_historical"
12,"I0__Fcap_1.50_Besc_8000_sigmaR_0.216_SE_reference_AE_historical",1.5,8000,"Full",2034,1000,0,0.002,12055.4888372265,8828.82651034611,17394.5950044689,0.049,6420.83904855833,6486.39657726797,894.768148597152,9559.20751580219,"I0",12,"Fcap_1.50_Besc_8000_sigmaR_0.216_SE_reference_AE_historical"
12,"I0__Fcap_1.50_Besc_8000_sigmaR_0.216_SE_reference_AE_historical",1.5,8000,"Full",2035,1000,0,0.001,11975.8036882683,8843.3399623116,17067.1035463534,0.049,6281.1378553506,6408.65553107792,19.4042331582993,9332.16672407206,"I0",12,"Fcap_1.50_Besc_8000_sigmaR_0.216_SE_reference_AE_historical"
12,"I0__Fcap_1.50_Besc_8000_sigmaR_0.216_SE_reference_AE_historical",1.5,8000,"Full",2036,1000,0,0.001,11880.9858692024,8794.62476473576,17184.9660529357,0.046,6342.96022962608,6402.26300975879,333.822741672703,9365.88039267877,"I0",12,"Fcap_1.50_Besc_8000_sigmaR_0.216_SE_reference_AE_historical"
12,"I0__Fcap_1.50_Besc_8000_sigmaR_0.216_SE_reference_AE_historical",1.5,8000,"Full",2037,1000,0,0.001,11980.6549351234,8840.60443923951,16620.7531926922,0.05,6280.46810663357,6443.42236951876,67.5306274899148,9140.34682912085,"I0",12,"Fcap_1.50_Besc_8000_sigmaR_0.216_SE_reference_AE_historical"
12,"I0__Fcap_1.50_Besc_8000_sigmaR_0.216_SE_reference_AE_historical",1.5,8000,"Full",2038,1000,0,0,11799.1960034098,8757.64252445723,17232.4921413102,0.051,6235.6091201848,6372.95379449775,0,9575.60964044966,"I0",12,"Fcap_1.50_Besc_8000_sigmaR_0.216_SE_reference_AE_historical"
12,"I0__Fcap_1.50_Besc_8000_sigmaR_0.216_SE_reference_AE_historical",1.5,8000,"Full",2039,1000,0,0,11994.4213735983,8818.93812246927,17339.8251664793,0.049,6347.41056373844,6424.72046154624,535.84271918269,9358.6492511239,"I0",12,"Fcap_1.50_Besc_8000_sigmaR_0.216_SE_reference_AE_historical"
12,"I0__Fcap_1.50_Besc_8000_sigmaR_0.216_SE_reference_AE_historical",1.5,8000,"Full",2040,1000,0,0,11915.5365534817,8922.22129936773,17463.0154301188,0.035,6373.21667292815,6456.68092449968,2367.56311475409,9491.64976912073,"I0",12,"Fcap_1.50_Besc_8000_sigmaR_0.216_SE_reference_AE_historical"
12,"I0__Fcap_1.50_Besc_8000_sigmaR_0.216_SE_reference_AE_historical",1.5,8000,"Full",2041,1000,0,0.001,12039.3179472832,8816.60373038035,17538.5312331567,0.054,6293.77758051699,6435.26885349684,0,9518.62934433056,"I0",12,"Fcap_1.50_Besc_8000_sigmaR_0.216_SE_reference_AE_historical"
12,"I0__Fcap_1.50_Besc_8000_sigmaR_0.216_SE_reference_AE_historical",1.5,8000,"Full",2042,1000,0,0.001,12055.1767242037,8786.91358332583,17363.8351753381,0.051,6347.78385048131,6436.20206425734,0,9535.71270365269,"I0",12,"Fcap_1.50_Besc_8000_sigmaR_0.216_SE_reference_AE_historical"
12,"I0__Fcap_1.50_Besc_8000_sigmaR_0.216_SE_reference_AE_historical",1.5,8000,"Full",2043,1000,0,0.001,11820.0168956082,8862.37996440902,16855.2021299452,0.039,6299.46600481093,6343.11870737425,1686.91745039363,9230.60705609579,"I0",12,"Fcap_1.50_Besc_8000_sigmaR_0.216_SE_reference_AE_historical"
12,"I0__Fcap_1.50_Besc_8000_sigmaR_0.216_SE_reference_AE_historical",1.5,8000,"Full",2044,1000,0,0.001,11905.7804535832,8855.33870003878,17016.4997214301,0.048,6350.88880252126,6421.98409976602,927.598737982365,9424.32858840024,"I0",12,"Fcap_1.50_Besc_8000_sigmaR_0.216_SE_reference_AE_historical"
12,"I0__Fcap_1.50_Besc_8000_sigmaR_0.216_SE_reference_AE_historical",1.5,8000,"Full",2045,1000,0,0.001,11911.2541228375,8890.89452732802,17310.599321969,0.047,6329.05605686535,6429.23669647422,931.188990847156,9434.66933990909,"I0",12,"Fcap_1.50_Besc_8000_sigmaR_0.216_SE_reference_AE_historical"
12,"I0__Fcap_1.50_Besc_8000_sigmaR_0.216_SE_reference_AE_historical",1.5,8000,"Full",2046,1000,0,0,11920.8561194462,8820.84177881739,17162.3606684629,0.052,6323.62501969964,6385.3700564122,0,9641.37283489332,"I0",12,"Fcap_1.50_Besc_8000_sigmaR_0.216_SE_reference_AE_historical"
12,"I0__Fcap_1.50_Besc_8000_sigmaR_0.216_SE_reference_AE_historical",1.5,8000,"Full",2047,1000,0,0,12087.930741603,8915.97023745507,17741.4368759048,0.036,6480.19625924049,6436.38897153907,2294.49925049857,9667.59068573147,"I0",12,"Fcap_1.50_Besc_8000_sigmaR_0.216_SE_reference_AE_historical"
12,"I0__Fcap_1.50_Besc_8000_sigmaR_0.216_SE_reference_AE_historical",1.5,8000,"Full",2048,1000,0,0.001,12060.5275245719,8764.07488385451,17493.841229017,0.055,6350.69824866508,6471.64553284291,0,9603.59813664875,"I0",12,"Fcap_1.50_Besc_8000_sigmaR_0.216_SE_reference_AE_historical"
12,"I0__Fcap_1.50_Besc_8000_sigmaR_0.216_SE_reference_AE_historical",1.5,8000,"Full",2049,1000,0,0.001,11881.7175346185,8824.59989542403,17407.2874649583,0.047,6292.23451033144,6431.35535585415,386.327981541881,9601.84370794257,"I0",12,"Fcap_1.50_Besc_8000_sigmaR_0.216_SE_reference_AE_historical"
12,"I0__Fcap_1.50_Besc_8000_sigmaR_0.216_SE_reference_AE_historical",1.5,8000,"Full",2050,1000,0,0.001,12191.1180713837,8831.1530513592,17948.2609418779,0.046,6444.70704368534,6591.85744468666,770.821209270713,9819.49069073629,"I0",12,"Fcap_1.50_Besc_8000_sigmaR_0.216_SE_reference_AE_historical"
12,"I0__Fcap_1.50_Besc_8000_sigmaR_0.216_SE_reference_AE_historical",1.5,8000,"Full",2051,1000,0,0,12187.3486987347,8889.21402211366,17453.6771887314,0.048,6417.41729140795,6468.70886888461,733.618857559239,9591.86440113087,"I0",12,"Fcap_1.50_Besc_8000_sigmaR_0.216_SE_reference_AE_historical"
12,"I0__Fcap_1.50_Besc_8000_sigmaR_0.216_SE_reference_AE_historical",1.5,8000,"Full",2052,1000,0,0.001,12101.1332110098,8851.14159517681,17576.528789095,0.047,6421.29131839708,6483.57003953962,579.400129319215,9720.54740533064,"I0",12,"Fcap_1.50_Besc_8000_sigmaR_0.216_SE_reference_AE_historical"
12,"I0__Fcap_1.50_Besc_8000_sigmaR_0.216_SE_reference_AE_historical",1.5,8000,"Full",2053,1000,0.001,0.001,11896.9718943504,8855.75245223336,17645.8252143778,0.049,6371.61782794922,6448.0255632857,111.742623098297,9630.05925726605,"I0",12,"Fcap_1.50_Besc_8000_sigmaR_0.216_SE_reference_AE_historical"
12,"I0__Fcap_1.50_Besc_8000_sigmaR_0.216_SE_reference_AE_historical",1.5,8000,"Full",2054,1000,0,0.001,11921.1960189926,8805.83621159392,17394.0498906519,0.052,6315.13700740983,6367.85104026558,0,9467.31958088093,"I0",12,"Fcap_1.50_Besc_8000_sigmaR_0.216_SE_reference_AE_historical"
17,"I0__Fcap_1.70_Besc_5000_sigmaR_0.216_SE_reference_AE_historical",1.7,5000,"Short",2025,1000,0,0,13031.3717958448,11460.237321886,16135.9766568485,0,7929.92037318589,7575.42743915996,6160.96458711709,10595.3396824908,"I0",17,"Fcap_1.70_Besc_5000_sigmaR_0.216_SE_reference_AE_historical"
17,"I0__Fcap_1.70_Besc_5000_sigmaR_0.216_SE_reference_AE_historical",1.7,5000,"Short",2026,1000,0,0.001,11781.7722049477,8320.91525792928,17271.8336240103,0,7135.85262095546,6898.95315928244,4778.13474318999,10336.6987824999,"I0",17,"Fcap_1.70_Besc_5000_sigmaR_0.216_SE_reference_AE_historical"
17,"I0__Fcap_1.70_Besc_5000_sigmaR_0.216_SE_reference_AE_historical",1.7,5000,"Short",2027,1000,0,0.004,11637.9739760139,7905.32371412271,17328.8459366227,0,7089.76837512121,6830.23501481929,4573.56165875354,10479.843191521,"I0",17,"Fcap_1.70_Besc_5000_sigmaR_0.216_SE_reference_AE_historical"
17,"I0__Fcap_1.70_Besc_5000_sigmaR_0.216_SE_reference_AE_historical",1.7,5000,"Short",2028,1000,0,0.003,11640.9918170618,7942.12317431358,16867.8493446945,0,7000.96044795289,6862.77823720064,4601.82860962786,9978.78396903744,"I0",17,"Fcap_1.70_Besc_5000_sigmaR_0.216_SE_reference_AE_historical"
17,"I0__Fcap_1.70_Besc_5000_sigmaR_0.216_SE_reference_AE_historical",1.7,5000,"Short",2029,1000,0,0.008,11392.5530659779,7650.16555422134,16836.0112855127,0.001,6894.91418503869,6688.17410346814,4575.78527719464,10030.6395499765,"I0",17,"Fcap_1.70_Besc_5000_sigmaR_0.216_SE_reference_AE_historical"
17,"I0__Fcap_1.70_Besc_5000_sigmaR_0.216_SE_reference_AE_historical",1.7,5000,"Short",2030,1000,0,0.007,11463.8112496952,7760.56891612564,17136.1515457284,0,6819.08083776142,6541.06414181648,4481.61645448554,10050.6940977642,"I0",17,"Fcap_1.70_Besc_5000_sigmaR_0.216_SE_reference_AE_historical"
17,"I0__Fcap_1.70_Besc_5000_sigmaR_0.216_SE_reference_AE_historical",1.7,5000,"Short",2031,1000,0,0.005,11289.6072528645,7948.364947861,16709.0296197657,0,6787.84152836603,6561.59286811699,4582.3752410257,9655.553933618,"I0",17,"Fcap_1.70_Besc_5000_sigmaR_0.216_SE_reference_AE_historical"
17,"I0__Fcap_1.70_Besc_5000_sigmaR_0.216_SE_reference_AE_historical",1.7,5000,"Short",2032,1000,0,0.005,11548.9614694017,7659.40224927015,16260.8805892128,0,6823.85216870176,6636.87461570235,4368.6616916641,9582.08253476491,"I0",17,"Fcap_1.70_Besc_5000_sigmaR_0.216_SE_reference_AE_historical"
17,"I0__Fcap_1.70_Besc_5000_sigmaR_0.216_SE_reference_AE_historical",1.7,5000,"Short",2033,1000,0,0.005,11542.2667347185,7821.45849515573,16859.3575666738,0.001,6910.03309898103,6714.64585622612,4683.02607141063,10035.8246459913,"I0",17,"Fcap_1.70_Besc_5000_sigmaR_0.216_SE_reference_AE_historical"
17,"I0__Fcap_1.70_Besc_5000_sigmaR_0.216_SE_reference_AE_historical",1.7,5000,"Short",2034,1000,0,0.008,11599.4890974444,8059.78405305472,16893.7005173895,0.001,6935.970576541,6731.55719572217,4632.5740058857,9974.56279972247,"I0",17,"Fcap_1.70_Besc_5000_sigmaR_0.216_SE_reference_AE_historical"
17,"I0__Fcap_1.70_Besc_5000_sigmaR_0.216_SE_reference_AE_historical",1.7,5000,"Medium",2035,1000,0,0.005,11531.6603920209,7831.48312146023,16631.2608140032,0.001,6857.89809947599,6687.90930065356,4505.35346633648,9763.77567981789,"I0",17,"Fcap_1.70_Besc_5000_sigmaR_0.216_SE_reference_AE_historical"
17,"I0__Fcap_1.70_Besc_5000_sigmaR_0.216_SE_reference_AE_historical",1.7,5000,"Medium",2036,1000,0,0.011,11401.9108144755,7829.57112957448,16651.1782830568,0,6854.09266960871,6624.70661017078,4558.19508050481,9831.74833083734,"I0",17,"Fcap_1.70_Besc_5000_sigmaR_0.216_SE_reference_AE_historical"
17,"I0__Fcap_1.70_Besc_5000_sigmaR_0.216_SE_reference_AE_historical",1.7,5000,"Medium",2037,1000,0,0.007,11490.5121170478,7829.1883143415,16236.7155626968,0,6802.11904454316,6702.28743676813,4571.21470996512,9632.57819317979,"I0",17,"Fcap_1.70_Besc_5000_sigmaR_0.216_SE_reference_AE_historical"
17,"I0__Fcap_1.70_Besc_5000_sigmaR_0.216_SE_reference_AE_historical",1.7,5000,"Medium",2038,1000,0,0.003,11313.0542528769,7775.45580774167,16801.7270876222,0,6822.70879132638,6575.74357944132,4481.2349760996,10002.4812421809,"I0",17,"Fcap_1.70_Besc_5000_sigmaR_0.216_SE_reference_AE_historical"
17,"I0__Fcap_1.70_Besc_5000_sigmaR_0.216_SE_reference_AE_historical",1.7,5000,"Medium",2039,1000,0,0.01,11546.110043817,7825.37964838508,16916.9558856175,0,6879.56667045849,6706.02399957122,4562.25524187079,9808.91718426926,"I0",17,"Fcap_1.70_Besc_5000_sigmaR_0.216_SE_reference_AE_historical"
17,"I0__Fcap_1.70_Besc_5000_sigmaR_0.216_SE_reference_AE_historical",1.7,5000,"Medium",2040,1000,0,0.007,11425.1857325944,8053.61739042561,16996.0228262016,0,6894.22545113805,6689.1593213975,4734.05549327969,10030.6204448745,"I0",17,"Fcap_1.70_Besc_5000_sigmaR_0.216_SE_reference_AE_historical"
17,"I0__Fcap_1.70_Besc_5000_sigmaR_0.216_SE_reference_AE_historical",1.7,5000,"Medium",2041,1000,0,0.009,11534.2481369614,7817.45628678611,17106.7904213852,0.001,6897.28965416687,6662.80628540495,4547.21358347904,10041.6631369087,"I0",17,"Fcap_1.70_Besc_5000_sigmaR_0.216_SE_reference_AE_historical"
17,"I0__Fcap_1.70_Besc_5000_sigmaR_0.216_SE_reference_AE_historical",1.7,5000,"Medium",2042,1000,0,0.005,11614.0220716083,7696.14108369859,16889.7471694312,0.001,6888.47524989235,6652.09452855575,4573.15462537766,10073.0705360855,"I0",17,"Fcap_1.70_Besc_5000_sigmaR_0.216_SE_reference_AE_historical"
17,"I0__Fcap_1.70_Besc_5000_sigmaR_0.216_SE_reference_AE_historical",1.7,5000,"Medium",2043,1000,0,0.006,11352.1584501365,8018.74856419978,16331.1603728505,0.001,6805.97709683436,6602.51741758561,4640.2226341591,9553.43094573276,"I0",17,"Fcap_1.70_Besc_5000_sigmaR_0.216_SE_reference_AE_historical"
17,"I0__Fcap_1.70_Besc_5000_sigmaR_0.216_SE_reference_AE_historical",1.7,5000,"Medium",2044,1000,0,0.007,11424.3362984351,7944.65734599967,16485.4905553902,0,6876.5951705776,6685.04541659789,4587.39331247462,9822.25408843336,"I0",17,"Fcap_1.70_Besc_5000_sigmaR_0.216_SE_reference_AE_historical"
17,"I0__Fcap_1.70_Besc_5000_sigmaR_0.216_SE_reference_AE_historical",1.7,5000,"Long",2045,1000,0,0.007,11379.4448880025,8007.68252708582,16858.1285859166,0,6862.79273129065,6717.25792448572,4532.18544847619,9876.69709265474,"I0",17,"Fcap_1.70_Besc_5000_sigmaR_0.216_SE_reference_AE_historical"
17,"I0__Fcap_1.70_Besc_5000_sigmaR_0.216_SE_reference_AE_historical",1.7,5000,"Long",2046,1000,0,0.005,11488.907654727,7824.14231435666,16634.938031037,0,6897.08767850089,6618.29150386797,4654.64550011183,10031.2534812012,"I0",17,"Fcap_1.70_Besc_5000_sigmaR_0.216_SE_reference_AE_historical"
17,"I0__Fcap_1.70_Besc_5000_sigmaR_0.216_SE_reference_AE_historical",1.7,5000,"Long",2047,1000,0,0.007,11643.4801163599,7976.45867710517,17204.1637419309,0,6976.26899517831,6701.03915960562,4682.27497703644,10213.6675944671,"I0",17,"Fcap_1.70_Besc_5000_sigmaR_0.216_SE_reference_AE_historical"
17,"I0__Fcap_1.70_Besc_5000_sigmaR_0.216_SE_reference_AE_historical",1.7,5000,"Long",2048,1000,0,0.009,11580.9914599397,7674.17096734823,16996.9643133546,0,6932.36769170976,6734.67428284592,4578.06212579575,10066.1317421986,"I0",17,"Fcap_1.70_Besc_5000_sigmaR_0.216_SE_reference_AE_historical"
17,"I0__Fcap_1.70_Besc_5000_sigmaR_0.216_SE_reference_AE_historical",1.7,5000,"Long",2049,1000,0,0.004,11417.6406860124,7785.14240072084,16935.9769141005,0,6841.97154099581,6646.61787499672,4547.69733471524,10111.9864088156,"I0",17,"Fcap_1.70_Besc_5000_sigmaR_0.216_SE_reference_AE_historical"
17,"I0__Fcap_1.70_Besc_5000_sigmaR_0.216_SE_reference_AE_historical",1.7,5000,"Long",2050,1000,0,0.009,11668.2002790255,8055.12964593591,17326.7291462503,0.001,7000.87094695155,6817.47465095406,4566.76874531572,10187.6974901034,"I0",17,"Fcap_1.70_Besc_5000_sigmaR_0.216_SE_reference_AE_historical"
17,"I0__Fcap_1.70_Besc_5000_sigmaR_0.216_SE_reference_AE_historical",1.7,5000,"Long",2051,1000,0,0.006,11617.4362000066,7904.97951145476,17032.3204283348,0,6948.72363556487,6720.33277628195,4506.33531272325,10074.1336063668,"I0",17,"Fcap_1.70_Besc_5000_sigmaR_0.216_SE_reference_AE_historical"
17,"I0__Fcap_1.70_Besc_5000_sigmaR_0.216_SE_reference_AE_historical",1.7,5000,"Long",2052,1000,0,0.006,11565.5501078431,8014.98172063686,17057.5833007778,0,6947.99577149791,6688.90102546097,4605.21729559212,10081.3725898667,"I0",17,"Fcap_1.70_Besc_5000_sigmaR_0.216_SE_reference_AE_historical"
17,"I0__Fcap_1.70_Besc_5000_sigmaR_0.216_SE_reference_AE_historical",1.7,5000,"Long",2053,1000,0,0.004,11472.8096100474,7951.08931024788,17243.3448526836,0,6915.89982477606,6670.62750936447,4629.41858186231,10111.7322438747,"I0",17,"Fcap_1.70_Besc_5000_sigmaR_0.216_SE_reference_AE_historical"
17,"I0__Fcap_1.70_Besc_5000_sigmaR_0.216_SE_reference_AE_historical",1.7,5000,"Long",2054,1000,0,0.011,11408.8252401608,7846.16197770133,16987.8406899408,0.001,6876.73580631699,6616.58446953485,4578.65190077843,9886.04077448522,"I0",17,"Fcap_1.70_Besc_5000_sigmaR_0.216_SE_reference_AE_historical"
17,"I0__Fcap_1.70_Besc_5000_sigmaR_0.216_SE_reference_AE_historical",1.7,5000,"Full",2025,1000,0,0,13031.3717958448,11460.237321886,16135.9766568485,0,7929.92037318589,7575.42743915996,6160.96458711709,10595.3396824908,"I0",17,"Fcap_1.70_Besc_5000_sigmaR_0.216_SE_reference_AE_historical"
17,"I0__Fcap_1.70_Besc_5000_sigmaR_0.216_SE_reference_AE_historical",1.7,5000,"Full",2026,1000,0,0.001,11781.7722049477,8320.91525792928,17271.8336240103,0,7135.85262095546,6898.95315928244,4778.13474318999,10336.6987824999,"I0",17,"Fcap_1.70_Besc_5000_sigmaR_0.216_SE_reference_AE_historical"
17,"I0__Fcap_1.70_Besc_5000_sigmaR_0.216_SE_reference_AE_historical",1.7,5000,"Full",2027,1000,0,0.004,11637.9739760139,7905.32371412271,17328.8459366227,0,7089.76837512121,6830.23501481929,4573.56165875354,10479.843191521,"I0",17,"Fcap_1.70_Besc_5000_sigmaR_0.216_SE_reference_AE_historical"
17,"I0__Fcap_1.70_Besc_5000_sigmaR_0.216_SE_reference_AE_historical",1.7,5000,"Full",2028,1000,0,0.003,11640.9918170618,7942.12317431358,16867.8493446945,0,7000.96044795289,6862.77823720064,4601.82860962786,9978.78396903744,"I0",17,"Fcap_1.70_Besc_5000_sigmaR_0.216_SE_reference_AE_historical"
17,"I0__Fcap_1.70_Besc_5000_sigmaR_0.216_SE_reference_AE_historical",1.7,5000,"Full",2029,1000,0,0.008,11392.5530659779,7650.16555422134,16836.0112855127,0.001,6894.91418503869,6688.17410346814,4575.78527719464,10030.6395499765,"I0",17,"Fcap_1.70_Besc_5000_sigmaR_0.216_SE_reference_AE_historical"
17,"I0__Fcap_1.70_Besc_5000_sigmaR_0.216_SE_reference_AE_historical",1.7,5000,"Full",2030,1000,0,0.007,11463.8112496952,7760.56891612564,17136.1515457284,0,6819.08083776142,6541.06414181648,4481.61645448554,10050.6940977642,"I0",17,"Fcap_1.70_Besc_5000_sigmaR_0.216_SE_reference_AE_historical"
17,"I0__Fcap_1.70_Besc_5000_sigmaR_0.216_SE_reference_AE_historical",1.7,5000,"Full",2031,1000,0,0.005,11289.6072528645,7948.364947861,16709.0296197657,0,6787.84152836603,6561.59286811699,4582.3752410257,9655.553933618,"I0",17,"Fcap_1.70_Besc_5000_sigmaR_0.216_SE_reference_AE_historical"
17,"I0__Fcap_1.70_Besc_5000_sigmaR_0.216_SE_reference_AE_historical",1.7,5000,"Full",2032,1000,0,0.005,11548.9614694017,7659.40224927015,16260.8805892128,0,6823.85216870176,6636.87461570235,4368.6616916641,9582.08253476491,"I0",17,"Fcap_1.70_Besc_5000_sigmaR_0.216_SE_reference_AE_historical"
17,"I0__Fcap_1.70_Besc_5000_sigmaR_0.216_SE_reference_AE_historical",1.7,5000,"Full",2033,1000,0,0.005,11542.2667347185,7821.45849515573,16859.3575666738,0.001,6910.03309898103,6714.64585622612,4683.02607141063,10035.8246459913,"I0",17,"Fcap_1.70_Besc_5000_sigmaR_0.216_SE_reference_AE_historical"
17,"I0__Fcap_1.70_Besc_5000_sigmaR_0.216_SE_reference_AE_historical",1.7,5000,"Full",2034,1000,0,0.008,11599.4890974444,8059.78405305472,16893.7005173895,0.001,6935.970576541,6731.55719572217,4632.5740058857,9974.56279972247,"I0",17,"Fcap_1.70_Besc_5000_sigmaR_0.216_SE_reference_AE_historical"
17,"I0__Fcap_1.70_Besc_5000_sigmaR_0.216_SE_reference_AE_historical",1.7,5000,"Full",2035,1000,0,0.005,11531.6603920209,7831.48312146023,16631.2608140032,0.001,6857.89809947599,6687.90930065356,4505.35346633648,9763.77567981789,"I0",17,"Fcap_1.70_Besc_5000_sigmaR_0.216_SE_reference_AE_historical"
17,"I0__Fcap_1.70_Besc_5000_sigmaR_0.216_SE_reference_AE_historical",1.7,5000,"Full",2036,1000,0,0.011,11401.9108144755,7829.57112957448,16651.1782830568,0,6854.09266960871,6624.70661017078,4558.19508050481,9831.74833083734,"I0",17,"Fcap_1.70_Besc_5000_sigmaR_0.216_SE_reference_AE_historical"
17,"I0__Fcap_1.70_Besc_5000_sigmaR_0.216_SE_reference_AE_historical",1.7,5000,"Full",2037,1000,0,0.007,11490.5121170478,7829.1883143415,16236.7155626968,0,6802.11904454316,6702.28743676813,4571.21470996512,9632.57819317979,"I0",17,"Fcap_1.70_Besc_5000_sigmaR_0.216_SE_reference_AE_historical"
17,"I0__Fcap_1.70_Besc_5000_sigmaR_0.216_SE_reference_AE_historical",1.7,5000,"Full",2038,1000,0,0.003,11313.0542528769,7775.45580774167,16801.7270876222,0,6822.70879132638,6575.74357944132,4481.2349760996,10002.4812421809,"I0",17,"Fcap_1.70_Besc_5000_sigmaR_0.216_SE_reference_AE_historical"
17,"I0__Fcap_1.70_Besc_5000_sigmaR_0.216_SE_reference_AE_historical",1.7,5000,"Full",2039,1000,0,0.01,11546.110043817,7825.37964838508,16916.9558856175,0,6879.56667045849,6706.02399957122,4562.25524187079,9808.91718426926,"I0",17,"Fcap_1.70_Besc_5000_sigmaR_0.216_SE_reference_AE_historical"
17,"I0__Fcap_1.70_Besc_5000_sigmaR_0.216_SE_reference_AE_historical",1.7,5000,"Full",2040,1000,0,0.007,11425.1857325944,8053.61739042561,16996.0228262016,0,6894.22545113805,6689.1593213975,4734.05549327969,10030.6204448745,"I0",17,"Fcap_1.70_Besc_5000_sigmaR_0.216_SE_reference_AE_historical"
17,"I0__Fcap_1.70_Besc_5000_sigmaR_0.216_SE_reference_AE_historical",1.7,5000,"Full",2041,1000,0,0.009,11534.2481369614,7817.45628678611,17106.7904213852,0.001,6897.28965416687,6662.80628540495,4547.21358347904,10041.6631369087,"I0",17,"Fcap_1.70_Besc_5000_sigmaR_0.216_SE_reference_AE_historical"
17,"I0__Fcap_1.70_Besc_5000_sigmaR_0.216_SE_reference_AE_historical",1.7,5000,"Full",2042,1000,0,0.005,11614.0220716083,7696.14108369859,16889.7471694312,0.001,6888.47524989235,6652.09452855575,4573.15462537766,10073.0705360855,"I0",17,"Fcap_1.70_Besc_5000_sigmaR_0.216_SE_reference_AE_historical"
17,"I0__Fcap_1.70_Besc_5000_sigmaR_0.216_SE_reference_AE_historical",1.7,5000,"Full",2043,1000,0,0.006,11352.1584501365,8018.74856419978,16331.1603728505,0.001,6805.97709683436,6602.51741758561,4640.2226341591,9553.43094573276,"I0",17,"Fcap_1.70_Besc_5000_sigmaR_0.216_SE_reference_AE_historical"
17,"I0__Fcap_1.70_Besc_5000_sigmaR_0.216_SE_reference_AE_historical",1.7,5000,"Full",2044,1000,0,0.007,11424.3362984351,7944.65734599967,16485.4905553902,0,6876.5951705776,6685.04541659789,4587.39331247462,9822.25408843336,"I0",17,"Fcap_1.70_Besc_5000_sigmaR_0.216_SE_reference_AE_historical"
17,"I0__Fcap_1.70_Besc_5000_sigmaR_0.216_SE_reference_AE_historical",1.7,5000,"Full",2045,1000,0,0.007,11379.4448880025,8007.68252708582,16858.1285859166,0,6862.79273129065,6717.25792448572,4532.18544847619,9876.69709265474,"I0",17,"Fcap_1.70_Besc_5000_sigmaR_0.216_SE_reference_AE_historical"
17,"I0__Fcap_1.70_Besc_5000_sigmaR_0.216_SE_reference_AE_historical",1.7,5000,"Full",2046,1000,0,0.005,11488.907654727,7824.14231435666,16634.938031037,0,6897.08767850089,6618.29150386797,4654.64550011183,10031.2534812012,"I0",17,"Fcap_1.70_Besc_5000_sigmaR_0.216_SE_reference_AE_historical"
17,"I0__Fcap_1.70_Besc_5000_sigmaR_0.216_SE_reference_AE_historical",1.7,5000,"Full",2047,1000,0,0.007,11643.4801163599,7976.45867710517,17204.1637419309,0,6976.26899517831,6701.03915960562,4682.27497703644,10213.6675944671,"I0",17,"Fcap_1.70_Besc_5000_sigmaR_0.216_SE_reference_AE_historical"
17,"I0__Fcap_1.70_Besc_5000_sigmaR_0.216_SE_reference_AE_historical",1.7,5000,"Full",2048,1000,0,0.009,11580.9914599397,7674.17096734823,16996.9643133546,0,6932.36769170976,6734.67428284592,4578.06212579575,10066.1317421986,"I0",17,"Fcap_1.70_Besc_5000_sigmaR_0.216_SE_reference_AE_historical"
17,"I0__Fcap_1.70_Besc_5000_sigmaR_0.216_SE_reference_AE_historical",1.7,5000,"Full",2049,1000,0,0.004,11417.6406860124,7785.14240072084,16935.9769141005,0,6841.97154099581,6646.61787499672,4547.69733471524,10111.9864088156,"I0",17,"Fcap_1.70_Besc_5000_sigmaR_0.216_SE_reference_AE_historical"
17,"I0__Fcap_1.70_Besc_5000_sigmaR_0.216_SE_reference_AE_historical",1.7,5000,"Full",2050,1000,0,0.009,11668.2002790255,8055.12964593591,17326.7291462503,0.001,7000.87094695155,6817.47465095406,4566.76874531572,10187.6974901034,"I0",17,"Fcap_1.70_Besc_5000_sigmaR_0.216_SE_reference_AE_historical"
17,"I0__Fcap_1.70_Besc_5000_sigmaR_0.216_SE_reference_AE_historical",1.7,5000,"Full",2051,1000,0,0.006,11617.4362000066,7904.97951145476,17032.3204283348,0,6948.72363556487,6720.33277628195,4506.33531272325,10074.1336063668,"I0",17,"Fcap_1.70_Besc_5000_sigmaR_0.216_SE_reference_AE_historical"
17,"I0__Fcap_1.70_Besc_5000_sigmaR_0.216_SE_reference_AE_historical",1.7,5000,"Full",2052,1000,0,0.006,11565.5501078431,8014.98172063686,17057.5833007778,0,6947.99577149791,6688.90102546097,4605.21729559212,10081.3725898667,"I0",17,"Fcap_1.70_Besc_5000_sigmaR_0.216_SE_reference_AE_historical"
17,"I0__Fcap_1.70_Besc_5000_sigmaR_0.216_SE_reference_AE_historical",1.7,5000,"Full",2053,1000,0,0.004,11472.8096100474,7951.08931024788,17243.3448526836,0,6915.89982477606,6670.62750936447,4629.41858186231,10111.7322438747,"I0",17,"Fcap_1.70_Besc_5000_sigmaR_0.216_SE_reference_AE_historical"
17,"I0__Fcap_1.70_Besc_5000_sigmaR_0.216_SE_reference_AE_historical",1.7,5000,"Full",2054,1000,0,0.011,11408.8252401608,7846.16197770133,16987.8406899408,0.001,6876.73580631699,6616.58446953485,4578.65190077843,9886.04077448522,"I0",17,"Fcap_1.70_Besc_5000_sigmaR_0.216_SE_reference_AE_historical"
18,"I0__Fcap_1.70_Besc_6561_sigmaR_0.216_SE_reference_AE_historical",1.7,6561,"Short",2025,1000,0,0,13031.3717958448,11460.237321886,16135.9766568485,0,7929.92037318589,7575.42743915996,6160.96458711709,10595.3396824908,"I0",18,"Fcap_1.70_Besc_6561_sigmaR_0.216_SE_reference_AE_historical"
18,"I0__Fcap_1.70_Besc_6561_sigmaR_0.216_SE_reference_AE_historical",1.7,6561,"Short",2026,1000,0,0,11781.7722049477,8320.91525792928,17271.8336240103,0.004,7104.7451540249,6898.95315928244,4778.13474318999,10336.6987824999,"I0",18,"Fcap_1.70_Besc_6561_sigmaR_0.216_SE_reference_AE_historical"
18,"I0__Fcap_1.70_Besc_6561_sigmaR_0.216_SE_reference_AE_historical",1.7,6561,"Short",2027,1000,0,0.002,11662.8111975079,7928.06692094363,17328.8459366227,0.008,7053.74501863809,6838.85252716761,4571.89588420928,10476.6352868644,"I0",18,"Fcap_1.70_Besc_6561_sigmaR_0.216_SE_reference_AE_historical"
18,"I0__Fcap_1.70_Besc_6561_sigmaR_0.216_SE_reference_AE_historical",1.7,6561,"Short",2028,1000,0,0.002,11661.29444937,7996.69295062015,16867.8656403185,0.009,6962.18683614176,6873.92818023329,4605.68638676962,9977.95614834462,"I0",18,"Fcap_1.70_Besc_6561_sigmaR_0.216_SE_reference_AE_historical"
18,"I0__Fcap_1.70_Besc_6561_sigmaR_0.216_SE_reference_AE_historical",1.7,6561,"Short",2029,1000,0,0.005,11400.2789031634,7731.58095578538,16836.8759267078,0.016,6820.08134805516,6695.54179385326,4485.71299914951,10045.8901094122,"I0",18,"Fcap_1.70_Besc_6561_sigmaR_0.216_SE_reference_AE_historical"
18,"I0__Fcap_1.70_Besc_6561_sigmaR_0.216_SE_reference_AE_historical",1.7,6561,"Short",2030,1000,0,0.001,11477.3640039515,7897.81097191375,17137.5389380908,0.01,6781.95758520798,6570.12563990883,4459.7855665536,10109.2421857517,"I0",18,"Fcap_1.70_Besc_6561_sigmaR_0.216_SE_reference_AE_historical"
18,"I0__Fcap_1.70_Besc_6561_sigmaR_0.216_SE_reference_AE_historical",1.7,6561,"Short",2031,1000,0,0.001,11325.3545848401,8005.40432211505,16704.6859315665,0.012,6754.5622009936,6630.00852950284,4511.92219265023,9653.09985087998,"I0",18,"Fcap_1.70_Besc_6561_sigmaR_0.216_SE_reference_AE_historical"
18,"I0__Fcap_1.70_Besc_6561_sigmaR_0.216_SE_reference_AE_historical",1.7,6561,"Short",2032,1000,0,0.001,11569.9757428634,7736.59592236511,16268.2468919015,0.011,6753.61503563878,6676.47732760183,4232.69650135249,9590.43639673489,"I0",18,"Fcap_1.70_Besc_6561_sigmaR_0.216_SE_reference_AE_historical"
18,"I0__Fcap_1.70_Besc_6561_sigmaR_0.216_SE_reference_AE_historical",1.7,6561,"Short",2033,1000,0,0.002,11549.7385572719,7851.27754926626,16852.064129162,0.012,6874.82354450887,6737.11390708964,4682.7380676578,10089.1104126924,"I0",18,"Fcap_1.70_Besc_6561_sigmaR_0.216_SE_reference_AE_historical"
18,"I0__Fcap_1.70_Besc_6561_sigmaR_0.216_SE_reference_AE_historical",1.7,6561,"Short",2034,1000,0,0.003,11621.5839076612,8075.20784871619,16891.2963747681,0.013,6902.48110782415,6757.64131888629,4639.32982277102,9969.35561931421,"I0",18,"Fcap_1.70_Besc_6561_sigmaR_0.216_SE_reference_AE_historical"
18,"I0__Fcap_1.70_Besc_6561_sigmaR_0.216_SE_reference_AE_historical",1.7,6561,"Medium",2035,1000,0,0.001,11553.2049808435,7968.54851903056,16654.4788688842,0.016,6802.25377869014,6710.16248148644,4414.61957294266,9777.46297437419,"I0",18,"Fcap_1.70_Besc_6561_sigmaR_0.216_SE_reference_AE_historical"
18,"I0__Fcap_1.70_Besc_6561_sigmaR_0.216_SE_reference_AE_historical",1.7,6561,"Medium",2036,1000,0,0.002,11417.4448923961,7915.69360357818,16666.1490577286,0.012,6830.48728713218,6655.74865852033,4561.14283291157,9838.65613054647,"I0",18,"Fcap_1.70_Besc_6561_sigmaR_0.216_SE_reference_AE_historical"
18,"I0__Fcap_1.70_Besc_6561_sigmaR_0.216_SE_reference_AE_historical",1.7,6561,"Medium",2037,1000,0,0.002,11539.9099463003,7965.75817238849,16254.6583023353,0.01,6768.29169354559,6723.178916794,4571.02884734685,9633.25779194854,"I0",18,"Fcap_1.70_Besc_6561_sigmaR_0.216_SE_reference_AE_historical"
18,"I0__Fcap_1.70_Besc_6561_sigmaR_0.216_SE_reference_AE_historical",1.7,6561,"Medium",2038,1000,0,0,11382.746595789,7869.13877635317,16800.8032848165,0.008,6772.9505411159,6622.73050819665,4471.82366546116,10009.3461368112,"I0",18,"Fcap_1.70_Besc_6561_sigmaR_0.216_SE_reference_AE_historical"
18,"I0__Fcap_1.70_Besc_6561_sigmaR_0.216_SE_reference_AE_historical",1.7,6561,"Medium",2039,1000,0,0.001,11574.1994593295,7972.0629429985,16927.2308279593,0.012,6823.96798074917,6721.46552247915,4541.46960087301,9846.06033146653,"I0",18,"Fcap_1.70_Besc_6561_sigmaR_0.216_SE_reference_AE_historical"
18,"I0__Fcap_1.70_Besc_6561_sigmaR_0.216_SE_reference_AE_historical",1.7,6561,"Medium",2040,1000,0,0.002,11456.7777957173,8160.23940374078,17015.6065736167,0.007,6872.00664782559,6684.42253771422,4724.97557596791,10027.8776591655,"I0",18,"Fcap_1.70_Besc_6561_sigmaR_0.216_SE_reference_AE_historical"
18,"I0__Fcap_1.70_Besc_6561_sigmaR_0.216_SE_reference_AE_historical",1.7,6561,"Medium",2041,1000,0,0.003,11569.1512763157,7964.38353068398,17103.0125304717,0.012,6832.62937874326,6698.22116524455,4463.93919542734,10027.5208764551,"I0",18,"Fcap_1.70_Besc_6561_sigmaR_0.216_SE_reference_AE_historical"
18,"I0__Fcap_1.70_Besc_6561_sigmaR_0.216_SE_reference_AE_historical",1.7,6561,"Medium",2042,1000,0,0.001,11631.0524863549,7906.40680246053,16887.3574592645,0.009,6840.13786814779,6685.46249789783,4468.40039299439,10076.3223367032,"I0",18,"Fcap_1.70_Besc_6561_sigmaR_0.216_SE_reference_AE_historical"
18,"I0__Fcap_1.70_Besc_6561_sigmaR_0.216_SE_reference_AE_historical",1.7,6561,"Medium",2043,1000,0,0.001,11382.1107170788,8049.66080638499,16344.7280420794,0.009,6785.15076636399,6615.79845206572,4652.16443108463,9556.85413702839,"I0",18,"Fcap_1.70_Besc_6561_sigmaR_0.216_SE_reference_AE_historical"
18,"I0__Fcap_1.70_Besc_6561_sigmaR_0.216_SE_reference_AE_historical",1.7,6561,"Medium",2044,1000,0,0.003,11434.7378211116,8021.78239509694,16486.9845871277,0.009,6832.15234353204,6699.5339978764,4540.70437595898,9862.36230582593,"I0",18,"Fcap_1.70_Besc_6561_sigmaR_0.216_SE_reference_AE_historical"
18,"I0__Fcap_1.70_Besc_6561_sigmaR_0.216_SE_reference_AE_historical",1.7,6561,"Long",2045,1000,0,0.003,11464.9945953393,8049.32372362609,16831.2153528369,0.009,6833.22713103956,6735.32911433909,4470.9421372279,9887.06921192574,"I0",18,"Fcap_1.70_Besc_6561_sigmaR_0.216_SE_reference_AE_historical"
18,"I0__Fcap_1.70_Besc_6561_sigmaR_0.216_SE_reference_AE_historical",1.7,6561,"Long",2046,1000,0,0.002,11517.1570019115,7890.54123383828,16664.8929373088,0.005,6878.75467186381,6644.17256867963,4633.69125241751,10033.9297413932,"I0",18,"Fcap_1.70_Besc_6561_sigmaR_0.216_SE_reference_AE_historical"
18,"I0__Fcap_1.70_Besc_6561_sigmaR_0.216_SE_reference_AE_historical",1.7,6561,"Long",2047,1000,0,0,11643.3357468242,8042.8032769509,17270.9480293371,0.007,6929.58335863232,6709.72485118437,4622.05149168066,10219.1556438443,"I0",18,"Fcap_1.70_Besc_6561_sigmaR_0.216_SE_reference_AE_historical"
18,"I0__Fcap_1.70_Besc_6561_sigmaR_0.216_SE_reference_AE_historical",1.7,6561,"Long",2048,1000,0,0.002,11616.6711297432,7858.14298782258,16998.5987021491,0.013,6872.60948624694,6766.03164176575,4484.38720380025,10078.752569122,"I0",18,"Fcap_1.70_Besc_6561_sigmaR_0.216_SE_reference_AE_historical"
18,"I0__Fcap_1.70_Besc_6561_sigmaR_0.216_SE_reference_AE_historical",1.7,6561,"Long",2049,1000,0,0.002,11445.3685949426,7879.60106952223,16928.2613504628,0.01,6813.8965446663,6691.15558209766,4538.50721950431,10114.0156384551,"I0",18,"Fcap_1.70_Besc_6561_sigmaR_0.216_SE_reference_AE_historical"
18,"I0__Fcap_1.70_Besc_6561_sigmaR_0.216_SE_reference_AE_historical",1.7,6561,"Long",2050,1000,0,0.004,11696.3948837767,8086.65510871911,17382.4311691126,0.016,6937.44889781634,6849.66035194009,4440.46031093897,10224.3984053202,"I0",18,"Fcap_1.70_Besc_6561_sigmaR_0.216_SE_reference_AE_historical"
18,"I0__Fcap_1.70_Besc_6561_sigmaR_0.216_SE_reference_AE_historical",1.7,6561,"Long",2051,1000,0,0,11704.4748075425,7999.89183606564,17035.132407816,0.005,6938.08437349002,6750.30936111939,4562.4168650027,10110.673438634,"I0",18,"Fcap_1.70_Besc_6561_sigmaR_0.216_SE_reference_AE_historical"
18,"I0__Fcap_1.70_Besc_6561_sigmaR_0.216_SE_reference_AE_historical",1.7,6561,"Long",2052,1000,0,0.003,11588.168951633,8028.74156382789,17056.2851624731,0.013,6894.9156859151,6700.18602937596,4586.74610408624,10080.8664061345,"I0",18,"Fcap_1.70_Besc_6561_sigmaR_0.216_SE_reference_AE_historical"
18,"I0__Fcap_1.70_Besc_6561_sigmaR_0.216_SE_reference_AE_historical",1.7,6561,"Long",2053,1000,0,0.001,11490.8620890539,8006.80172828906,17227.6014637438,0.009,6873.61885706669,6716.74722317745,4585.46296816498,10111.8316606111,"I0",18,"Fcap_1.70_Besc_6561_sigmaR_0.216_SE_reference_AE_historical"
18,"I0__Fcap_1.70_Besc_6561_sigmaR_0.216_SE_reference_AE_historical",1.7,6561,"Long",2054,1000,0,0.002,11488.4535865035,7904.10450976443,16981.965531612,0.013,6830.99646766476,6657.6156242118,4444.07562790313,9887.8329641665,"I0",18,"Fcap_1.70_Besc_6561_sigmaR_0.216_SE_reference_AE_historical"
18,"I0__Fcap_1.70_Besc_6561_sigmaR_0.216_SE_reference_AE_historical",1.7,6561,"Full",2025,1000,0,0,13031.3717958448,11460.237321886,16135.9766568485,0,7929.92037318589,7575.42743915996,6160.96458711709,10595.3396824908,"I0",18,"Fcap_1.70_Besc_6561_sigmaR_0.216_SE_reference_AE_historical"
18,"I0__Fcap_1.70_Besc_6561_sigmaR_0.216_SE_reference_AE_historical",1.7,6561,"Full",2026,1000,0,0,11781.7722049477,8320.91525792928,17271.8336240103,0.004,7104.7451540249,6898.95315928244,4778.13474318999,10336.6987824999,"I0",18,"Fcap_1.70_Besc_6561_sigmaR_0.216_SE_reference_AE_historical"
18,"I0__Fcap_1.70_Besc_6561_sigmaR_0.216_SE_reference_AE_historical",1.7,6561,"Full",2027,1000,0,0.002,11662.8111975079,7928.06692094363,17328.8459366227,0.008,7053.74501863809,6838.85252716761,4571.89588420928,10476.6352868644,"I0",18,"Fcap_1.70_Besc_6561_sigmaR_0.216_SE_reference_AE_historical"
18,"I0__Fcap_1.70_Besc_6561_sigmaR_0.216_SE_reference_AE_historical",1.7,6561,"Full",2028,1000,0,0.002,11661.29444937,7996.69295062015,16867.8656403185,0.009,6962.18683614176,6873.92818023329,4605.68638676962,9977.95614834462,"I0",18,"Fcap_1.70_Besc_6561_sigmaR_0.216_SE_reference_AE_historical"
18,"I0__Fcap_1.70_Besc_6561_sigmaR_0.216_SE_reference_AE_historical",1.7,6561,"Full",2029,1000,0,0.005,11400.2789031634,7731.58095578538,16836.8759267078,0.016,6820.08134805516,6695.54179385326,4485.71299914951,10045.8901094122,"I0",18,"Fcap_1.70_Besc_6561_sigmaR_0.216_SE_reference_AE_historical"
18,"I0__Fcap_1.70_Besc_6561_sigmaR_0.216_SE_reference_AE_historical",1.7,6561,"Full",2030,1000,0,0.001,11477.3640039515,7897.81097191375,17137.5389380908,0.01,6781.95758520798,6570.12563990883,4459.7855665536,10109.2421857517,"I0",18,"Fcap_1.70_Besc_6561_sigmaR_0.216_SE_reference_AE_historical"
18,"I0__Fcap_1.70_Besc_6561_sigmaR_0.216_SE_reference_AE_historical",1.7,6561,"Full",2031,1000,0,0.001,11325.3545848401,8005.40432211505,16704.6859315665,0.012,6754.5622009936,6630.00852950284,4511.92219265023,9653.09985087998,"I0",18,"Fcap_1.70_Besc_6561_sigmaR_0.216_SE_reference_AE_historical"
18,"I0__Fcap_1.70_Besc_6561_sigmaR_0.216_SE_reference_AE_historical",1.7,6561,"Full",2032,1000,0,0.001,11569.9757428634,7736.59592236511,16268.2468919015,0.011,6753.61503563878,6676.47732760183,4232.69650135249,9590.43639673489,"I0",18,"Fcap_1.70_Besc_6561_sigmaR_0.216_SE_reference_AE_historical"
18,"I0__Fcap_1.70_Besc_6561_sigmaR_0.216_SE_reference_AE_historical",1.7,6561,"Full",2033,1000,0,0.002,11549.7385572719,7851.27754926626,16852.064129162,0.012,6874.82354450887,6737.11390708964,4682.7380676578,10089.1104126924,"I0",18,"Fcap_1.70_Besc_6561_sigmaR_0.216_SE_reference_AE_historical"
18,"I0__Fcap_1.70_Besc_6561_sigmaR_0.216_SE_reference_AE_historical",1.7,6561,"Full",2034,1000,0,0.003,11621.5839076612,8075.20784871619,16891.2963747681,0.013,6902.48110782415,6757.64131888629,4639.32982277102,9969.35561931421,"I0",18,"Fcap_1.70_Besc_6561_sigmaR_0.216_SE_reference_AE_historical"
18,"I0__Fcap_1.70_Besc_6561_sigmaR_0.216_SE_reference_AE_historical",1.7,6561,"Full",2035,1000,0,0.001,11553.2049808435,7968.54851903056,16654.4788688842,0.016,6802.25377869014,6710.16248148644,4414.61957294266,9777.46297437419,"I0",18,"Fcap_1.70_Besc_6561_sigmaR_0.216_SE_reference_AE_historical"
18,"I0__Fcap_1.70_Besc_6561_sigmaR_0.216_SE_reference_AE_historical",1.7,6561,"Full",2036,1000,0,0.002,11417.4448923961,7915.69360357818,16666.1490577286,0.012,6830.48728713218,6655.74865852033,4561.14283291157,9838.65613054647,"I0",18,"Fcap_1.70_Besc_6561_sigmaR_0.216_SE_reference_AE_historical"
18,"I0__Fcap_1.70_Besc_6561_sigmaR_0.216_SE_reference_AE_historical",1.7,6561,"Full",2037,1000,0,0.002,11539.9099463003,7965.75817238849,16254.6583023353,0.01,6768.29169354559,6723.178916794,4571.02884734685,9633.25779194854,"I0",18,"Fcap_1.70_Besc_6561_sigmaR_0.216_SE_reference_AE_historical"
18,"I0__Fcap_1.70_Besc_6561_sigmaR_0.216_SE_reference_AE_historical",1.7,6561,"Full",2038,1000,0,0,11382.746595789,7869.13877635317,16800.8032848165,0.008,6772.9505411159,6622.73050819665,4471.82366546116,10009.3461368112,"I0",18,"Fcap_1.70_Besc_6561_sigmaR_0.216_SE_reference_AE_historical"
18,"I0__Fcap_1.70_Besc_6561_sigmaR_0.216_SE_reference_AE_historical",1.7,6561,"Full",2039,1000,0,0.001,11574.1994593295,7972.0629429985,16927.2308279593,0.012,6823.96798074917,6721.46552247915,4541.46960087301,9846.06033146653,"I0",18,"Fcap_1.70_Besc_6561_sigmaR_0.216_SE_reference_AE_historical"
18,"I0__Fcap_1.70_Besc_6561_sigmaR_0.216_SE_reference_AE_historical",1.7,6561,"Full",2040,1000,0,0.002,11456.7777957173,8160.23940374078,17015.6065736167,0.007,6872.00664782559,6684.42253771422,4724.97557596791,10027.8776591655,"I0",18,"Fcap_1.70_Besc_6561_sigmaR_0.216_SE_reference_AE_historical"
18,"I0__Fcap_1.70_Besc_6561_sigmaR_0.216_SE_reference_AE_historical",1.7,6561,"Full",2041,1000,0,0.003,11569.1512763157,7964.38353068398,17103.0125304717,0.012,6832.62937874326,6698.22116524455,4463.93919542734,10027.5208764551,"I0",18,"Fcap_1.70_Besc_6561_sigmaR_0.216_SE_reference_AE_historical"
18,"I0__Fcap_1.70_Besc_6561_sigmaR_0.216_SE_reference_AE_historical",1.7,6561,"Full",2042,1000,0,0.001,11631.0524863549,7906.40680246053,16887.3574592645,0.009,6840.13786814779,6685.46249789783,4468.40039299439,10076.3223367032,"I0",18,"Fcap_1.70_Besc_6561_sigmaR_0.216_SE_reference_AE_historical"
18,"I0__Fcap_1.70_Besc_6561_sigmaR_0.216_SE_reference_AE_historical",1.7,6561,"Full",2043,1000,0,0.001,11382.1107170788,8049.66080638499,16344.7280420794,0.009,6785.15076636399,6615.79845206572,4652.16443108463,9556.85413702839,"I0",18,"Fcap_1.70_Besc_6561_sigmaR_0.216_SE_reference_AE_historical"
18,"I0__Fcap_1.70_Besc_6561_sigmaR_0.216_SE_reference_AE_historical",1.7,6561,"Full",2044,1000,0,0.003,11434.7378211116,8021.78239509694,16486.9845871277,0.009,6832.15234353204,6699.5339978764,4540.70437595898,9862.36230582593,"I0",18,"Fcap_1.70_Besc_6561_sigmaR_0.216_SE_reference_AE_historical"
18,"I0__Fcap_1.70_Besc_6561_sigmaR_0.216_SE_reference_AE_historical",1.7,6561,"Full",2045,1000,0,0.003,11464.9945953393,8049.32372362609,16831.2153528369,0.009,6833.22713103956,6735.32911433909,4470.9421372279,9887.06921192574,"I0",18,"Fcap_1.70_Besc_6561_sigmaR_0.216_SE_reference_AE_historical"
18,"I0__Fcap_1.70_Besc_6561_sigmaR_0.216_SE_reference_AE_historical",1.7,6561,"Full",2046,1000,0,0.002,11517.1570019115,7890.54123383828,16664.8929373088,0.005,6878.75467186381,6644.17256867963,4633.69125241751,10033.9297413932,"I0",18,"Fcap_1.70_Besc_6561_sigmaR_0.216_SE_reference_AE_historical"
18,"I0__Fcap_1.70_Besc_6561_sigmaR_0.216_SE_reference_AE_historical",1.7,6561,"Full",2047,1000,0,0,11643.3357468242,8042.8032769509,17270.9480293371,0.007,6929.58335863232,6709.72485118437,4622.05149168066,10219.1556438443,"I0",18,"Fcap_1.70_Besc_6561_sigmaR_0.216_SE_reference_AE_historical"
18,"I0__Fcap_1.70_Besc_6561_sigmaR_0.216_SE_reference_AE_historical",1.7,6561,"Full",2048,1000,0,0.002,11616.6711297432,7858.14298782258,16998.5987021491,0.013,6872.60948624694,6766.03164176575,4484.38720380025,10078.752569122,"I0",18,"Fcap_1.70_Besc_6561_sigmaR_0.216_SE_reference_AE_historical"
18,"I0__Fcap_1.70_Besc_6561_sigmaR_0.216_SE_reference_AE_historical",1.7,6561,"Full",2049,1000,0,0.002,11445.3685949426,7879.60106952223,16928.2613504628,0.01,6813.8965446663,6691.15558209766,4538.50721950431,10114.0156384551,"I0",18,"Fcap_1.70_Besc_6561_sigmaR_0.216_SE_reference_AE_historical"
18,"I0__Fcap_1.70_Besc_6561_sigmaR_0.216_SE_reference_AE_historical",1.7,6561,"Full",2050,1000,0,0.004,11696.3948837767,8086.65510871911,17382.4311691126,0.016,6937.44889781634,6849.66035194009,4440.46031093897,10224.3984053202,"I0",18,"Fcap_1.70_Besc_6561_sigmaR_0.216_SE_reference_AE_historical"
18,"I0__Fcap_1.70_Besc_6561_sigmaR_0.216_SE_reference_AE_historical",1.7,6561,"Full",2051,1000,0,0,11704.4748075425,7999.89183606564,17035.132407816,0.005,6938.08437349002,6750.30936111939,4562.4168650027,10110.673438634,"I0",18,"Fcap_1.70_Besc_6561_sigmaR_0.216_SE_reference_AE_historical"
18,"I0__Fcap_1.70_Besc_6561_sigmaR_0.216_SE_reference_AE_historical",1.7,6561,"Full",2052,1000,0,0.003,11588.168951633,8028.74156382789,17056.2851624731,0.013,6894.9156859151,6700.18602937596,4586.74610408624,10080.8664061345,"I0",18,"Fcap_1.70_Besc_6561_sigmaR_0.216_SE_reference_AE_historical"
18,"I0__Fcap_1.70_Besc_6561_sigmaR_0.216_SE_reference_AE_historical",1.7,6561,"Full",2053,1000,0,0.001,11490.8620890539,8006.80172828906,17227.6014637438,0.009,6873.61885706669,6716.74722317745,4585.46296816498,10111.8316606111,"I0",18,"Fcap_1.70_Besc_6561_sigmaR_0.216_SE_reference_AE_historical"
18,"I0__Fcap_1.70_Besc_6561_sigmaR_0.216_SE_reference_AE_historical",1.7,6561,"Full",2054,1000,0,0.002,11488.4535865035,7904.10450976443,16981.965531612,0.013,6830.99646766476,6657.6156242118,4444.07562790313,9887.8329641665,"I0",18,"Fcap_1.70_Besc_6561_sigmaR_0.216_SE_reference_AE_historical"
19,"I0__Fcap_1.70_Besc_7250_sigmaR_0.216_SE_reference_AE_historical",1.7,7250,"Short",2025,1000,0,0,13031.3717958448,11460.237321886,16135.9766568485,0,7929.92037318589,7575.42743915996,6160.96458711709,10595.3396824908,"I0",19,"Fcap_1.70_Besc_7250_sigmaR_0.216_SE_reference_AE_historical"
19,"I0__Fcap_1.70_Besc_7250_sigmaR_0.216_SE_reference_AE_historical",1.7,7250,"Short",2026,1000,0,0,11781.7722049477,8450.04173971477,17271.8336240103,0.026,6980.76881563518,6898.95315928244,4391.56703487795,10336.6987824999,"I0",19,"Fcap_1.70_Besc_7250_sigmaR_0.216_SE_reference_AE_historical"
19,"I0__Fcap_1.70_Besc_7250_sigmaR_0.216_SE_reference_AE_historical",1.7,7250,"Short",2027,1000,0,0.002,11724.9325840166,8222.05678295894,17335.0364098724,0.021,6952.44118688828,6902.28358031856,3449.90917814539,10502.6813694185,"I0",19,"Fcap_1.70_Besc_7250_sigmaR_0.216_SE_reference_AE_historical"
19,"I0__Fcap_1.70_Besc_7250_sigmaR_0.216_SE_reference_AE_historical",1.7,7250,"Short",2028,1000,0,0.002,11707.4845268302,8285.03247518021,16890.3023152374,0.033,6865.14428868097,6935.58993337312,3345.80757866044,10057.8757980496,"I0",19,"Fcap_1.70_Besc_7250_sigmaR_0.216_SE_reference_AE_historical"
19,"I0__Fcap_1.70_Besc_7250_sigmaR_0.216_SE_reference_AE_historical",1.7,7250,"Short",2029,1000,0,0.005,11497.9570533198,8150.15270205392,16837.3197062752,0.044,6707.46488895325,6781.06114489004,1063.51257093721,10110.1462195519,"I0",19,"Fcap_1.70_Besc_7250_sigmaR_0.216_SE_reference_AE_historical"
19,"I0__Fcap_1.70_Besc_7250_sigmaR_0.216_SE_reference_AE_historical",1.7,7250,"Short",2030,1000,0,0.001,11553.3438995412,8253.44913795801,17160.748738667,0.034,6708.72922906844,6678.93788283768,3231.82549906973,10150.2032828836,"I0",19,"Fcap_1.70_Besc_7250_sigmaR_0.216_SE_reference_AE_historical"
19,"I0__Fcap_1.70_Besc_7250_sigmaR_0.216_SE_reference_AE_historical",1.7,7250,"Short",2031,1000,0,0.001,11396.8877281889,8284.82876066085,16688.7307586965,0.022,6687.4805463171,6688.47569436964,3732.36025293588,9727.15517685597,"I0",19,"Fcap_1.70_Besc_7250_sigmaR_0.216_SE_reference_AE_historical"
19,"I0__Fcap_1.70_Besc_7250_sigmaR_0.216_SE_reference_AE_historical",1.7,7250,"Short",2032,1000,0,0.001,11590.005318731,8125.03037444841,16281.1116738214,0.043,6646.04853196549,6726.67334581623,1638.56642576804,9661.01688046461,"I0",19,"Fcap_1.70_Besc_7250_sigmaR_0.216_SE_reference_AE_historical"
19,"I0__Fcap_1.70_Besc_7250_sigmaR_0.216_SE_reference_AE_historical",1.7,7250,"Short",2033,1000,0,0.002,11635.2007660494,8298.82853261348,16885.6197537552,0.033,6805.7808228367,6789.55023135558,3416.84134851372,10116.1022599611,"I0",19,"Fcap_1.70_Besc_7250_sigmaR_0.216_SE_reference_AE_historical"
19,"I0__Fcap_1.70_Besc_7250_sigmaR_0.216_SE_reference_AE_historical",1.7,7250,"Short",2034,1000,0,0.003,11648.865570727,8309.83392990581,16888.059691134,0.027,6846.41571705237,6798.1050620397,3853.86686138001,10096.6591470323,"I0",19,"Fcap_1.70_Besc_7250_sigmaR_0.216_SE_reference_AE_historical"
19,"I0__Fcap_1.70_Besc_7250_sigmaR_0.216_SE_reference_AE_historical",1.7,7250,"Medium",2035,1000,0,0.001,11604.5573158785,8306.89987993029,16656.6169181425,0.029,6725.16305405729,6733.70603777413,3236.80701314029,9795.32765159757,"I0",19,"Fcap_1.70_Besc_7250_sigmaR_0.216_SE_reference_AE_historical"
19,"I0__Fcap_1.70_Besc_7250_sigmaR_0.216_SE_reference_AE_historical",1.7,7250,"Medium",2036,1000,0,0.002,11464.8810111638,8192.70279600181,16668.010610839,0.028,6767.31487892049,6722.0363692586,4011.01481996751,9856.2811862483,"I0",19,"Fcap_1.70_Besc_7250_sigmaR_0.216_SE_reference_AE_historical"
19,"I0__Fcap_1.70_Besc_7250_sigmaR_0.216_SE_reference_AE_historical",1.7,7250,"Medium",2037,1000,0,0.001,11581.9390984528,8351.73105843212,16250.7131443067,0.029,6684.05747926877,6762.39402603654,3543.45637036604,9652.22793163304,"I0",19,"Fcap_1.70_Besc_7250_sigmaR_0.216_SE_reference_AE_historical"
19,"I0__Fcap_1.70_Besc_7250_sigmaR_0.216_SE_reference_AE_historical",1.7,7250,"Medium",2038,1000,0,0,11459.2877794124,8210.58983982527,16798.3582777289,0.033,6676.68648929618,6693.42999551091,2724.16324166959,10027.1143404673,"I0",19,"Fcap_1.70_Besc_7250_sigmaR_0.216_SE_reference_AE_historical"
19,"I0__Fcap_1.70_Besc_7250_sigmaR_0.216_SE_reference_AE_historical",1.7,7250,"Medium",2039,1000,0,0.001,11605.5098024003,8323.67904499186,16930.9409025462,0.03,6762.30519950526,6763.79000512664,3102.7107116153,9892.59041660906,"I0",19,"Fcap_1.70_Besc_7250_sigmaR_0.216_SE_reference_AE_historical"
19,"I0__Fcap_1.70_Besc_7250_sigmaR_0.216_SE_reference_AE_historical",1.7,7250,"Medium",2040,1000,0,0.001,11526.7584050612,8357.72487772896,17072.8978484591,0.024,6815.16178558223,6760.42930260646,4505.96371170284,10052.3229047793,"I0",19,"Fcap_1.70_Besc_7250_sigmaR_0.216_SE_reference_AE_historical"
19,"I0__Fcap_1.70_Besc_7250_sigmaR_0.216_SE_reference_AE_historical",1.7,7250,"Medium",2041,1000,0,0.003,11630.7586326318,8198.83272727426,17100.8376889099,0.035,6749.22996195295,6749.00228633886,2951.43352852309,10044.3134393507,"I0",19,"Fcap_1.70_Besc_7250_sigmaR_0.216_SE_reference_AE_historical"
19,"I0__Fcap_1.70_Besc_7250_sigmaR_0.216_SE_reference_AE_historical",1.7,7250,"Medium",2042,1000,0,0.001,11654.8900782267,8258.74359557295,16946.9623566169,0.034,6744.72380325882,6741.25683943696,3093.44460907918,10078.7679978738,"I0",19,"Fcap_1.70_Besc_7250_sigmaR_0.216_SE_reference_AE_historical"
19,"I0__Fcap_1.70_Besc_7250_sigmaR_0.216_SE_reference_AE_historical",1.7,7250,"Medium",2043,1000,0,0.001,11444.0860257221,8348.69492989029,16449.1050760759,0.021,6739.14503296549,6671.40678308549,4382.12937765837,9712.09080167385,"I0",19,"Fcap_1.70_Besc_7250_sigmaR_0.216_SE_reference_AE_historical"
19,"I0__Fcap_1.70_Besc_7250_sigmaR_0.216_SE_reference_AE_historical",1.7,7250,"Medium",2044,1000,0,0.002,11515.6425620145,8277.18082231205,16500.8130440605,0.03,6760.38090626258,6727.70620255708,3916.77110332589,9918.38737616556,"I0",19,"Fcap_1.70_Besc_7250_sigmaR_0.216_SE_reference_AE_historical"
19,"I0__Fcap_1.70_Besc_7250_sigmaR_0.216_SE_reference_AE_historical",1.7,7250,"Long",2045,1000,0,0.003,11495.3492378408,8363.79546227166,16817.1256501534,0.027,6756.68046620426,6758.41087132357,3842.87906967111,9896.37776838221,"I0",19,"Fcap_1.70_Besc_7250_sigmaR_0.216_SE_reference_AE_historical"
19,"I0__Fcap_1.70_Besc_7250_sigmaR_0.216_SE_reference_AE_historical",1.7,7250,"Long",2046,1000,0,0.001,11559.9298257155,8227.1786507969,16733.2763334536,0.026,6769.39143613055,6679.55239717145,3272.10335649333,10044.399568953,"I0",19,"Fcap_1.70_Besc_7250_sigmaR_0.216_SE_reference_AE_historical"
19,"I0__Fcap_1.70_Besc_7250_sigmaR_0.216_SE_reference_AE_historical",1.7,7250,"Long",2047,1000,0,0,11703.3794294258,8312.29766579889,17289.1623903473,0.023,6906.75453380165,6757.14728786997,4388.53241560754,10214.3485573806,"I0",19,"Fcap_1.70_Besc_7250_sigmaR_0.216_SE_reference_AE_historical"
19,"I0__Fcap_1.70_Besc_7250_sigmaR_0.216_SE_reference_AE_historical",1.7,7250,"Long",2048,1000,0,0.002,11673.1678958311,8169.27928171092,17022.0369603427,0.04,6765.6242260884,6805.10109783384,2384.4835821579,10095.0630303775,"I0",19,"Fcap_1.70_Besc_7250_sigmaR_0.216_SE_reference_AE_historical"
19,"I0__Fcap_1.70_Besc_7250_sigmaR_0.216_SE_reference_AE_historical",1.7,7250,"Long",2049,1000,0,0.001,11516.6745843762,8241.70502013197,16933.1270616447,0.025,6745.47283244525,6734.97460020658,3712.03437905947,10125.8974146722,"I0",19,"Fcap_1.70_Besc_7250_sigmaR_0.216_SE_reference_AE_historical"
19,"I0__Fcap_1.70_Besc_7250_sigmaR_0.216_SE_reference_AE_historical",1.7,7250,"Long",2050,1000,0,0.004,11759.5156800486,8249.68131562959,17468.5847623644,0.027,6910.91866454723,6924.84075805634,4059.81852121648,10240.4250955667,"I0",19,"Fcap_1.70_Besc_7250_sigmaR_0.216_SE_reference_AE_historical"
19,"I0__Fcap_1.70_Besc_7250_sigmaR_0.216_SE_reference_AE_historical",1.7,7250,"Long",2051,1000,0,0,11759.3105036193,8260.27707663145,17073.9970877373,0.023,6839.04855681861,6763.01824458244,3701.203982709,10151.5577446656,"I0",19,"Fcap_1.70_Besc_7250_sigmaR_0.216_SE_reference_AE_historical"
19,"I0__Fcap_1.70_Besc_7250_sigmaR_0.216_SE_reference_AE_historical",1.7,7250,"Long",2052,1000,0,0.003,11721.932948418,8278.70262424542,17168.3835333269,0.025,6838.50925974717,6786.10616729682,3719.21978654896,10190.8216130607,"I0",19,"Fcap_1.70_Besc_7250_sigmaR_0.216_SE_reference_AE_historical"
19,"I0__Fcap_1.70_Besc_7250_sigmaR_0.216_SE_reference_AE_historical",1.7,7250,"Long",2053,1000,0,0,11547.1293672802,8296.87242234475,17270.4141871361,0.029,6783.50562002093,6761.13947450647,3323.02569189717,10119.1946826402,"I0",19,"Fcap_1.70_Besc_7250_sigmaR_0.216_SE_reference_AE_historical"
19,"I0__Fcap_1.70_Besc_7250_sigmaR_0.216_SE_reference_AE_historical",1.7,7250,"Long",2054,1000,0,0.002,11573.5758360951,8248.12976324266,16979.6401672572,0.037,6739.40421287797,6695.4990747313,3159.85757804466,10069.5232941729,"I0",19,"Fcap_1.70_Besc_7250_sigmaR_0.216_SE_reference_AE_historical"
19,"I0__Fcap_1.70_Besc_7250_sigmaR_0.216_SE_reference_AE_historical",1.7,7250,"Full",2025,1000,0,0,13031.3717958448,11460.237321886,16135.9766568485,0,7929.92037318589,7575.42743915996,6160.96458711709,10595.3396824908,"I0",19,"Fcap_1.70_Besc_7250_sigmaR_0.216_SE_reference_AE_historical"
19,"I0__Fcap_1.70_Besc_7250_sigmaR_0.216_SE_reference_AE_historical",1.7,7250,"Full",2026,1000,0,0,11781.7722049477,8450.04173971477,17271.8336240103,0.026,6980.76881563518,6898.95315928244,4391.56703487795,10336.6987824999,"I0",19,"Fcap_1.70_Besc_7250_sigmaR_0.216_SE_reference_AE_historical"
19,"I0__Fcap_1.70_Besc_7250_sigmaR_0.216_SE_reference_AE_historical",1.7,7250,"Full",2027,1000,0,0.002,11724.9325840166,8222.05678295894,17335.0364098724,0.021,6952.44118688828,6902.28358031856,3449.90917814539,10502.6813694185,"I0",19,"Fcap_1.70_Besc_7250_sigmaR_0.216_SE_reference_AE_historical"
19,"I0__Fcap_1.70_Besc_7250_sigmaR_0.216_SE_reference_AE_historical",1.7,7250,"Full",2028,1000,0,0.002,11707.4845268302,8285.03247518021,16890.3023152374,0.033,6865.14428868097,6935.58993337312,3345.80757866044,10057.8757980496,"I0",19,"Fcap_1.70_Besc_7250_sigmaR_0.216_SE_reference_AE_historical"
19,"I0__Fcap_1.70_Besc_7250_sigmaR_0.216_SE_reference_AE_historical",1.7,7250,"Full",2029,1000,0,0.005,11497.9570533198,8150.15270205392,16837.3197062752,0.044,6707.46488895325,6781.06114489004,1063.51257093721,10110.1462195519,"I0",19,"Fcap_1.70_Besc_7250_sigmaR_0.216_SE_reference_AE_historical"
19,"I0__Fcap_1.70_Besc_7250_sigmaR_0.216_SE_reference_AE_historical",1.7,7250,"Full",2030,1000,0,0.001,11553.3438995412,8253.44913795801,17160.748738667,0.034,6708.72922906844,6678.93788283768,3231.82549906973,10150.2032828836,"I0",19,"Fcap_1.70_Besc_7250_sigmaR_0.216_SE_reference_AE_historical"
19,"I0__Fcap_1.70_Besc_7250_sigmaR_0.216_SE_reference_AE_historical",1.7,7250,"Full",2031,1000,0,0.001,11396.8877281889,8284.82876066085,16688.7307586965,0.022,6687.4805463171,6688.47569436964,3732.36025293588,9727.15517685597,"I0",19,"Fcap_1.70_Besc_7250_sigmaR_0.216_SE_reference_AE_historical"
19,"I0__Fcap_1.70_Besc_7250_sigmaR_0.216_SE_reference_AE_historical",1.7,7250,"Full",2032,1000,0,0.001,11590.005318731,8125.03037444841,16281.1116738214,0.043,6646.04853196549,6726.67334581623,1638.56642576804,9661.01688046461,"I0",19,"Fcap_1.70_Besc_7250_sigmaR_0.216_SE_reference_AE_historical"
19,"I0__Fcap_1.70_Besc_7250_sigmaR_0.216_SE_reference_AE_historical",1.7,7250,"Full",2033,1000,0,0.002,11635.2007660494,8298.82853261348,16885.6197537552,0.033,6805.7808228367,6789.55023135558,3416.84134851372,10116.1022599611,"I0",19,"Fcap_1.70_Besc_7250_sigmaR_0.216_SE_reference_AE_historical"
19,"I0__Fcap_1.70_Besc_7250_sigmaR_0.216_SE_reference_AE_historical",1.7,7250,"Full",2034,1000,0,0.003,11648.865570727,8309.83392990581,16888.059691134,0.027,6846.41571705237,6798.1050620397,3853.86686138001,10096.6591470323,"I0",19,"Fcap_1.70_Besc_7250_sigmaR_0.216_SE_reference_AE_historical"
19,"I0__Fcap_1.70_Besc_7250_sigmaR_0.216_SE_reference_AE_historical",1.7,7250,"Full",2035,1000,0,0.001,11604.5573158785,8306.89987993029,16656.6169181425,0.029,6725.16305405729,6733.70603777413,3236.80701314029,9795.32765159757,"I0",19,"Fcap_1.70_Besc_7250_sigmaR_0.216_SE_reference_AE_historical"
19,"I0__Fcap_1.70_Besc_7250_sigmaR_0.216_SE_reference_AE_historical",1.7,7250,"Full",2036,1000,0,0.002,11464.8810111638,8192.70279600181,16668.010610839,0.028,6767.31487892049,6722.0363692586,4011.01481996751,9856.2811862483,"I0",19,"Fcap_1.70_Besc_7250_sigmaR_0.216_SE_reference_AE_historical"
19,"I0__Fcap_1.70_Besc_7250_sigmaR_0.216_SE_reference_AE_historical",1.7,7250,"Full",2037,1000,0,0.001,11581.9390984528,8351.73105843212,16250.7131443067,0.029,6684.05747926877,6762.39402603654,3543.45637036604,9652.22793163304,"I0",19,"Fcap_1.70_Besc_7250_sigmaR_0.216_SE_reference_AE_historical"
19,"I0__Fcap_1.70_Besc_7250_sigmaR_0.216_SE_reference_AE_historical",1.7,7250,"Full",2038,1000,0,0,11459.2877794124,8210.58983982527,16798.3582777289,0.033,6676.68648929618,6693.42999551091,2724.16324166959,10027.1143404673,"I0",19,"Fcap_1.70_Besc_7250_sigmaR_0.216_SE_reference_AE_historical"
19,"I0__Fcap_1.70_Besc_7250_sigmaR_0.216_SE_reference_AE_historical",1.7,7250,"Full",2039,1000,0,0.001,11605.5098024003,8323.67904499186,16930.9409025462,0.03,6762.30519950526,6763.79000512664,3102.7107116153,9892.59041660906,"I0",19,"Fcap_1.70_Besc_7250_sigmaR_0.216_SE_reference_AE_historical"
19,"I0__Fcap_1.70_Besc_7250_sigmaR_0.216_SE_reference_AE_historical",1.7,7250,"Full",2040,1000,0,0.001,11526.7584050612,8357.72487772896,17072.8978484591,0.024,6815.16178558223,6760.42930260646,4505.96371170284,10052.3229047793,"I0",19,"Fcap_1.70_Besc_7250_sigmaR_0.216_SE_reference_AE_historical"
19,"I0__Fcap_1.70_Besc_7250_sigmaR_0.216_SE_reference_AE_historical",1.7,7250,"Full",2041,1000,0,0.003,11630.7586326318,8198.83272727426,17100.8376889099,0.035,6749.22996195295,6749.00228633886,2951.43352852309,10044.3134393507,"I0",19,"Fcap_1.70_Besc_7250_sigmaR_0.216_SE_reference_AE_historical"
19,"I0__Fcap_1.70_Besc_7250_sigmaR_0.216_SE_reference_AE_historical",1.7,7250,"Full",2042,1000,0,0.001,11654.8900782267,8258.74359557295,16946.9623566169,0.034,6744.72380325882,6741.25683943696,3093.44460907918,10078.7679978738,"I0",19,"Fcap_1.70_Besc_7250_sigmaR_0.216_SE_reference_AE_historical"
19,"I0__Fcap_1.70_Besc_7250_sigmaR_0.216_SE_reference_AE_historical",1.7,7250,"Full",2043,1000,0,0.001,11444.0860257221,8348.69492989029,16449.1050760759,0.021,6739.14503296549,6671.40678308549,4382.12937765837,9712.09080167385,"I0",19,"Fcap_1.70_Besc_7250_sigmaR_0.216_SE_reference_AE_historical"
19,"I0__Fcap_1.70_Besc_7250_sigmaR_0.216_SE_reference_AE_historical",1.7,7250,"Full",2044,1000,0,0.002,11515.6425620145,8277.18082231205,16500.8130440605,0.03,6760.38090626258,6727.70620255708,3916.77110332589,9918.38737616556,"I0",19,"Fcap_1.70_Besc_7250_sigmaR_0.216_SE_reference_AE_historical"
19,"I0__Fcap_1.70_Besc_7250_sigmaR_0.216_SE_reference_AE_historical",1.7,7250,"Full",2045,1000,0,0.003,11495.3492378408,8363.79546227166,16817.1256501534,0.027,6756.68046620426,6758.41087132357,3842.87906967111,9896.37776838221,"I0",19,"Fcap_1.70_Besc_7250_sigmaR_0.216_SE_reference_AE_historical"
19,"I0__Fcap_1.70_Besc_7250_sigmaR_0.216_SE_reference_AE_historical",1.7,7250,"Full",2046,1000,0,0.001,11559.9298257155,8227.1786507969,16733.2763334536,0.026,6769.39143613055,6679.55239717145,3272.10335649333,10044.399568953,"I0",19,"Fcap_1.70_Besc_7250_sigmaR_0.216_SE_reference_AE_historical"
19,"I0__Fcap_1.70_Besc_7250_sigmaR_0.216_SE_reference_AE_historical",1.7,7250,"Full",2047,1000,0,0,11703.3794294258,8312.29766579889,17289.1623903473,0.023,6906.75453380165,6757.14728786997,4388.53241560754,10214.3485573806,"I0",19,"Fcap_1.70_Besc_7250_sigmaR_0.216_SE_reference_AE_historical"
19,"I0__Fcap_1.70_Besc_7250_sigmaR_0.216_SE_reference_AE_historical",1.7,7250,"Full",2048,1000,0,0.002,11673.1678958311,8169.27928171092,17022.0369603427,0.04,6765.6242260884,6805.10109783384,2384.4835821579,10095.0630303775,"I0",19,"Fcap_1.70_Besc_7250_sigmaR_0.216_SE_reference_AE_historical"
19,"I0__Fcap_1.70_Besc_7250_sigmaR_0.216_SE_reference_AE_historical",1.7,7250,"Full",2049,1000,0,0.001,11516.6745843762,8241.70502013197,16933.1270616447,0.025,6745.47283244525,6734.97460020658,3712.03437905947,10125.8974146722,"I0",19,"Fcap_1.70_Besc_7250_sigmaR_0.216_SE_reference_AE_historical"
19,"I0__Fcap_1.70_Besc_7250_sigmaR_0.216_SE_reference_AE_historical",1.7,7250,"Full",2050,1000,0,0.004,11759.5156800486,8249.68131562959,17468.5847623644,0.027,6910.91866454723,6924.84075805634,4059.81852121648,10240.4250955667,"I0",19,"Fcap_1.70_Besc_7250_sigmaR_0.216_SE_reference_AE_historical"
19,"I0__Fcap_1.70_Besc_7250_sigmaR_0.216_SE_reference_AE_historical",1.7,7250,"Full",2051,1000,0,0,11759.3105036193,8260.27707663145,17073.9970877373,0.023,6839.04855681861,6763.01824458244,3701.203982709,10151.5577446656,"I0",19,"Fcap_1.70_Besc_7250_sigmaR_0.216_SE_reference_AE_historical"
19,"I0__Fcap_1.70_Besc_7250_sigmaR_0.216_SE_reference_AE_historical",1.7,7250,"Full",2052,1000,0,0.003,11721.932948418,8278.70262424542,17168.3835333269,0.025,6838.50925974717,6786.10616729682,3719.21978654896,10190.8216130607,"I0",19,"Fcap_1.70_Besc_7250_sigmaR_0.216_SE_reference_AE_historical"
19,"I0__Fcap_1.70_Besc_7250_sigmaR_0.216_SE_reference_AE_historical",1.7,7250,"Full",2053,1000,0,0,11547.1293672802,8296.87242234475,17270.4141871361,0.029,6783.50562002093,6761.13947450647,3323.02569189717,10119.1946826402,"I0",19,"Fcap_1.70_Besc_7250_sigmaR_0.216_SE_reference_AE_historical"
19,"I0__Fcap_1.70_Besc_7250_sigmaR_0.216_SE_reference_AE_historical",1.7,7250,"Full",2054,1000,0,0.002,11573.5758360951,8248.12976324266,16979.6401672572,0.037,6739.40421287797,6695.4990747313,3159.85757804466,10069.5232941729,"I0",19,"Fcap_1.70_Besc_7250_sigmaR_0.216_SE_reference_AE_historical"
20,"I0__Fcap_1.70_Besc_8000_sigmaR_0.216_SE_reference_AE_historical",1.7,8000,"Short",2025,1000,0,0,13031.3717958448,11460.237321886,16135.9766568485,0,7929.92037318589,7575.42743915996,6160.96458711709,10595.3396824908,"I0",20,"Fcap_1.70_Besc_8000_sigmaR_0.216_SE_reference_AE_historical"
20,"I0__Fcap_1.70_Besc_8000_sigmaR_0.216_SE_reference_AE_historical",1.7,8000,"Short",2026,1000,0,0,11781.7722049477,8803.39664020107,17271.8336240103,0.065,6753.7118078507,6898.95315928244,0,10336.6987824999,"I0",20,"Fcap_1.70_Besc_8000_sigmaR_0.216_SE_reference_AE_historical"
20,"I0__Fcap_1.70_Besc_8000_sigmaR_0.216_SE_reference_AE_historical",1.7,8000,"Short",2027,1000,0,0.001,11848.3114731262,8639.88110586974,17335.0364098724,0.075,6767.31089623621,6985.79975898542,0,10502.4769658761,"I0",20,"Fcap_1.70_Besc_8000_sigmaR_0.216_SE_reference_AE_historical"
20,"I0__Fcap_1.70_Besc_8000_sigmaR_0.216_SE_reference_AE_historical",1.7,8000,"Short",2028,1000,0,0,11816.2339552545,8717.08025958612,16949.1385440389,0.07,6713.05735805271,7034.35199585461,0,10165.5256874544,"I0",20,"Fcap_1.70_Besc_8000_sigmaR_0.216_SE_reference_AE_historical"
20,"I0__Fcap_1.70_Besc_8000_sigmaR_0.216_SE_reference_AE_historical",1.7,8000,"Short",2029,1000,0,0.005,11637.5253165785,8534.19743905266,16835.7855945468,0.084,6568.30608036678,6909.3591819819,0,10288.4089914813,"I0",20,"Fcap_1.70_Besc_8000_sigmaR_0.216_SE_reference_AE_historical"
20,"I0__Fcap_1.70_Besc_8000_sigmaR_0.216_SE_reference_AE_historical",1.7,8000,"Short",2030,1000,0,0.001,11640.9146489865,8652.28796480726,17166.0296313174,0.068,6555.45270282655,6761.31407070969,0,10174.3758802338,"I0",20,"Fcap_1.70_Besc_8000_sigmaR_0.216_SE_reference_AE_historical"
20,"I0__Fcap_1.70_Besc_8000_sigmaR_0.216_SE_reference_AE_historical",1.7,8000,"Short",2031,1000,0,0.001,11545.7299685047,8741.60137220702,16780.7372967696,0.067,6521.59247839263,6750.52142584424,0,9842.29573154814,"I0",20,"Fcap_1.70_Besc_8000_sigmaR_0.216_SE_reference_AE_historical"
20,"I0__Fcap_1.70_Besc_8000_sigmaR_0.216_SE_reference_AE_historical",1.7,8000,"Short",2032,1000,0,0.001,11798.3561716383,8529.2449253647,16632.3918310104,0.075,6513.72563734415,6818.86257292392,0,9691.9568747346,"I0",20,"Fcap_1.70_Besc_8000_sigmaR_0.216_SE_reference_AE_historical"
20,"I0__Fcap_1.70_Besc_8000_sigmaR_0.216_SE_reference_AE_historical",1.7,8000,"Short",2033,1000,0,0.001,11794.7715436293,8787.33588702149,16922.7581096524,0.06,6716.4695919078,6846.29441049916,0,10122.1299856741,"I0",20,"Fcap_1.70_Besc_8000_sigmaR_0.216_SE_reference_AE_historical"
20,"I0__Fcap_1.70_Besc_8000_sigmaR_0.216_SE_reference_AE_historical",1.7,8000,"Short",2034,1000,0,0.003,11779.5635051536,8809.54833900996,16965.4055529499,0.058,6701.99935857421,6872.56006614623,0,10090.5859994546,"I0",20,"Fcap_1.70_Besc_8000_sigmaR_0.216_SE_reference_AE_historical"
20,"I0__Fcap_1.70_Besc_8000_sigmaR_0.216_SE_reference_AE_historical",1.7,8000,"Medium",2035,1000,0,0.001,11671.7253110877,8703.07892469163,16874.7007058276,0.07,6551.98166569257,6806.5243921805,0,9938.00653494824,"I0",20,"Fcap_1.70_Besc_8000_sigmaR_0.216_SE_reference_AE_historical"
20,"I0__Fcap_1.70_Besc_8000_sigmaR_0.216_SE_reference_AE_historical",1.7,8000,"Medium",2036,1000,0,0.002,11621.8127973298,8708.40944912987,16799.2957379916,0.058,6656.03397409244,6787.58088497289,0,9961.53506705668,"I0",20,"Fcap_1.70_Besc_8000_sigmaR_0.216_SE_reference_AE_historical"
20,"I0__Fcap_1.70_Besc_8000_sigmaR_0.216_SE_reference_AE_historical",1.7,8000,"Medium",2037,1000,0,0.001,11691.4537556407,8754.84866680352,16271.5454904079,0.063,6546.8767132713,6840.45627315898,0,9785.04106348672,"I0",20,"Fcap_1.70_Besc_8000_sigmaR_0.216_SE_reference_AE_historical"
20,"I0__Fcap_1.70_Besc_8000_sigmaR_0.216_SE_reference_AE_historical",1.7,8000,"Medium",2038,1000,0,0,11542.2682252047,8726.80176260982,16860.1422241391,0.069,6482.38918502822,6779.35879536933,0,10221.3093955636,"I0",20,"Fcap_1.70_Besc_8000_sigmaR_0.216_SE_reference_AE_historical"
20,"I0__Fcap_1.70_Besc_8000_sigmaR_0.216_SE_reference_AE_historical",1.7,8000,"Medium",2039,1000,0,0.001,11767.9387824128,8759.65655453736,16948.172862706,0.052,6652.17609202887,6847.22974220594,0,10018.0239958048,"I0",20,"Fcap_1.70_Besc_8000_sigmaR_0.216_SE_reference_AE_historical"
20,"I0__Fcap_1.70_Besc_8000_sigmaR_0.216_SE_reference_AE_historical",1.7,8000,"Medium",2040,1000,0,0,11620.6254264048,8879.92302314699,17095.5216481253,0.051,6661.58837761641,6865.26282431986,0,10052.7259534925,"I0",20,"Fcap_1.70_Besc_8000_sigmaR_0.216_SE_reference_AE_historical"
20,"I0__Fcap_1.70_Besc_8000_sigmaR_0.216_SE_reference_AE_historical",1.7,8000,"Medium",2041,1000,0,0.002,11756.5831016178,8720.27638520925,17136.5155531222,0.08,6566.88923609689,6803.57022818703,0,10096.0210958423,"I0",20,"Fcap_1.70_Besc_8000_sigmaR_0.216_SE_reference_AE_historical"
20,"I0__Fcap_1.70_Besc_8000_sigmaR_0.216_SE_reference_AE_historical",1.7,8000,"Medium",2042,1000,0,0.001,11820.6568398761,8734.95366853902,17006.2089975631,0.067,6652.27622159546,6858.62564326266,0,10099.4894108213,"I0",20,"Fcap_1.70_Besc_8000_sigmaR_0.216_SE_reference_AE_historical"
20,"I0__Fcap_1.70_Besc_8000_sigmaR_0.216_SE_reference_AE_historical",1.7,8000,"Medium",2043,1000,0,0.001,11529.840691568,8848.08624052191,16468.1797079651,0.059,6568.99603203315,6723.41539792941,0,9898.39167016719,"I0",20,"Fcap_1.70_Besc_8000_sigmaR_0.216_SE_reference_AE_historical"
20,"I0__Fcap_1.70_Besc_8000_sigmaR_0.216_SE_reference_AE_historical",1.7,8000,"Medium",2044,1000,0,0.002,11633.4942929852,8785.57634084387,16678.8090259411,0.055,6626.36467847783,6831.47163454397,0,10036.1682400328,"I0",20,"Fcap_1.70_Besc_8000_sigmaR_0.216_SE_reference_AE_historical"
20,"I0__Fcap_1.70_Besc_8000_sigmaR_0.216_SE_reference_AE_historical",1.7,8000,"Long",2045,1000,0,0.003,11629.7251401426,8802.62233051654,16985.7582460366,0.061,6640.11830191209,6851.42620566812,0,9966.5239144558,"I0",20,"Fcap_1.70_Besc_8000_sigmaR_0.216_SE_reference_AE_historical"
20,"I0__Fcap_1.70_Besc_8000_sigmaR_0.216_SE_reference_AE_historical",1.7,8000,"Long",2046,1000,0,0.002,11671.5909635698,8710.26849135894,16887.8846923448,0.066,6601.39042642042,6780.19076771209,0,10214.2814905188,"I0",20,"Fcap_1.70_Besc_8000_sigmaR_0.216_SE_reference_AE_historical"
20,"I0__Fcap_1.70_Besc_8000_sigmaR_0.216_SE_reference_AE_historical",1.7,8000,"Long",2047,1000,0,0,11786.5881447143,8864.84273944639,17366.7427222094,0.055,6759.78147829226,6828.53274019068,0,10265.1644931326,"I0",20,"Fcap_1.70_Besc_8000_sigmaR_0.216_SE_reference_AE_historical"
20,"I0__Fcap_1.70_Besc_8000_sigmaR_0.216_SE_reference_AE_historical",1.7,8000,"Long",2048,1000,0,0.001,11732.7430005257,8651.72221019433,17029.8852361312,0.068,6654.95238899719,6858.78136437144,0,10170.5457272139,"I0",20,"Fcap_1.70_Besc_8000_sigmaR_0.216_SE_reference_AE_historical"
20,"I0__Fcap_1.70_Besc_8000_sigmaR_0.216_SE_reference_AE_historical",1.7,8000,"Long",2049,1000,0,0.001,11674.9388102437,8715.9838793032,16949.3597572015,0.064,6545.22873638172,6819.32612694477,0,10177.5766937993,"I0",20,"Fcap_1.70_Besc_8000_sigmaR_0.216_SE_reference_AE_historical"
20,"I0__Fcap_1.70_Besc_8000_sigmaR_0.216_SE_reference_AE_historical",1.7,8000,"Long",2050,1000,0,0.002,11940.0300089403,8761.22996872941,17613.9137363655,0.063,6749.33811544449,7007.99889734721,0,10509.2468561417,"I0",20,"Fcap_1.70_Besc_8000_sigmaR_0.216_SE_reference_AE_historical"
20,"I0__Fcap_1.70_Besc_8000_sigmaR_0.216_SE_reference_AE_historical",1.7,8000,"Long",2051,1000,0,0,11888.9702545161,8821.01037679224,17133.137165505,0.059,6718.20344194336,6887.22356024392,0,10188.5896997723,"I0",20,"Fcap_1.70_Besc_8000_sigmaR_0.216_SE_reference_AE_historical"
20,"I0__Fcap_1.70_Besc_8000_sigmaR_0.216_SE_reference_AE_historical",1.7,8000,"Long",2052,1000,0,0.002,11807.9348932904,8834.09751509741,17220.0549524902,0.056,6726.39475562126,6884.62067941553,0,10217.582835056,"I0",20,"Fcap_1.70_Besc_8000_sigmaR_0.216_SE_reference_AE_historical"
20,"I0__Fcap_1.70_Besc_8000_sigmaR_0.216_SE_reference_AE_historical",1.7,8000,"Long",2053,1000,0.001,0.001,11650.5033068727,8801.49663118823,17287.2588253681,0.056,6652.68273661175,6834.15462640357,0,10187.9735060287,"I0",20,"Fcap_1.70_Besc_8000_sigmaR_0.216_SE_reference_AE_historical"
20,"I0__Fcap_1.70_Besc_8000_sigmaR_0.216_SE_reference_AE_historical",1.7,8000,"Long",2054,1000,0,0.002,11647.5449900782,8697.40604350352,16987.7239329425,0.06,6611.04670154327,6768.21426808928,0,10070.4807097611,"I0",20,"Fcap_1.70_Besc_8000_sigmaR_0.216_SE_reference_AE_historical"
20,"I0__Fcap_1.70_Besc_8000_sigmaR_0.216_SE_reference_AE_historical",1.7,8000,"Full",2025,1000,0,0,13031.3717958448,11460.237321886,16135.9766568485,0,7929.92037318589,7575.42743915996,6160.96458711709,10595.3396824908,"I0",20,"Fcap_1.70_Besc_8000_sigmaR_0.216_SE_reference_AE_historical"
20,"I0__Fcap_1.70_Besc_8000_sigmaR_0.216_SE_reference_AE_historical",1.7,8000,"Full",2026,1000,0,0,11781.7722049477,8803.39664020107,17271.8336240103,0.065,6753.7118078507,6898.95315928244,0,10336.6987824999,"I0",20,"Fcap_1.70_Besc_8000_sigmaR_0.216_SE_reference_AE_historical"
20,"I0__Fcap_1.70_Besc_8000_sigmaR_0.216_SE_reference_AE_historical",1.7,8000,"Full",2027,1000,0,0.001,11848.3114731262,8639.88110586974,17335.0364098724,0.075,6767.31089623621,6985.79975898542,0,10502.4769658761,"I0",20,"Fcap_1.70_Besc_8000_sigmaR_0.216_SE_reference_AE_historical"
20,"I0__Fcap_1.70_Besc_8000_sigmaR_0.216_SE_reference_AE_historical",1.7,8000,"Full",2028,1000,0,0,11816.2339552545,8717.08025958612,16949.1385440389,0.07,6713.05735805271,7034.35199585461,0,10165.5256874544,"I0",20,"Fcap_1.70_Besc_8000_sigmaR_0.216_SE_reference_AE_historical"
20,"I0__Fcap_1.70_Besc_8000_sigmaR_0.216_SE_reference_AE_historical",1.7,8000,"Full",2029,1000,0,0.005,11637.5253165785,8534.19743905266,16835.7855945468,0.084,6568.30608036678,6909.3591819819,0,10288.4089914813,"I0",20,"Fcap_1.70_Besc_8000_sigmaR_0.216_SE_reference_AE_historical"
20,"I0__Fcap_1.70_Besc_8000_sigmaR_0.216_SE_reference_AE_historical",1.7,8000,"Full",2030,1000,0,0.001,11640.9146489865,8652.28796480726,17166.0296313174,0.068,6555.45270282655,6761.31407070969,0,10174.3758802338,"I0",20,"Fcap_1.70_Besc_8000_sigmaR_0.216_SE_reference_AE_historical"
20,"I0__Fcap_1.70_Besc_8000_sigmaR_0.216_SE_reference_AE_historical",1.7,8000,"Full",2031,1000,0,0.001,11545.7299685047,8741.60137220702,16780.7372967696,0.067,6521.59247839263,6750.52142584424,0,9842.29573154814,"I0",20,"Fcap_1.70_Besc_8000_sigmaR_0.216_SE_reference_AE_historical"
20,"I0__Fcap_1.70_Besc_8000_sigmaR_0.216_SE_reference_AE_historical",1.7,8000,"Full",2032,1000,0,0.001,11798.3561716383,8529.2449253647,16632.3918310104,0.075,6513.72563734415,6818.86257292392,0,9691.9568747346,"I0",20,"Fcap_1.70_Besc_8000_sigmaR_0.216_SE_reference_AE_historical"
20,"I0__Fcap_1.70_Besc_8000_sigmaR_0.216_SE_reference_AE_historical",1.7,8000,"Full",2033,1000,0,0.001,11794.7715436293,8787.33588702149,16922.7581096524,0.06,6716.4695919078,6846.29441049916,0,10122.1299856741,"I0",20,"Fcap_1.70_Besc_8000_sigmaR_0.216_SE_reference_AE_historical"
20,"I0__Fcap_1.70_Besc_8000_sigmaR_0.216_SE_reference_AE_historical",1.7,8000,"Full",2034,1000,0,0.003,11779.5635051536,8809.54833900996,16965.4055529499,0.058,6701.99935857421,6872.56006614623,0,10090.5859994546,"I0",20,"Fcap_1.70_Besc_8000_sigmaR_0.216_SE_reference_AE_historical"
20,"I0__Fcap_1.70_Besc_8000_sigmaR_0.216_SE_reference_AE_historical",1.7,8000,"Full",2035,1000,0,0.001,11671.7253110877,8703.07892469163,16874.7007058276,0.07,6551.98166569257,6806.5243921805,0,9938.00653494824,"I0",20,"Fcap_1.70_Besc_8000_sigmaR_0.216_SE_reference_AE_historical"
20,"I0__Fcap_1.70_Besc_8000_sigmaR_0.216_SE_reference_AE_historical",1.7,8000,"Full",2036,1000,0,0.002,11621.8127973298,8708.40944912987,16799.2957379916,0.058,6656.03397409244,6787.58088497289,0,9961.53506705668,"I0",20,"Fcap_1.70_Besc_8000_sigmaR_0.216_SE_reference_AE_historical"
20,"I0__Fcap_1.70_Besc_8000_sigmaR_0.216_SE_reference_AE_historical",1.7,8000,"Full",2037,1000,0,0.001,11691.4537556407,8754.84866680352,16271.5454904079,0.063,6546.8767132713,6840.45627315898,0,9785.04106348672,"I0",20,"Fcap_1.70_Besc_8000_sigmaR_0.216_SE_reference_AE_historical"
20,"I0__Fcap_1.70_Besc_8000_sigmaR_0.216_SE_reference_AE_historical",1.7,8000,"Full",2038,1000,0,0,11542.2682252047,8726.80176260982,16860.1422241391,0.069,6482.38918502822,6779.35879536933,0,10221.3093955636,"I0",20,"Fcap_1.70_Besc_8000_sigmaR_0.216_SE_reference_AE_historical"
20,"I0__Fcap_1.70_Besc_8000_sigmaR_0.216_SE_reference_AE_historical",1.7,8000,"Full",2039,1000,0,0.001,11767.9387824128,8759.65655453736,16948.172862706,0.052,6652.17609202887,6847.22974220594,0,10018.0239958048,"I0",20,"Fcap_1.70_Besc_8000_sigmaR_0.216_SE_reference_AE_historical"
20,"I0__Fcap_1.70_Besc_8000_sigmaR_0.216_SE_reference_AE_historical",1.7,8000,"Full",2040,1000,0,0,11620.6254264048,8879.92302314699,17095.5216481253,0.051,6661.58837761641,6865.26282431986,0,10052.7259534925,"I0",20,"Fcap_1.70_Besc_8000_sigmaR_0.216_SE_reference_AE_historical"
20,"I0__Fcap_1.70_Besc_8000_sigmaR_0.216_SE_reference_AE_historical",1.7,8000,"Full",2041,1000,0,0.002,11756.5831016178,8720.27638520925,17136.5155531222,0.08,6566.88923609689,6803.57022818703,0,10096.0210958423,"I0",20,"Fcap_1.70_Besc_8000_sigmaR_0.216_SE_reference_AE_historical"
20,"I0__Fcap_1.70_Besc_8000_sigmaR_0.216_SE_reference_AE_historical",1.7,8000,"Full",2042,1000,0,0.001,11820.6568398761,8734.95366853902,17006.2089975631,0.067,6652.27622159546,6858.62564326266,0,10099.4894108213,"I0",20,"Fcap_1.70_Besc_8000_sigmaR_0.216_SE_reference_AE_historical"
20,"I0__Fcap_1.70_Besc_8000_sigmaR_0.216_SE_reference_AE_historical",1.7,8000,"Full",2043,1000,0,0.001,11529.840691568,8848.08624052191,16468.1797079651,0.059,6568.99603203315,6723.41539792941,0,9898.39167016719,"I0",20,"Fcap_1.70_Besc_8000_sigmaR_0.216_SE_reference_AE_historical"
20,"I0__Fcap_1.70_Besc_8000_sigmaR_0.216_SE_reference_AE_historical",1.7,8000,"Full",2044,1000,0,0.002,11633.4942929852,8785.57634084387,16678.8090259411,0.055,6626.36467847783,6831.47163454397,0,10036.1682400328,"I0",20,"Fcap_1.70_Besc_8000_sigmaR_0.216_SE_reference_AE_historical"
20,"I0__Fcap_1.70_Besc_8000_sigmaR_0.216_SE_reference_AE_historical",1.7,8000,"Full",2045,1000,0,0.003,11629.7251401426,8802.62233051654,16985.7582460366,0.061,6640.11830191209,6851.42620566812,0,9966.5239144558,"I0",20,"Fcap_1.70_Besc_8000_sigmaR_0.216_SE_reference_AE_historical"
20,"I0__Fcap_1.70_Besc_8000_sigmaR_0.216_SE_reference_AE_historical",1.7,8000,"Full",2046,1000,0,0.002,11671.5909635698,8710.26849135894,16887.8846923448,0.066,6601.39042642042,6780.19076771209,0,10214.2814905188,"I0",20,"Fcap_1.70_Besc_8000_sigmaR_0.216_SE_reference_AE_historical"
20,"I0__Fcap_1.70_Besc_8000_sigmaR_0.216_SE_reference_AE_historical",1.7,8000,"Full",2047,1000,0,0,11786.5881447143,8864.84273944639,17366.7427222094,0.055,6759.78147829226,6828.53274019068,0,10265.1644931326,"I0",20,"Fcap_1.70_Besc_8000_sigmaR_0.216_SE_reference_AE_historical"
20,"I0__Fcap_1.70_Besc_8000_sigmaR_0.216_SE_reference_AE_historical",1.7,8000,"Full",2048,1000,0,0.001,11732.7430005257,8651.72221019433,17029.8852361312,0.068,6654.95238899719,6858.78136437144,0,10170.5457272139,"I0",20,"Fcap_1.70_Besc_8000_sigmaR_0.216_SE_reference_AE_historical"
20,"I0__Fcap_1.70_Besc_8000_sigmaR_0.216_SE_reference_AE_historical",1.7,8000,"Full",2049,1000,0,0.001,11674.9388102437,8715.9838793032,16949.3597572015,0.064,6545.22873638172,6819.32612694477,0,10177.5766937993,"I0",20,"Fcap_1.70_Besc_8000_sigmaR_0.216_SE_reference_AE_historical"
20,"I0__Fcap_1.70_Besc_8000_sigmaR_0.216_SE_reference_AE_historical",1.7,8000,"Full",2050,1000,0,0.002,11940.0300089403,8761.22996872941,17613.9137363655,0.063,6749.33811544449,7007.99889734721,0,10509.2468561417,"I0",20,"Fcap_1.70_Besc_8000_sigmaR_0.216_SE_reference_AE_historical"
20,"I0__Fcap_1.70_Besc_8000_sigmaR_0.216_SE_reference_AE_historical",1.7,8000,"Full",2051,1000,0,0,11888.9702545161,8821.01037679224,17133.137165505,0.059,6718.20344194336,6887.22356024392,0,10188.5896997723,"I0",20,"Fcap_1.70_Besc_8000_sigmaR_0.216_SE_reference_AE_historical"
20,"I0__Fcap_1.70_Besc_8000_sigmaR_0.216_SE_reference_AE_historical",1.7,8000,"Full",2052,1000,0,0.002,11807.9348932904,8834.09751509741,17220.0549524902,0.056,6726.39475562126,6884.62067941553,0,10217.582835056,"I0",20,"Fcap_1.70_Besc_8000_sigmaR_0.216_SE_reference_AE_historical"
20,"I0__Fcap_1.70_Besc_8000_sigmaR_0.216_SE_reference_AE_historical",1.7,8000,"Full",2053,1000,0.001,0.001,11650.5033068727,8801.49663118823,17287.2588253681,0.056,6652.68273661175,6834.15462640357,0,10187.9735060287,"I0",20,"Fcap_1.70_Besc_8000_sigmaR_0.216_SE_reference_AE_historical"
20,"I0__Fcap_1.70_Besc_8000_sigmaR_0.216_SE_reference_AE_historical",1.7,8000,"Full",2054,1000,0,0.002,11647.5449900782,8697.40604350352,16987.7239329425,0.06,6611.04670154327,6768.21426808928,0,10070.4807097611,"I0",20,"Fcap_1.70_Besc_8000_sigmaR_0.216_SE_reference_AE_historical"
25,"I0__Fcap_1.80_Besc_5000_sigmaR_0.216_SE_reference_AE_historical",1.8,5000,"Short",2025,1000,0,0,12993.9846681142,11430.093393611,16085.4937164213,0,8214.04873829386,7839.64720050839,6393.06309854441,10959.5561637516,"I0",25,"Fcap_1.80_Besc_5000_sigmaR_0.216_SE_reference_AE_historical"
25,"I0__Fcap_1.80_Besc_5000_sigmaR_0.216_SE_reference_AE_historical",1.8,5000,"Short",2026,1000,0,0.001,11632.8206826756,8195.07771015855,17076.4087552507,0,7299.81457738842,7063.07177728984,4884.47499046446,10550.5710760735,"I0",25,"Fcap_1.80_Besc_5000_sigmaR_0.216_SE_reference_AE_historical"
25,"I0__Fcap_1.80_Besc_5000_sigmaR_0.216_SE_reference_AE_historical",1.8,5000,"Short",2027,1000,0,0.005,11496.8041444587,7801.59542570883,17082.8993710827,0,7258.50742432406,6992.82884433596,4688.2082142457,10743.4095167753,"I0",25,"Fcap_1.80_Besc_5000_sigmaR_0.216_SE_reference_AE_historical"
25,"I0__Fcap_1.80_Besc_5000_sigmaR_0.216_SE_reference_AE_historical",1.8,5000,"Short",2028,1000,0,0.003,11482.7035920312,7824.76150948632,16730.4271877592,0.001,7159.17627879886,7011.60439816597,4711.17650462469,10187.0917775064,"I0",25,"Fcap_1.80_Besc_5000_sigmaR_0.216_SE_reference_AE_historical"
25,"I0__Fcap_1.80_Besc_5000_sigmaR_0.216_SE_reference_AE_historical",1.8,5000,"Short",2029,1000,0,0.009,11238.3477444108,7543.98348833865,16647.2569108034,0.001,7049.55641554572,6839.13853576049,4674.99557323779,10253.5067606358,"I0",25,"Fcap_1.80_Besc_5000_sigmaR_0.216_SE_reference_AE_historical"
25,"I0__Fcap_1.80_Besc_5000_sigmaR_0.216_SE_reference_AE_historical",1.8,5000,"Short",2030,1000,0,0.01,11309.9095388776,7643.66850719688,16945.1999081578,0.001,6977.59656193154,6688.26780995641,4576.2075038986,10341.8869740321,"I0",25,"Fcap_1.80_Besc_5000_sigmaR_0.216_SE_reference_AE_historical"
25,"I0__Fcap_1.80_Besc_5000_sigmaR_0.216_SE_reference_AE_historical",1.8,5000,"Short",2031,1000,0,0.005,11147.5232445378,7836.8984539939,16485.2491914708,0.001,6945.61570950167,6719.33847074829,4679.65808018614,9892.30526472017,"I0",25,"Fcap_1.80_Besc_5000_sigmaR_0.216_SE_reference_AE_historical"
25,"I0__Fcap_1.80_Besc_5000_sigmaR_0.216_SE_reference_AE_historical",1.8,5000,"Short",2032,1000,0,0.007,11373.1377496462,7527.4245437063,16068.0680179872,0,6981.76180703457,6800.45579990699,4461.26544590014,9824.83875400742,"I0",25,"Fcap_1.80_Besc_5000_sigmaR_0.216_SE_reference_AE_historical"
25,"I0__Fcap_1.80_Besc_5000_sigmaR_0.216_SE_reference_AE_historical",1.8,5000,"Short",2033,1000,0,0.008,11387.4571214471,7701.87541014801,16710.2065307015,0.001,7070.82679829028,6864.40544524422,4795.62341107969,10276.7809339736,"I0",25,"Fcap_1.80_Besc_5000_sigmaR_0.216_SE_reference_AE_historical"
25,"I0__Fcap_1.80_Besc_5000_sigmaR_0.216_SE_reference_AE_historical",1.8,5000,"Short",2034,1000,0,0.009,11448.3820672075,7926.05052190971,16681.9851125781,0.001,7095.80336604558,6900.06093176103,4738.45855916227,10213.2660039983,"I0",25,"Fcap_1.80_Besc_5000_sigmaR_0.216_SE_reference_AE_historical"
25,"I0__Fcap_1.80_Besc_5000_sigmaR_0.216_SE_reference_AE_historical",1.8,5000,"Medium",2035,1000,0,0.007,11358.1584132828,7690.50109723499,16427.183335909,0.001,7017.70573779723,6832.20558208009,4599.46159630868,9997.67391439483,"I0",25,"Fcap_1.80_Besc_5000_sigmaR_0.216_SE_reference_AE_historical"
25,"I0__Fcap_1.80_Besc_5000_sigmaR_0.216_SE_reference_AE_historical",1.8,5000,"Medium",2036,1000,0,0.013,11252.2969831547,7724.92780298003,16488.5467735105,0,7010.45283893179,6772.81835179246,4662.52890281153,10080.4614578692,"I0",25,"Fcap_1.80_Besc_5000_sigmaR_0.216_SE_reference_AE_historical"
25,"I0__Fcap_1.80_Besc_5000_sigmaR_0.216_SE_reference_AE_historical",1.8,5000,"Medium",2037,1000,0,0.008,11339.8226734968,7714.59156711885,16047.4230259829,0,6958.94042410803,6862.73814283902,4662.41026167175,9852.75586838974,"I0",25,"Fcap_1.80_Besc_5000_sigmaR_0.216_SE_reference_AE_historical"
25,"I0__Fcap_1.80_Besc_5000_sigmaR_0.216_SE_reference_AE_historical",1.8,5000,"Medium",2038,1000,0,0.004,11185.3078268787,7658.42771625481,16608.1489643524,0,6981.30664015868,6741.90147319402,4584.72168272667,10258.4574455164,"I0",25,"Fcap_1.80_Besc_5000_sigmaR_0.216_SE_reference_AE_historical"
25,"I0__Fcap_1.80_Besc_5000_sigmaR_0.216_SE_reference_AE_historical",1.8,5000,"Medium",2039,1000,0,0.012,11381.5684106141,7695.76955700293,16742.1352832796,0,7039.02573769283,6866.90634836911,4658.81034648908,10059.0772815876,"I0",25,"Fcap_1.80_Besc_5000_sigmaR_0.216_SE_reference_AE_historical"
25,"I0__Fcap_1.80_Besc_5000_sigmaR_0.216_SE_reference_AE_historical",1.8,5000,"Medium",2040,1000,0,0.009,11266.9950486022,7901.86472330447,16804.4474618647,0,7054.02449938583,6840.72395307904,4837.41247364861,10279.0229823409,"I0",25,"Fcap_1.80_Besc_5000_sigmaR_0.216_SE_reference_AE_historical"
25,"I0__Fcap_1.80_Besc_5000_sigmaR_0.216_SE_reference_AE_historical",1.8,5000,"Medium",2041,1000,0,0.009,11388.3430134216,7707.93696645984,16891.2021940819,0.001,7055.81648495029,6816.91254089486,4639.96205115448,10287.5949971865,"I0",25,"Fcap_1.80_Besc_5000_sigmaR_0.216_SE_reference_AE_historical"
25,"I0__Fcap_1.80_Besc_5000_sigmaR_0.216_SE_reference_AE_historical",1.8,5000,"Medium",2042,1000,0,0.006,11458.4048682957,7573.09698301931,16683.2685591036,0.001,7047.52845622506,6815.83521707395,4658.90058029421,10319.064780809,"I0",25,"Fcap_1.80_Besc_5000_sigmaR_0.216_SE_reference_AE_historical"
25,"I0__Fcap_1.80_Besc_5000_sigmaR_0.216_SE_reference_AE_historical",1.8,5000,"Medium",2043,1000,0,0.006,11220.4046610636,7910.55063959288,16169.5192616264,0.001,6963.58723636783,6747.09336994825,4737.43004855836,9786.35926002859,"I0",25,"Fcap_1.80_Besc_5000_sigmaR_0.216_SE_reference_AE_historical"
25,"I0__Fcap_1.80_Besc_5000_sigmaR_0.216_SE_reference_AE_historical",1.8,5000,"Medium",2044,1000,0,0.008,11270.6701863818,7805.14719496282,16287.105597502,0,7034.48153317951,6842.63503040386,4688.86613120567,10090.4678655473,"I0",25,"Fcap_1.80_Besc_5000_sigmaR_0.216_SE_reference_AE_historical"
25,"I0__Fcap_1.80_Besc_5000_sigmaR_0.216_SE_reference_AE_historical",1.8,5000,"Long",2045,1000,0,0.007,11227.9080883985,7880.6832226399,16657.3512678699,0,7021.88201711006,6879.98492297517,4631.4649700229,10114.996707571,"I0",25,"Fcap_1.80_Besc_5000_sigmaR_0.216_SE_reference_AE_historical"
25,"I0__Fcap_1.80_Besc_5000_sigmaR_0.216_SE_reference_AE_historical",1.8,5000,"Long",2046,1000,0,0.006,11341.0912747551,7702.32988524687,16451.9152725813,0,7055.69436073634,6785.66075513968,4750.24538412674,10307.6874982181,"I0",25,"Fcap_1.80_Besc_5000_sigmaR_0.216_SE_reference_AE_historical"
25,"I0__Fcap_1.80_Besc_5000_sigmaR_0.216_SE_reference_AE_historical",1.8,5000,"Long",2047,1000,0,0.008,11487.5011805223,7865.10615305945,17028.6032056485,0,7139.40527229984,6857.49956078836,4780.3346981329,10470.6880719774,"I0",25,"Fcap_1.80_Besc_5000_sigmaR_0.216_SE_reference_AE_historical"
25,"I0__Fcap_1.80_Besc_5000_sigmaR_0.216_SE_reference_AE_historical",1.8,5000,"Long",2048,1000,0,0.011,11446.2255306464,7523.75399918565,16816.6818853491,0.001,7092.29659867605,6884.24846276993,4657.38088015081,10309.3587313195,"I0",25,"Fcap_1.80_Besc_5000_sigmaR_0.216_SE_reference_AE_historical"
25,"I0__Fcap_1.80_Besc_5000_sigmaR_0.216_SE_reference_AE_historical",1.8,5000,"Long",2049,1000,0,0.006,11269.7527594754,7627.24601232426,16758.6231305289,0,6998.68201742929,6802.93548980958,4639.77671999121,10340.1425178798,"I0",25,"Fcap_1.80_Besc_5000_sigmaR_0.216_SE_reference_AE_historical"
25,"I0__Fcap_1.80_Besc_5000_sigmaR_0.216_SE_reference_AE_historical",1.8,5000,"Long",2050,1000,0,0.009,11525.8402692791,7923.07069710345,17124.1891932489,0.001,7163.14032570242,6982.45322593188,4664.28496774071,10450.4699327148,"I0",25,"Fcap_1.80_Besc_5000_sigmaR_0.216_SE_reference_AE_historical"
25,"I0__Fcap_1.80_Besc_5000_sigmaR_0.216_SE_reference_AE_historical",1.8,5000,"Long",2051,1000,0,0.006,11463.2053186259,7787.04979806372,16865.1544657988,0,7109.9148981264,6875.35042565819,4609.46694227234,10318.1731517365,"I0",25,"Fcap_1.80_Besc_5000_sigmaR_0.216_SE_reference_AE_historical"
25,"I0__Fcap_1.80_Besc_5000_sigmaR_0.216_SE_reference_AE_historical",1.8,5000,"Long",2052,1000,0,0.008,11403.052926883,7886.06246490952,16911.6235377179,0,7107.51519641928,6828.59050964212,4711.30916688628,10300.3020879454,"I0",25,"Fcap_1.80_Besc_5000_sigmaR_0.216_SE_reference_AE_historical"
25,"I0__Fcap_1.80_Besc_5000_sigmaR_0.216_SE_reference_AE_historical",1.8,5000,"Long",2053,1000,0,0.006,11319.4278502815,7837.21561390715,17052.0627854637,0,7075.96235296705,6812.29529153565,4738.92694265213,10362.4382119926,"I0",25,"Fcap_1.80_Besc_5000_sigmaR_0.216_SE_reference_AE_historical"
25,"I0__Fcap_1.80_Besc_5000_sigmaR_0.216_SE_reference_AE_historical",1.8,5000,"Long",2054,1000,0,0.011,11254.0454098459,7724.30534170076,16798.1502176291,0.001,7036.18142116396,6772.313521421,4680.84362296604,10118.7254588005,"I0",25,"Fcap_1.80_Besc_5000_sigmaR_0.216_SE_reference_AE_historical"
25,"I0__Fcap_1.80_Besc_5000_sigmaR_0.216_SE_reference_AE_historical",1.8,5000,"Full",2025,1000,0,0,12993.9846681142,11430.093393611,16085.4937164213,0,8214.04873829386,7839.64720050839,6393.06309854441,10959.5561637516,"I0",25,"Fcap_1.80_Besc_5000_sigmaR_0.216_SE_reference_AE_historical"
25,"I0__Fcap_1.80_Besc_5000_sigmaR_0.216_SE_reference_AE_historical",1.8,5000,"Full",2026,1000,0,0.001,11632.8206826756,8195.07771015855,17076.4087552507,0,7299.81457738842,7063.07177728984,4884.47499046446,10550.5710760735,"I0",25,"Fcap_1.80_Besc_5000_sigmaR_0.216_SE_reference_AE_historical"
25,"I0__Fcap_1.80_Besc_5000_sigmaR_0.216_SE_reference_AE_historical",1.8,5000,"Full",2027,1000,0,0.005,11496.8041444587,7801.59542570883,17082.8993710827,0,7258.50742432406,6992.82884433596,4688.2082142457,10743.4095167753,"I0",25,"Fcap_1.80_Besc_5000_sigmaR_0.216_SE_reference_AE_historical"
25,"I0__Fcap_1.80_Besc_5000_sigmaR_0.216_SE_reference_AE_historical",1.8,5000,"Full",2028,1000,0,0.003,11482.7035920312,7824.76150948632,16730.4271877592,0.001,7159.17627879886,7011.60439816597,4711.17650462469,10187.0917775064,"I0",25,"Fcap_1.80_Besc_5000_sigmaR_0.216_SE_reference_AE_historical"
25,"I0__Fcap_1.80_Besc_5000_sigmaR_0.216_SE_reference_AE_historical",1.8,5000,"Full",2029,1000,0,0.009,11238.3477444108,7543.98348833865,16647.2569108034,0.001,7049.55641554572,6839.13853576049,4674.99557323779,10253.5067606358,"I0",25,"Fcap_1.80_Besc_5000_sigmaR_0.216_SE_reference_AE_historical"
25,"I0__Fcap_1.80_Besc_5000_sigmaR_0.216_SE_reference_AE_historical",1.8,5000,"Full",2030,1000,0,0.01,11309.9095388776,7643.66850719688,16945.1999081578,0.001,6977.59656193154,6688.26780995641,4576.2075038986,10341.8869740321,"I0",25,"Fcap_1.80_Besc_5000_sigmaR_0.216_SE_reference_AE_historical"
25,"I0__Fcap_1.80_Besc_5000_sigmaR_0.216_SE_reference_AE_historical",1.8,5000,"Full",2031,1000,0,0.005,11147.5232445378,7836.8984539939,16485.2491914708,0.001,6945.61570950167,6719.33847074829,4679.65808018614,9892.30526472017,"I0",25,"Fcap_1.80_Besc_5000_sigmaR_0.216_SE_reference_AE_historical"
25,"I0__Fcap_1.80_Besc_5000_sigmaR_0.216_SE_reference_AE_historical",1.8,5000,"Full",2032,1000,0,0.007,11373.1377496462,7527.4245437063,16068.0680179872,0,6981.76180703457,6800.45579990699,4461.26544590014,9824.83875400742,"I0",25,"Fcap_1.80_Besc_5000_sigmaR_0.216_SE_reference_AE_historical"
25,"I0__Fcap_1.80_Besc_5000_sigmaR_0.216_SE_reference_AE_historical",1.8,5000,"Full",2033,1000,0,0.008,11387.4571214471,7701.87541014801,16710.2065307015,0.001,7070.82679829028,6864.40544524422,4795.62341107969,10276.7809339736,"I0",25,"Fcap_1.80_Besc_5000_sigmaR_0.216_SE_reference_AE_historical"
25,"I0__Fcap_1.80_Besc_5000_sigmaR_0.216_SE_reference_AE_historical",1.8,5000,"Full",2034,1000,0,0.009,11448.3820672075,7926.05052190971,16681.9851125781,0.001,7095.80336604558,6900.06093176103,4738.45855916227,10213.2660039983,"I0",25,"Fcap_1.80_Besc_5000_sigmaR_0.216_SE_reference_AE_historical"
25,"I0__Fcap_1.80_Besc_5000_sigmaR_0.216_SE_reference_AE_historical",1.8,5000,"Full",2035,1000,0,0.007,11358.1584132828,7690.50109723499,16427.183335909,0.001,7017.70573779723,6832.20558208009,4599.46159630868,9997.67391439483,"I0",25,"Fcap_1.80_Besc_5000_sigmaR_0.216_SE_reference_AE_historical"
25,"I0__Fcap_1.80_Besc_5000_sigmaR_0.216_SE_reference_AE_historical",1.8,5000,"Full",2036,1000,0,0.013,11252.2969831547,7724.92780298003,16488.5467735105,0,7010.45283893179,6772.81835179246,4662.52890281153,10080.4614578692,"I0",25,"Fcap_1.80_Besc_5000_sigmaR_0.216_SE_reference_AE_historical"
25,"I0__Fcap_1.80_Besc_5000_sigmaR_0.216_SE_reference_AE_historical",1.8,5000,"Full",2037,1000,0,0.008,11339.8226734968,7714.59156711885,16047.4230259829,0,6958.94042410803,6862.73814283902,4662.41026167175,9852.75586838974,"I0",25,"Fcap_1.80_Besc_5000_sigmaR_0.216_SE_reference_AE_historical"
25,"I0__Fcap_1.80_Besc_5000_sigmaR_0.216_SE_reference_AE_historical",1.8,5000,"Full",2038,1000,0,0.004,11185.3078268787,7658.42771625481,16608.1489643524,0,6981.30664015868,6741.90147319402,4584.72168272667,10258.4574455164,"I0",25,"Fcap_1.80_Besc_5000_sigmaR_0.216_SE_reference_AE_historical"
25,"I0__Fcap_1.80_Besc_5000_sigmaR_0.216_SE_reference_AE_historical",1.8,5000,"Full",2039,1000,0,0.012,11381.5684106141,7695.76955700293,16742.1352832796,0,7039.02573769283,6866.90634836911,4658.81034648908,10059.0772815876,"I0",25,"Fcap_1.80_Besc_5000_sigmaR_0.216_SE_reference_AE_historical"
25,"I0__Fcap_1.80_Besc_5000_sigmaR_0.216_SE_reference_AE_historical",1.8,5000,"Full",2040,1000,0,0.009,11266.9950486022,7901.86472330447,16804.4474618647,0,7054.02449938583,6840.72395307904,4837.41247364861,10279.0229823409,"I0",25,"Fcap_1.80_Besc_5000_sigmaR_0.216_SE_reference_AE_historical"
25,"I0__Fcap_1.80_Besc_5000_sigmaR_0.216_SE_reference_AE_historical",1.8,5000,"Full",2041,1000,0,0.009,11388.3430134216,7707.93696645984,16891.2021940819,0.001,7055.81648495029,6816.91254089486,4639.96205115448,10287.5949971865,"I0",25,"Fcap_1.80_Besc_5000_sigmaR_0.216_SE_reference_AE_historical"
25,"I0__Fcap_1.80_Besc_5000_sigmaR_0.216_SE_reference_AE_historical",1.8,5000,"Full",2042,1000,0,0.006,11458.4048682957,7573.09698301931,16683.2685591036,0.001,7047.52845622506,6815.83521707395,4658.90058029421,10319.064780809,"I0",25,"Fcap_1.80_Besc_5000_sigmaR_0.216_SE_reference_AE_historical"
25,"I0__Fcap_1.80_Besc_5000_sigmaR_0.216_SE_reference_AE_historical",1.8,5000,"Full",2043,1000,0,0.006,11220.4046610636,7910.55063959288,16169.5192616264,0.001,6963.58723636783,6747.09336994825,4737.43004855836,9786.35926002859,"I0",25,"Fcap_1.80_Besc_5000_sigmaR_0.216_SE_reference_AE_historical"
25,"I0__Fcap_1.80_Besc_5000_sigmaR_0.216_SE_reference_AE_historical",1.8,5000,"Full",2044,1000,0,0.008,11270.6701863818,7805.14719496282,16287.105597502,0,7034.48153317951,6842.63503040386,4688.86613120567,10090.4678655473,"I0",25,"Fcap_1.80_Besc_5000_sigmaR_0.216_SE_reference_AE_historical"
25,"I0__Fcap_1.80_Besc_5000_sigmaR_0.216_SE_reference_AE_historical",1.8,5000,"Full",2045,1000,0,0.007,11227.9080883985,7880.6832226399,16657.3512678699,0,7021.88201711006,6879.98492297517,4631.4649700229,10114.996707571,"I0",25,"Fcap_1.80_Besc_5000_sigmaR_0.216_SE_reference_AE_historical"
25,"I0__Fcap_1.80_Besc_5000_sigmaR_0.216_SE_reference_AE_historical",1.8,5000,"Full",2046,1000,0,0.006,11341.0912747551,7702.32988524687,16451.9152725813,0,7055.69436073634,6785.66075513968,4750.24538412674,10307.6874982181,"I0",25,"Fcap_1.80_Besc_5000_sigmaR_0.216_SE_reference_AE_historical"
25,"I0__Fcap_1.80_Besc_5000_sigmaR_0.216_SE_reference_AE_historical",1.8,5000,"Full",2047,1000,0,0.008,11487.5011805223,7865.10615305945,17028.6032056485,0,7139.40527229984,6857.49956078836,4780.3346981329,10470.6880719774,"I0",25,"Fcap_1.80_Besc_5000_sigmaR_0.216_SE_reference_AE_historical"
25,"I0__Fcap_1.80_Besc_5000_sigmaR_0.216_SE_reference_AE_historical",1.8,5000,"Full",2048,1000,0,0.011,11446.2255306464,7523.75399918565,16816.6818853491,0.001,7092.29659867605,6884.24846276993,4657.38088015081,10309.3587313195,"I0",25,"Fcap_1.80_Besc_5000_sigmaR_0.216_SE_reference_AE_historical"
25,"I0__Fcap_1.80_Besc_5000_sigmaR_0.216_SE_reference_AE_historical",1.8,5000,"Full",2049,1000,0,0.006,11269.7527594754,7627.24601232426,16758.6231305289,0,6998.68201742929,6802.93548980958,4639.77671999121,10340.1425178798,"I0",25,"Fcap_1.80_Besc_5000_sigmaR_0.216_SE_reference_AE_historical"
25,"I0__Fcap_1.80_Besc_5000_sigmaR_0.216_SE_reference_AE_historical",1.8,5000,"Full",2050,1000,0,0.009,11525.8402692791,7923.07069710345,17124.1891932489,0.001,7163.14032570242,6982.45322593188,4664.28496774071,10450.4699327148,"I0",25,"Fcap_1.80_Besc_5000_sigmaR_0.216_SE_reference_AE_historical"
25,"I0__Fcap_1.80_Besc_5000_sigmaR_0.216_SE_reference_AE_historical",1.8,5000,"Full",2051,1000,0,0.006,11463.2053186259,7787.04979806372,16865.1544657988,0,7109.9148981264,6875.35042565819,4609.46694227234,10318.1731517365,"I0",25,"Fcap_1.80_Besc_5000_sigmaR_0.216_SE_reference_AE_historical"
25,"I0__Fcap_1.80_Besc_5000_sigmaR_0.216_SE_reference_AE_historical",1.8,5000,"Full",2052,1000,0,0.008,11403.052926883,7886.06246490952,16911.6235377179,0,7107.51519641928,6828.59050964212,4711.30916688628,10300.3020879454,"I0",25,"Fcap_1.80_Besc_5000_sigmaR_0.216_SE_reference_AE_historical"
25,"I0__Fcap_1.80_Besc_5000_sigmaR_0.216_SE_reference_AE_historical",1.8,5000,"Full",2053,1000,0,0.006,11319.4278502815,7837.21561390715,17052.0627854637,0,7075.96235296705,6812.29529153565,4738.92694265213,10362.4382119926,"I0",25,"Fcap_1.80_Besc_5000_sigmaR_0.216_SE_reference_AE_historical"
25,"I0__Fcap_1.80_Besc_5000_sigmaR_0.216_SE_reference_AE_historical",1.8,5000,"Full",2054,1000,0,0.011,11254.0454098459,7724.30534170076,16798.1502176291,0.001,7036.18142116396,6772.313521421,4680.84362296604,10118.7254588005,"I0",25,"Fcap_1.80_Besc_5000_sigmaR_0.216_SE_reference_AE_historical"
26,"I0__Fcap_1.80_Besc_6561_sigmaR_0.216_SE_reference_AE_historical",1.8,6561,"Short",2025,1000,0,0,12993.9846681142,11430.093393611,16085.4937164213,0,8214.04873829386,7839.64720050839,6393.06309854441,10959.5561637516,"I0",26,"Fcap_1.80_Besc_6561_sigmaR_0.216_SE_reference_AE_historical"
26,"I0__Fcap_1.80_Besc_6561_sigmaR_0.216_SE_reference_AE_historical",1.8,6561,"Short",2026,1000,0,0.001,11632.8206826756,8195.07771015855,17076.4087552507,0.007,7254.79967009063,7063.07177728984,4851.01496762762,10550.5710760735,"I0",26,"Fcap_1.80_Besc_6561_sigmaR_0.216_SE_reference_AE_historical"
26,"I0__Fcap_1.80_Besc_6561_sigmaR_0.216_SE_reference_AE_historical",1.8,6561,"Short",2027,1000,0,0.003,11521.2393055319,7842.61288087454,17082.8993710827,0.009,7215.25743238927,7006.20424120568,4676.64055848008,10744.7286300908,"I0",26,"Fcap_1.80_Besc_6561_sigmaR_0.216_SE_reference_AE_historical"
26,"I0__Fcap_1.80_Besc_6561_sigmaR_0.216_SE_reference_AE_historical",1.8,6561,"Short",2028,1000,0,0.002,11510.2451735321,7882.11111157014,16730.4435391509,0.01,7107.0705845711,7038.83968829256,4657.92616569662,10253.8191607589,"I0",26,"Fcap_1.80_Besc_6561_sigmaR_0.216_SE_reference_AE_historical"
26,"I0__Fcap_1.80_Besc_6561_sigmaR_0.216_SE_reference_AE_historical",1.8,6561,"Short",2029,1000,0,0.005,11267.7340309121,7709.23079711971,16647.670418094,0.018,6960.17212121029,6850.80791454899,4424.46275576878,10289.5795422635,"I0",26,"Fcap_1.80_Besc_6561_sigmaR_0.216_SE_reference_AE_historical"
26,"I0__Fcap_1.80_Besc_6561_sigmaR_0.216_SE_reference_AE_historical",1.8,6561,"Short",2030,1000,0,0.001,11331.9199270129,7793.7923408652,16940.5623478648,0.012,6928.72966556613,6739.3386577855,4533.23261317511,10359.1087743636,"I0",26,"Fcap_1.80_Besc_6561_sigmaR_0.216_SE_reference_AE_historical"
26,"I0__Fcap_1.80_Besc_6561_sigmaR_0.216_SE_reference_AE_historical",1.8,6561,"Short",2031,1000,0,0.001,11196.0781573035,7898.69286680255,16487.2193202342,0.014,6905.78544847441,6797.65172528941,4578.62154815679,9897.54756477424,"I0",26,"Fcap_1.80_Besc_6561_sigmaR_0.216_SE_reference_AE_historical"
26,"I0__Fcap_1.80_Besc_6561_sigmaR_0.216_SE_reference_AE_historical",1.8,6561,"Short",2032,1000,0,0.001,11420.6152630977,7685.22040327821,16097.2426964541,0.017,6892.89190322475,6817.14068076705,4268.03973553407,9838.14931289427,"I0",26,"Fcap_1.80_Besc_6561_sigmaR_0.216_SE_reference_AE_historical"
26,"I0__Fcap_1.80_Besc_6561_sigmaR_0.216_SE_reference_AE_historical",1.8,6561,"Short",2033,1000,0,0.002,11415.6341205771,7814.12185269356,16719.0272458779,0.014,7027.85017653482,6906.98241595329,4736.10412349269,10320.6798708665,"I0",26,"Fcap_1.80_Besc_6561_sigmaR_0.216_SE_reference_AE_historical"
26,"I0__Fcap_1.80_Besc_6561_sigmaR_0.216_SE_reference_AE_historical",1.8,6561,"Short",2034,1000,0,0.003,11465.3484886828,7978.35915621496,16679.0866253642,0.015,7058.22612843668,6922.46254501065,4723.03830638086,10212.9767340371,"I0",26,"Fcap_1.80_Besc_6561_sigmaR_0.216_SE_reference_AE_historical"
26,"I0__Fcap_1.80_Besc_6561_sigmaR_0.216_SE_reference_AE_historical",1.8,6561,"Medium",2035,1000,0,0.001,11399.7556517264,7885.22483555288,16450.3379851609,0.018,6951.53333322683,6856.56735796237,4463.82321408384,10008.6544581126,"I0",26,"Fcap_1.80_Besc_6561_sigmaR_0.216_SE_reference_AE_historical"
26,"I0__Fcap_1.80_Besc_6561_sigmaR_0.216_SE_reference_AE_historical",1.8,6561,"Medium",2036,1000,0,0.003,11266.5247607913,7842.41650110706,16532.8693590869,0.013,6983.7348463971,6808.07108101753,4667.96382841684,10088.8037001461,"I0",26,"Fcap_1.80_Besc_6561_sigmaR_0.216_SE_reference_AE_historical"
26,"I0__Fcap_1.80_Besc_6561_sigmaR_0.216_SE_reference_AE_historical",1.8,6561,"Medium",2037,1000,0,0.003,11413.5282040217,7854.92910978424,16038.770084359,0.013,6912.82424517235,6881.80107025677,4588.86308670923,9852.18878527719,"I0",26,"Fcap_1.80_Besc_6561_sigmaR_0.216_SE_reference_AE_historical"
26,"I0__Fcap_1.80_Besc_6561_sigmaR_0.216_SE_reference_AE_historical",1.8,6561,"Medium",2038,1000,0,0,11265.5525482996,7802.37049672701,16622.0428816212,0.013,6918.5449281267,6790.82693981785,4539.66205262284,10235.231639949,"I0",26,"Fcap_1.80_Besc_6561_sigmaR_0.216_SE_reference_AE_historical"
26,"I0__Fcap_1.80_Besc_6561_sigmaR_0.216_SE_reference_AE_historical",1.8,6561,"Medium",2039,1000,0,0.001,11413.6152145859,7881.21355974138,16754.4254188331,0.014,6975.83341683754,6879.68880978337,4591.72543223989,10085.7771736446,"I0",26,"Fcap_1.80_Besc_6561_sigmaR_0.216_SE_reference_AE_historical"
26,"I0__Fcap_1.80_Besc_6561_sigmaR_0.216_SE_reference_AE_historical",1.8,6561,"Medium",2040,1000,0,0.004,11302.2742163499,8093.51395746887,16871.2228732986,0.008,7025.69851870203,6838.77680015021,4805.64462604539,10276.0085323912,"I0",26,"Fcap_1.80_Besc_6561_sigmaR_0.216_SE_reference_AE_historical"
26,"I0__Fcap_1.80_Besc_6561_sigmaR_0.216_SE_reference_AE_historical",1.8,6561,"Medium",2041,1000,0,0.003,11414.5863674639,7877.1086829189,16889.1229339665,0.016,6974.66593316952,6854.30031211829,4554.28230206494,10256.0559536427,"I0",26,"Fcap_1.80_Besc_6561_sigmaR_0.216_SE_reference_AE_historical"
26,"I0__Fcap_1.80_Besc_6561_sigmaR_0.216_SE_reference_AE_historical",1.8,6561,"Medium",2042,1000,0,0.003,11485.9955737766,7855.69679229837,16751.7977996352,0.012,6985.03543045642,6851.93644511314,4530.65688247258,10319.0870582821,"I0",26,"Fcap_1.80_Besc_6561_sigmaR_0.216_SE_reference_AE_historical"
26,"I0__Fcap_1.80_Besc_6561_sigmaR_0.216_SE_reference_AE_historical",1.8,6561,"Medium",2043,1000,0,0.001,11240.5467174673,8024.38087636046,16169.6822689848,0.009,6939.22200620329,6784.16030644304,4766.84167015306,9811.07569184912,"I0",26,"Fcap_1.80_Besc_6561_sigmaR_0.216_SE_reference_AE_historical"
26,"I0__Fcap_1.80_Besc_6561_sigmaR_0.216_SE_reference_AE_historical",1.8,6561,"Medium",2044,1000,0,0.004,11285.4256282148,7903.16584801828,16287.3625876245,0.014,6974.67342236457,6859.18342389087,4500.51834305644,10063.8218218258,"I0",26,"Fcap_1.80_Besc_6561_sigmaR_0.216_SE_reference_AE_historical"
26,"I0__Fcap_1.80_Besc_6561_sigmaR_0.216_SE_reference_AE_historical",1.8,6561,"Long",2045,1000,0,0.004,11301.4717665646,7920.28172626434,16628.6716475927,0.011,6987.4760850452,6916.52419527644,4572.25139720638,10129.0745582846,"I0",26,"Fcap_1.80_Besc_6561_sigmaR_0.216_SE_reference_AE_historical"
26,"I0__Fcap_1.80_Besc_6561_sigmaR_0.216_SE_reference_AE_historical",1.8,6561,"Long",2046,1000,0,0.002,11375.1015731642,7768.73902816899,16465.0144601577,0.008,7027.94178074794,6803.05240854313,4656.36065721354,10309.4893234028,"I0",26,"Fcap_1.80_Besc_6561_sigmaR_0.216_SE_reference_AE_historical"
26,"I0__Fcap_1.80_Besc_6561_sigmaR_0.216_SE_reference_AE_historical",1.8,6561,"Long",2047,1000,0,0.001,11492.7546878093,7941.31239455143,17078.3137173362,0.011,7083.32488149397,6885.36626179432,4719.20403891242,10479.3694337692,"I0",26,"Fcap_1.80_Besc_6561_sigmaR_0.216_SE_reference_AE_historical"
26,"I0__Fcap_1.80_Besc_6561_sigmaR_0.216_SE_reference_AE_historical",1.8,6561,"Long",2048,1000,0,0.002,11472.4940353007,7793.46359416829,16824.7034921815,0.017,7015.75277906546,6937.2771487725,4448.79877475526,10329.0480771199,"I0",26,"Fcap_1.80_Besc_6561_sigmaR_0.216_SE_reference_AE_historical"
26,"I0__Fcap_1.80_Besc_6561_sigmaR_0.216_SE_reference_AE_historical",1.8,6561,"Long",2049,1000,0,0.002,11290.3790476082,7792.21690441034,16761.4376861813,0.012,6968.7907757638,6851.56172031651,4589.34934271737,10434.2246487683,"I0",26,"Fcap_1.80_Besc_6561_sigmaR_0.216_SE_reference_AE_historical"
26,"I0__Fcap_1.80_Besc_6561_sigmaR_0.216_SE_reference_AE_historical",1.8,6561,"Long",2050,1000,0,0.004,11546.7851386326,7982.85751780361,17181.0028826961,0.018,7094.22833659521,7018.58147818666,4514.29246898001,10457.3518934265,"I0",26,"Fcap_1.80_Besc_6561_sigmaR_0.216_SE_reference_AE_historical"
26,"I0__Fcap_1.80_Besc_6561_sigmaR_0.216_SE_reference_AE_historical",1.8,6561,"Long",2051,1000,0,0.001,11542.0647318854,7897.04105947761,16864.7286124306,0.006,7084.28652798907,6914.8329330975,4623.85933928509,10356.4520553343,"I0",26,"Fcap_1.80_Besc_6561_sigmaR_0.216_SE_reference_AE_historical"
26,"I0__Fcap_1.80_Besc_6561_sigmaR_0.216_SE_reference_AE_historical",1.8,6561,"Long",2052,1000,0,0.003,11458.1316846578,7929.64534718694,16912.8581212848,0.014,7049.87096136569,6861.73649912879,4699.68926236103,10300.599180696,"I0",26,"Fcap_1.80_Besc_6561_sigmaR_0.216_SE_reference_AE_historical"
26,"I0__Fcap_1.80_Besc_6561_sigmaR_0.216_SE_reference_AE_historical",1.8,6561,"Long",2053,1000,0,0.001,11360.2078633298,7897.09361290523,17033.3379289569,0.013,7018.69928807202,6868.28935594153,4661.00322170043,10329.8714185914,"I0",26,"Fcap_1.80_Besc_6561_sigmaR_0.216_SE_reference_AE_historical"
26,"I0__Fcap_1.80_Besc_6561_sigmaR_0.216_SE_reference_AE_historical",1.8,6561,"Long",2054,1000,0,0.003,11354.342739524,7848.32719099852,16791.8102156044,0.015,6978.25086196749,6819.72362601095,4527.36298670684,10167.7895253091,"I0",26,"Fcap_1.80_Besc_6561_sigmaR_0.216_SE_reference_AE_historical"
26,"I0__Fcap_1.80_Besc_6561_sigmaR_0.216_SE_reference_AE_historical",1.8,6561,"Full",2025,1000,0,0,12993.9846681142,11430.093393611,16085.4937164213,0,8214.04873829386,7839.64720050839,6393.06309854441,10959.5561637516,"I0",26,"Fcap_1.80_Besc_6561_sigmaR_0.216_SE_reference_AE_historical"
26,"I0__Fcap_1.80_Besc_6561_sigmaR_0.216_SE_reference_AE_historical",1.8,6561,"Full",2026,1000,0,0.001,11632.8206826756,8195.07771015855,17076.4087552507,0.007,7254.79967009063,7063.07177728984,4851.01496762762,10550.5710760735,"I0",26,"Fcap_1.80_Besc_6561_sigmaR_0.216_SE_reference_AE_historical"
26,"I0__Fcap_1.80_Besc_6561_sigmaR_0.216_SE_reference_AE_historical",1.8,6561,"Full",2027,1000,0,0.003,11521.2393055319,7842.61288087454,17082.8993710827,0.009,7215.25743238927,7006.20424120568,4676.64055848008,10744.7286300908,"I0",26,"Fcap_1.80_Besc_6561_sigmaR_0.216_SE_reference_AE_historical"
26,"I0__Fcap_1.80_Besc_6561_sigmaR_0.216_SE_reference_AE_historical",1.8,6561,"Full",2028,1000,0,0.002,11510.2451735321,7882.11111157014,16730.4435391509,0.01,7107.0705845711,7038.83968829256,4657.92616569662,10253.8191607589,"I0",26,"Fcap_1.80_Besc_6561_sigmaR_0.216_SE_reference_AE_historical"
26,"I0__Fcap_1.80_Besc_6561_sigmaR_0.216_SE_reference_AE_historical",1.8,6561,"Full",2029,1000,0,0.005,11267.7340309121,7709.23079711971,16647.670418094,0.018,6960.17212121029,6850.80791454899,4424.46275576878,10289.5795422635,"I0",26,"Fcap_1.80_Besc_6561_sigmaR_0.216_SE_reference_AE_historical"
26,"I0__Fcap_1.80_Besc_6561_sigmaR_0.216_SE_reference_AE_historical",1.8,6561,"Full",2030,1000,0,0.001,11331.9199270129,7793.7923408652,16940.5623478648,0.012,6928.72966556613,6739.3386577855,4533.23261317511,10359.1087743636,"I0",26,"Fcap_1.80_Besc_6561_sigmaR_0.216_SE_reference_AE_historical"
26,"I0__Fcap_1.80_Besc_6561_sigmaR_0.216_SE_reference_AE_historical",1.8,6561,"Full",2031,1000,0,0.001,11196.0781573035,7898.69286680255,16487.2193202342,0.014,6905.78544847441,6797.65172528941,4578.62154815679,9897.54756477424,"I0",26,"Fcap_1.80_Besc_6561_sigmaR_0.216_SE_reference_AE_historical"
26,"I0__Fcap_1.80_Besc_6561_sigmaR_0.216_SE_reference_AE_historical",1.8,6561,"Full",2032,1000,0,0.001,11420.6152630977,7685.22040327821,16097.2426964541,0.017,6892.89190322475,6817.14068076705,4268.03973553407,9838.14931289427,"I0",26,"Fcap_1.80_Besc_6561_sigmaR_0.216_SE_reference_AE_historical"
26,"I0__Fcap_1.80_Besc_6561_sigmaR_0.216_SE_reference_AE_historical",1.8,6561,"Full",2033,1000,0,0.002,11415.6341205771,7814.12185269356,16719.0272458779,0.014,7027.85017653482,6906.98241595329,4736.10412349269,10320.6798708665,"I0",26,"Fcap_1.80_Besc_6561_sigmaR_0.216_SE_reference_AE_historical"
26,"I0__Fcap_1.80_Besc_6561_sigmaR_0.216_SE_reference_AE_historical",1.8,6561,"Full",2034,1000,0,0.003,11465.3484886828,7978.35915621496,16679.0866253642,0.015,7058.22612843668,6922.46254501065,4723.03830638086,10212.9767340371,"I0",26,"Fcap_1.80_Besc_6561_sigmaR_0.216_SE_reference_AE_historical"
26,"I0__Fcap_1.80_Besc_6561_sigmaR_0.216_SE_reference_AE_historical",1.8,6561,"Full",2035,1000,0,0.001,11399.7556517264,7885.22483555288,16450.3379851609,0.018,6951.53333322683,6856.56735796237,4463.82321408384,10008.6544581126,"I0",26,"Fcap_1.80_Besc_6561_sigmaR_0.216_SE_reference_AE_historical"
26,"I0__Fcap_1.80_Besc_6561_sigmaR_0.216_SE_reference_AE_historical",1.8,6561,"Full",2036,1000,0,0.003,11266.5247607913,7842.41650110706,16532.8693590869,0.013,6983.7348463971,6808.07108101753,4667.96382841684,10088.8037001461,"I0",26,"Fcap_1.80_Besc_6561_sigmaR_0.216_SE_reference_AE_historical"
26,"I0__Fcap_1.80_Besc_6561_sigmaR_0.216_SE_reference_AE_historical",1.8,6561,"Full",2037,1000,0,0.003,11413.5282040217,7854.92910978424,16038.770084359,0.013,6912.82424517235,6881.80107025677,4588.86308670923,9852.18878527719,"I0",26,"Fcap_1.80_Besc_6561_sigmaR_0.216_SE_reference_AE_historical"
26,"I0__Fcap_1.80_Besc_6561_sigmaR_0.216_SE_reference_AE_historical",1.8,6561,"Full",2038,1000,0,0,11265.5525482996,7802.37049672701,16622.0428816212,0.013,6918.5449281267,6790.82693981785,4539.66205262284,10235.231639949,"I0",26,"Fcap_1.80_Besc_6561_sigmaR_0.216_SE_reference_AE_historical"
26,"I0__Fcap_1.80_Besc_6561_sigmaR_0.216_SE_reference_AE_historical",1.8,6561,"Full",2039,1000,0,0.001,11413.6152145859,7881.21355974138,16754.4254188331,0.014,6975.83341683754,6879.68880978337,4591.72543223989,10085.7771736446,"I0",26,"Fcap_1.80_Besc_6561_sigmaR_0.216_SE_reference_AE_historical"
26,"I0__Fcap_1.80_Besc_6561_sigmaR_0.216_SE_reference_AE_historical",1.8,6561,"Full",2040,1000,0,0.004,11302.2742163499,8093.51395746887,16871.2228732986,0.008,7025.69851870203,6838.77680015021,4805.64462604539,10276.0085323912,"I0",26,"Fcap_1.80_Besc_6561_sigmaR_0.216_SE_reference_AE_historical"
26,"I0__Fcap_1.80_Besc_6561_sigmaR_0.216_SE_reference_AE_historical",1.8,6561,"Full",2041,1000,0,0.003,11414.5863674639,7877.1086829189,16889.1229339665,0.016,6974.66593316952,6854.30031211829,4554.28230206494,10256.0559536427,"I0",26,"Fcap_1.80_Besc_6561_sigmaR_0.216_SE_reference_AE_historical"
26,"I0__Fcap_1.80_Besc_6561_sigmaR_0.216_SE_reference_AE_historical",1.8,6561,"Full",2042,1000,0,0.003,11485.9955737766,7855.69679229837,16751.7977996352,0.012,6985.03543045642,6851.93644511314,4530.65688247258,10319.0870582821,"I0",26,"Fcap_1.80_Besc_6561_sigmaR_0.216_SE_reference_AE_historical"
26,"I0__Fcap_1.80_Besc_6561_sigmaR_0.216_SE_reference_AE_historical",1.8,6561,"Full",2043,1000,0,0.001,11240.5467174673,8024.38087636046,16169.6822689848,0.009,6939.22200620329,6784.16030644304,4766.84167015306,9811.07569184912,"I0",26,"Fcap_1.80_Besc_6561_sigmaR_0.216_SE_reference_AE_historical"
26,"I0__Fcap_1.80_Besc_6561_sigmaR_0.216_SE_reference_AE_historical",1.8,6561,"Full",2044,1000,0,0.004,11285.4256282148,7903.16584801828,16287.3625876245,0.014,6974.67342236457,6859.18342389087,4500.51834305644,10063.8218218258,"I0",26,"Fcap_1.80_Besc_6561_sigmaR_0.216_SE_reference_AE_historical"
26,"I0__Fcap_1.80_Besc_6561_sigmaR_0.216_SE_reference_AE_historical",1.8,6561,"Full",2045,1000,0,0.004,11301.4717665646,7920.28172626434,16628.6716475927,0.011,6987.4760850452,6916.52419527644,4572.25139720638,10129.0745582846,"I0",26,"Fcap_1.80_Besc_6561_sigmaR_0.216_SE_reference_AE_historical"
26,"I0__Fcap_1.80_Besc_6561_sigmaR_0.216_SE_reference_AE_historical",1.8,6561,"Full",2046,1000,0,0.002,11375.1015731642,7768.73902816899,16465.0144601577,0.008,7027.94178074794,6803.05240854313,4656.36065721354,10309.4893234028,"I0",26,"Fcap_1.80_Besc_6561_sigmaR_0.216_SE_reference_AE_historical"
26,"I0__Fcap_1.80_Besc_6561_sigmaR_0.216_SE_reference_AE_historical",1.8,6561,"Full",2047,1000,0,0.001,11492.7546878093,7941.31239455143,17078.3137173362,0.011,7083.32488149397,6885.36626179432,4719.20403891242,10479.3694337692,"I0",26,"Fcap_1.80_Besc_6561_sigmaR_0.216_SE_reference_AE_historical"
26,"I0__Fcap_1.80_Besc_6561_sigmaR_0.216_SE_reference_AE_historical",1.8,6561,"Full",2048,1000,0,0.002,11472.4940353007,7793.46359416829,16824.7034921815,0.017,7015.75277906546,6937.2771487725,4448.79877475526,10329.0480771199,"I0",26,"Fcap_1.80_Besc_6561_sigmaR_0.216_SE_reference_AE_historical"
26,"I0__Fcap_1.80_Besc_6561_sigmaR_0.216_SE_reference_AE_historical",1.8,6561,"Full",2049,1000,0,0.002,11290.3790476082,7792.21690441034,16761.4376861813,0.012,6968.7907757638,6851.56172031651,4589.34934271737,10434.2246487683,"I0",26,"Fcap_1.80_Besc_6561_sigmaR_0.216_SE_reference_AE_historical"
26,"I0__Fcap_1.80_Besc_6561_sigmaR_0.216_SE_reference_AE_historical",1.8,6561,"Full",2050,1000,0,0.004,11546.7851386326,7982.85751780361,17181.0028826961,0.018,7094.22833659521,7018.58147818666,4514.29246898001,10457.3518934265,"I0",26,"Fcap_1.80_Besc_6561_sigmaR_0.216_SE_reference_AE_historical"
26,"I0__Fcap_1.80_Besc_6561_sigmaR_0.216_SE_reference_AE_historical",1.8,6561,"Full",2051,1000,0,0.001,11542.0647318854,7897.04105947761,16864.7286124306,0.006,7084.28652798907,6914.8329330975,4623.85933928509,10356.4520553343,"I0",26,"Fcap_1.80_Besc_6561_sigmaR_0.216_SE_reference_AE_historical"
26,"I0__Fcap_1.80_Besc_6561_sigmaR_0.216_SE_reference_AE_historical",1.8,6561,"Full",2052,1000,0,0.003,11458.1316846578,7929.64534718694,16912.8581212848,0.014,7049.87096136569,6861.73649912879,4699.68926236103,10300.599180696,"I0",26,"Fcap_1.80_Besc_6561_sigmaR_0.216_SE_reference_AE_historical"
26,"I0__Fcap_1.80_Besc_6561_sigmaR_0.216_SE_reference_AE_historical",1.8,6561,"Full",2053,1000,0,0.001,11360.2078633298,7897.09361290523,17033.3379289569,0.013,7018.69928807202,6868.28935594153,4661.00322170043,10329.8714185914,"I0",26,"Fcap_1.80_Besc_6561_sigmaR_0.216_SE_reference_AE_historical"
26,"I0__Fcap_1.80_Besc_6561_sigmaR_0.216_SE_reference_AE_historical",1.8,6561,"Full",2054,1000,0,0.003,11354.342739524,7848.32719099852,16791.8102156044,0.015,6978.25086196749,6819.72362601095,4527.36298670684,10167.7895253091,"I0",26,"Fcap_1.80_Besc_6561_sigmaR_0.216_SE_reference_AE_historical"
27,"I0__Fcap_1.80_Besc_7250_sigmaR_0.216_SE_reference_AE_historical",1.8,7250,"Short",2025,1000,0,0,12993.9846681142,11430.093393611,16085.4937164213,0,8214.04873829386,7839.64720050839,6393.06309854441,10959.5561637516,"I0",27,"Fcap_1.80_Besc_7250_sigmaR_0.216_SE_reference_AE_historical"
27,"I0__Fcap_1.80_Besc_7250_sigmaR_0.216_SE_reference_AE_historical",1.8,7250,"Short",2026,1000,0,0.001,11632.8206826756,8418.98026632851,17076.4087552507,0.029,7102.94176989631,7063.07177728984,3686.57394547565,10550.5710760735,"I0",27,"Fcap_1.80_Besc_7250_sigmaR_0.216_SE_reference_AE_historical"
27,"I0__Fcap_1.80_Besc_7250_sigmaR_0.216_SE_reference_AE_historical",1.8,7250,"Short",2027,1000,0,0.003,11626.9459398884,8238.56224749171,17132.4163108845,0.032,7081.15577783797,7069.69812808015,2342.53246655365,10771.3191918582,"I0",27,"Fcap_1.80_Besc_7250_sigmaR_0.216_SE_reference_AE_historical"
27,"I0__Fcap_1.80_Besc_7250_sigmaR_0.216_SE_reference_AE_historical",1.8,7250,"Short",2028,1000,0,0.001,11574.7241569571,8206.03280392959,16733.067931066,0.036,7009.56311410909,7118.2134604764,2707.43902850123,10340.0215432056,"I0",27,"Fcap_1.80_Besc_7250_sigmaR_0.216_SE_reference_AE_historical"
27,"I0__Fcap_1.80_Besc_7250_sigmaR_0.216_SE_reference_AE_historical",1.8,7250,"Short",2029,1000,0,0.005,11366.3799879808,8143.28564123875,16647.6673948873,0.05,6835.34370656846,6981.0410446632,88.3352328814156,10334.509611338,"I0",27,"Fcap_1.80_Besc_7250_sigmaR_0.216_SE_reference_AE_historical"
27,"I0__Fcap_1.80_Besc_7250_sigmaR_0.216_SE_reference_AE_historical",1.8,7250,"Short",2030,1000,0,0.001,11420.3584802286,8263.74286661013,16952.1229947626,0.039,6844.42508868807,6844.34132142952,2379.62160586161,10384.2860457889,"I0",27,"Fcap_1.80_Besc_7250_sigmaR_0.216_SE_reference_AE_historical"
27,"I0__Fcap_1.80_Besc_7250_sigmaR_0.216_SE_reference_AE_historical",1.8,7250,"Short",2031,1000,0,0.001,11307.8982018173,8284.9269606313,16486.3030999223,0.028,6811.33012802872,6858.41613178307,3053.4187434576,9921.55555190197,"I0",27,"Fcap_1.80_Besc_7250_sigmaR_0.216_SE_reference_AE_historical"
27,"I0__Fcap_1.80_Besc_7250_sigmaR_0.216_SE_reference_AE_historical",1.8,7250,"Short",2032,1000,0,0.001,11463.5659151753,8115.58924283353,16108.9805130148,0.046,6789.30942222114,6906.6524562647,691.331191524269,9889.26326222545,"I0",27,"Fcap_1.80_Besc_7250_sigmaR_0.216_SE_reference_AE_historical"
27,"I0__Fcap_1.80_Besc_7250_sigmaR_0.216_SE_reference_AE_historical",1.8,7250,"Short",2033,1000,0,0.001,11502.9328863057,8299.61241308694,16723.6233971263,0.039,6947.18587788331,6964.78090368688,2725.13757035798,10371.737453956,"I0",27,"Fcap_1.80_Besc_7250_sigmaR_0.216_SE_reference_AE_historical"
27,"I0__Fcap_1.80_Besc_7250_sigmaR_0.216_SE_reference_AE_historical",1.8,7250,"Short",2034,1000,0,0.003,11554.2146950638,8280.22381018653,16674.4750513865,0.035,6992.15401609077,6969.18453547852,3040.80855065442,10358.0249483539,"I0",27,"Fcap_1.80_Besc_7250_sigmaR_0.216_SE_reference_AE_historical"
27,"I0__Fcap_1.80_Besc_7250_sigmaR_0.216_SE_reference_AE_historical",1.8,7250,"Medium",2035,1000,0,0.001,11452.5982586314,8249.03772678495,16484.7301052881,0.035,6858.21267411377,6901.97935329275,2493.03109729283,10031.8043980625,"I0",27,"Fcap_1.80_Besc_7250_sigmaR_0.216_SE_reference_AE_historical"
27,"I0__Fcap_1.80_Besc_7250_sigmaR_0.216_SE_reference_AE_historical",1.8,7250,"Medium",2036,1000,0,0.002,11358.5491916774,8169.91026677008,16524.8814369672,0.031,6906.78144425138,6898.78561923708,3788.80523757351,10096.5497791294,"I0",27,"Fcap_1.80_Besc_7250_sigmaR_0.216_SE_reference_AE_historical"
27,"I0__Fcap_1.80_Besc_7250_sigmaR_0.216_SE_reference_AE_historical",1.8,7250,"Medium",2037,1000,0,0.002,11495.4195639641,8294.1441247154,16042.915174539,0.034,6823.19346052445,6938.51567014941,2799.54320781389,9881.79161552079,"I0",27,"Fcap_1.80_Besc_7250_sigmaR_0.216_SE_reference_AE_historical"
27,"I0__Fcap_1.80_Besc_7250_sigmaR_0.216_SE_reference_AE_historical",1.8,7250,"Medium",2038,1000,0,0,11316.9888494594,8191.28872023544,16619.6596159443,0.039,6813.41289194925,6871.34308355931,2029.46502840402,10314.0748565693,"I0",27,"Fcap_1.80_Besc_7250_sigmaR_0.216_SE_reference_AE_historical"
27,"I0__Fcap_1.80_Besc_7250_sigmaR_0.216_SE_reference_AE_historical",1.8,7250,"Medium",2039,1000,0,0.001,11473.1472004614,8302.08384821248,16762.3934494982,0.033,6904.06010839086,6940.93409913063,3101.12465583552,10131.3313911995,"I0",27,"Fcap_1.80_Besc_7250_sigmaR_0.216_SE_reference_AE_historical"
27,"I0__Fcap_1.80_Besc_7250_sigmaR_0.216_SE_reference_AE_historical",1.8,7250,"Medium",2040,1000,0,0.003,11404.1511096979,8293.36107667536,16869.1638693452,0.026,6957.91854289027,6962.17818805748,4349.64111628531,10295.5938002111,"I0",27,"Fcap_1.80_Besc_7250_sigmaR_0.216_SE_reference_AE_historical"
27,"I0__Fcap_1.80_Besc_7250_sigmaR_0.216_SE_reference_AE_historical",1.8,7250,"Medium",2041,1000,0,0.002,11490.9076609131,8187.71374671711,16883.3212869972,0.039,6875.4316263632,6920.55367982524,2094.01397657009,10313.3587113066,"I0",27,"Fcap_1.80_Besc_7250_sigmaR_0.216_SE_reference_AE_historical"
27,"I0__Fcap_1.80_Besc_7250_sigmaR_0.216_SE_reference_AE_historical",1.8,7250,"Medium",2042,1000,0,0.003,11532.6579688891,8248.03274624746,16792.6750509424,0.038,6896.62434408267,6924.73084000727,2202.09609676621,10324.2171259212,"I0",27,"Fcap_1.80_Besc_7250_sigmaR_0.216_SE_reference_AE_historical"
27,"I0__Fcap_1.80_Besc_7250_sigmaR_0.216_SE_reference_AE_historical",1.8,7250,"Medium",2043,1000,0,0.001,11290.7656746445,8303.19021758326,16265.857100834,0.023,6869.80615987672,6835.80604359831,3890.26563057171,9924.56918251798,"I0",27,"Fcap_1.80_Besc_7250_sigmaR_0.216_SE_reference_AE_historical"
27,"I0__Fcap_1.80_Besc_7250_sigmaR_0.216_SE_reference_AE_historical",1.8,7250,"Medium",2044,1000,0,0.003,11384.251221177,8254.43885730687,16487.9241335511,0.033,6897.40570761389,6887.23088211314,3320.99858803117,10182.1013532472,"I0",27,"Fcap_1.80_Besc_7250_sigmaR_0.216_SE_reference_AE_historical"
27,"I0__Fcap_1.80_Besc_7250_sigmaR_0.216_SE_reference_AE_historical",1.8,7250,"Long",2045,1000,0,0.004,11384.0669543041,8351.25833279978,16677.8367415003,0.032,6894.41533258878,6946.0135002488,3532.20895935826,10148.0031399551,"I0",27,"Fcap_1.80_Besc_7250_sigmaR_0.216_SE_reference_AE_historical"
27,"I0__Fcap_1.80_Besc_7250_sigmaR_0.216_SE_reference_AE_historical",1.8,7250,"Long",2046,1000,0,0.002,11432.7450862054,8237.70357568253,16580.8115296589,0.032,6902.76692430018,6860.37391760516,2367.49082357429,10324.2868008182,"I0",27,"Fcap_1.80_Besc_7250_sigmaR_0.216_SE_reference_AE_historical"
27,"I0__Fcap_1.80_Besc_7250_sigmaR_0.216_SE_reference_AE_historical",1.8,7250,"Long",2047,1000,0,0,11555.9369159785,8248.08489780815,17078.389350632,0.026,7057.299345772,6944.73617954776,4333.18976549649,10464.9467736236,"I0",27,"Fcap_1.80_Besc_7250_sigmaR_0.216_SE_reference_AE_historical"
27,"I0__Fcap_1.80_Besc_7250_sigmaR_0.216_SE_reference_AE_historical",1.8,7250,"Long",2048,1000,0,0.002,11513.1823943883,8184.75787873121,16836.2201777974,0.044,6908.06392089712,6970.03056492251,1326.68173159548,10352.3245527724,"I0",27,"Fcap_1.80_Besc_7250_sigmaR_0.216_SE_reference_AE_historical"
27,"I0__Fcap_1.80_Besc_7250_sigmaR_0.216_SE_reference_AE_historical",1.8,7250,"Long",2049,1000,0,0.002,11378.1139568714,8245.96363373575,16746.7269568941,0.03,6877.67775693351,6891.19999677436,3026.03963625051,10438.682001783,"I0",27,"Fcap_1.80_Besc_7250_sigmaR_0.216_SE_reference_AE_historical"
27,"I0__Fcap_1.80_Besc_7250_sigmaR_0.216_SE_reference_AE_historical",1.8,7250,"Long",2050,1000,0,0.003,11704.226224356,8234.6110082824,17218.9514689796,0.029,7053.24470092357,7090.73879021165,3255.61678590579,10496.47028861,"I0",27,"Fcap_1.80_Besc_7250_sigmaR_0.216_SE_reference_AE_historical"
27,"I0__Fcap_1.80_Besc_7250_sigmaR_0.216_SE_reference_AE_historical",1.8,7250,"Long",2051,1000,0,0.001,11626.2661995332,8257.69468170396,16873.649423157,0.026,6977.13404254204,6938.14385024322,2980.61535139396,10402.6789560362,"I0",27,"Fcap_1.80_Besc_7250_sigmaR_0.216_SE_reference_AE_historical"
27,"I0__Fcap_1.80_Besc_7250_sigmaR_0.216_SE_reference_AE_historical",1.8,7250,"Long",2052,1000,0,0.003,11602.488051513,8257.96515662158,17011.1717425169,0.03,6980.7674702838,6964.65334672125,2785.41503656077,10422.4352891997,"I0",27,"Fcap_1.80_Besc_7250_sigmaR_0.216_SE_reference_AE_historical"
27,"I0__Fcap_1.80_Besc_7250_sigmaR_0.216_SE_reference_AE_historical",1.8,7250,"Long",2053,1000,0,0,11412.8948230805,8292.56562576324,17110.2701748629,0.033,6932.32119968166,6920.21224250014,2752.93087194668,10350.211491347,"I0",27,"Fcap_1.80_Besc_7250_sigmaR_0.216_SE_reference_AE_historical"
27,"I0__Fcap_1.80_Besc_7250_sigmaR_0.216_SE_reference_AE_historical",1.8,7250,"Long",2054,1000,0,0.003,11415.9862886321,8231.89155304198,16795.8334988304,0.042,6876.43657295362,6864.72681402428,2308.63713985376,10353.751447264,"I0",27,"Fcap_1.80_Besc_7250_sigmaR_0.216_SE_reference_AE_historical"
27,"I0__Fcap_1.80_Besc_7250_sigmaR_0.216_SE_reference_AE_historical",1.8,7250,"Full",2025,1000,0,0,12993.9846681142,11430.093393611,16085.4937164213,0,8214.04873829386,7839.64720050839,6393.06309854441,10959.5561637516,"I0",27,"Fcap_1.80_Besc_7250_sigmaR_0.216_SE_reference_AE_historical"
27,"I0__Fcap_1.80_Besc_7250_sigmaR_0.216_SE_reference_AE_historical",1.8,7250,"Full",2026,1000,0,0.001,11632.8206826756,8418.98026632851,17076.4087552507,0.029,7102.94176989631,7063.07177728984,3686.57394547565,10550.5710760735,"I0",27,"Fcap_1.80_Besc_7250_sigmaR_0.216_SE_reference_AE_historical"
27,"I0__Fcap_1.80_Besc_7250_sigmaR_0.216_SE_reference_AE_historical",1.8,7250,"Full",2027,1000,0,0.003,11626.9459398884,8238.56224749171,17132.4163108845,0.032,7081.15577783797,7069.69812808015,2342.53246655365,10771.3191918582,"I0",27,"Fcap_1.80_Besc_7250_sigmaR_0.216_SE_reference_AE_historical"
27,"I0__Fcap_1.80_Besc_7250_sigmaR_0.216_SE_reference_AE_historical",1.8,7250,"Full",2028,1000,0,0.001,11574.7241569571,8206.03280392959,16733.067931066,0.036,7009.56311410909,7118.2134604764,2707.43902850123,10340.0215432056,"I0",27,"Fcap_1.80_Besc_7250_sigmaR_0.216_SE_reference_AE_historical"
27,"I0__Fcap_1.80_Besc_7250_sigmaR_0.216_SE_reference_AE_historical",1.8,7250,"Full",2029,1000,0,0.005,11366.3799879808,8143.28564123875,16647.6673948873,0.05,6835.34370656846,6981.0410446632,88.3352328814156,10334.509611338,"I0",27,"Fcap_1.80_Besc_7250_sigmaR_0.216_SE_reference_AE_historical"
27,"I0__Fcap_1.80_Besc_7250_sigmaR_0.216_SE_reference_AE_historical",1.8,7250,"Full",2030,1000,0,0.001,11420.3584802286,8263.74286661013,16952.1229947626,0.039,6844.42508868807,6844.34132142952,2379.62160586161,10384.2860457889,"I0",27,"Fcap_1.80_Besc_7250_sigmaR_0.216_SE_reference_AE_historical"
27,"I0__Fcap_1.80_Besc_7250_sigmaR_0.216_SE_reference_AE_historical",1.8,7250,"Full",2031,1000,0,0.001,11307.8982018173,8284.9269606313,16486.3030999223,0.028,6811.33012802872,6858.41613178307,3053.4187434576,9921.55555190197,"I0",27,"Fcap_1.80_Besc_7250_sigmaR_0.216_SE_reference_AE_historical"
27,"I0__Fcap_1.80_Besc_7250_sigmaR_0.216_SE_reference_AE_historical",1.8,7250,"Full",2032,1000,0,0.001,11463.5659151753,8115.58924283353,16108.9805130148,0.046,6789.30942222114,6906.6524562647,691.331191524269,9889.26326222545,"I0",27,"Fcap_1.80_Besc_7250_sigmaR_0.216_SE_reference_AE_historical"
27,"I0__Fcap_1.80_Besc_7250_sigmaR_0.216_SE_reference_AE_historical",1.8,7250,"Full",2033,1000,0,0.001,11502.9328863057,8299.61241308694,16723.6233971263,0.039,6947.18587788331,6964.78090368688,2725.13757035798,10371.737453956,"I0",27,"Fcap_1.80_Besc_7250_sigmaR_0.216_SE_reference_AE_historical"
27,"I0__Fcap_1.80_Besc_7250_sigmaR_0.216_SE_reference_AE_historical",1.8,7250,"Full",2034,1000,0,0.003,11554.2146950638,8280.22381018653,16674.4750513865,0.035,6992.15401609077,6969.18453547852,3040.80855065442,10358.0249483539,"I0",27,"Fcap_1.80_Besc_7250_sigmaR_0.216_SE_reference_AE_historical"
27,"I0__Fcap_1.80_Besc_7250_sigmaR_0.216_SE_reference_AE_historical",1.8,7250,"Full",2035,1000,0,0.001,11452.5982586314,8249.03772678495,16484.7301052881,0.035,6858.21267411377,6901.97935329275,2493.03109729283,10031.8043980625,"I0",27,"Fcap_1.80_Besc_7250_sigmaR_0.216_SE_reference_AE_historical"
27,"I0__Fcap_1.80_Besc_7250_sigmaR_0.216_SE_reference_AE_historical",1.8,7250,"Full",2036,1000,0,0.002,11358.5491916774,8169.91026677008,16524.8814369672,0.031,6906.78144425138,6898.78561923708,3788.80523757351,10096.5497791294,"I0",27,"Fcap_1.80_Besc_7250_sigmaR_0.216_SE_reference_AE_historical"
27,"I0__Fcap_1.80_Besc_7250_sigmaR_0.216_SE_reference_AE_historical",1.8,7250,"Full",2037,1000,0,0.002,11495.4195639641,8294.1441247154,16042.915174539,0.034,6823.19346052445,6938.51567014941,2799.54320781389,9881.79161552079,"I0",27,"Fcap_1.80_Besc_7250_sigmaR_0.216_SE_reference_AE_historical"
27,"I0__Fcap_1.80_Besc_7250_sigmaR_0.216_SE_reference_AE_historical",1.8,7250,"Full",2038,1000,0,0,11316.9888494594,8191.28872023544,16619.6596159443,0.039,6813.41289194925,6871.34308355931,2029.46502840402,10314.0748565693,"I0",27,"Fcap_1.80_Besc_7250_sigmaR_0.216_SE_reference_AE_historical"
27,"I0__Fcap_1.80_Besc_7250_sigmaR_0.216_SE_reference_AE_historical",1.8,7250,"Full",2039,1000,0,0.001,11473.1472004614,8302.08384821248,16762.3934494982,0.033,6904.06010839086,6940.93409913063,3101.12465583552,10131.3313911995,"I0",27,"Fcap_1.80_Besc_7250_sigmaR_0.216_SE_reference_AE_historical"
27,"I0__Fcap_1.80_Besc_7250_sigmaR_0.216_SE_reference_AE_historical",1.8,7250,"Full",2040,1000,0,0.003,11404.1511096979,8293.36107667536,16869.1638693452,0.026,6957.91854289027,6962.17818805748,4349.64111628531,10295.5938002111,"I0",27,"Fcap_1.80_Besc_7250_sigmaR_0.216_SE_reference_AE_historical"
27,"I0__Fcap_1.80_Besc_7250_sigmaR_0.216_SE_reference_AE_historical",1.8,7250,"Full",2041,1000,0,0.002,11490.9076609131,8187.71374671711,16883.3212869972,0.039,6875.4316263632,6920.55367982524,2094.01397657009,10313.3587113066,"I0",27,"Fcap_1.80_Besc_7250_sigmaR_0.216_SE_reference_AE_historical"
27,"I0__Fcap_1.80_Besc_7250_sigmaR_0.216_SE_reference_AE_historical",1.8,7250,"Full",2042,1000,0,0.003,11532.6579688891,8248.03274624746,16792.6750509424,0.038,6896.62434408267,6924.73084000727,2202.09609676621,10324.2171259212,"I0",27,"Fcap_1.80_Besc_7250_sigmaR_0.216_SE_reference_AE_historical"
27,"I0__Fcap_1.80_Besc_7250_sigmaR_0.216_SE_reference_AE_historical",1.8,7250,"Full",2043,1000,0,0.001,11290.7656746445,8303.19021758326,16265.857100834,0.023,6869.80615987672,6835.80604359831,3890.26563057171,9924.56918251798,"I0",27,"Fcap_1.80_Besc_7250_sigmaR_0.216_SE_reference_AE_historical"
27,"I0__Fcap_1.80_Besc_7250_sigmaR_0.216_SE_reference_AE_historical",1.8,7250,"Full",2044,1000,0,0.003,11384.251221177,8254.43885730687,16487.9241335511,0.033,6897.40570761389,6887.23088211314,3320.99858803117,10182.1013532472,"I0",27,"Fcap_1.80_Besc_7250_sigmaR_0.216_SE_reference_AE_historical"
27,"I0__Fcap_1.80_Besc_7250_sigmaR_0.216_SE_reference_AE_historical",1.8,7250,"Full",2045,1000,0,0.004,11384.0669543041,8351.25833279978,16677.8367415003,0.032,6894.41533258878,6946.0135002488,3532.20895935826,10148.0031399551,"I0",27,"Fcap_1.80_Besc_7250_sigmaR_0.216_SE_reference_AE_historical"
27,"I0__Fcap_1.80_Besc_7250_sigmaR_0.216_SE_reference_AE_historical",1.8,7250,"Full",2046,1000,0,0.002,11432.7450862054,8237.70357568253,16580.8115296589,0.032,6902.76692430018,6860.37391760516,2367.49082357429,10324.2868008182,"I0",27,"Fcap_1.80_Besc_7250_sigmaR_0.216_SE_reference_AE_historical"
27,"I0__Fcap_1.80_Besc_7250_sigmaR_0.216_SE_reference_AE_historical",1.8,7250,"Full",2047,1000,0,0,11555.9369159785,8248.08489780815,17078.389350632,0.026,7057.299345772,6944.73617954776,4333.18976549649,10464.9467736236,"I0",27,"Fcap_1.80_Besc_7250_sigmaR_0.216_SE_reference_AE_historical"
27,"I0__Fcap_1.80_Besc_7250_sigmaR_0.216_SE_reference_AE_historical",1.8,7250,"Full",2048,1000,0,0.002,11513.1823943883,8184.75787873121,16836.2201777974,0.044,6908.06392089712,6970.03056492251,1326.68173159548,10352.3245527724,"I0",27,"Fcap_1.80_Besc_7250_sigmaR_0.216_SE_reference_AE_historical"
27,"I0__Fcap_1.80_Besc_7250_sigmaR_0.216_SE_reference_AE_historical",1.8,7250,"Full",2049,1000,0,0.002,11378.1139568714,8245.96363373575,16746.7269568941,0.03,6877.67775693351,6891.19999677436,3026.03963625051,10438.682001783,"I0",27,"Fcap_1.80_Besc_7250_sigmaR_0.216_SE_reference_AE_historical"
27,"I0__Fcap_1.80_Besc_7250_sigmaR_0.216_SE_reference_AE_historical",1.8,7250,"Full",2050,1000,0,0.003,11704.226224356,8234.6110082824,17218.9514689796,0.029,7053.24470092357,7090.73879021165,3255.61678590579,10496.47028861,"I0",27,"Fcap_1.80_Besc_7250_sigmaR_0.216_SE_reference_AE_historical"
27,"I0__Fcap_1.80_Besc_7250_sigmaR_0.216_SE_reference_AE_historical",1.8,7250,"Full",2051,1000,0,0.001,11626.2661995332,8257.69468170396,16873.649423157,0.026,6977.13404254204,6938.14385024322,2980.61535139396,10402.6789560362,"I0",27,"Fcap_1.80_Besc_7250_sigmaR_0.216_SE_reference_AE_historical"
27,"I0__Fcap_1.80_Besc_7250_sigmaR_0.216_SE_reference_AE_historical",1.8,7250,"Full",2052,1000,0,0.003,11602.488051513,8257.96515662158,17011.1717425169,0.03,6980.7674702838,6964.65334672125,2785.41503656077,10422.4352891997,"I0",27,"Fcap_1.80_Besc_7250_sigmaR_0.216_SE_reference_AE_historical"
27,"I0__Fcap_1.80_Besc_7250_sigmaR_0.216_SE_reference_AE_historical",1.8,7250,"Full",2053,1000,0,0,11412.8948230805,8292.56562576324,17110.2701748629,0.033,6932.32119968166,6920.21224250014,2752.93087194668,10350.211491347,"I0",27,"Fcap_1.80_Besc_7250_sigmaR_0.216_SE_reference_AE_historical"
27,"I0__Fcap_1.80_Besc_7250_sigmaR_0.216_SE_reference_AE_historical",1.8,7250,"Full",2054,1000,0,0.003,11415.9862886321,8231.89155304198,16795.8334988304,0.042,6876.43657295362,6864.72681402428,2308.63713985376,10353.751447264,"I0",27,"Fcap_1.80_Besc_7250_sigmaR_0.216_SE_reference_AE_historical"
28,"I0__Fcap_1.80_Besc_8000_sigmaR_0.216_SE_reference_AE_historical",1.8,8000,"Short",2025,1000,0,0,12993.9846681142,11430.093393611,16085.4937164213,0,8214.04873829386,7839.64720050839,6393.06309854441,10959.5561637516,"I0",28,"Fcap_1.80_Besc_8000_sigmaR_0.216_SE_reference_AE_historical"
28,"I0__Fcap_1.80_Besc_8000_sigmaR_0.216_SE_reference_AE_historical",1.8,8000,"Short",2026,1000,0,0.001,11632.8206826756,8750.91198177222,17076.4087552507,0.073,6843.679375257,7063.07177728984,0,10550.5710760735,"I0",28,"Fcap_1.80_Besc_8000_sigmaR_0.216_SE_reference_AE_historical"
28,"I0__Fcap_1.80_Besc_8000_sigmaR_0.216_SE_reference_AE_historical",1.8,8000,"Short",2027,1000,0,0.002,11750.4981979773,8607.64866310042,17132.4163108845,0.083,6916.37413819237,7208.20301523235,0,10771.3191918582,"I0",28,"Fcap_1.80_Besc_8000_sigmaR_0.216_SE_reference_AE_historical"
28,"I0__Fcap_1.80_Besc_8000_sigmaR_0.216_SE_reference_AE_historical",1.8,8000,"Short",2028,1000,0,0,11699.0194109211,8660.57723949345,16795.1184305275,0.079,6825.569124038,7207.76640319213,0,10395.6543961094,"I0",28,"Fcap_1.80_Besc_8000_sigmaR_0.216_SE_reference_AE_historical"
28,"I0__Fcap_1.80_Besc_8000_sigmaR_0.216_SE_reference_AE_historical",1.8,8000,"Short",2029,1000,0,0.005,11496.6485754048,8509.12863787447,16696.6574847113,0.085,6698.37307508886,7092.31544683744,0,10571.7016945433,"I0",28,"Fcap_1.80_Besc_8000_sigmaR_0.216_SE_reference_AE_historical"
28,"I0__Fcap_1.80_Besc_8000_sigmaR_0.216_SE_reference_AE_historical",1.8,8000,"Short",2030,1000,0,0.001,11518.6890380401,8583.62155212728,16953.675316662,0.079,6661.66942400184,6933.23835612306,0,10467.8607467448,"I0",28,"Fcap_1.80_Besc_8000_sigmaR_0.216_SE_reference_AE_historical"
28,"I0__Fcap_1.80_Besc_8000_sigmaR_0.216_SE_reference_AE_historical",1.8,8000,"Short",2031,1000,0,0.001,11453.1610074243,8678.72412735799,16622.5064000661,0.075,6651.50741215776,6941.00613418211,0,10118.2978614698,"I0",28,"Fcap_1.80_Besc_8000_sigmaR_0.216_SE_reference_AE_historical"
28,"I0__Fcap_1.80_Besc_8000_sigmaR_0.216_SE_reference_AE_historical",1.8,8000,"Short",2032,1000,0,0.001,11669.0377419349,8413.76517745362,16533.9739486394,0.084,6627.81509978481,6997.43233109234,0,9941.06387824932,"I0",28,"Fcap_1.80_Besc_8000_sigmaR_0.216_SE_reference_AE_historical"
28,"I0__Fcap_1.80_Besc_8000_sigmaR_0.216_SE_reference_AE_historical",1.8,8000,"Short",2033,1000,0,0.001,11705.9657211091,8783.11800475085,16753.0799115396,0.066,6848.86775356408,7042.29944200048,0,10366.7046951369,"I0",28,"Fcap_1.80_Besc_8000_sigmaR_0.216_SE_reference_AE_historical"
28,"I0__Fcap_1.80_Besc_8000_sigmaR_0.216_SE_reference_AE_historical",1.8,8000,"Short",2034,1000,0,0.003,11651.6088918182,8761.50192557074,16784.0776750335,0.062,6838.05407274395,7042.30882052416,0,10361.7500051679,"I0",28,"Fcap_1.80_Besc_8000_sigmaR_0.216_SE_reference_AE_historical"
28,"I0__Fcap_1.80_Besc_8000_sigmaR_0.216_SE_reference_AE_historical",1.8,8000,"Medium",2035,1000,0,0.001,11507.8833525494,8642.23775487333,16676.5355671828,0.08,6669.54136869569,6975.12337025546,0,10245.1753527501,"I0",28,"Fcap_1.80_Besc_8000_sigmaR_0.216_SE_reference_AE_historical"
28,"I0__Fcap_1.80_Besc_8000_sigmaR_0.216_SE_reference_AE_historical",1.8,8000,"Medium",2036,1000,0,0.002,11500.3349202923,8706.09502725195,16666.8865710301,0.063,6782.20579604736,6977.67702652793,0,10237.0903959734,"I0",28,"Fcap_1.80_Besc_8000_sigmaR_0.216_SE_reference_AE_historical"
28,"I0__Fcap_1.80_Besc_8000_sigmaR_0.216_SE_reference_AE_historical",1.8,8000,"Medium",2037,1000,0,0.001,11571.3989602997,8703.46432521855,16116.2201738506,0.066,6663.45400683513,7015.17054116043,0,9964.73367645214,"I0",28,"Fcap_1.80_Besc_8000_sigmaR_0.216_SE_reference_AE_historical"
28,"I0__Fcap_1.80_Besc_8000_sigmaR_0.216_SE_reference_AE_historical",1.8,8000,"Medium",2038,1000,0,0,11438.0880812416,8663.77165253653,16654.6143716727,0.087,6587.02779783349,6957.42486796164,0,10442.548059613,"I0",28,"Fcap_1.80_Besc_8000_sigmaR_0.216_SE_reference_AE_historical"
28,"I0__Fcap_1.80_Besc_8000_sigmaR_0.216_SE_reference_AE_historical",1.8,8000,"Medium",2039,1000,0,0.001,11687.6492831902,8701.59739312933,16790.9195977574,0.064,6771.30555242086,7048.00464172031,0,10245.2620074319,"I0",28,"Fcap_1.80_Besc_8000_sigmaR_0.216_SE_reference_AE_historical"
28,"I0__Fcap_1.80_Besc_8000_sigmaR_0.216_SE_reference_AE_historical",1.8,8000,"Medium",2040,1000,0,0.002,11501.3369600274,8830.45347034838,16922.8459374668,0.061,6803.66988178133,7060.27679407695,0,10357.171059925,"I0",28,"Fcap_1.80_Besc_8000_sigmaR_0.216_SE_reference_AE_historical"
28,"I0__Fcap_1.80_Besc_8000_sigmaR_0.216_SE_reference_AE_historical",1.8,8000,"Medium",2041,1000,0,0.001,11635.8237417378,8682.64793529548,16951.9310902845,0.085,6690.54914892677,6987.57145330825,0,10419.5737788461,"I0",28,"Fcap_1.80_Besc_8000_sigmaR_0.216_SE_reference_AE_historical"
28,"I0__Fcap_1.80_Besc_8000_sigmaR_0.216_SE_reference_AE_historical",1.8,8000,"Medium",2042,1000,0,0.003,11705.0944339899,8626.62165576407,16824.9962239217,0.074,6787.02285942877,7035.27511658759,0,10344.5754706042,"I0",28,"Fcap_1.80_Besc_8000_sigmaR_0.216_SE_reference_AE_historical"
28,"I0__Fcap_1.80_Besc_8000_sigmaR_0.216_SE_reference_AE_historical",1.8,8000,"Medium",2043,1000,0,0.001,11424.8892381067,8796.15196042207,16269.3979728219,0.066,6683.91574954061,6910.11873693203,0,10036.8393026293,"I0",28,"Fcap_1.80_Besc_8000_sigmaR_0.216_SE_reference_AE_historical"
28,"I0__Fcap_1.80_Besc_8000_sigmaR_0.216_SE_reference_AE_historical",1.8,8000,"Medium",2044,1000,0,0.002,11520.3848625017,8718.4799156479,16575.0834443086,0.067,6738.18119516908,7004.3589152185,0,10313.6279392789,"I0",28,"Fcap_1.80_Besc_8000_sigmaR_0.216_SE_reference_AE_historical"
28,"I0__Fcap_1.80_Besc_8000_sigmaR_0.216_SE_reference_AE_historical",1.8,8000,"Long",2045,1000,0,0.003,11543.8167595033,8717.7924852213,16831.0183868704,0.067,6763.48354171094,7034.00915139644,0,10281.362038873,"I0",28,"Fcap_1.80_Besc_8000_sigmaR_0.216_SE_reference_AE_historical"
28,"I0__Fcap_1.80_Besc_8000_sigmaR_0.216_SE_reference_AE_historical",1.8,8000,"Long",2046,1000,0,0.003,11526.1003435395,8653.95230742929,16749.2007694092,0.07,6742.30731986529,6963.48396143789,0,10510.8758064405,"I0",28,"Fcap_1.80_Besc_8000_sigmaR_0.216_SE_reference_AE_historical"
28,"I0__Fcap_1.80_Besc_8000_sigmaR_0.216_SE_reference_AE_historical",1.8,8000,"Long",2047,1000,0,0,11656.8138021213,8852.30231354017,17189.8480075613,0.061,6887.46123000509,6996.02371655517,0,10521.1822955376,"I0",28,"Fcap_1.80_Besc_8000_sigmaR_0.216_SE_reference_AE_historical"
28,"I0__Fcap_1.80_Besc_8000_sigmaR_0.216_SE_reference_AE_historical",1.8,8000,"Long",2048,1000,0,0.001,11659.906663974,8636.65723324894,16847.8575231519,0.075,6769.77050999687,7043.79559343134,0,10383.2416478885,"I0",28,"Fcap_1.80_Besc_8000_sigmaR_0.216_SE_reference_AE_historical"
28,"I0__Fcap_1.80_Besc_8000_sigmaR_0.216_SE_reference_AE_historical",1.8,8000,"Long",2049,1000,0,0.002,11557.3207905995,8651.78929021219,16742.1344008108,0.076,6659.87836567128,7001.66958030735,0,10437.4270932625,"I0",28,"Fcap_1.80_Besc_8000_sigmaR_0.216_SE_reference_AE_historical"
28,"I0__Fcap_1.80_Besc_8000_sigmaR_0.216_SE_reference_AE_historical",1.8,8000,"Long",2050,1000,0,0.002,11806.7605326993,8736.31897414858,17466.1411266013,0.076,6892.86768397963,7213.54143398271,0,10749.5556631768,"I0",28,"Fcap_1.80_Besc_8000_sigmaR_0.216_SE_reference_AE_historical"
28,"I0__Fcap_1.80_Besc_8000_sigmaR_0.216_SE_reference_AE_historical",1.8,8000,"Long",2051,1000,0,0.001,11752.2689429447,8717.28977182108,16940.7468921963,0.069,6833.25469445474,7071.34782931885,0,10461.8949676964,"I0",28,"Fcap_1.80_Besc_8000_sigmaR_0.216_SE_reference_AE_historical"
28,"I0__Fcap_1.80_Besc_8000_sigmaR_0.216_SE_reference_AE_historical",1.8,8000,"Long",2052,1000,0,0.002,11707.8665689409,8759.04313374326,17057.8641229326,0.063,6866.32836748921,7038.72419470055,0,10457.1896027241,"I0",28,"Fcap_1.80_Besc_8000_sigmaR_0.216_SE_reference_AE_historical"
28,"I0__Fcap_1.80_Besc_8000_sigmaR_0.216_SE_reference_AE_historical",1.8,8000,"Long",2053,1000,0.001,0.001,11539.7967681177,8720.70772236594,17115.0671931424,0.067,6770.4918669021,7004.24539253907,0,10507.7976220856,"I0",28,"Fcap_1.80_Besc_8000_sigmaR_0.216_SE_reference_AE_historical"
28,"I0__Fcap_1.80_Besc_8000_sigmaR_0.216_SE_reference_AE_historical",1.8,8000,"Long",2054,1000,0,0.002,11528.4634672971,8593.88390424254,16847.7012299879,0.071,6731.07813387745,6985.08874581051,0,10374.7799958254,"I0",28,"Fcap_1.80_Besc_8000_sigmaR_0.216_SE_reference_AE_historical"
28,"I0__Fcap_1.80_Besc_8000_sigmaR_0.216_SE_reference_AE_historical",1.8,8000,"Full",2025,1000,0,0,12993.9846681142,11430.093393611,16085.4937164213,0,8214.04873829386,7839.64720050839,6393.06309854441,10959.5561637516,"I0",28,"Fcap_1.80_Besc_8000_sigmaR_0.216_SE_reference_AE_historical"
28,"I0__Fcap_1.80_Besc_8000_sigmaR_0.216_SE_reference_AE_historical",1.8,8000,"Full",2026,1000,0,0.001,11632.8206826756,8750.91198177222,17076.4087552507,0.073,6843.679375257,7063.07177728984,0,10550.5710760735,"I0",28,"Fcap_1.80_Besc_8000_sigmaR_0.216_SE_reference_AE_historical"
28,"I0__Fcap_1.80_Besc_8000_sigmaR_0.216_SE_reference_AE_historical",1.8,8000,"Full",2027,1000,0,0.002,11750.4981979773,8607.64866310042,17132.4163108845,0.083,6916.37413819237,7208.20301523235,0,10771.3191918582,"I0",28,"Fcap_1.80_Besc_8000_sigmaR_0.216_SE_reference_AE_historical"
28,"I0__Fcap_1.80_Besc_8000_sigmaR_0.216_SE_reference_AE_historical",1.8,8000,"Full",2028,1000,0,0,11699.0194109211,8660.57723949345,16795.1184305275,0.079,6825.569124038,7207.76640319213,0,10395.6543961094,"I0",28,"Fcap_1.80_Besc_8000_sigmaR_0.216_SE_reference_AE_historical"
28,"I0__Fcap_1.80_Besc_8000_sigmaR_0.216_SE_reference_AE_historical",1.8,8000,"Full",2029,1000,0,0.005,11496.6485754048,8509.12863787447,16696.6574847113,0.085,6698.37307508886,7092.31544683744,0,10571.7016945433,"I0",28,"Fcap_1.80_Besc_8000_sigmaR_0.216_SE_reference_AE_historical"
28,"I0__Fcap_1.80_Besc_8000_sigmaR_0.216_SE_reference_AE_historical",1.8,8000,"Full",2030,1000,0,0.001,11518.6890380401,8583.62155212728,16953.675316662,0.079,6661.66942400184,6933.23835612306,0,10467.8607467448,"I0",28,"Fcap_1.80_Besc_8000_sigmaR_0.216_SE_reference_AE_historical"
28,"I0__Fcap_1.80_Besc_8000_sigmaR_0.216_SE_reference_AE_historical",1.8,8000,"Full",2031,1000,0,0.001,11453.1610074243,8678.72412735799,16622.5064000661,0.075,6651.50741215776,6941.00613418211,0,10118.2978614698,"I0",28,"Fcap_1.80_Besc_8000_sigmaR_0.216_SE_reference_AE_historical"
28,"I0__Fcap_1.80_Besc_8000_sigmaR_0.216_SE_reference_AE_historical",1.8,8000,"Full",2032,1000,0,0.001,11669.0377419349,8413.76517745362,16533.9739486394,0.084,6627.81509978481,6997.43233109234,0,9941.06387824932,"I0",28,"Fcap_1.80_Besc_8000_sigmaR_0.216_SE_reference_AE_historical"
28,"I0__Fcap_1.80_Besc_8000_sigmaR_0.216_SE_reference_AE_historical",1.8,8000,"Full",2033,1000,0,0.001,11705.9657211091,8783.11800475085,16753.0799115396,0.066,6848.86775356408,7042.29944200048,0,10366.7046951369,"I0",28,"Fcap_1.80_Besc_8000_sigmaR_0.216_SE_reference_AE_historical"
28,"I0__Fcap_1.80_Besc_8000_sigmaR_0.216_SE_reference_AE_historical",1.8,8000,"Full",2034,1000,0,0.003,11651.6088918182,8761.50192557074,16784.0776750335,0.062,6838.05407274395,7042.30882052416,0,10361.7500051679,"I0",28,"Fcap_1.80_Besc_8000_sigmaR_0.216_SE_reference_AE_historical"
28,"I0__Fcap_1.80_Besc_8000_sigmaR_0.216_SE_reference_AE_historical",1.8,8000,"Full",2035,1000,0,0.001,11507.8833525494,8642.23775487333,16676.5355671828,0.08,6669.54136869569,6975.12337025546,0,10245.1753527501,"I0",28,"Fcap_1.80_Besc_8000_sigmaR_0.216_SE_reference_AE_historical"
28,"I0__Fcap_1.80_Besc_8000_sigmaR_0.216_SE_reference_AE_historical",1.8,8000,"Full",2036,1000,0,0.002,11500.3349202923,8706.09502725195,16666.8865710301,0.063,6782.20579604736,6977.67702652793,0,10237.0903959734,"I0",28,"Fcap_1.80_Besc_8000_sigmaR_0.216_SE_reference_AE_historical"
28,"I0__Fcap_1.80_Besc_8000_sigmaR_0.216_SE_reference_AE_historical",1.8,8000,"Full",2037,1000,0,0.001,11571.3989602997,8703.46432521855,16116.2201738506,0.066,6663.45400683513,7015.17054116043,0,9964.73367645214,"I0",28,"Fcap_1.80_Besc_8000_sigmaR_0.216_SE_reference_AE_historical"
28,"I0__Fcap_1.80_Besc_8000_sigmaR_0.216_SE_reference_AE_historical",1.8,8000,"Full",2038,1000,0,0,11438.0880812416,8663.77165253653,16654.6143716727,0.087,6587.02779783349,6957.42486796164,0,10442.548059613,"I0",28,"Fcap_1.80_Besc_8000_sigmaR_0.216_SE_reference_AE_historical"
28,"I0__Fcap_1.80_Besc_8000_sigmaR_0.216_SE_reference_AE_historical",1.8,8000,"Full",2039,1000,0,0.001,11687.6492831902,8701.59739312933,16790.9195977574,0.064,6771.30555242086,7048.00464172031,0,10245.2620074319,"I0",28,"Fcap_1.80_Besc_8000_sigmaR_0.216_SE_reference_AE_historical"
28,"I0__Fcap_1.80_Besc_8000_sigmaR_0.216_SE_reference_AE_historical",1.8,8000,"Full",2040,1000,0,0.002,11501.3369600274,8830.45347034838,16922.8459374668,0.061,6803.66988178133,7060.27679407695,0,10357.171059925,"I0",28,"Fcap_1.80_Besc_8000_sigmaR_0.216_SE_reference_AE_historical"
28,"I0__Fcap_1.80_Besc_8000_sigmaR_0.216_SE_reference_AE_historical",1.8,8000,"Full",2041,1000,0,0.001,11635.8237417378,8682.64793529548,16951.9310902845,0.085,6690.54914892677,6987.57145330825,0,10419.5737788461,"I0",28,"Fcap_1.80_Besc_8000_sigmaR_0.216_SE_reference_AE_historical"
28,"I0__Fcap_1.80_Besc_8000_sigmaR_0.216_SE_reference_AE_historical",1.8,8000,"Full",2042,1000,0,0.003,11705.0944339899,8626.62165576407,16824.9962239217,0.074,6787.02285942877,7035.27511658759,0,10344.5754706042,"I0",28,"Fcap_1.80_Besc_8000_sigmaR_0.216_SE_reference_AE_historical"
28,"I0__Fcap_1.80_Besc_8000_sigmaR_0.216_SE_reference_AE_historical",1.8,8000,"Full",2043,1000,0,0.001,11424.8892381067,8796.15196042207,16269.3979728219,0.066,6683.91574954061,6910.11873693203,0,10036.8393026293,"I0",28,"Fcap_1.80_Besc_8000_sigmaR_0.216_SE_reference_AE_historical"
28,"I0__Fcap_1.80_Besc_8000_sigmaR_0.216_SE_reference_AE_historical",1.8,8000,"Full",2044,1000,0,0.002,11520.3848625017,8718.4799156479,16575.0834443086,0.067,6738.18119516908,7004.3589152185,0,10313.6279392789,"I0",28,"Fcap_1.80_Besc_8000_sigmaR_0.216_SE_reference_AE_historical"
28,"I0__Fcap_1.80_Besc_8000_sigmaR_0.216_SE_reference_AE_historical",1.8,8000,"Full",2045,1000,0,0.003,11543.8167595033,8717.7924852213,16831.0183868704,0.067,6763.48354171094,7034.00915139644,0,10281.362038873,"I0",28,"Fcap_1.80_Besc_8000_sigmaR_0.216_SE_reference_AE_historical"
28,"I0__Fcap_1.80_Besc_8000_sigmaR_0.216_SE_reference_AE_historical",1.8,8000,"Full",2046,1000,0,0.003,11526.1003435395,8653.95230742929,16749.2007694092,0.07,6742.30731986529,6963.48396143789,0,10510.8758064405,"I0",28,"Fcap_1.80_Besc_8000_sigmaR_0.216_SE_reference_AE_historical"
28,"I0__Fcap_1.80_Besc_8000_sigmaR_0.216_SE_reference_AE_historical",1.8,8000,"Full",2047,1000,0,0,11656.8138021213,8852.30231354017,17189.8480075613,0.061,6887.46123000509,6996.02371655517,0,10521.1822955376,"I0",28,"Fcap_1.80_Besc_8000_sigmaR_0.216_SE_reference_AE_historical"
28,"I0__Fcap_1.80_Besc_8000_sigmaR_0.216_SE_reference_AE_historical",1.8,8000,"Full",2048,1000,0,0.001,11659.906663974,8636.65723324894,16847.8575231519,0.075,6769.77050999687,7043.79559343134,0,10383.2416478885,"I0",28,"Fcap_1.80_Besc_8000_sigmaR_0.216_SE_reference_AE_historical"
28,"I0__Fcap_1.80_Besc_8000_sigmaR_0.216_SE_reference_AE_historical",1.8,8000,"Full",2049,1000,0,0.002,11557.3207905995,8651.78929021219,16742.1344008108,0.076,6659.87836567128,7001.66958030735,0,10437.4270932625,"I0",28,"Fcap_1.80_Besc_8000_sigmaR_0.216_SE_reference_AE_historical"
28,"I0__Fcap_1.80_Besc_8000_sigmaR_0.216_SE_reference_AE_historical",1.8,8000,"Full",2050,1000,0,0.002,11806.7605326993,8736.31897414858,17466.1411266013,0.076,6892.86768397963,7213.54143398271,0,10749.5556631768,"I0",28,"Fcap_1.80_Besc_8000_sigmaR_0.216_SE_reference_AE_historical"
28,"I0__Fcap_1.80_Besc_8000_sigmaR_0.216_SE_reference_AE_historical",1.8,8000,"Full",2051,1000,0,0.001,11752.2689429447,8717.28977182108,16940.7468921963,0.069,6833.25469445474,7071.34782931885,0,10461.8949676964,"I0",28,"Fcap_1.80_Besc_8000_sigmaR_0.216_SE_reference_AE_historical"
28,"I0__Fcap_1.80_Besc_8000_sigmaR_0.216_SE_reference_AE_historical",1.8,8000,"Full",2052,1000,0,0.002,11707.8665689409,8759.04313374326,17057.8641229326,0.063,6866.32836748921,7038.72419470055,0,10457.1896027241,"I0",28,"Fcap_1.80_Besc_8000_sigmaR_0.216_SE_reference_AE_historical"
28,"I0__Fcap_1.80_Besc_8000_sigmaR_0.216_SE_reference_AE_historical",1.8,8000,"Full",2053,1000,0.001,0.001,11539.7967681177,8720.70772236594,17115.0671931424,0.067,6770.4918669021,7004.24539253907,0,10507.7976220856,"I0",28,"Fcap_1.80_Besc_8000_sigmaR_0.216_SE_reference_AE_historical"
28,"I0__Fcap_1.80_Besc_8000_sigmaR_0.216_SE_reference_AE_historical",1.8,8000,"Full",2054,1000,0,0.002,11528.4634672971,8593.88390424254,16847.7012299879,0.071,6731.07813387745,6985.08874581051,0,10374.7799958254,"I0",28,"Fcap_1.80_Besc_8000_sigmaR_0.216_SE_reference_AE_historical"
