"scenario_number","scenario_id","Fcap","Besc","horizon","year","n","P_Blim","P_Bpa","SSB_median","SSB_p05","SSB_p95","P_closed","mean_catch","median_catch","p05_catch","p95_catch","robustness_id","reference_scenario_number","reference_scenario_id"
9,"R-OM__Fcap_1.50_Besc_5000_sigmaR_0.216_SE_reference_AE_historical",1.5,5000,"Short",2025,1000,0,0,13241.7576101165,11613.5180917445,16262.1531515619,0.076,6805.01044545673,7114.21489862315,0,9924.91249573043,"R-OM",9,"Fcap_1.50_Besc_5000_sigmaR_0.216_SE_reference_AE_historical"
9,"R-OM__Fcap_1.50_Besc_5000_sigmaR_0.216_SE_reference_AE_historical",1.5,5000,"Short",2026,1000,0,0,12400.630513693,9174.83231337965,17929.940179065,0.208,5673.31234550971,6596.67215772841,0,10167.4252438449,"R-OM",9,"Fcap_1.50_Besc_5000_sigmaR_0.216_SE_reference_AE_historical"
9,"R-OM__Fcap_1.50_Besc_5000_sigmaR_0.216_SE_reference_AE_historical",1.5,5000,"Short",2027,1000,0,0,12679.6366299087,9228.4599002983,18095.4281161724,0.199,5905.53869826308,6900.09590284554,0,10443.573460382,"R-OM",9,"Fcap_1.50_Besc_5000_sigmaR_0.216_SE_reference_AE_historical"
9,"R-OM__Fcap_1.50_Besc_5000_sigmaR_0.216_SE_reference_AE_historical",1.5,5000,"Short",2028,1000,0,0,12649.6285584392,9229.71696153961,17617.8224575973,0.203,5750.53894638747,6836.48197629405,0,10137.0036501478,"R-OM",9,"Fcap_1.50_Besc_5000_sigmaR_0.216_SE_reference_AE_historical"
9,"R-OM__Fcap_1.50_Besc_5000_sigmaR_0.216_SE_reference_AE_historical",1.5,5000,"Short",2029,1000,0,0.004,12543.6256980348,9091.29974412115,17632.1354859574,0.209,5714.88851022002,6758.40548661628,0,10252.5890473633,"R-OM",9,"Fcap_1.50_Besc_5000_sigmaR_0.216_SE_reference_AE_historical"
9,"R-OM__Fcap_1.50_Besc_5000_sigmaR_0.216_SE_reference_AE_historical",1.5,5000,"Short",2030,1000,0,0.003,12435.3507364162,9142.70159393611,17720.8344012276,0.214,5609.66923619038,6538.01402303761,0,10159.2912261914,"R-OM",9,"Fcap_1.50_Besc_5000_sigmaR_0.216_SE_reference_AE_historical"
9,"R-OM__Fcap_1.50_Besc_5000_sigmaR_0.216_SE_reference_AE_historical",1.5,5000,"Short",2031,1000,0,0,12412.7990125793,9124.70370380989,17202.9267169036,0.201,5572.75470621529,6500.54268796253,0,9866.27162458781,"R-OM",9,"Fcap_1.50_Besc_5000_sigmaR_0.216_SE_reference_AE_historical"
9,"R-OM__Fcap_1.50_Besc_5000_sigmaR_0.216_SE_reference_AE_historical",1.5,5000,"Short",2032,1000,0,0.001,12587.7461741503,9025.35147578687,17532.9537896645,0.202,5742.14624925773,6638.74224688614,0,9968.57365252659,"R-OM",9,"Fcap_1.50_Besc_5000_sigmaR_0.216_SE_reference_AE_historical"
9,"R-OM__Fcap_1.50_Besc_5000_sigmaR_0.216_SE_reference_AE_historical",1.5,5000,"Short",2033,1000,0.001,0.002,12583.7216871253,9179.72716612795,17658.7176887559,0.186,5740.64692152314,6500.22745186519,0,10188.648684069,"R-OM",9,"Fcap_1.50_Besc_5000_sigmaR_0.216_SE_reference_AE_historical"
9,"R-OM__Fcap_1.50_Besc_5000_sigmaR_0.216_SE_reference_AE_historical",1.5,5000,"Short",2034,1000,0,0.004,12659.4333436264,9384.76033197653,17675.9280663457,0.187,5812.60649692176,6568.02223551322,0,10116.6111175582,"R-OM",9,"Fcap_1.50_Besc_5000_sigmaR_0.216_SE_reference_AE_historical"
9,"R-OM__Fcap_1.50_Besc_5000_sigmaR_0.216_SE_reference_AE_historical",1.5,5000,"Medium",2035,1000,0,0.002,12505.8868113186,9307.22908881693,17864.0005005985,0.208,5592.66906076253,6550.15693507871,0,9993.89760536682,"R-OM",9,"Fcap_1.50_Besc_5000_sigmaR_0.216_SE_reference_AE_historical"
9,"R-OM__Fcap_1.50_Besc_5000_sigmaR_0.216_SE_reference_AE_historical",1.5,5000,"Medium",2036,1000,0,0.001,12442.0113744878,9199.60213199338,17685.1230203389,0.191,5725.40535890358,6589.26552908803,0,9872.49281064039,"R-OM",9,"Fcap_1.50_Besc_5000_sigmaR_0.216_SE_reference_AE_historical"
9,"R-OM__Fcap_1.50_Besc_5000_sigmaR_0.216_SE_reference_AE_historical",1.5,5000,"Medium",2037,1000,0,0.001,12507.1641999974,9275.79561011153,16840.0303786466,0.201,5590.44063892512,6617.93100194243,0,9589.99263886668,"R-OM",9,"Fcap_1.50_Besc_5000_sigmaR_0.216_SE_reference_AE_historical"
9,"R-OM__Fcap_1.50_Besc_5000_sigmaR_0.216_SE_reference_AE_historical",1.5,5000,"Medium",2038,1000,0,0,12462.3758696459,9164.77373571157,17683.3219264703,0.203,5630.17972055905,6645.6721705498,0,9859.80697711909,"R-OM",9,"Fcap_1.50_Besc_5000_sigmaR_0.216_SE_reference_AE_historical"
9,"R-OM__Fcap_1.50_Besc_5000_sigmaR_0.216_SE_reference_AE_historical",1.5,5000,"Medium",2039,1000,0,0,12546.351239965,9249.51244963717,17616.6329825024,0.206,5735.14811593812,6638.48448199595,0,10020.1802611506,"R-OM",9,"Fcap_1.50_Besc_5000_sigmaR_0.216_SE_reference_AE_historical"
9,"R-OM__Fcap_1.50_Besc_5000_sigmaR_0.216_SE_reference_AE_historical",1.5,5000,"Medium",2040,1000,0,0,12437.0284356482,9445.86556289866,17902.0269172438,0.192,5703.38544318382,6656.29764597703,0,9981.70535408572,"R-OM",9,"Fcap_1.50_Besc_5000_sigmaR_0.216_SE_reference_AE_historical"
9,"R-OM__Fcap_1.50_Besc_5000_sigmaR_0.216_SE_reference_AE_historical",1.5,5000,"Medium",2041,1000,0,0.001,12585.839388309,9225.40555164948,17894.060943019,0.201,5761.21382298573,6646.94385563477,0,10002.9367154364,"R-OM",9,"Fcap_1.50_Besc_5000_sigmaR_0.216_SE_reference_AE_historical"
9,"R-OM__Fcap_1.50_Besc_5000_sigmaR_0.216_SE_reference_AE_historical",1.5,5000,"Medium",2042,1000,0,0.002,12568.4916002314,9148.21580582499,17693.5640466765,0.209,5676.47087648681,6677.24899920047,0,10118.8853216726,"R-OM",9,"Fcap_1.50_Besc_5000_sigmaR_0.216_SE_reference_AE_historical"
9,"R-OM__Fcap_1.50_Besc_5000_sigmaR_0.216_SE_reference_AE_historical",1.5,5000,"Medium",2043,1000,0,0.002,12369.5750864593,9209.16210455285,17197.773476622,0.204,5586.78832831086,6556.32617818419,0,9790.75159643449,"R-OM",9,"Fcap_1.50_Besc_5000_sigmaR_0.216_SE_reference_AE_historical"
9,"R-OM__Fcap_1.50_Besc_5000_sigmaR_0.216_SE_reference_AE_historical",1.5,5000,"Medium",2044,1000,0,0.001,12530.7396119478,9359.8938650657,17488.9654394223,0.189,5745.38287074754,6592.44745630779,0,10011.7932003965,"R-OM",9,"Fcap_1.50_Besc_5000_sigmaR_0.216_SE_reference_AE_historical"
9,"R-OM__Fcap_1.50_Besc_5000_sigmaR_0.216_SE_reference_AE_historical",1.5,5000,"Long",2045,1000,0,0.001,12543.1305551399,9189.30956628069,17816.478831781,0.211,5652.63980171677,6588.94327424215,0,9937.6457630355,"R-OM",9,"Fcap_1.50_Besc_5000_sigmaR_0.216_SE_reference_AE_historical"
9,"R-OM__Fcap_1.50_Besc_5000_sigmaR_0.216_SE_reference_AE_historical",1.5,5000,"Long",2046,1000,0,0.001,12556.9427745359,9253.22925801276,17764.0264792573,0.197,5743.54627026107,6491.80968259475,0,10151.4699878546,"R-OM",9,"Fcap_1.50_Besc_5000_sigmaR_0.216_SE_reference_AE_historical"
9,"R-OM__Fcap_1.50_Besc_5000_sigmaR_0.216_SE_reference_AE_historical",1.5,5000,"Long",2047,1000,0,0.001,12658.6033819322,9373.06035546356,18225.8585621994,0.181,5902.51237826274,6713.1893016912,0,10245.4658499216,"R-OM",9,"Fcap_1.50_Besc_5000_sigmaR_0.216_SE_reference_AE_historical"
9,"R-OM__Fcap_1.50_Besc_5000_sigmaR_0.216_SE_reference_AE_historical",1.5,5000,"Long",2048,1000,0,0.001,12626.3147086694,8947.29599221218,17932.2642911468,0.208,5655.32019530785,6628.32702015206,0,9985.29634067161,"R-OM",9,"Fcap_1.50_Besc_5000_sigmaR_0.216_SE_reference_AE_historical"
9,"R-OM__Fcap_1.50_Besc_5000_sigmaR_0.216_SE_reference_AE_historical",1.5,5000,"Long",2049,1000,0,0.001,12447.9171589689,9248.64704357664,17917.8276279332,0.208,5655.76277917386,6568.25450998188,0,10183.8728680266,"R-OM",9,"Fcap_1.50_Besc_5000_sigmaR_0.216_SE_reference_AE_historical"
9,"R-OM__Fcap_1.50_Besc_5000_sigmaR_0.216_SE_reference_AE_historical",1.5,5000,"Long",2050,1000,0,0.002,12741.8255267966,9151.42804275059,18338.8499488077,0.191,5925.33136929793,6759.08312028735,0,10214.1914834295,"R-OM",9,"Fcap_1.50_Besc_5000_sigmaR_0.216_SE_reference_AE_historical"
9,"R-OM__Fcap_1.50_Besc_5000_sigmaR_0.216_SE_reference_AE_historical",1.5,5000,"Long",2051,1000,0,0.001,12493.0100944213,9165.08479141183,17966.8452910863,0.199,5784.07493803503,6628.95937284355,0,10211.9689774937,"R-OM",9,"Fcap_1.50_Besc_5000_sigmaR_0.216_SE_reference_AE_historical"
9,"R-OM__Fcap_1.50_Besc_5000_sigmaR_0.216_SE_reference_AE_historical",1.5,5000,"Long",2052,1000,0,0,12605.8615245225,9313.95514854549,17986.8979830197,0.196,5725.90517080195,6672.09061851967,0,10113.3678508016,"R-OM",9,"Fcap_1.50_Besc_5000_sigmaR_0.216_SE_reference_AE_historical"
9,"R-OM__Fcap_1.50_Besc_5000_sigmaR_0.216_SE_reference_AE_historical",1.5,5000,"Long",2053,1000,0,0.003,12489.9309299508,9376.69565746663,18202.663751895,0.186,5797.34573325794,6593.18353743684,0,10147.7794855407,"R-OM",9,"Fcap_1.50_Besc_5000_sigmaR_0.216_SE_reference_AE_historical"
9,"R-OM__Fcap_1.50_Besc_5000_sigmaR_0.216_SE_reference_AE_historical",1.5,5000,"Long",2054,1000,0.001,0.002,12476.9881216294,9117.81660580713,17808.95382641,0.205,5662.31122121711,6596.33231558327,0,9892.44499572855,"R-OM",9,"Fcap_1.50_Besc_5000_sigmaR_0.216_SE_reference_AE_historical"
9,"R-OM__Fcap_1.50_Besc_5000_sigmaR_0.216_SE_reference_AE_historical",1.5,5000,"Full",2025,1000,0,0,13241.7576101165,11613.5180917445,16262.1531515619,0.076,6805.01044545673,7114.21489862315,0,9924.91249573043,"R-OM",9,"Fcap_1.50_Besc_5000_sigmaR_0.216_SE_reference_AE_historical"
9,"R-OM__Fcap_1.50_Besc_5000_sigmaR_0.216_SE_reference_AE_historical",1.5,5000,"Full",2026,1000,0,0,12400.630513693,9174.83231337965,17929.940179065,0.208,5673.31234550971,6596.67215772841,0,10167.4252438449,"R-OM",9,"Fcap_1.50_Besc_5000_sigmaR_0.216_SE_reference_AE_historical"
9,"R-OM__Fcap_1.50_Besc_5000_sigmaR_0.216_SE_reference_AE_historical",1.5,5000,"Full",2027,1000,0,0,12679.6366299087,9228.4599002983,18095.4281161724,0.199,5905.53869826308,6900.09590284554,0,10443.573460382,"R-OM",9,"Fcap_1.50_Besc_5000_sigmaR_0.216_SE_reference_AE_historical"
9,"R-OM__Fcap_1.50_Besc_5000_sigmaR_0.216_SE_reference_AE_historical",1.5,5000,"Full",2028,1000,0,0,12649.6285584392,9229.71696153961,17617.8224575973,0.203,5750.53894638747,6836.48197629405,0,10137.0036501478,"R-OM",9,"Fcap_1.50_Besc_5000_sigmaR_0.216_SE_reference_AE_historical"
9,"R-OM__Fcap_1.50_Besc_5000_sigmaR_0.216_SE_reference_AE_historical",1.5,5000,"Full",2029,1000,0,0.004,12543.6256980348,9091.29974412115,17632.1354859574,0.209,5714.88851022002,6758.40548661628,0,10252.5890473633,"R-OM",9,"Fcap_1.50_Besc_5000_sigmaR_0.216_SE_reference_AE_historical"
9,"R-OM__Fcap_1.50_Besc_5000_sigmaR_0.216_SE_reference_AE_historical",1.5,5000,"Full",2030,1000,0,0.003,12435.3507364162,9142.70159393611,17720.8344012276,0.214,5609.66923619038,6538.01402303761,0,10159.2912261914,"R-OM",9,"Fcap_1.50_Besc_5000_sigmaR_0.216_SE_reference_AE_historical"
9,"R-OM__Fcap_1.50_Besc_5000_sigmaR_0.216_SE_reference_AE_historical",1.5,5000,"Full",2031,1000,0,0,12412.7990125793,9124.70370380989,17202.9267169036,0.201,5572.75470621529,6500.54268796253,0,9866.27162458781,"R-OM",9,"Fcap_1.50_Besc_5000_sigmaR_0.216_SE_reference_AE_historical"
9,"R-OM__Fcap_1.50_Besc_5000_sigmaR_0.216_SE_reference_AE_historical",1.5,5000,"Full",2032,1000,0,0.001,12587.7461741503,9025.35147578687,17532.9537896645,0.202,5742.14624925773,6638.74224688614,0,9968.57365252659,"R-OM",9,"Fcap_1.50_Besc_5000_sigmaR_0.216_SE_reference_AE_historical"
9,"R-OM__Fcap_1.50_Besc_5000_sigmaR_0.216_SE_reference_AE_historical",1.5,5000,"Full",2033,1000,0.001,0.002,12583.7216871253,9179.72716612795,17658.7176887559,0.186,5740.64692152314,6500.22745186519,0,10188.648684069,"R-OM",9,"Fcap_1.50_Besc_5000_sigmaR_0.216_SE_reference_AE_historical"
9,"R-OM__Fcap_1.50_Besc_5000_sigmaR_0.216_SE_reference_AE_historical",1.5,5000,"Full",2034,1000,0,0.004,12659.4333436264,9384.76033197653,17675.9280663457,0.187,5812.60649692176,6568.02223551322,0,10116.6111175582,"R-OM",9,"Fcap_1.50_Besc_5000_sigmaR_0.216_SE_reference_AE_historical"
9,"R-OM__Fcap_1.50_Besc_5000_sigmaR_0.216_SE_reference_AE_historical",1.5,5000,"Full",2035,1000,0,0.002,12505.8868113186,9307.22908881693,17864.0005005985,0.208,5592.66906076253,6550.15693507871,0,9993.89760536682,"R-OM",9,"Fcap_1.50_Besc_5000_sigmaR_0.216_SE_reference_AE_historical"
9,"R-OM__Fcap_1.50_Besc_5000_sigmaR_0.216_SE_reference_AE_historical",1.5,5000,"Full",2036,1000,0,0.001,12442.0113744878,9199.60213199338,17685.1230203389,0.191,5725.40535890358,6589.26552908803,0,9872.49281064039,"R-OM",9,"Fcap_1.50_Besc_5000_sigmaR_0.216_SE_reference_AE_historical"
9,"R-OM__Fcap_1.50_Besc_5000_sigmaR_0.216_SE_reference_AE_historical",1.5,5000,"Full",2037,1000,0,0.001,12507.1641999974,9275.79561011153,16840.0303786466,0.201,5590.44063892512,6617.93100194243,0,9589.99263886668,"R-OM",9,"Fcap_1.50_Besc_5000_sigmaR_0.216_SE_reference_AE_historical"
9,"R-OM__Fcap_1.50_Besc_5000_sigmaR_0.216_SE_reference_AE_historical",1.5,5000,"Full",2038,1000,0,0,12462.3758696459,9164.77373571157,17683.3219264703,0.203,5630.17972055905,6645.6721705498,0,9859.80697711909,"R-OM",9,"Fcap_1.50_Besc_5000_sigmaR_0.216_SE_reference_AE_historical"
9,"R-OM__Fcap_1.50_Besc_5000_sigmaR_0.216_SE_reference_AE_historical",1.5,5000,"Full",2039,1000,0,0,12546.351239965,9249.51244963717,17616.6329825024,0.206,5735.14811593812,6638.48448199595,0,10020.1802611506,"R-OM",9,"Fcap_1.50_Besc_5000_sigmaR_0.216_SE_reference_AE_historical"
9,"R-OM__Fcap_1.50_Besc_5000_sigmaR_0.216_SE_reference_AE_historical",1.5,5000,"Full",2040,1000,0,0,12437.0284356482,9445.86556289866,17902.0269172438,0.192,5703.38544318382,6656.29764597703,0,9981.70535408572,"R-OM",9,"Fcap_1.50_Besc_5000_sigmaR_0.216_SE_reference_AE_historical"
9,"R-OM__Fcap_1.50_Besc_5000_sigmaR_0.216_SE_reference_AE_historical",1.5,5000,"Full",2041,1000,0,0.001,12585.839388309,9225.40555164948,17894.060943019,0.201,5761.21382298573,6646.94385563477,0,10002.9367154364,"R-OM",9,"Fcap_1.50_Besc_5000_sigmaR_0.216_SE_reference_AE_historical"
9,"R-OM__Fcap_1.50_Besc_5000_sigmaR_0.216_SE_reference_AE_historical",1.5,5000,"Full",2042,1000,0,0.002,12568.4916002314,9148.21580582499,17693.5640466765,0.209,5676.47087648681,6677.24899920047,0,10118.8853216726,"R-OM",9,"Fcap_1.50_Besc_5000_sigmaR_0.216_SE_reference_AE_historical"
9,"R-OM__Fcap_1.50_Besc_5000_sigmaR_0.216_SE_reference_AE_historical",1.5,5000,"Full",2043,1000,0,0.002,12369.5750864593,9209.16210455285,17197.773476622,0.204,5586.78832831086,6556.32617818419,0,9790.75159643449,"R-OM",9,"Fcap_1.50_Besc_5000_sigmaR_0.216_SE_reference_AE_historical"
9,"R-OM__Fcap_1.50_Besc_5000_sigmaR_0.216_SE_reference_AE_historical",1.5,5000,"Full",2044,1000,0,0.001,12530.7396119478,9359.8938650657,17488.9654394223,0.189,5745.38287074754,6592.44745630779,0,10011.7932003965,"R-OM",9,"Fcap_1.50_Besc_5000_sigmaR_0.216_SE_reference_AE_historical"
9,"R-OM__Fcap_1.50_Besc_5000_sigmaR_0.216_SE_reference_AE_historical",1.5,5000,"Full",2045,1000,0,0.001,12543.1305551399,9189.30956628069,17816.478831781,0.211,5652.63980171677,6588.94327424215,0,9937.6457630355,"R-OM",9,"Fcap_1.50_Besc_5000_sigmaR_0.216_SE_reference_AE_historical"
9,"R-OM__Fcap_1.50_Besc_5000_sigmaR_0.216_SE_reference_AE_historical",1.5,5000,"Full",2046,1000,0,0.001,12556.9427745359,9253.22925801276,17764.0264792573,0.197,5743.54627026107,6491.80968259475,0,10151.4699878546,"R-OM",9,"Fcap_1.50_Besc_5000_sigmaR_0.216_SE_reference_AE_historical"
9,"R-OM__Fcap_1.50_Besc_5000_sigmaR_0.216_SE_reference_AE_historical",1.5,5000,"Full",2047,1000,0,0.001,12658.6033819322,9373.06035546356,18225.8585621994,0.181,5902.51237826274,6713.1893016912,0,10245.4658499216,"R-OM",9,"Fcap_1.50_Besc_5000_sigmaR_0.216_SE_reference_AE_historical"
9,"R-OM__Fcap_1.50_Besc_5000_sigmaR_0.216_SE_reference_AE_historical",1.5,5000,"Full",2048,1000,0,0.001,12626.3147086694,8947.29599221218,17932.2642911468,0.208,5655.32019530785,6628.32702015206,0,9985.29634067161,"R-OM",9,"Fcap_1.50_Besc_5000_sigmaR_0.216_SE_reference_AE_historical"
9,"R-OM__Fcap_1.50_Besc_5000_sigmaR_0.216_SE_reference_AE_historical",1.5,5000,"Full",2049,1000,0,0.001,12447.9171589689,9248.64704357664,17917.8276279332,0.208,5655.76277917386,6568.25450998188,0,10183.8728680266,"R-OM",9,"Fcap_1.50_Besc_5000_sigmaR_0.216_SE_reference_AE_historical"
9,"R-OM__Fcap_1.50_Besc_5000_sigmaR_0.216_SE_reference_AE_historical",1.5,5000,"Full",2050,1000,0,0.002,12741.8255267966,9151.42804275059,18338.8499488077,0.191,5925.33136929793,6759.08312028735,0,10214.1914834295,"R-OM",9,"Fcap_1.50_Besc_5000_sigmaR_0.216_SE_reference_AE_historical"
9,"R-OM__Fcap_1.50_Besc_5000_sigmaR_0.216_SE_reference_AE_historical",1.5,5000,"Full",2051,1000,0,0.001,12493.0100944213,9165.08479141183,17966.8452910863,0.199,5784.07493803503,6628.95937284355,0,10211.9689774937,"R-OM",9,"Fcap_1.50_Besc_5000_sigmaR_0.216_SE_reference_AE_historical"
9,"R-OM__Fcap_1.50_Besc_5000_sigmaR_0.216_SE_reference_AE_historical",1.5,5000,"Full",2052,1000,0,0,12605.8615245225,9313.95514854549,17986.8979830197,0.196,5725.90517080195,6672.09061851967,0,10113.3678508016,"R-OM",9,"Fcap_1.50_Besc_5000_sigmaR_0.216_SE_reference_AE_historical"
9,"R-OM__Fcap_1.50_Besc_5000_sigmaR_0.216_SE_reference_AE_historical",1.5,5000,"Full",2053,1000,0,0.003,12489.9309299508,9376.69565746663,18202.663751895,0.186,5797.34573325794,6593.18353743684,0,10147.7794855407,"R-OM",9,"Fcap_1.50_Besc_5000_sigmaR_0.216_SE_reference_AE_historical"
9,"R-OM__Fcap_1.50_Besc_5000_sigmaR_0.216_SE_reference_AE_historical",1.5,5000,"Full",2054,1000,0.001,0.002,12476.9881216294,9117.81660580713,17808.95382641,0.205,5662.31122121711,6596.33231558327,0,9892.44499572855,"R-OM",9,"Fcap_1.50_Besc_5000_sigmaR_0.216_SE_reference_AE_historical"
10,"R-OM__Fcap_1.50_Besc_6561_sigmaR_0.216_SE_reference_AE_historical",1.5,6561,"Short",2025,1000,0,0,13716.1254482733,12102.5300681059,16404.2938774546,0.468,3821.93364849677,2299.71217720116,0,9890.24171415821,"R-OM",10,"Fcap_1.50_Besc_6561_sigmaR_0.216_SE_reference_AE_historical"
10,"R-OM__Fcap_1.50_Besc_6561_sigmaR_0.216_SE_reference_AE_historical",1.5,6561,"Short",2026,1000,0,0,13883.4593398846,10288.5882931671,19119.032821211,0.412,4878.29552743852,6482.17005179561,0,11100.875754915,"R-OM",10,"Fcap_1.50_Besc_6561_sigmaR_0.216_SE_reference_AE_historical"
10,"R-OM__Fcap_1.50_Besc_6561_sigmaR_0.216_SE_reference_AE_historical",1.5,6561,"Short",2027,1000,0,0.001,13655.5399622001,9787.51019859587,19075.3220242167,0.449,4445.07155530375,4008.8681576766,0,11173.9296130278,"R-OM",10,"Fcap_1.50_Besc_6561_sigmaR_0.216_SE_reference_AE_historical"
10,"R-OM__Fcap_1.50_Besc_6561_sigmaR_0.216_SE_reference_AE_historical",1.5,6561,"Short",2028,1000,0,0,13770.4987801598,10013.5843982547,18182.460853224,0.427,4837.45733344144,5721.64657343323,0,11450.2022332526,"R-OM",10,"Fcap_1.50_Besc_6561_sigmaR_0.216_SE_reference_AE_historical"
10,"R-OM__Fcap_1.50_Besc_6561_sigmaR_0.216_SE_reference_AE_historical",1.5,6561,"Short",2029,1000,0.001,0.004,13585.1283396029,9482.87365690038,18712.3734385846,0.457,4388.61783806569,3459.95147145013,0,11036.1362389646,"R-OM",10,"Fcap_1.50_Besc_6561_sigmaR_0.216_SE_reference_AE_historical"
10,"R-OM__Fcap_1.50_Besc_6561_sigmaR_0.216_SE_reference_AE_historical",1.5,6561,"Short",2030,1000,0,0.003,13521.9403344806,9752.37923760408,18955.6972049815,0.448,4661.12588043854,5169.67993983208,0,11876.9948767169,"R-OM",10,"Fcap_1.50_Besc_6561_sigmaR_0.216_SE_reference_AE_historical"
10,"R-OM__Fcap_1.50_Besc_6561_sigmaR_0.216_SE_reference_AE_historical",1.5,6561,"Short",2031,1000,0,0.004,13463.4477441834,9482.93213981632,18331.7830773306,0.477,4286.35435334543,2569.38200282887,0,11073.6276632428,"R-OM",10,"Fcap_1.50_Besc_6561_sigmaR_0.216_SE_reference_AE_historical"
10,"R-OM__Fcap_1.50_Besc_6561_sigmaR_0.216_SE_reference_AE_historical",1.5,6561,"Short",2032,1000,0,0.004,13618.6953434458,9685.23424911506,18811.8804317339,0.463,4420.78103685495,2924.69821815382,0,11145.5645647693,"R-OM",10,"Fcap_1.50_Besc_6561_sigmaR_0.216_SE_reference_AE_historical"
10,"R-OM__Fcap_1.50_Besc_6561_sigmaR_0.216_SE_reference_AE_historical",1.5,6561,"Short",2033,1000,0,0.003,13725.7231552151,9786.11314633792,18812.7372290788,0.43,4776.13929162286,5659.75057959876,0,11677.7124191384,"R-OM",10,"Fcap_1.50_Besc_6561_sigmaR_0.216_SE_reference_AE_historical"
10,"R-OM__Fcap_1.50_Besc_6561_sigmaR_0.216_SE_reference_AE_historical",1.5,6561,"Short",2034,1000,0,0.003,13619.8643911448,9760.33263326267,18688.0612641002,0.455,4713.2596971706,5540.96720040973,0,11347.5895582246,"R-OM",10,"Fcap_1.50_Besc_6561_sigmaR_0.216_SE_reference_AE_historical"
10,"R-OM__Fcap_1.50_Besc_6561_sigmaR_0.216_SE_reference_AE_historical",1.5,6561,"Medium",2035,1000,0,0.003,13444.5217649706,9705.34543955156,18654.6646025124,0.463,4422.60247892913,3283.06333958414,0,10979.4876704452,"R-OM",10,"Fcap_1.50_Besc_6561_sigmaR_0.216_SE_reference_AE_historical"
10,"R-OM__Fcap_1.50_Besc_6561_sigmaR_0.216_SE_reference_AE_historical",1.5,6561,"Medium",2036,1000,0,0.001,13565.362228857,9700.59443284779,18935.2347888212,0.46,4516.60515163124,5012.14370891256,0,10950.3664773094,"R-OM",10,"Fcap_1.50_Besc_6561_sigmaR_0.216_SE_reference_AE_historical"
10,"R-OM__Fcap_1.50_Besc_6561_sigmaR_0.216_SE_reference_AE_historical",1.5,6561,"Medium",2037,1000,0.001,0.003,13538.0348393657,9835.60867379499,18158.5723740034,0.454,4358.3546072841,4187.50000951746,0,10672.9415683411,"R-OM",10,"Fcap_1.50_Besc_6561_sigmaR_0.216_SE_reference_AE_historical"
10,"R-OM__Fcap_1.50_Besc_6561_sigmaR_0.216_SE_reference_AE_historical",1.5,6561,"Medium",2038,1000,0,0.002,13386.4445246917,9809.33593827443,18681.4202436923,0.451,4577.74666033479,5504.99407598705,0,11276.6335158328,"R-OM",10,"Fcap_1.50_Besc_6561_sigmaR_0.216_SE_reference_AE_historical"
10,"R-OM__Fcap_1.50_Besc_6561_sigmaR_0.216_SE_reference_AE_historical",1.5,6561,"Medium",2039,1000,0,0.001,13650.7700480455,9601.5052033934,18462.4246320514,0.465,4550.50764305235,5034.85334151138,0,11123.2206649808,"R-OM",10,"Fcap_1.50_Besc_6561_sigmaR_0.216_SE_reference_AE_historical"
10,"R-OM__Fcap_1.50_Besc_6561_sigmaR_0.216_SE_reference_AE_historical",1.5,6561,"Medium",2040,1000,0,0.001,13552.6800471066,9937.39796337558,18915.9202457515,0.449,4587.38723071481,5615.52247188056,0,11048.9572053435,"R-OM",10,"Fcap_1.50_Besc_6561_sigmaR_0.216_SE_reference_AE_historical"
10,"R-OM__Fcap_1.50_Besc_6561_sigmaR_0.216_SE_reference_AE_historical",1.5,6561,"Medium",2041,1000,0,0.001,13668.163742177,9463.10558760906,18615.1970280779,0.437,4703.27399735641,5704.8360540805,0,11044.1947460908,"R-OM",10,"Fcap_1.50_Besc_6561_sigmaR_0.216_SE_reference_AE_historical"
10,"R-OM__Fcap_1.50_Besc_6561_sigmaR_0.216_SE_reference_AE_historical",1.5,6561,"Medium",2042,1000,0,0.002,13545.7771801481,9654.91824484396,18511.1980167232,0.454,4482.79459353136,3990.81444159221,0,11102.4071189703,"R-OM",10,"Fcap_1.50_Besc_6561_sigmaR_0.216_SE_reference_AE_historical"
10,"R-OM__Fcap_1.50_Besc_6561_sigmaR_0.216_SE_reference_AE_historical",1.5,6561,"Medium",2043,1000,0,0,13439.9422375691,9652.35014765365,18356.851917559,0.447,4455.7930252027,5210.0424157811,0,10952.0699655763,"R-OM",10,"Fcap_1.50_Besc_6561_sigmaR_0.216_SE_reference_AE_historical"
10,"R-OM__Fcap_1.50_Besc_6561_sigmaR_0.216_SE_reference_AE_historical",1.5,6561,"Medium",2044,1000,0.001,0.002,13533.999784885,9921.1852874416,18658.4359653194,0.453,4579.73068556426,5357.31386195553,0,11298.0062265836,"R-OM",10,"Fcap_1.50_Besc_6561_sigmaR_0.216_SE_reference_AE_historical"
10,"R-OM__Fcap_1.50_Besc_6561_sigmaR_0.216_SE_reference_AE_historical",1.5,6561,"Long",2045,1000,0,0.003,13521.3365696369,9697.54014041672,18544.3228001078,0.439,4679.46412928548,5536.38595691942,0,11537.9631975918,"R-OM",10,"Fcap_1.50_Besc_6561_sigmaR_0.216_SE_reference_AE_historical"
10,"R-OM__Fcap_1.50_Besc_6561_sigmaR_0.216_SE_reference_AE_historical",1.5,6561,"Long",2046,1000,0.002,0.004,13536.8628022783,9703.97714265695,18894.4627285288,0.457,4544.10386021085,5198.36208878993,0,11348.5474502245,"R-OM",10,"Fcap_1.50_Besc_6561_sigmaR_0.216_SE_reference_AE_historical"
10,"R-OM__Fcap_1.50_Besc_6561_sigmaR_0.216_SE_reference_AE_historical",1.5,6561,"Long",2047,1000,0,0.004,13647.1247644706,10092.777667761,19045.2922250244,0.433,4696.17630516713,5648.83383772343,0,11387.5162517213,"R-OM",10,"Fcap_1.50_Besc_6561_sigmaR_0.216_SE_reference_AE_historical"
10,"R-OM__Fcap_1.50_Besc_6561_sigmaR_0.216_SE_reference_AE_historical",1.5,6561,"Long",2048,1000,0,0.003,13747.5689694513,9570.19694833198,18947.9920512074,0.436,4746.93387452396,5958.65537208627,0,11172.5233834832,"R-OM",10,"Fcap_1.50_Besc_6561_sigmaR_0.216_SE_reference_AE_historical"
10,"R-OM__Fcap_1.50_Besc_6561_sigmaR_0.216_SE_reference_AE_historical",1.5,6561,"Long",2049,1000,0,0.001,13324.8948260451,9779.56721441041,18786.1649770478,0.477,4268.11244766405,2130.08084610524,0,11226.6018348934,"R-OM",10,"Fcap_1.50_Besc_6561_sigmaR_0.216_SE_reference_AE_historical"
10,"R-OM__Fcap_1.50_Besc_6561_sigmaR_0.216_SE_reference_AE_historical",1.5,6561,"Long",2050,1000,0,0.003,13764.9905747501,9852.90863409559,19250.445781539,0.42,5032.05497245193,6535.01434076614,0,11878.1099544901,"R-OM",10,"Fcap_1.50_Besc_6561_sigmaR_0.216_SE_reference_AE_historical"
10,"R-OM__Fcap_1.50_Besc_6561_sigmaR_0.216_SE_reference_AE_historical",1.5,6561,"Long",2051,1000,0,0.006,13514.9908359249,9496.81668692465,19140.8850675961,0.448,4608.40245197292,4843.90553921516,0,11469.6102966554,"R-OM",10,"Fcap_1.50_Besc_6561_sigmaR_0.216_SE_reference_AE_historical"
10,"R-OM__Fcap_1.50_Besc_6561_sigmaR_0.216_SE_reference_AE_historical",1.5,6561,"Long",2052,1000,0,0.001,13583.6947312507,9969.16019670731,19046.406725295,0.446,4626.22924857546,5265.99440406191,0,11426.2591845112,"R-OM",10,"Fcap_1.50_Besc_6561_sigmaR_0.216_SE_reference_AE_historical"
10,"R-OM__Fcap_1.50_Besc_6561_sigmaR_0.216_SE_reference_AE_historical",1.5,6561,"Long",2053,1000,0,0.003,13534.6535157421,9659.00831510275,19008.4186115581,0.461,4574.54880728812,4059.30825909716,0,11688.9881224688,"R-OM",10,"Fcap_1.50_Besc_6561_sigmaR_0.216_SE_reference_AE_historical"
10,"R-OM__Fcap_1.50_Besc_6561_sigmaR_0.216_SE_reference_AE_historical",1.5,6561,"Long",2054,1000,0,0.001,13560.7530934835,9510.36729672981,18713.3608180866,0.452,4457.80946593531,4897.38442215565,0,10617.2141199931,"R-OM",10,"Fcap_1.50_Besc_6561_sigmaR_0.216_SE_reference_AE_historical"
10,"R-OM__Fcap_1.50_Besc_6561_sigmaR_0.216_SE_reference_AE_historical",1.5,6561,"Full",2025,1000,0,0,13716.1254482733,12102.5300681059,16404.2938774546,0.468,3821.93364849677,2299.71217720116,0,9890.24171415821,"R-OM",10,"Fcap_1.50_Besc_6561_sigmaR_0.216_SE_reference_AE_historical"
10,"R-OM__Fcap_1.50_Besc_6561_sigmaR_0.216_SE_reference_AE_historical",1.5,6561,"Full",2026,1000,0,0,13883.4593398846,10288.5882931671,19119.032821211,0.412,4878.29552743852,6482.17005179561,0,11100.875754915,"R-OM",10,"Fcap_1.50_Besc_6561_sigmaR_0.216_SE_reference_AE_historical"
10,"R-OM__Fcap_1.50_Besc_6561_sigmaR_0.216_SE_reference_AE_historical",1.5,6561,"Full",2027,1000,0,0.001,13655.5399622001,9787.51019859587,19075.3220242167,0.449,4445.07155530375,4008.8681576766,0,11173.9296130278,"R-OM",10,"Fcap_1.50_Besc_6561_sigmaR_0.216_SE_reference_AE_historical"
10,"R-OM__Fcap_1.50_Besc_6561_sigmaR_0.216_SE_reference_AE_historical",1.5,6561,"Full",2028,1000,0,0,13770.4987801598,10013.5843982547,18182.460853224,0.427,4837.45733344144,5721.64657343323,0,11450.2022332526,"R-OM",10,"Fcap_1.50_Besc_6561_sigmaR_0.216_SE_reference_AE_historical"
10,"R-OM__Fcap_1.50_Besc_6561_sigmaR_0.216_SE_reference_AE_historical",1.5,6561,"Full",2029,1000,0.001,0.004,13585.1283396029,9482.87365690038,18712.3734385846,0.457,4388.61783806569,3459.95147145013,0,11036.1362389646,"R-OM",10,"Fcap_1.50_Besc_6561_sigmaR_0.216_SE_reference_AE_historical"
10,"R-OM__Fcap_1.50_Besc_6561_sigmaR_0.216_SE_reference_AE_historical",1.5,6561,"Full",2030,1000,0,0.003,13521.9403344806,9752.37923760408,18955.6972049815,0.448,4661.12588043854,5169.67993983208,0,11876.9948767169,"R-OM",10,"Fcap_1.50_Besc_6561_sigmaR_0.216_SE_reference_AE_historical"
10,"R-OM__Fcap_1.50_Besc_6561_sigmaR_0.216_SE_reference_AE_historical",1.5,6561,"Full",2031,1000,0,0.004,13463.4477441834,9482.93213981632,18331.7830773306,0.477,4286.35435334543,2569.38200282887,0,11073.6276632428,"R-OM",10,"Fcap_1.50_Besc_6561_sigmaR_0.216_SE_reference_AE_historical"
10,"R-OM__Fcap_1.50_Besc_6561_sigmaR_0.216_SE_reference_AE_historical",1.5,6561,"Full",2032,1000,0,0.004,13618.6953434458,9685.23424911506,18811.8804317339,0.463,4420.78103685495,2924.69821815382,0,11145.5645647693,"R-OM",10,"Fcap_1.50_Besc_6561_sigmaR_0.216_SE_reference_AE_historical"
10,"R-OM__Fcap_1.50_Besc_6561_sigmaR_0.216_SE_reference_AE_historical",1.5,6561,"Full",2033,1000,0,0.003,13725.7231552151,9786.11314633792,18812.7372290788,0.43,4776.13929162286,5659.75057959876,0,11677.7124191384,"R-OM",10,"Fcap_1.50_Besc_6561_sigmaR_0.216_SE_reference_AE_historical"
10,"R-OM__Fcap_1.50_Besc_6561_sigmaR_0.216_SE_reference_AE_historical",1.5,6561,"Full",2034,1000,0,0.003,13619.8643911448,9760.33263326267,18688.0612641002,0.455,4713.2596971706,5540.96720040973,0,11347.5895582246,"R-OM",10,"Fcap_1.50_Besc_6561_sigmaR_0.216_SE_reference_AE_historical"
10,"R-OM__Fcap_1.50_Besc_6561_sigmaR_0.216_SE_reference_AE_historical",1.5,6561,"Full",2035,1000,0,0.003,13444.5217649706,9705.34543955156,18654.6646025124,0.463,4422.60247892913,3283.06333958414,0,10979.4876704452,"R-OM",10,"Fcap_1.50_Besc_6561_sigmaR_0.216_SE_reference_AE_historical"
10,"R-OM__Fcap_1.50_Besc_6561_sigmaR_0.216_SE_reference_AE_historical",1.5,6561,"Full",2036,1000,0,0.001,13565.362228857,9700.59443284779,18935.2347888212,0.46,4516.60515163124,5012.14370891256,0,10950.3664773094,"R-OM",10,"Fcap_1.50_Besc_6561_sigmaR_0.216_SE_reference_AE_historical"
10,"R-OM__Fcap_1.50_Besc_6561_sigmaR_0.216_SE_reference_AE_historical",1.5,6561,"Full",2037,1000,0.001,0.003,13538.0348393657,9835.60867379499,18158.5723740034,0.454,4358.3546072841,4187.50000951746,0,10672.9415683411,"R-OM",10,"Fcap_1.50_Besc_6561_sigmaR_0.216_SE_reference_AE_historical"
10,"R-OM__Fcap_1.50_Besc_6561_sigmaR_0.216_SE_reference_AE_historical",1.5,6561,"Full",2038,1000,0,0.002,13386.4445246917,9809.33593827443,18681.4202436923,0.451,4577.74666033479,5504.99407598705,0,11276.6335158328,"R-OM",10,"Fcap_1.50_Besc_6561_sigmaR_0.216_SE_reference_AE_historical"
10,"R-OM__Fcap_1.50_Besc_6561_sigmaR_0.216_SE_reference_AE_historical",1.5,6561,"Full",2039,1000,0,0.001,13650.7700480455,9601.5052033934,18462.4246320514,0.465,4550.50764305235,5034.85334151138,0,11123.2206649808,"R-OM",10,"Fcap_1.50_Besc_6561_sigmaR_0.216_SE_reference_AE_historical"
10,"R-OM__Fcap_1.50_Besc_6561_sigmaR_0.216_SE_reference_AE_historical",1.5,6561,"Full",2040,1000,0,0.001,13552.6800471066,9937.39796337558,18915.9202457515,0.449,4587.38723071481,5615.52247188056,0,11048.9572053435,"R-OM",10,"Fcap_1.50_Besc_6561_sigmaR_0.216_SE_reference_AE_historical"
10,"R-OM__Fcap_1.50_Besc_6561_sigmaR_0.216_SE_reference_AE_historical",1.5,6561,"Full",2041,1000,0,0.001,13668.163742177,9463.10558760906,18615.1970280779,0.437,4703.27399735641,5704.8360540805,0,11044.1947460908,"R-OM",10,"Fcap_1.50_Besc_6561_sigmaR_0.216_SE_reference_AE_historical"
10,"R-OM__Fcap_1.50_Besc_6561_sigmaR_0.216_SE_reference_AE_historical",1.5,6561,"Full",2042,1000,0,0.002,13545.7771801481,9654.91824484396,18511.1980167232,0.454,4482.79459353136,3990.81444159221,0,11102.4071189703,"R-OM",10,"Fcap_1.50_Besc_6561_sigmaR_0.216_SE_reference_AE_historical"
10,"R-OM__Fcap_1.50_Besc_6561_sigmaR_0.216_SE_reference_AE_historical",1.5,6561,"Full",2043,1000,0,0,13439.9422375691,9652.35014765365,18356.851917559,0.447,4455.7930252027,5210.0424157811,0,10952.0699655763,"R-OM",10,"Fcap_1.50_Besc_6561_sigmaR_0.216_SE_reference_AE_historical"
10,"R-OM__Fcap_1.50_Besc_6561_sigmaR_0.216_SE_reference_AE_historical",1.5,6561,"Full",2044,1000,0.001,0.002,13533.999784885,9921.1852874416,18658.4359653194,0.453,4579.73068556426,5357.31386195553,0,11298.0062265836,"R-OM",10,"Fcap_1.50_Besc_6561_sigmaR_0.216_SE_reference_AE_historical"
10,"R-OM__Fcap_1.50_Besc_6561_sigmaR_0.216_SE_reference_AE_historical",1.5,6561,"Full",2045,1000,0,0.003,13521.3365696369,9697.54014041672,18544.3228001078,0.439,4679.46412928548,5536.38595691942,0,11537.9631975918,"R-OM",10,"Fcap_1.50_Besc_6561_sigmaR_0.216_SE_reference_AE_historical"
10,"R-OM__Fcap_1.50_Besc_6561_sigmaR_0.216_SE_reference_AE_historical",1.5,6561,"Full",2046,1000,0.002,0.004,13536.8628022783,9703.97714265695,18894.4627285288,0.457,4544.10386021085,5198.36208878993,0,11348.5474502245,"R-OM",10,"Fcap_1.50_Besc_6561_sigmaR_0.216_SE_reference_AE_historical"
10,"R-OM__Fcap_1.50_Besc_6561_sigmaR_0.216_SE_reference_AE_historical",1.5,6561,"Full",2047,1000,0,0.004,13647.1247644706,10092.777667761,19045.2922250244,0.433,4696.17630516713,5648.83383772343,0,11387.5162517213,"R-OM",10,"Fcap_1.50_Besc_6561_sigmaR_0.216_SE_reference_AE_historical"
10,"R-OM__Fcap_1.50_Besc_6561_sigmaR_0.216_SE_reference_AE_historical",1.5,6561,"Full",2048,1000,0,0.003,13747.5689694513,9570.19694833198,18947.9920512074,0.436,4746.93387452396,5958.65537208627,0,11172.5233834832,"R-OM",10,"Fcap_1.50_Besc_6561_sigmaR_0.216_SE_reference_AE_historical"
10,"R-OM__Fcap_1.50_Besc_6561_sigmaR_0.216_SE_reference_AE_historical",1.5,6561,"Full",2049,1000,0,0.001,13324.8948260451,9779.56721441041,18786.1649770478,0.477,4268.11244766405,2130.08084610524,0,11226.6018348934,"R-OM",10,"Fcap_1.50_Besc_6561_sigmaR_0.216_SE_reference_AE_historical"
10,"R-OM__Fcap_1.50_Besc_6561_sigmaR_0.216_SE_reference_AE_historical",1.5,6561,"Full",2050,1000,0,0.003,13764.9905747501,9852.90863409559,19250.445781539,0.42,5032.05497245193,6535.01434076614,0,11878.1099544901,"R-OM",10,"Fcap_1.50_Besc_6561_sigmaR_0.216_SE_reference_AE_historical"
10,"R-OM__Fcap_1.50_Besc_6561_sigmaR_0.216_SE_reference_AE_historical",1.5,6561,"Full",2051,1000,0,0.006,13514.9908359249,9496.81668692465,19140.8850675961,0.448,4608.40245197292,4843.90553921516,0,11469.6102966554,"R-OM",10,"Fcap_1.50_Besc_6561_sigmaR_0.216_SE_reference_AE_historical"
10,"R-OM__Fcap_1.50_Besc_6561_sigmaR_0.216_SE_reference_AE_historical",1.5,6561,"Full",2052,1000,0,0.001,13583.6947312507,9969.16019670731,19046.406725295,0.446,4626.22924857546,5265.99440406191,0,11426.2591845112,"R-OM",10,"Fcap_1.50_Besc_6561_sigmaR_0.216_SE_reference_AE_historical"
10,"R-OM__Fcap_1.50_Besc_6561_sigmaR_0.216_SE_reference_AE_historical",1.5,6561,"Full",2053,1000,0,0.003,13534.6535157421,9659.00831510275,19008.4186115581,0.461,4574.54880728812,4059.30825909716,0,11688.9881224688,"R-OM",10,"Fcap_1.50_Besc_6561_sigmaR_0.216_SE_reference_AE_historical"
10,"R-OM__Fcap_1.50_Besc_6561_sigmaR_0.216_SE_reference_AE_historical",1.5,6561,"Full",2054,1000,0,0.001,13560.7530934835,9510.36729672981,18713.3608180866,0.452,4457.80946593531,4897.38442215565,0,10617.2141199931,"R-OM",10,"Fcap_1.50_Besc_6561_sigmaR_0.216_SE_reference_AE_historical"
11,"R-OM__Fcap_1.50_Besc_7250_sigmaR_0.216_SE_reference_AE_historical",1.5,7250,"Short",2025,1000,0,0,13931.3329085382,12135.8179097045,16832.2843978441,0.681,2365.40946151036,0,0,9844.03033462082,"R-OM",11,"Fcap_1.50_Besc_7250_sigmaR_0.216_SE_reference_AE_historical"
11,"R-OM__Fcap_1.50_Besc_7250_sigmaR_0.216_SE_reference_AE_historical",1.5,7250,"Short",2026,1000,0,0,14466.246590785,10967.6828614229,19703.7114299434,0.433,4818.46301816561,5738.0959577236,0,11358.3604115759,"R-OM",11,"Fcap_1.50_Besc_7250_sigmaR_0.216_SE_reference_AE_historical"
11,"R-OM__Fcap_1.50_Besc_7250_sigmaR_0.216_SE_reference_AE_historical",1.5,7250,"Short",2027,1000,0,0.001,14054.2490243696,9903.57418138569,19662.4747092569,0.585,3466.5811363538,0,0,11172.0068230126,"R-OM",11,"Fcap_1.50_Besc_7250_sigmaR_0.216_SE_reference_AE_historical"
11,"R-OM__Fcap_1.50_Besc_7250_sigmaR_0.216_SE_reference_AE_historical",1.5,7250,"Short",2028,1000,0,0,14293.0395253315,10556.1985512187,18805.8539187938,0.505,4526.53574981673,0,0,12671.8036580058,"R-OM",11,"Fcap_1.50_Besc_7250_sigmaR_0.216_SE_reference_AE_historical"
11,"R-OM__Fcap_1.50_Besc_7250_sigmaR_0.216_SE_reference_AE_historical",1.5,7250,"Short",2029,1000,0.002,0.005,13934.6800688372,9461.64953412211,19095.7520794694,0.574,3735.27507508558,0,0,11899.1839430494,"R-OM",11,"Fcap_1.50_Besc_7250_sigmaR_0.216_SE_reference_AE_historical"
11,"R-OM__Fcap_1.50_Besc_7250_sigmaR_0.216_SE_reference_AE_historical",1.5,7250,"Short",2030,1000,0,0.001,14097.4346896901,9958.99572415796,19375.2089326808,0.568,3971.06370744963,0,0,12326.8896584173,"R-OM",11,"Fcap_1.50_Besc_7250_sigmaR_0.216_SE_reference_AE_historical"
11,"R-OM__Fcap_1.50_Besc_7250_sigmaR_0.216_SE_reference_AE_historical",1.5,7250,"Short",2031,1000,0,0.001,13984.4069422774,9572.26341201586,18903.3018595593,0.563,3842.95897443828,0,0,12339.2094062889,"R-OM",11,"Fcap_1.50_Besc_7250_sigmaR_0.216_SE_reference_AE_historical"
11,"R-OM__Fcap_1.50_Besc_7250_sigmaR_0.216_SE_reference_AE_historical",1.5,7250,"Short",2032,1000,0,0.006,14097.7515390519,9883.26953951759,19130.2321856497,0.563,4061.63702267659,0,0,13595.3414079345,"R-OM",11,"Fcap_1.50_Besc_7250_sigmaR_0.216_SE_reference_AE_historical"
11,"R-OM__Fcap_1.50_Besc_7250_sigmaR_0.216_SE_reference_AE_historical",1.5,7250,"Short",2033,1000,0.002,0.008,14090.3799269778,9582.1168132864,19105.686680777,0.561,4190.49043830719,0,0,13928.7354275013,"R-OM",11,"Fcap_1.50_Besc_7250_sigmaR_0.216_SE_reference_AE_historical"
11,"R-OM__Fcap_1.50_Besc_7250_sigmaR_0.216_SE_reference_AE_historical",1.5,7250,"Short",2034,1000,0,0.006,14168.6339783572,9792.38882230564,19304.1458521483,0.552,4245.20880655112,0,0,13338.1978025836,"R-OM",11,"Fcap_1.50_Besc_7250_sigmaR_0.216_SE_reference_AE_historical"
11,"R-OM__Fcap_1.50_Besc_7250_sigmaR_0.216_SE_reference_AE_historical",1.5,7250,"Medium",2035,1000,0.001,0.008,13955.9540455273,9656.46782306821,19480.7963211138,0.568,3910.65511213181,0,0,11811.8804710404,"R-OM",11,"Fcap_1.50_Besc_7250_sigmaR_0.216_SE_reference_AE_historical"
11,"R-OM__Fcap_1.50_Besc_7250_sigmaR_0.216_SE_reference_AE_historical",1.5,7250,"Medium",2036,1000,0,0.003,14015.0864506105,9711.83229029673,19299.0629526908,0.55,4173.49033579328,0,0,12875.1547682049,"R-OM",11,"Fcap_1.50_Besc_7250_sigmaR_0.216_SE_reference_AE_historical"
11,"R-OM__Fcap_1.50_Besc_7250_sigmaR_0.216_SE_reference_AE_historical",1.5,7250,"Medium",2037,1000,0.001,0.004,14029.3090146387,9883.84820979737,18610.0943700227,0.586,3700.65330253179,0,0,11606.1494359249,"R-OM",11,"Fcap_1.50_Besc_7250_sigmaR_0.216_SE_reference_AE_historical"
11,"R-OM__Fcap_1.50_Besc_7250_sigmaR_0.216_SE_reference_AE_historical",1.5,7250,"Medium",2038,1000,0.001,0.002,13932.6294380443,9690.86686846253,18854.6558240453,0.544,4200.69055846339,0,0,13480.4882575129,"R-OM",11,"Fcap_1.50_Besc_7250_sigmaR_0.216_SE_reference_AE_historical"
11,"R-OM__Fcap_1.50_Besc_7250_sigmaR_0.216_SE_reference_AE_historical",1.5,7250,"Medium",2039,1000,0.001,0.004,14026.5984094621,9604.58476068611,18732.1923345216,0.554,4205.46442481302,0,0,14269.1818691093,"R-OM",11,"Fcap_1.50_Besc_7250_sigmaR_0.216_SE_reference_AE_historical"
11,"R-OM__Fcap_1.50_Besc_7250_sigmaR_0.216_SE_reference_AE_historical",1.5,7250,"Medium",2040,1000,0,0.003,13990.3081822932,9872.6188740991,19061.6400204149,0.569,3893.74902284568,0,0,12009.12751025,"R-OM",11,"Fcap_1.50_Besc_7250_sigmaR_0.216_SE_reference_AE_historical"
11,"R-OM__Fcap_1.50_Besc_7250_sigmaR_0.216_SE_reference_AE_historical",1.5,7250,"Medium",2041,1000,0,0.004,14068.8392426193,9720.39670100514,18890.9843517201,0.533,4252.75547803685,0,0,12406.6222966356,"R-OM",11,"Fcap_1.50_Besc_7250_sigmaR_0.216_SE_reference_AE_historical"
11,"R-OM__Fcap_1.50_Besc_7250_sigmaR_0.216_SE_reference_AE_historical",1.5,7250,"Medium",2042,1000,0,0.003,14062.1739485937,9419.43437354262,18980.7387254424,0.569,4006.90631154267,0,0,12835.3787121192,"R-OM",11,"Fcap_1.50_Besc_7250_sigmaR_0.216_SE_reference_AE_historical"
11,"R-OM__Fcap_1.50_Besc_7250_sigmaR_0.216_SE_reference_AE_historical",1.5,7250,"Medium",2043,1000,0,0.002,13877.1842664094,9468.08657596285,18851.0304069055,0.567,3999.82030320829,0,0,12748.7279280852,"R-OM",11,"Fcap_1.50_Besc_7250_sigmaR_0.216_SE_reference_AE_historical"
11,"R-OM__Fcap_1.50_Besc_7250_sigmaR_0.216_SE_reference_AE_historical",1.5,7250,"Medium",2044,1000,0.001,0.005,14023.5461292681,9855.25985510309,19107.3101376109,0.562,4086.7939740808,0,0,12926.4932764017,"R-OM",11,"Fcap_1.50_Besc_7250_sigmaR_0.216_SE_reference_AE_historical"
11,"R-OM__Fcap_1.50_Besc_7250_sigmaR_0.216_SE_reference_AE_historical",1.5,7250,"Long",2045,1000,0,0.005,13985.0775439024,9618.05880338763,19057.1334821656,0.552,4227.13693701341,0,0,14194.7914848372,"R-OM",11,"Fcap_1.50_Besc_7250_sigmaR_0.216_SE_reference_AE_historical"
11,"R-OM__Fcap_1.50_Besc_7250_sigmaR_0.216_SE_reference_AE_historical",1.5,7250,"Long",2046,1000,0.003,0.003,14088.5510478379,9601.80906839849,19126.3259016486,0.571,3882.62481500281,0,0,11864.1854262942,"R-OM",11,"Fcap_1.50_Besc_7250_sigmaR_0.216_SE_reference_AE_historical"
11,"R-OM__Fcap_1.50_Besc_7250_sigmaR_0.216_SE_reference_AE_historical",1.5,7250,"Long",2047,1000,0.002,0.005,14122.871143927,10285.4443014509,19553.985949993,0.53,4359.57836698081,0,0,13940.6122853881,"R-OM",11,"Fcap_1.50_Besc_7250_sigmaR_0.216_SE_reference_AE_historical"
11,"R-OM__Fcap_1.50_Besc_7250_sigmaR_0.216_SE_reference_AE_historical",1.5,7250,"Long",2048,1000,0.001,0.004,14212.6984084053,9511.54558824802,19226.3821674108,0.533,4284.52376413315,0,0,13108.0213464567,"R-OM",11,"Fcap_1.50_Besc_7250_sigmaR_0.216_SE_reference_AE_historical"
11,"R-OM__Fcap_1.50_Besc_7250_sigmaR_0.216_SE_reference_AE_historical",1.5,7250,"Long",2049,1000,0.003,0.005,13837.0041776213,9697.77406250729,19248.8505783923,0.583,3773.76280461512,0,0,12024.3833134583,"R-OM",11,"Fcap_1.50_Besc_7250_sigmaR_0.216_SE_reference_AE_historical"
11,"R-OM__Fcap_1.50_Besc_7250_sigmaR_0.216_SE_reference_AE_historical",1.5,7250,"Long",2050,1000,0,0.005,14255.8031063139,9974.99940684138,19560.5294597141,0.509,4544.12576430267,0,0,13037.9729020684,"R-OM",11,"Fcap_1.50_Besc_7250_sigmaR_0.216_SE_reference_AE_historical"
11,"R-OM__Fcap_1.50_Besc_7250_sigmaR_0.216_SE_reference_AE_historical",1.5,7250,"Long",2051,1000,0,0.007,13953.4371429058,9594.31567662525,19369.8854600642,0.546,4077.67294660504,0,0,12313.8435180281,"R-OM",11,"Fcap_1.50_Besc_7250_sigmaR_0.216_SE_reference_AE_historical"
11,"R-OM__Fcap_1.50_Besc_7250_sigmaR_0.216_SE_reference_AE_historical",1.5,7250,"Long",2052,1000,0,0.003,13974.6958409872,10060.1181649427,19454.8638241535,0.526,4352.8772483833,0,0,13399.8493277777,"R-OM",11,"Fcap_1.50_Besc_7250_sigmaR_0.216_SE_reference_AE_historical"
11,"R-OM__Fcap_1.50_Besc_7250_sigmaR_0.216_SE_reference_AE_historical",1.5,7250,"Long",2053,1000,0,0.003,14016.9322528467,9637.23947803094,19311.2594138179,0.562,4023.37683495102,0,0,12501.8974616153,"R-OM",11,"Fcap_1.50_Besc_7250_sigmaR_0.216_SE_reference_AE_historical"
11,"R-OM__Fcap_1.50_Besc_7250_sigmaR_0.216_SE_reference_AE_historical",1.5,7250,"Long",2054,1000,0.001,0.002,13994.054702291,9799.60119036205,19043.8202058054,0.549,3973.45220702863,0,0,11552.2978725553,"R-OM",11,"Fcap_1.50_Besc_7250_sigmaR_0.216_SE_reference_AE_historical"
11,"R-OM__Fcap_1.50_Besc_7250_sigmaR_0.216_SE_reference_AE_historical",1.5,7250,"Full",2025,1000,0,0,13931.3329085382,12135.8179097045,16832.2843978441,0.681,2365.40946151036,0,0,9844.03033462082,"R-OM",11,"Fcap_1.50_Besc_7250_sigmaR_0.216_SE_reference_AE_historical"
11,"R-OM__Fcap_1.50_Besc_7250_sigmaR_0.216_SE_reference_AE_historical",1.5,7250,"Full",2026,1000,0,0,14466.246590785,10967.6828614229,19703.7114299434,0.433,4818.46301816561,5738.0959577236,0,11358.3604115759,"R-OM",11,"Fcap_1.50_Besc_7250_sigmaR_0.216_SE_reference_AE_historical"
11,"R-OM__Fcap_1.50_Besc_7250_sigmaR_0.216_SE_reference_AE_historical",1.5,7250,"Full",2027,1000,0,0.001,14054.2490243696,9903.57418138569,19662.4747092569,0.585,3466.5811363538,0,0,11172.0068230126,"R-OM",11,"Fcap_1.50_Besc_7250_sigmaR_0.216_SE_reference_AE_historical"
11,"R-OM__Fcap_1.50_Besc_7250_sigmaR_0.216_SE_reference_AE_historical",1.5,7250,"Full",2028,1000,0,0,14293.0395253315,10556.1985512187,18805.8539187938,0.505,4526.53574981673,0,0,12671.8036580058,"R-OM",11,"Fcap_1.50_Besc_7250_sigmaR_0.216_SE_reference_AE_historical"
11,"R-OM__Fcap_1.50_Besc_7250_sigmaR_0.216_SE_reference_AE_historical",1.5,7250,"Full",2029,1000,0.002,0.005,13934.6800688372,9461.64953412211,19095.7520794694,0.574,3735.27507508558,0,0,11899.1839430494,"R-OM",11,"Fcap_1.50_Besc_7250_sigmaR_0.216_SE_reference_AE_historical"
11,"R-OM__Fcap_1.50_Besc_7250_sigmaR_0.216_SE_reference_AE_historical",1.5,7250,"Full",2030,1000,0,0.001,14097.4346896901,9958.99572415796,19375.2089326808,0.568,3971.06370744963,0,0,12326.8896584173,"R-OM",11,"Fcap_1.50_Besc_7250_sigmaR_0.216_SE_reference_AE_historical"
11,"R-OM__Fcap_1.50_Besc_7250_sigmaR_0.216_SE_reference_AE_historical",1.5,7250,"Full",2031,1000,0,0.001,13984.4069422774,9572.26341201586,18903.3018595593,0.563,3842.95897443828,0,0,12339.2094062889,"R-OM",11,"Fcap_1.50_Besc_7250_sigmaR_0.216_SE_reference_AE_historical"
11,"R-OM__Fcap_1.50_Besc_7250_sigmaR_0.216_SE_reference_AE_historical",1.5,7250,"Full",2032,1000,0,0.006,14097.7515390519,9883.26953951759,19130.2321856497,0.563,4061.63702267659,0,0,13595.3414079345,"R-OM",11,"Fcap_1.50_Besc_7250_sigmaR_0.216_SE_reference_AE_historical"
11,"R-OM__Fcap_1.50_Besc_7250_sigmaR_0.216_SE_reference_AE_historical",1.5,7250,"Full",2033,1000,0.002,0.008,14090.3799269778,9582.1168132864,19105.686680777,0.561,4190.49043830719,0,0,13928.7354275013,"R-OM",11,"Fcap_1.50_Besc_7250_sigmaR_0.216_SE_reference_AE_historical"
11,"R-OM__Fcap_1.50_Besc_7250_sigmaR_0.216_SE_reference_AE_historical",1.5,7250,"Full",2034,1000,0,0.006,14168.6339783572,9792.38882230564,19304.1458521483,0.552,4245.20880655112,0,0,13338.1978025836,"R-OM",11,"Fcap_1.50_Besc_7250_sigmaR_0.216_SE_reference_AE_historical"
11,"R-OM__Fcap_1.50_Besc_7250_sigmaR_0.216_SE_reference_AE_historical",1.5,7250,"Full",2035,1000,0.001,0.008,13955.9540455273,9656.46782306821,19480.7963211138,0.568,3910.65511213181,0,0,11811.8804710404,"R-OM",11,"Fcap_1.50_Besc_7250_sigmaR_0.216_SE_reference_AE_historical"
11,"R-OM__Fcap_1.50_Besc_7250_sigmaR_0.216_SE_reference_AE_historical",1.5,7250,"Full",2036,1000,0,0.003,14015.0864506105,9711.83229029673,19299.0629526908,0.55,4173.49033579328,0,0,12875.1547682049,"R-OM",11,"Fcap_1.50_Besc_7250_sigmaR_0.216_SE_reference_AE_historical"
11,"R-OM__Fcap_1.50_Besc_7250_sigmaR_0.216_SE_reference_AE_historical",1.5,7250,"Full",2037,1000,0.001,0.004,14029.3090146387,9883.84820979737,18610.0943700227,0.586,3700.65330253179,0,0,11606.1494359249,"R-OM",11,"Fcap_1.50_Besc_7250_sigmaR_0.216_SE_reference_AE_historical"
11,"R-OM__Fcap_1.50_Besc_7250_sigmaR_0.216_SE_reference_AE_historical",1.5,7250,"Full",2038,1000,0.001,0.002,13932.6294380443,9690.86686846253,18854.6558240453,0.544,4200.69055846339,0,0,13480.4882575129,"R-OM",11,"Fcap_1.50_Besc_7250_sigmaR_0.216_SE_reference_AE_historical"
11,"R-OM__Fcap_1.50_Besc_7250_sigmaR_0.216_SE_reference_AE_historical",1.5,7250,"Full",2039,1000,0.001,0.004,14026.5984094621,9604.58476068611,18732.1923345216,0.554,4205.46442481302,0,0,14269.1818691093,"R-OM",11,"Fcap_1.50_Besc_7250_sigmaR_0.216_SE_reference_AE_historical"
11,"R-OM__Fcap_1.50_Besc_7250_sigmaR_0.216_SE_reference_AE_historical",1.5,7250,"Full",2040,1000,0,0.003,13990.3081822932,9872.6188740991,19061.6400204149,0.569,3893.74902284568,0,0,12009.12751025,"R-OM",11,"Fcap_1.50_Besc_7250_sigmaR_0.216_SE_reference_AE_historical"
11,"R-OM__Fcap_1.50_Besc_7250_sigmaR_0.216_SE_reference_AE_historical",1.5,7250,"Full",2041,1000,0,0.004,14068.8392426193,9720.39670100514,18890.9843517201,0.533,4252.75547803685,0,0,12406.6222966356,"R-OM",11,"Fcap_1.50_Besc_7250_sigmaR_0.216_SE_reference_AE_historical"
11,"R-OM__Fcap_1.50_Besc_7250_sigmaR_0.216_SE_reference_AE_historical",1.5,7250,"Full",2042,1000,0,0.003,14062.1739485937,9419.43437354262,18980.7387254424,0.569,4006.90631154267,0,0,12835.3787121192,"R-OM",11,"Fcap_1.50_Besc_7250_sigmaR_0.216_SE_reference_AE_historical"
11,"R-OM__Fcap_1.50_Besc_7250_sigmaR_0.216_SE_reference_AE_historical",1.5,7250,"Full",2043,1000,0,0.002,13877.1842664094,9468.08657596285,18851.0304069055,0.567,3999.82030320829,0,0,12748.7279280852,"R-OM",11,"Fcap_1.50_Besc_7250_sigmaR_0.216_SE_reference_AE_historical"
11,"R-OM__Fcap_1.50_Besc_7250_sigmaR_0.216_SE_reference_AE_historical",1.5,7250,"Full",2044,1000,0.001,0.005,14023.5461292681,9855.25985510309,19107.3101376109,0.562,4086.7939740808,0,0,12926.4932764017,"R-OM",11,"Fcap_1.50_Besc_7250_sigmaR_0.216_SE_reference_AE_historical"
11,"R-OM__Fcap_1.50_Besc_7250_sigmaR_0.216_SE_reference_AE_historical",1.5,7250,"Full",2045,1000,0,0.005,13985.0775439024,9618.05880338763,19057.1334821656,0.552,4227.13693701341,0,0,14194.7914848372,"R-OM",11,"Fcap_1.50_Besc_7250_sigmaR_0.216_SE_reference_AE_historical"
11,"R-OM__Fcap_1.50_Besc_7250_sigmaR_0.216_SE_reference_AE_historical",1.5,7250,"Full",2046,1000,0.003,0.003,14088.5510478379,9601.80906839849,19126.3259016486,0.571,3882.62481500281,0,0,11864.1854262942,"R-OM",11,"Fcap_1.50_Besc_7250_sigmaR_0.216_SE_reference_AE_historical"
11,"R-OM__Fcap_1.50_Besc_7250_sigmaR_0.216_SE_reference_AE_historical",1.5,7250,"Full",2047,1000,0.002,0.005,14122.871143927,10285.4443014509,19553.985949993,0.53,4359.57836698081,0,0,13940.6122853881,"R-OM",11,"Fcap_1.50_Besc_7250_sigmaR_0.216_SE_reference_AE_historical"
11,"R-OM__Fcap_1.50_Besc_7250_sigmaR_0.216_SE_reference_AE_historical",1.5,7250,"Full",2048,1000,0.001,0.004,14212.6984084053,9511.54558824802,19226.3821674108,0.533,4284.52376413315,0,0,13108.0213464567,"R-OM",11,"Fcap_1.50_Besc_7250_sigmaR_0.216_SE_reference_AE_historical"
11,"R-OM__Fcap_1.50_Besc_7250_sigmaR_0.216_SE_reference_AE_historical",1.5,7250,"Full",2049,1000,0.003,0.005,13837.0041776213,9697.77406250729,19248.8505783923,0.583,3773.76280461512,0,0,12024.3833134583,"R-OM",11,"Fcap_1.50_Besc_7250_sigmaR_0.216_SE_reference_AE_historical"
11,"R-OM__Fcap_1.50_Besc_7250_sigmaR_0.216_SE_reference_AE_historical",1.5,7250,"Full",2050,1000,0,0.005,14255.8031063139,9974.99940684138,19560.5294597141,0.509,4544.12576430267,0,0,13037.9729020684,"R-OM",11,"Fcap_1.50_Besc_7250_sigmaR_0.216_SE_reference_AE_historical"
11,"R-OM__Fcap_1.50_Besc_7250_sigmaR_0.216_SE_reference_AE_historical",1.5,7250,"Full",2051,1000,0,0.007,13953.4371429058,9594.31567662525,19369.8854600642,0.546,4077.67294660504,0,0,12313.8435180281,"R-OM",11,"Fcap_1.50_Besc_7250_sigmaR_0.216_SE_reference_AE_historical"
11,"R-OM__Fcap_1.50_Besc_7250_sigmaR_0.216_SE_reference_AE_historical",1.5,7250,"Full",2052,1000,0,0.003,13974.6958409872,10060.1181649427,19454.8638241535,0.526,4352.8772483833,0,0,13399.8493277777,"R-OM",11,"Fcap_1.50_Besc_7250_sigmaR_0.216_SE_reference_AE_historical"
11,"R-OM__Fcap_1.50_Besc_7250_sigmaR_0.216_SE_reference_AE_historical",1.5,7250,"Full",2053,1000,0,0.003,14016.9322528467,9637.23947803094,19311.2594138179,0.562,4023.37683495102,0,0,12501.8974616153,"R-OM",11,"Fcap_1.50_Besc_7250_sigmaR_0.216_SE_reference_AE_historical"
11,"R-OM__Fcap_1.50_Besc_7250_sigmaR_0.216_SE_reference_AE_historical",1.5,7250,"Full",2054,1000,0.001,0.002,13994.054702291,9799.60119036205,19043.8202058054,0.549,3973.45220702863,0,0,11552.2978725553,"R-OM",11,"Fcap_1.50_Besc_7250_sigmaR_0.216_SE_reference_AE_historical"
12,"R-OM__Fcap_1.50_Besc_8000_sigmaR_0.216_SE_reference_AE_historical",1.5,8000,"Short",2025,1000,0,0,14013.9318439866,12135.8179097045,17141.9553855522,0.824,1276.67653367568,0,0,9543.32990927977,"R-OM",12,"Fcap_1.50_Besc_8000_sigmaR_0.216_SE_reference_AE_historical"
12,"R-OM__Fcap_1.50_Besc_8000_sigmaR_0.216_SE_reference_AE_historical",1.5,8000,"Short",2026,1000,0,0,15113.2540487955,11363.6057980472,20033.8163079069,0.541,4007.59317556969,0,0,11743.9251462028,"R-OM",12,"Fcap_1.50_Besc_8000_sigmaR_0.216_SE_reference_AE_historical"
12,"R-OM__Fcap_1.50_Besc_8000_sigmaR_0.216_SE_reference_AE_historical",1.5,8000,"Short",2027,1000,0,0.001,14764.6192755053,10237.4247213263,20184.5137446113,0.667,2883.24797646095,0,0,11191.1299562224,"R-OM",12,"Fcap_1.50_Besc_8000_sigmaR_0.216_SE_reference_AE_historical"
12,"R-OM__Fcap_1.50_Besc_8000_sigmaR_0.216_SE_reference_AE_historical",1.5,8000,"Short",2028,1000,0,0,14819.8184213781,10914.9920963252,19363.3265916742,0.622,3884.58329169867,0,0,14809.0790629598,"R-OM",12,"Fcap_1.50_Besc_8000_sigmaR_0.216_SE_reference_AE_historical"
12,"R-OM__Fcap_1.50_Besc_8000_sigmaR_0.216_SE_reference_AE_historical",1.5,8000,"Short",2029,1000,0.002,0.005,14460.4013211828,9669.44617844894,19678.2391161049,0.66,3466.42418284671,0,0,14056.0136143165,"R-OM",12,"Fcap_1.50_Besc_8000_sigmaR_0.216_SE_reference_AE_historical"
12,"R-OM__Fcap_1.50_Besc_8000_sigmaR_0.216_SE_reference_AE_historical",1.5,8000,"Short",2030,1000,0,0.004,14608.4360580328,9960.5313876571,19591.1741651937,0.653,3351.38013406377,0,0,14320.6935273094,"R-OM",12,"Fcap_1.50_Besc_8000_sigmaR_0.216_SE_reference_AE_historical"
12,"R-OM__Fcap_1.50_Besc_8000_sigmaR_0.216_SE_reference_AE_historical",1.5,8000,"Short",2031,1000,0,0.001,14382.9667398643,9927.93637624262,19259.7545240052,0.686,3209.15875849478,0,0,13742.3110818172,"R-OM",12,"Fcap_1.50_Besc_8000_sigmaR_0.216_SE_reference_AE_historical"
12,"R-OM__Fcap_1.50_Besc_8000_sigmaR_0.216_SE_reference_AE_historical",1.5,8000,"Short",2032,1000,0,0.005,14601.9555306242,10015.9372637222,19451.6142829765,0.655,3414.82948585071,0,0,13684.5239815567,"R-OM",12,"Fcap_1.50_Besc_8000_sigmaR_0.216_SE_reference_AE_historical"
12,"R-OM__Fcap_1.50_Besc_8000_sigmaR_0.216_SE_reference_AE_historical",1.5,8000,"Short",2033,1000,0,0.007,14534.9344674368,10016.6616689435,19587.0125650795,0.652,3636.45789634509,0,0,16974.1056859559,"R-OM",12,"Fcap_1.50_Besc_8000_sigmaR_0.216_SE_reference_AE_historical"
12,"R-OM__Fcap_1.50_Besc_8000_sigmaR_0.216_SE_reference_AE_historical",1.5,8000,"Short",2034,1000,0,0.002,14643.838731725,9799.81724017649,19845.6301859589,0.654,3661.46541066894,0,0,16332.820305742,"R-OM",12,"Fcap_1.50_Besc_8000_sigmaR_0.216_SE_reference_AE_historical"
12,"R-OM__Fcap_1.50_Besc_8000_sigmaR_0.216_SE_reference_AE_historical",1.5,8000,"Medium",2035,1000,0.001,0.011,14484.2235791995,9532.02715005085,19647.9338462433,0.657,3499.82866499835,0,0,14535.7045247844,"R-OM",12,"Fcap_1.50_Besc_8000_sigmaR_0.216_SE_reference_AE_historical"
12,"R-OM__Fcap_1.50_Besc_8000_sigmaR_0.216_SE_reference_AE_historical",1.5,8000,"Medium",2036,1000,0,0.004,14463.8560135941,9670.77561600291,19328.8463858079,0.65,3625.56560036829,0,0,16849.3351214214,"R-OM",12,"Fcap_1.50_Besc_8000_sigmaR_0.216_SE_reference_AE_historical"
12,"R-OM__Fcap_1.50_Besc_8000_sigmaR_0.216_SE_reference_AE_historical",1.5,8000,"Medium",2037,1000,0.001,0.005,14414.0832891187,9789.02143293334,19029.7135009097,0.685,3116.27289422777,0,0,13187.3594724505,"R-OM",12,"Fcap_1.50_Besc_8000_sigmaR_0.216_SE_reference_AE_historical"
12,"R-OM__Fcap_1.50_Besc_8000_sigmaR_0.216_SE_reference_AE_historical",1.5,8000,"Medium",2038,1000,0.002,0.006,14533.2534058215,9901.2617342311,19442.2695981726,0.655,3556.52226346792,0,0,14145.3018978069,"R-OM",12,"Fcap_1.50_Besc_8000_sigmaR_0.216_SE_reference_AE_historical"
12,"R-OM__Fcap_1.50_Besc_8000_sigmaR_0.216_SE_reference_AE_historical",1.5,8000,"Medium",2039,1000,0.001,0.007,14553.2451674554,9766.05794872456,19105.608908164,0.665,3445.89455743014,0,0,16800.8588739154,"R-OM",12,"Fcap_1.50_Besc_8000_sigmaR_0.216_SE_reference_AE_historical"
12,"R-OM__Fcap_1.50_Besc_8000_sigmaR_0.216_SE_reference_AE_historical",1.5,8000,"Medium",2040,1000,0.001,0.004,14579.2971509981,10076.9996726613,19944.4350202068,0.667,3416.96613963702,0,0,16309.8205031181,"R-OM",12,"Fcap_1.50_Besc_8000_sigmaR_0.216_SE_reference_AE_historical"
12,"R-OM__Fcap_1.50_Besc_8000_sigmaR_0.216_SE_reference_AE_historical",1.5,8000,"Medium",2041,1000,0,0.006,14606.2058484706,9712.10489164419,19520.9099958216,0.632,3766.12519978188,0,0,15702.9851348578,"R-OM",12,"Fcap_1.50_Besc_8000_sigmaR_0.216_SE_reference_AE_historical"
12,"R-OM__Fcap_1.50_Besc_8000_sigmaR_0.216_SE_reference_AE_historical",1.5,8000,"Medium",2042,1000,0,0.004,14595.3292851111,9618.63983319403,19760.9566027439,0.654,3520.39400003501,0,0,15824.9373738427,"R-OM",12,"Fcap_1.50_Besc_8000_sigmaR_0.216_SE_reference_AE_historical"
12,"R-OM__Fcap_1.50_Besc_8000_sigmaR_0.216_SE_reference_AE_historical",1.5,8000,"Medium",2043,1000,0,0.004,14363.6780340383,9889.76645958378,19222.583766105,0.678,3331.61457559239,0,0,16283.4099724897,"R-OM",12,"Fcap_1.50_Besc_8000_sigmaR_0.216_SE_reference_AE_historical"
12,"R-OM__Fcap_1.50_Besc_8000_sigmaR_0.216_SE_reference_AE_historical",1.5,8000,"Medium",2044,1000,0,0.005,14495.3322661333,9697.62889572065,19720.664554089,0.654,3690.57163435756,0,0,16180.038766705,"R-OM",12,"Fcap_1.50_Besc_8000_sigmaR_0.216_SE_reference_AE_historical"
12,"R-OM__Fcap_1.50_Besc_8000_sigmaR_0.216_SE_reference_AE_historical",1.5,8000,"Long",2045,1000,0,0.008,14457.4577764186,9581.31237326264,19262.4637754598,0.65,3712.80595528795,0,0,16651.0697992392,"R-OM",12,"Fcap_1.50_Besc_8000_sigmaR_0.216_SE_reference_AE_historical"
12,"R-OM__Fcap_1.50_Besc_8000_sigmaR_0.216_SE_reference_AE_historical",1.5,8000,"Long",2046,1000,0.002,0.005,14488.3201257344,9974.00547865018,19512.799336346,0.671,3398.21273775025,0,0,13718.6419746557,"R-OM",12,"Fcap_1.50_Besc_8000_sigmaR_0.216_SE_reference_AE_historical"
12,"R-OM__Fcap_1.50_Besc_8000_sigmaR_0.216_SE_reference_AE_historical",1.5,8000,"Long",2047,1000,0.001,0.006,14622.9598565612,10448.850628696,19765.624369188,0.658,3601.58016351372,0,0,16487.4894443459,"R-OM",12,"Fcap_1.50_Besc_8000_sigmaR_0.216_SE_reference_AE_historical"
12,"R-OM__Fcap_1.50_Besc_8000_sigmaR_0.216_SE_reference_AE_historical",1.5,8000,"Long",2048,1000,0.002,0.008,14682.6822027845,9920.8500582628,20139.3071923606,0.643,3678.67948832122,0,0,16662.4935282434,"R-OM",12,"Fcap_1.50_Besc_8000_sigmaR_0.216_SE_reference_AE_historical"
12,"R-OM__Fcap_1.50_Besc_8000_sigmaR_0.216_SE_reference_AE_historical",1.5,8000,"Long",2049,1000,0.001,0.005,14397.4992834844,10071.4524381051,19665.9540582779,0.663,3378.50447840262,0,0,13622.1645653693,"R-OM",12,"Fcap_1.50_Besc_8000_sigmaR_0.216_SE_reference_AE_historical"
12,"R-OM__Fcap_1.50_Besc_8000_sigmaR_0.216_SE_reference_AE_historical",1.5,8000,"Long",2050,1000,0,0.003,14735.0605621944,10299.9957731877,19951.5825615535,0.637,3796.61051205211,0,0,16888.9052970497,"R-OM",12,"Fcap_1.50_Besc_8000_sigmaR_0.216_SE_reference_AE_historical"
12,"R-OM__Fcap_1.50_Besc_8000_sigmaR_0.216_SE_reference_AE_historical",1.5,8000,"Long",2051,1000,0,0.009,14648.7659381638,9892.65129639231,19954.9502800128,0.647,3778.49831808267,0,0,16321.1467275954,"R-OM",12,"Fcap_1.50_Besc_8000_sigmaR_0.216_SE_reference_AE_historical"
12,"R-OM__Fcap_1.50_Besc_8000_sigmaR_0.216_SE_reference_AE_historical",1.5,8000,"Long",2052,1000,0,0.006,14573.7014012211,9990.46816067585,19805.4890499242,0.646,3682.30748223936,0,0,15125.0543332459,"R-OM",12,"Fcap_1.50_Besc_8000_sigmaR_0.216_SE_reference_AE_historical"
12,"R-OM__Fcap_1.50_Besc_8000_sigmaR_0.216_SE_reference_AE_historical",1.5,8000,"Long",2053,1000,0,0.003,14480.2618945582,9565.22328593352,19757.5597871509,0.667,3480.91583174706,0,0,15676.5975720798,"R-OM",12,"Fcap_1.50_Besc_8000_sigmaR_0.216_SE_reference_AE_historical"
12,"R-OM__Fcap_1.50_Besc_8000_sigmaR_0.216_SE_reference_AE_historical",1.5,8000,"Long",2054,1000,0.001,0.002,14591.0625419665,9820.74835630055,19641.8974311817,0.657,3333.78394440355,0,0,13166.4522565665,"R-OM",12,"Fcap_1.50_Besc_8000_sigmaR_0.216_SE_reference_AE_historical"
12,"R-OM__Fcap_1.50_Besc_8000_sigmaR_0.216_SE_reference_AE_historical",1.5,8000,"Full",2025,1000,0,0,14013.9318439866,12135.8179097045,17141.9553855522,0.824,1276.67653367568,0,0,9543.32990927977,"R-OM",12,"Fcap_1.50_Besc_8000_sigmaR_0.216_SE_reference_AE_historical"
12,"R-OM__Fcap_1.50_Besc_8000_sigmaR_0.216_SE_reference_AE_historical",1.5,8000,"Full",2026,1000,0,0,15113.2540487955,11363.6057980472,20033.8163079069,0.541,4007.59317556969,0,0,11743.9251462028,"R-OM",12,"Fcap_1.50_Besc_8000_sigmaR_0.216_SE_reference_AE_historical"
12,"R-OM__Fcap_1.50_Besc_8000_sigmaR_0.216_SE_reference_AE_historical",1.5,8000,"Full",2027,1000,0,0.001,14764.6192755053,10237.4247213263,20184.5137446113,0.667,2883.24797646095,0,0,11191.1299562224,"R-OM",12,"Fcap_1.50_Besc_8000_sigmaR_0.216_SE_reference_AE_historical"
12,"R-OM__Fcap_1.50_Besc_8000_sigmaR_0.216_SE_reference_AE_historical",1.5,8000,"Full",2028,1000,0,0,14819.8184213781,10914.9920963252,19363.3265916742,0.622,3884.58329169867,0,0,14809.0790629598,"R-OM",12,"Fcap_1.50_Besc_8000_sigmaR_0.216_SE_reference_AE_historical"
12,"R-OM__Fcap_1.50_Besc_8000_sigmaR_0.216_SE_reference_AE_historical",1.5,8000,"Full",2029,1000,0.002,0.005,14460.4013211828,9669.44617844894,19678.2391161049,0.66,3466.42418284671,0,0,14056.0136143165,"R-OM",12,"Fcap_1.50_Besc_8000_sigmaR_0.216_SE_reference_AE_historical"
12,"R-OM__Fcap_1.50_Besc_8000_sigmaR_0.216_SE_reference_AE_historical",1.5,8000,"Full",2030,1000,0,0.004,14608.4360580328,9960.5313876571,19591.1741651937,0.653,3351.38013406377,0,0,14320.6935273094,"R-OM",12,"Fcap_1.50_Besc_8000_sigmaR_0.216_SE_reference_AE_historical"
12,"R-OM__Fcap_1.50_Besc_8000_sigmaR_0.216_SE_reference_AE_historical",1.5,8000,"Full",2031,1000,0,0.001,14382.9667398643,9927.93637624262,19259.7545240052,0.686,3209.15875849478,0,0,13742.3110818172,"R-OM",12,"Fcap_1.50_Besc_8000_sigmaR_0.216_SE_reference_AE_historical"
12,"R-OM__Fcap_1.50_Besc_8000_sigmaR_0.216_SE_reference_AE_historical",1.5,8000,"Full",2032,1000,0,0.005,14601.9555306242,10015.9372637222,19451.6142829765,0.655,3414.82948585071,0,0,13684.5239815567,"R-OM",12,"Fcap_1.50_Besc_8000_sigmaR_0.216_SE_reference_AE_historical"
12,"R-OM__Fcap_1.50_Besc_8000_sigmaR_0.216_SE_reference_AE_historical",1.5,8000,"Full",2033,1000,0,0.007,14534.9344674368,10016.6616689435,19587.0125650795,0.652,3636.45789634509,0,0,16974.1056859559,"R-OM",12,"Fcap_1.50_Besc_8000_sigmaR_0.216_SE_reference_AE_historical"
12,"R-OM__Fcap_1.50_Besc_8000_sigmaR_0.216_SE_reference_AE_historical",1.5,8000,"Full",2034,1000,0,0.002,14643.838731725,9799.81724017649,19845.6301859589,0.654,3661.46541066894,0,0,16332.820305742,"R-OM",12,"Fcap_1.50_Besc_8000_sigmaR_0.216_SE_reference_AE_historical"
12,"R-OM__Fcap_1.50_Besc_8000_sigmaR_0.216_SE_reference_AE_historical",1.5,8000,"Full",2035,1000,0.001,0.011,14484.2235791995,9532.02715005085,19647.9338462433,0.657,3499.82866499835,0,0,14535.7045247844,"R-OM",12,"Fcap_1.50_Besc_8000_sigmaR_0.216_SE_reference_AE_historical"
12,"R-OM__Fcap_1.50_Besc_8000_sigmaR_0.216_SE_reference_AE_historical",1.5,8000,"Full",2036,1000,0,0.004,14463.8560135941,9670.77561600291,19328.8463858079,0.65,3625.56560036829,0,0,16849.3351214214,"R-OM",12,"Fcap_1.50_Besc_8000_sigmaR_0.216_SE_reference_AE_historical"
12,"R-OM__Fcap_1.50_Besc_8000_sigmaR_0.216_SE_reference_AE_historical",1.5,8000,"Full",2037,1000,0.001,0.005,14414.0832891187,9789.02143293334,19029.7135009097,0.685,3116.27289422777,0,0,13187.3594724505,"R-OM",12,"Fcap_1.50_Besc_8000_sigmaR_0.216_SE_reference_AE_historical"
12,"R-OM__Fcap_1.50_Besc_8000_sigmaR_0.216_SE_reference_AE_historical",1.5,8000,"Full",2038,1000,0.002,0.006,14533.2534058215,9901.2617342311,19442.2695981726,0.655,3556.52226346792,0,0,14145.3018978069,"R-OM",12,"Fcap_1.50_Besc_8000_sigmaR_0.216_SE_reference_AE_historical"
12,"R-OM__Fcap_1.50_Besc_8000_sigmaR_0.216_SE_reference_AE_historical",1.5,8000,"Full",2039,1000,0.001,0.007,14553.2451674554,9766.05794872456,19105.608908164,0.665,3445.89455743014,0,0,16800.8588739154,"R-OM",12,"Fcap_1.50_Besc_8000_sigmaR_0.216_SE_reference_AE_historical"
12,"R-OM__Fcap_1.50_Besc_8000_sigmaR_0.216_SE_reference_AE_historical",1.5,8000,"Full",2040,1000,0.001,0.004,14579.2971509981,10076.9996726613,19944.4350202068,0.667,3416.96613963702,0,0,16309.8205031181,"R-OM",12,"Fcap_1.50_Besc_8000_sigmaR_0.216_SE_reference_AE_historical"
12,"R-OM__Fcap_1.50_Besc_8000_sigmaR_0.216_SE_reference_AE_historical",1.5,8000,"Full",2041,1000,0,0.006,14606.2058484706,9712.10489164419,19520.9099958216,0.632,3766.12519978188,0,0,15702.9851348578,"R-OM",12,"Fcap_1.50_Besc_8000_sigmaR_0.216_SE_reference_AE_historical"
12,"R-OM__Fcap_1.50_Besc_8000_sigmaR_0.216_SE_reference_AE_historical",1.5,8000,"Full",2042,1000,0,0.004,14595.3292851111,9618.63983319403,19760.9566027439,0.654,3520.39400003501,0,0,15824.9373738427,"R-OM",12,"Fcap_1.50_Besc_8000_sigmaR_0.216_SE_reference_AE_historical"
12,"R-OM__Fcap_1.50_Besc_8000_sigmaR_0.216_SE_reference_AE_historical",1.5,8000,"Full",2043,1000,0,0.004,14363.6780340383,9889.76645958378,19222.583766105,0.678,3331.61457559239,0,0,16283.4099724897,"R-OM",12,"Fcap_1.50_Besc_8000_sigmaR_0.216_SE_reference_AE_historical"
12,"R-OM__Fcap_1.50_Besc_8000_sigmaR_0.216_SE_reference_AE_historical",1.5,8000,"Full",2044,1000,0,0.005,14495.3322661333,9697.62889572065,19720.664554089,0.654,3690.57163435756,0,0,16180.038766705,"R-OM",12,"Fcap_1.50_Besc_8000_sigmaR_0.216_SE_reference_AE_historical"
12,"R-OM__Fcap_1.50_Besc_8000_sigmaR_0.216_SE_reference_AE_historical",1.5,8000,"Full",2045,1000,0,0.008,14457.4577764186,9581.31237326264,19262.4637754598,0.65,3712.80595528795,0,0,16651.0697992392,"R-OM",12,"Fcap_1.50_Besc_8000_sigmaR_0.216_SE_reference_AE_historical"
12,"R-OM__Fcap_1.50_Besc_8000_sigmaR_0.216_SE_reference_AE_historical",1.5,8000,"Full",2046,1000,0.002,0.005,14488.3201257344,9974.00547865018,19512.799336346,0.671,3398.21273775025,0,0,13718.6419746557,"R-OM",12,"Fcap_1.50_Besc_8000_sigmaR_0.216_SE_reference_AE_historical"
12,"R-OM__Fcap_1.50_Besc_8000_sigmaR_0.216_SE_reference_AE_historical",1.5,8000,"Full",2047,1000,0.001,0.006,14622.9598565612,10448.850628696,19765.624369188,0.658,3601.58016351372,0,0,16487.4894443459,"R-OM",12,"Fcap_1.50_Besc_8000_sigmaR_0.216_SE_reference_AE_historical"
12,"R-OM__Fcap_1.50_Besc_8000_sigmaR_0.216_SE_reference_AE_historical",1.5,8000,"Full",2048,1000,0.002,0.008,14682.6822027845,9920.8500582628,20139.3071923606,0.643,3678.67948832122,0,0,16662.4935282434,"R-OM",12,"Fcap_1.50_Besc_8000_sigmaR_0.216_SE_reference_AE_historical"
12,"R-OM__Fcap_1.50_Besc_8000_sigmaR_0.216_SE_reference_AE_historical",1.5,8000,"Full",2049,1000,0.001,0.005,14397.4992834844,10071.4524381051,19665.9540582779,0.663,3378.50447840262,0,0,13622.1645653693,"R-OM",12,"Fcap_1.50_Besc_8000_sigmaR_0.216_SE_reference_AE_historical"
12,"R-OM__Fcap_1.50_Besc_8000_sigmaR_0.216_SE_reference_AE_historical",1.5,8000,"Full",2050,1000,0,0.003,14735.0605621944,10299.9957731877,19951.5825615535,0.637,3796.61051205211,0,0,16888.9052970497,"R-OM",12,"Fcap_1.50_Besc_8000_sigmaR_0.216_SE_reference_AE_historical"
12,"R-OM__Fcap_1.50_Besc_8000_sigmaR_0.216_SE_reference_AE_historical",1.5,8000,"Full",2051,1000,0,0.009,14648.7659381638,9892.65129639231,19954.9502800128,0.647,3778.49831808267,0,0,16321.1467275954,"R-OM",12,"Fcap_1.50_Besc_8000_sigmaR_0.216_SE_reference_AE_historical"
12,"R-OM__Fcap_1.50_Besc_8000_sigmaR_0.216_SE_reference_AE_historical",1.5,8000,"Full",2052,1000,0,0.006,14573.7014012211,9990.46816067585,19805.4890499242,0.646,3682.30748223936,0,0,15125.0543332459,"R-OM",12,"Fcap_1.50_Besc_8000_sigmaR_0.216_SE_reference_AE_historical"
12,"R-OM__Fcap_1.50_Besc_8000_sigmaR_0.216_SE_reference_AE_historical",1.5,8000,"Full",2053,1000,0,0.003,14480.2618945582,9565.22328593352,19757.5597871509,0.667,3480.91583174706,0,0,15676.5975720798,"R-OM",12,"Fcap_1.50_Besc_8000_sigmaR_0.216_SE_reference_AE_historical"
12,"R-OM__Fcap_1.50_Besc_8000_sigmaR_0.216_SE_reference_AE_historical",1.5,8000,"Full",2054,1000,0.001,0.002,14591.0625419665,9820.74835630055,19641.8974311817,0.657,3333.78394440355,0,0,13166.4522565665,"R-OM",12,"Fcap_1.50_Besc_8000_sigmaR_0.216_SE_reference_AE_historical"
17,"R-OM__Fcap_1.70_Besc_5000_sigmaR_0.216_SE_reference_AE_historical",1.7,5000,"Short",2025,1000,0,0,13171.4688581421,11550.771752891,16152.876381521,0.076,7359.61776636902,7709.91033704656,0,10740.4701869343,"R-OM",17,"Fcap_1.70_Besc_5000_sigmaR_0.216_SE_reference_AE_historical"
17,"R-OM__Fcap_1.70_Besc_5000_sigmaR_0.216_SE_reference_AE_historical",1.7,5000,"Short",2026,1000,0,0.001,12207.5103449088,9005.1317489558,17630.9976773676,0.241,5721.58552121471,6893.33767788559,0,10808.0591544928,"R-OM",17,"Fcap_1.70_Besc_5000_sigmaR_0.216_SE_reference_AE_historical"
17,"R-OM__Fcap_1.70_Besc_5000_sigmaR_0.216_SE_reference_AE_historical",1.7,5000,"Short",2027,1000,0,0.001,12550.2804081823,9127.08029714521,17829.7714602143,0.21,6293.81685178632,7373.60300082984,0,11177.5252288318,"R-OM",17,"Fcap_1.70_Besc_5000_sigmaR_0.216_SE_reference_AE_historical"
17,"R-OM__Fcap_1.70_Besc_5000_sigmaR_0.216_SE_reference_AE_historical",1.7,5000,"Short",2028,1000,0,0,12433.887910559,9086.61584357748,17205.338818518,0.244,5844.33979941832,7186.20122098959,0,10740.2415214574,"R-OM",17,"Fcap_1.70_Besc_5000_sigmaR_0.216_SE_reference_AE_historical"
17,"R-OM__Fcap_1.70_Besc_5000_sigmaR_0.216_SE_reference_AE_historical",1.7,5000,"Short",2029,1000,0,0.003,12378.8474678069,9003.49668872157,17329.8585033078,0.224,5987.90131035905,7226.80498986174,0,10967.087845188,"R-OM",17,"Fcap_1.70_Besc_5000_sigmaR_0.216_SE_reference_AE_historical"
17,"R-OM__Fcap_1.70_Besc_5000_sigmaR_0.216_SE_reference_AE_historical",1.7,5000,"Short",2030,1000,0,0.003,12283.7237874152,9009.75775090647,17442.1238982159,0.239,5799.90065726658,6920.21286167752,0,10875.9594136809,"R-OM",17,"Fcap_1.70_Besc_5000_sigmaR_0.216_SE_reference_AE_historical"
17,"R-OM__Fcap_1.70_Besc_5000_sigmaR_0.216_SE_reference_AE_historical",1.7,5000,"Short",2031,1000,0,0.001,12255.423471896,9022.64727544296,16921.5405810113,0.224,5838.50901444255,6945.90840579409,0,10617.567989112,"R-OM",17,"Fcap_1.70_Besc_5000_sigmaR_0.216_SE_reference_AE_historical"
17,"R-OM__Fcap_1.70_Besc_5000_sigmaR_0.216_SE_reference_AE_historical",1.7,5000,"Short",2032,1000,0,0.001,12445.7449653291,8938.91558651563,17184.2714045976,0.224,5924.07546415687,7045.05015215999,0,10632.1648920764,"R-OM",17,"Fcap_1.70_Besc_5000_sigmaR_0.216_SE_reference_AE_historical"
17,"R-OM__Fcap_1.70_Besc_5000_sigmaR_0.216_SE_reference_AE_historical",1.7,5000,"Short",2033,1000,0.001,0.002,12414.4209502033,9086.74744156691,17526.0282268653,0.21,5998.30889320285,6939.35248647742,0,10914.4669308228,"R-OM",17,"Fcap_1.70_Besc_5000_sigmaR_0.216_SE_reference_AE_historical"
17,"R-OM__Fcap_1.70_Besc_5000_sigmaR_0.216_SE_reference_AE_historical",1.7,5000,"Short",2034,1000,0,0.004,12475.1909487191,9186.79852549027,17295.3303184757,0.208,6061.68561906839,6994.60780572239,0,10789.9535733522,"R-OM",17,"Fcap_1.70_Besc_5000_sigmaR_0.216_SE_reference_AE_historical"
17,"R-OM__Fcap_1.70_Besc_5000_sigmaR_0.216_SE_reference_AE_historical",1.7,5000,"Medium",2035,1000,0,0.002,12251.852814056,9061.79747190755,17678.4475971202,0.233,5822.21191764916,6952.14148233859,0,10751.3874012788,"R-OM",17,"Fcap_1.70_Besc_5000_sigmaR_0.216_SE_reference_AE_historical"
17,"R-OM__Fcap_1.70_Besc_5000_sigmaR_0.216_SE_reference_AE_historical",1.7,5000,"Medium",2036,1000,0,0.002,12268.1145399459,9113.69866500684,17478.0427638673,0.219,5913.77868175699,7027.8007664637,0,10534.4594611212,"R-OM",17,"Fcap_1.70_Besc_5000_sigmaR_0.216_SE_reference_AE_historical"
17,"R-OM__Fcap_1.70_Besc_5000_sigmaR_0.216_SE_reference_AE_historical",1.7,5000,"Medium",2037,1000,0.001,0.001,12272.4830382935,9189.85980182255,16605.6507998119,0.235,5831.8113168423,7053.21317289087,0,10426.9474229097,"R-OM",17,"Fcap_1.70_Besc_5000_sigmaR_0.216_SE_reference_AE_historical"
17,"R-OM__Fcap_1.70_Besc_5000_sigmaR_0.216_SE_reference_AE_historical",1.7,5000,"Medium",2038,1000,0,0,12251.9144844928,8937.38083835734,17363.410121989,0.238,5852.52691677693,7016.04021948114,0,10529.1601363971,"R-OM",17,"Fcap_1.70_Besc_5000_sigmaR_0.216_SE_reference_AE_historical"
17,"R-OM__Fcap_1.70_Besc_5000_sigmaR_0.216_SE_reference_AE_historical",1.7,5000,"Medium",2039,1000,0,0,12413.5303560493,9136.23136560219,17357.920203848,0.228,5965.97500367888,7032.02745726444,0,10818.5475808733,"R-OM",17,"Fcap_1.70_Besc_5000_sigmaR_0.216_SE_reference_AE_historical"
17,"R-OM__Fcap_1.70_Besc_5000_sigmaR_0.216_SE_reference_AE_historical",1.7,5000,"Medium",2040,1000,0,0.001,12272.7935438227,9230.30525226971,17746.6585083494,0.223,5904.92586030489,7080.91672425572,0,10807.6448557341,"R-OM",17,"Fcap_1.70_Besc_5000_sigmaR_0.216_SE_reference_AE_historical"
17,"R-OM__Fcap_1.70_Besc_5000_sigmaR_0.216_SE_reference_AE_historical",1.7,5000,"Medium",2041,1000,0,0.003,12463.9737330616,9018.83146283209,17628.6788815125,0.222,6029.86165318387,7095.43427683299,0,10805.8797457056,"R-OM",17,"Fcap_1.70_Besc_5000_sigmaR_0.216_SE_reference_AE_historical"
17,"R-OM__Fcap_1.70_Besc_5000_sigmaR_0.216_SE_reference_AE_historical",1.7,5000,"Medium",2042,1000,0.001,0.003,12393.1404307311,9033.28499135399,17345.6288604839,0.234,5874.07929983617,7067.91091640695,0,10752.8494268178,"R-OM",17,"Fcap_1.70_Besc_5000_sigmaR_0.216_SE_reference_AE_historical"
17,"R-OM__Fcap_1.70_Besc_5000_sigmaR_0.216_SE_reference_AE_historical",1.7,5000,"Medium",2043,1000,0,0.002,12208.7201503657,9013.83420158687,16912.0547289395,0.231,5823.687689419,6960.44102768972,0,10468.9427469584,"R-OM",17,"Fcap_1.70_Besc_5000_sigmaR_0.216_SE_reference_AE_historical"
17,"R-OM__Fcap_1.70_Besc_5000_sigmaR_0.216_SE_reference_AE_historical",1.7,5000,"Medium",2044,1000,0,0.003,12268.8719472157,9281.35281774331,17317.6714907572,0.208,6012.62273241685,6998.23469539889,0,10797.9247429194,"R-OM",17,"Fcap_1.70_Besc_5000_sigmaR_0.216_SE_reference_AE_historical"
17,"R-OM__Fcap_1.70_Besc_5000_sigmaR_0.216_SE_reference_AE_historical",1.7,5000,"Long",2045,1000,0,0.001,12295.4305953536,9109.75226245779,17502.3318949838,0.228,5863.62298751072,6985.55295657715,0,10642.2748307685,"R-OM",17,"Fcap_1.70_Besc_5000_sigmaR_0.216_SE_reference_AE_historical"
17,"R-OM__Fcap_1.70_Besc_5000_sigmaR_0.216_SE_reference_AE_historical",1.7,5000,"Long",2046,1000,0,0.002,12345.0256281103,9130.37079344342,17585.9536166417,0.214,6022.82353757925,6953.53988441797,0,10934.7338707838,"R-OM",17,"Fcap_1.70_Besc_5000_sigmaR_0.216_SE_reference_AE_historical"
17,"R-OM__Fcap_1.70_Besc_5000_sigmaR_0.216_SE_reference_AE_historical",1.7,5000,"Long",2047,1000,0,0.002,12472.5762426743,9154.88711348366,17813.8669048927,0.209,6165.62748100123,7166.72687389953,0,11088.8083652935,"R-OM",17,"Fcap_1.70_Besc_5000_sigmaR_0.216_SE_reference_AE_historical"
17,"R-OM__Fcap_1.70_Besc_5000_sigmaR_0.216_SE_reference_AE_historical",1.7,5000,"Long",2048,1000,0,0.001,12400.7994776186,8871.68994509523,17589.4356806078,0.23,5901.75152026772,7058.58155020912,0,10674.2873918736,"R-OM",17,"Fcap_1.70_Besc_5000_sigmaR_0.216_SE_reference_AE_historical"
17,"R-OM__Fcap_1.70_Besc_5000_sigmaR_0.216_SE_reference_AE_historical",1.7,5000,"Long",2049,1000,0,0.002,12249.2115240475,9180.39597856913,17568.829580124,0.229,5876.64501784844,6973.99981408645,0,10971.7452905661,"R-OM",17,"Fcap_1.70_Besc_5000_sigmaR_0.216_SE_reference_AE_historical"
17,"R-OM__Fcap_1.70_Besc_5000_sigmaR_0.216_SE_reference_AE_historical",1.7,5000,"Long",2050,1000,0,0.002,12509.8406536238,9093.41989207467,18207.5466814627,0.196,6238.71072425037,7201.68792578372,0,11067.1051212021,"R-OM",17,"Fcap_1.70_Besc_5000_sigmaR_0.216_SE_reference_AE_historical"
17,"R-OM__Fcap_1.70_Besc_5000_sigmaR_0.216_SE_reference_AE_historical",1.7,5000,"Long",2051,1000,0,0.001,12244.8376643746,9015.24003052466,17585.4412927998,0.214,6028.56867665581,7001.66651126805,0,10733.248134699,"R-OM",17,"Fcap_1.70_Besc_5000_sigmaR_0.216_SE_reference_AE_historical"
17,"R-OM__Fcap_1.70_Besc_5000_sigmaR_0.216_SE_reference_AE_historical",1.7,5000,"Long",2052,1000,0,0.001,12424.5073247041,9224.43075562671,17659.5480599671,0.229,5931.2187312495,7079.29460664727,0,10897.9932611676,"R-OM",17,"Fcap_1.70_Besc_5000_sigmaR_0.216_SE_reference_AE_historical"
17,"R-OM__Fcap_1.70_Besc_5000_sigmaR_0.216_SE_reference_AE_historical",1.7,5000,"Long",2053,1000,0,0.003,12264.7764100363,9264.74719882824,17915.0561056939,0.214,6048.75945673351,7031.91480120194,0,11030.5556405861,"R-OM",17,"Fcap_1.70_Besc_5000_sigmaR_0.216_SE_reference_AE_historical"
17,"R-OM__Fcap_1.70_Besc_5000_sigmaR_0.216_SE_reference_AE_historical",1.7,5000,"Long",2054,1000,0.001,0.003,12288.4104416946,8970.01851890602,17674.9692496304,0.228,5884.92174488119,7058.73793435197,0,10614.3332771971,"R-OM",17,"Fcap_1.70_Besc_5000_sigmaR_0.216_SE_reference_AE_historical"
17,"R-OM__Fcap_1.70_Besc_5000_sigmaR_0.216_SE_reference_AE_historical",1.7,5000,"Full",2025,1000,0,0,13171.4688581421,11550.771752891,16152.876381521,0.076,7359.61776636902,7709.91033704656,0,10740.4701869343,"R-OM",17,"Fcap_1.70_Besc_5000_sigmaR_0.216_SE_reference_AE_historical"
17,"R-OM__Fcap_1.70_Besc_5000_sigmaR_0.216_SE_reference_AE_historical",1.7,5000,"Full",2026,1000,0,0.001,12207.5103449088,9005.1317489558,17630.9976773676,0.241,5721.58552121471,6893.33767788559,0,10808.0591544928,"R-OM",17,"Fcap_1.70_Besc_5000_sigmaR_0.216_SE_reference_AE_historical"
17,"R-OM__Fcap_1.70_Besc_5000_sigmaR_0.216_SE_reference_AE_historical",1.7,5000,"Full",2027,1000,0,0.001,12550.2804081823,9127.08029714521,17829.7714602143,0.21,6293.81685178632,7373.60300082984,0,11177.5252288318,"R-OM",17,"Fcap_1.70_Besc_5000_sigmaR_0.216_SE_reference_AE_historical"
17,"R-OM__Fcap_1.70_Besc_5000_sigmaR_0.216_SE_reference_AE_historical",1.7,5000,"Full",2028,1000,0,0,12433.887910559,9086.61584357748,17205.338818518,0.244,5844.33979941832,7186.20122098959,0,10740.2415214574,"R-OM",17,"Fcap_1.70_Besc_5000_sigmaR_0.216_SE_reference_AE_historical"
17,"R-OM__Fcap_1.70_Besc_5000_sigmaR_0.216_SE_reference_AE_historical",1.7,5000,"Full",2029,1000,0,0.003,12378.8474678069,9003.49668872157,17329.8585033078,0.224,5987.90131035905,7226.80498986174,0,10967.087845188,"R-OM",17,"Fcap_1.70_Besc_5000_sigmaR_0.216_SE_reference_AE_historical"
17,"R-OM__Fcap_1.70_Besc_5000_sigmaR_0.216_SE_reference_AE_historical",1.7,5000,"Full",2030,1000,0,0.003,12283.7237874152,9009.75775090647,17442.1238982159,0.239,5799.90065726658,6920.21286167752,0,10875.9594136809,"R-OM",17,"Fcap_1.70_Besc_5000_sigmaR_0.216_SE_reference_AE_historical"
17,"R-OM__Fcap_1.70_Besc_5000_sigmaR_0.216_SE_reference_AE_historical",1.7,5000,"Full",2031,1000,0,0.001,12255.423471896,9022.64727544296,16921.5405810113,0.224,5838.50901444255,6945.90840579409,0,10617.567989112,"R-OM",17,"Fcap_1.70_Besc_5000_sigmaR_0.216_SE_reference_AE_historical"
17,"R-OM__Fcap_1.70_Besc_5000_sigmaR_0.216_SE_reference_AE_historical",1.7,5000,"Full",2032,1000,0,0.001,12445.7449653291,8938.91558651563,17184.2714045976,0.224,5924.07546415687,7045.05015215999,0,10632.1648920764,"R-OM",17,"Fcap_1.70_Besc_5000_sigmaR_0.216_SE_reference_AE_historical"
17,"R-OM__Fcap_1.70_Besc_5000_sigmaR_0.216_SE_reference_AE_historical",1.7,5000,"Full",2033,1000,0.001,0.002,12414.4209502033,9086.74744156691,17526.0282268653,0.21,5998.30889320285,6939.35248647742,0,10914.4669308228,"R-OM",17,"Fcap_1.70_Besc_5000_sigmaR_0.216_SE_reference_AE_historical"
17,"R-OM__Fcap_1.70_Besc_5000_sigmaR_0.216_SE_reference_AE_historical",1.7,5000,"Full",2034,1000,0,0.004,12475.1909487191,9186.79852549027,17295.3303184757,0.208,6061.68561906839,6994.60780572239,0,10789.9535733522,"R-OM",17,"Fcap_1.70_Besc_5000_sigmaR_0.216_SE_reference_AE_historical"
17,"R-OM__Fcap_1.70_Besc_5000_sigmaR_0.216_SE_reference_AE_historical",1.7,5000,"Full",2035,1000,0,0.002,12251.852814056,9061.79747190755,17678.4475971202,0.233,5822.21191764916,6952.14148233859,0,10751.3874012788,"R-OM",17,"Fcap_1.70_Besc_5000_sigmaR_0.216_SE_reference_AE_historical"
17,"R-OM__Fcap_1.70_Besc_5000_sigmaR_0.216_SE_reference_AE_historical",1.7,5000,"Full",2036,1000,0,0.002,12268.1145399459,9113.69866500684,17478.0427638673,0.219,5913.77868175699,7027.8007664637,0,10534.4594611212,"R-OM",17,"Fcap_1.70_Besc_5000_sigmaR_0.216_SE_reference_AE_historical"
17,"R-OM__Fcap_1.70_Besc_5000_sigmaR_0.216_SE_reference_AE_historical",1.7,5000,"Full",2037,1000,0.001,0.001,12272.4830382935,9189.85980182255,16605.6507998119,0.235,5831.8113168423,7053.21317289087,0,10426.9474229097,"R-OM",17,"Fcap_1.70_Besc_5000_sigmaR_0.216_SE_reference_AE_historical"
17,"R-OM__Fcap_1.70_Besc_5000_sigmaR_0.216_SE_reference_AE_historical",1.7,5000,"Full",2038,1000,0,0,12251.9144844928,8937.38083835734,17363.410121989,0.238,5852.52691677693,7016.04021948114,0,10529.1601363971,"R-OM",17,"Fcap_1.70_Besc_5000_sigmaR_0.216_SE_reference_AE_historical"
17,"R-OM__Fcap_1.70_Besc_5000_sigmaR_0.216_SE_reference_AE_historical",1.7,5000,"Full",2039,1000,0,0,12413.5303560493,9136.23136560219,17357.920203848,0.228,5965.97500367888,7032.02745726444,0,10818.5475808733,"R-OM",17,"Fcap_1.70_Besc_5000_sigmaR_0.216_SE_reference_AE_historical"
17,"R-OM__Fcap_1.70_Besc_5000_sigmaR_0.216_SE_reference_AE_historical",1.7,5000,"Full",2040,1000,0,0.001,12272.7935438227,9230.30525226971,17746.6585083494,0.223,5904.92586030489,7080.91672425572,0,10807.6448557341,"R-OM",17,"Fcap_1.70_Besc_5000_sigmaR_0.216_SE_reference_AE_historical"
17,"R-OM__Fcap_1.70_Besc_5000_sigmaR_0.216_SE_reference_AE_historical",1.7,5000,"Full",2041,1000,0,0.003,12463.9737330616,9018.83146283209,17628.6788815125,0.222,6029.86165318387,7095.43427683299,0,10805.8797457056,"R-OM",17,"Fcap_1.70_Besc_5000_sigmaR_0.216_SE_reference_AE_historical"
17,"R-OM__Fcap_1.70_Besc_5000_sigmaR_0.216_SE_reference_AE_historical",1.7,5000,"Full",2042,1000,0.001,0.003,12393.1404307311,9033.28499135399,17345.6288604839,0.234,5874.07929983617,7067.91091640695,0,10752.8494268178,"R-OM",17,"Fcap_1.70_Besc_5000_sigmaR_0.216_SE_reference_AE_historical"
17,"R-OM__Fcap_1.70_Besc_5000_sigmaR_0.216_SE_reference_AE_historical",1.7,5000,"Full",2043,1000,0,0.002,12208.7201503657,9013.83420158687,16912.0547289395,0.231,5823.687689419,6960.44102768972,0,10468.9427469584,"R-OM",17,"Fcap_1.70_Besc_5000_sigmaR_0.216_SE_reference_AE_historical"
17,"R-OM__Fcap_1.70_Besc_5000_sigmaR_0.216_SE_reference_AE_historical",1.7,5000,"Full",2044,1000,0,0.003,12268.8719472157,9281.35281774331,17317.6714907572,0.208,6012.62273241685,6998.23469539889,0,10797.9247429194,"R-OM",17,"Fcap_1.70_Besc_5000_sigmaR_0.216_SE_reference_AE_historical"
17,"R-OM__Fcap_1.70_Besc_5000_sigmaR_0.216_SE_reference_AE_historical",1.7,5000,"Full",2045,1000,0,0.001,12295.4305953536,9109.75226245779,17502.3318949838,0.228,5863.62298751072,6985.55295657715,0,10642.2748307685,"R-OM",17,"Fcap_1.70_Besc_5000_sigmaR_0.216_SE_reference_AE_historical"
17,"R-OM__Fcap_1.70_Besc_5000_sigmaR_0.216_SE_reference_AE_historical",1.7,5000,"Full",2046,1000,0,0.002,12345.0256281103,9130.37079344342,17585.9536166417,0.214,6022.82353757925,6953.53988441797,0,10934.7338707838,"R-OM",17,"Fcap_1.70_Besc_5000_sigmaR_0.216_SE_reference_AE_historical"
17,"R-OM__Fcap_1.70_Besc_5000_sigmaR_0.216_SE_reference_AE_historical",1.7,5000,"Full",2047,1000,0,0.002,12472.5762426743,9154.88711348366,17813.8669048927,0.209,6165.62748100123,7166.72687389953,0,11088.8083652935,"R-OM",17,"Fcap_1.70_Besc_5000_sigmaR_0.216_SE_reference_AE_historical"
17,"R-OM__Fcap_1.70_Besc_5000_sigmaR_0.216_SE_reference_AE_historical",1.7,5000,"Full",2048,1000,0,0.001,12400.7994776186,8871.68994509523,17589.4356806078,0.23,5901.75152026772,7058.58155020912,0,10674.2873918736,"R-OM",17,"Fcap_1.70_Besc_5000_sigmaR_0.216_SE_reference_AE_historical"
17,"R-OM__Fcap_1.70_Besc_5000_sigmaR_0.216_SE_reference_AE_historical",1.7,5000,"Full",2049,1000,0,0.002,12249.2115240475,9180.39597856913,17568.829580124,0.229,5876.64501784844,6973.99981408645,0,10971.7452905661,"R-OM",17,"Fcap_1.70_Besc_5000_sigmaR_0.216_SE_reference_AE_historical"
17,"R-OM__Fcap_1.70_Besc_5000_sigmaR_0.216_SE_reference_AE_historical",1.7,5000,"Full",2050,1000,0,0.002,12509.8406536238,9093.41989207467,18207.5466814627,0.196,6238.71072425037,7201.68792578372,0,11067.1051212021,"R-OM",17,"Fcap_1.70_Besc_5000_sigmaR_0.216_SE_reference_AE_historical"
17,"R-OM__Fcap_1.70_Besc_5000_sigmaR_0.216_SE_reference_AE_historical",1.7,5000,"Full",2051,1000,0,0.001,12244.8376643746,9015.24003052466,17585.4412927998,0.214,6028.56867665581,7001.66651126805,0,10733.248134699,"R-OM",17,"Fcap_1.70_Besc_5000_sigmaR_0.216_SE_reference_AE_historical"
17,"R-OM__Fcap_1.70_Besc_5000_sigmaR_0.216_SE_reference_AE_historical",1.7,5000,"Full",2052,1000,0,0.001,12424.5073247041,9224.43075562671,17659.5480599671,0.229,5931.2187312495,7079.29460664727,0,10897.9932611676,"R-OM",17,"Fcap_1.70_Besc_5000_sigmaR_0.216_SE_reference_AE_historical"
17,"R-OM__Fcap_1.70_Besc_5000_sigmaR_0.216_SE_reference_AE_historical",1.7,5000,"Full",2053,1000,0,0.003,12264.7764100363,9264.74719882824,17915.0561056939,0.214,6048.75945673351,7031.91480120194,0,11030.5556405861,"R-OM",17,"Fcap_1.70_Besc_5000_sigmaR_0.216_SE_reference_AE_historical"
17,"R-OM__Fcap_1.70_Besc_5000_sigmaR_0.216_SE_reference_AE_historical",1.7,5000,"Full",2054,1000,0.001,0.003,12288.4104416946,8970.01851890602,17674.9692496304,0.228,5884.92174488119,7058.73793435197,0,10614.3332771971,"R-OM",17,"Fcap_1.70_Besc_5000_sigmaR_0.216_SE_reference_AE_historical"
18,"R-OM__Fcap_1.70_Besc_6561_sigmaR_0.216_SE_reference_AE_historical",1.7,6561,"Short",2025,1000,0,0,13707.9239678985,12102.5300681059,16404.2984425628,0.468,4086.68449894565,2299.71217672479,0,10680.6344924228,"R-OM",18,"Fcap_1.70_Besc_6561_sigmaR_0.216_SE_reference_AE_historical"
18,"R-OM__Fcap_1.70_Besc_6561_sigmaR_0.216_SE_reference_AE_historical",1.7,6561,"Short",2026,1000,0,0,13777.8750781979,10205.0519579001,18983.2668443684,0.427,5064.78524762191,6449.453150396,0,11875.4317646737,"R-OM",18,"Fcap_1.70_Besc_6561_sigmaR_0.216_SE_reference_AE_historical"
18,"R-OM__Fcap_1.70_Besc_6561_sigmaR_0.216_SE_reference_AE_historical",1.7,6561,"Short",2027,1000,0,0.002,13512.4066257922,9633.65064765853,18847.8335688243,0.464,4650.70539307195,3052.46794358498,0,12149.3436060477,"R-OM",18,"Fcap_1.70_Besc_6561_sigmaR_0.216_SE_reference_AE_historical"
18,"R-OM__Fcap_1.70_Besc_6561_sigmaR_0.216_SE_reference_AE_historical",1.7,6561,"Short",2028,1000,0,0,13631.7859110221,9967.4575233676,18047.6704709006,0.448,5026.08329275723,4589.82493858389,0,12231.263220968,"R-OM",18,"Fcap_1.70_Besc_6561_sigmaR_0.216_SE_reference_AE_historical"
18,"R-OM__Fcap_1.70_Besc_6561_sigmaR_0.216_SE_reference_AE_historical",1.7,6561,"Short",2029,1000,0.002,0.005,13508.6298412107,9230.18190385971,18479.8342714524,0.48,4547.53480255363,1589.01045863205,0,12035.9816060548,"R-OM",18,"Fcap_1.70_Besc_6561_sigmaR_0.216_SE_reference_AE_historical"
18,"R-OM__Fcap_1.70_Besc_6561_sigmaR_0.216_SE_reference_AE_historical",1.7,6561,"Short",2030,1000,0,0.004,13452.4922701859,9568.40542582606,18740.1299558087,0.462,4863.50330930962,3747.13898359206,0,12691.9200110335,"R-OM",18,"Fcap_1.70_Besc_6561_sigmaR_0.216_SE_reference_AE_historical"
18,"R-OM__Fcap_1.70_Besc_6561_sigmaR_0.216_SE_reference_AE_historical",1.7,6561,"Short",2031,1000,0,0.007,13303.0574096698,9359.5034319209,18258.2193701003,0.495,4468.69680038797,359.009072388265,0,12202.4180522576,"R-OM",18,"Fcap_1.70_Besc_6561_sigmaR_0.216_SE_reference_AE_historical"
18,"R-OM__Fcap_1.70_Besc_6561_sigmaR_0.216_SE_reference_AE_historical",1.7,6561,"Short",2032,1000,0.002,0.006,13434.574692766,9548.67145385821,18690.0928155856,0.483,4705.16686935933,2263.85980460937,0,12369.6367293541,"R-OM",18,"Fcap_1.70_Besc_6561_sigmaR_0.216_SE_reference_AE_historical"
18,"R-OM__Fcap_1.70_Besc_6561_sigmaR_0.216_SE_reference_AE_historical",1.7,6561,"Short",2033,1000,0.001,0.003,13593.0531941539,9442.09531193652,18632.7368586944,0.459,4963.60360066244,3763.01602833093,0,12761.858409728,"R-OM",18,"Fcap_1.70_Besc_6561_sigmaR_0.216_SE_reference_AE_historical"
18,"R-OM__Fcap_1.70_Besc_6561_sigmaR_0.216_SE_reference_AE_historical",1.7,6561,"Short",2034,1000,0,0.005,13501.9435710702,9521.20049085253,18493.4218017152,0.458,5003.00264445926,4778.33491337813,0,12360.4043740169,"R-OM",18,"Fcap_1.70_Besc_6561_sigmaR_0.216_SE_reference_AE_historical"
18,"R-OM__Fcap_1.70_Besc_6561_sigmaR_0.216_SE_reference_AE_historical",1.7,6561,"Medium",2035,1000,0.001,0.006,13301.0267472916,9336.81117657488,18398.9608698271,0.484,4705.29615297032,2704.32120933925,0,12269.0208137511,"R-OM",18,"Fcap_1.70_Besc_6561_sigmaR_0.216_SE_reference_AE_historical"
18,"R-OM__Fcap_1.70_Besc_6561_sigmaR_0.216_SE_reference_AE_historical",1.7,6561,"Medium",2036,1000,0,0.005,13424.2829030654,9214.51296537683,18698.9657637655,0.482,4767.58240669471,3076.93762581411,0,12166.0991665466,"R-OM",18,"Fcap_1.70_Besc_6561_sigmaR_0.216_SE_reference_AE_historical"
18,"R-OM__Fcap_1.70_Besc_6561_sigmaR_0.216_SE_reference_AE_historical",1.7,6561,"Medium",2037,1000,0.002,0.004,13368.0861728071,9446.59430441188,17971.5405719778,0.484,4520.4388644412,1946.22844834335,0,11642.3530098717,"R-OM",18,"Fcap_1.70_Besc_6561_sigmaR_0.216_SE_reference_AE_historical"
18,"R-OM__Fcap_1.70_Besc_6561_sigmaR_0.216_SE_reference_AE_historical",1.7,6561,"Medium",2038,1000,0,0.003,13285.4174643532,9481.95892756436,18311.6991192637,0.463,4885.43995084027,4401.58237840312,0,12395.5428431642,"R-OM",18,"Fcap_1.70_Besc_6561_sigmaR_0.216_SE_reference_AE_historical"
18,"R-OM__Fcap_1.70_Besc_6561_sigmaR_0.216_SE_reference_AE_historical",1.7,6561,"Medium",2039,1000,0,0.006,13473.5601105234,9299.05231278891,18221.5101491833,0.479,4745.8445987719,3006.40635404541,0,11923.517777472,"R-OM",18,"Fcap_1.70_Besc_6561_sigmaR_0.216_SE_reference_AE_historical"
18,"R-OM__Fcap_1.70_Besc_6561_sigmaR_0.216_SE_reference_AE_historical",1.7,6561,"Medium",2040,1000,0,0.003,13375.8488076736,9770.65387867885,18579.2756044899,0.465,4929.47744588261,5124.92867447728,0,12124.8516065524,"R-OM",18,"Fcap_1.70_Besc_6561_sigmaR_0.216_SE_reference_AE_historical"
18,"R-OM__Fcap_1.70_Besc_6561_sigmaR_0.216_SE_reference_AE_historical",1.7,6561,"Medium",2041,1000,0,0.005,13497.8178860757,9188.28919325651,18345.7719655342,0.466,4876.72300217376,3838.14508649963,0,12013.2624704812,"R-OM",18,"Fcap_1.70_Besc_6561_sigmaR_0.216_SE_reference_AE_historical"
18,"R-OM__Fcap_1.70_Besc_6561_sigmaR_0.216_SE_reference_AE_historical",1.7,6561,"Medium",2042,1000,0,0.005,13413.1143818303,9353.03855400931,18449.3510846923,0.475,4772.27830523683,2777.24196235998,0,12096.2754779177,"R-OM",18,"Fcap_1.70_Besc_6561_sigmaR_0.216_SE_reference_AE_historical"
18,"R-OM__Fcap_1.70_Besc_6561_sigmaR_0.216_SE_reference_AE_historical",1.7,6561,"Medium",2043,1000,0,0.001,13298.9996708192,9439.51650935478,18283.2872738708,0.474,4628.01160992837,2994.19447192283,0,12073.718620267,"R-OM",18,"Fcap_1.70_Besc_6561_sigmaR_0.216_SE_reference_AE_historical"
18,"R-OM__Fcap_1.70_Besc_6561_sigmaR_0.216_SE_reference_AE_historical",1.7,6561,"Medium",2044,1000,0.002,0.002,13336.7784493244,9675.41727394716,18609.0004350985,0.473,4813.15641250142,2845.13234039282,0,12374.2497424028,"R-OM",18,"Fcap_1.70_Besc_6561_sigmaR_0.216_SE_reference_AE_historical"
18,"R-OM__Fcap_1.70_Besc_6561_sigmaR_0.216_SE_reference_AE_historical",1.7,6561,"Long",2045,1000,0.003,0.006,13360.9977365347,9354.28387471906,18297.498565952,0.461,4926.08539462559,3718.45541756484,0,12798.3953884882,"R-OM",18,"Fcap_1.70_Besc_6561_sigmaR_0.216_SE_reference_AE_historical"
18,"R-OM__Fcap_1.70_Besc_6561_sigmaR_0.216_SE_reference_AE_historical",1.7,6561,"Long",2046,1000,0.002,0.007,13424.520487889,9405.37381292031,18492.7573304572,0.475,4757.99137936253,3081.03995951872,0,12306.325257537,"R-OM",18,"Fcap_1.70_Besc_6561_sigmaR_0.216_SE_reference_AE_historical"
18,"R-OM__Fcap_1.70_Besc_6561_sigmaR_0.216_SE_reference_AE_historical",1.7,6561,"Long",2047,1000,0,0.004,13462.2201319248,9868.63395992753,18743.9728910965,0.455,4944.5166833544,4158.6370453805,0,12656.034431491,"R-OM",18,"Fcap_1.70_Besc_6561_sigmaR_0.216_SE_reference_AE_historical"
18,"R-OM__Fcap_1.70_Besc_6561_sigmaR_0.216_SE_reference_AE_historical",1.7,6561,"Long",2048,1000,0.001,0.005,13639.7773324999,9302.27917754997,18751.107343176,0.47,4968.31279601308,4399.18887467794,0,12382.8521435603,"R-OM",18,"Fcap_1.70_Besc_6561_sigmaR_0.216_SE_reference_AE_historical"
18,"R-OM__Fcap_1.70_Besc_6561_sigmaR_0.216_SE_reference_AE_historical",1.7,6561,"Long",2049,1000,0,0.004,13246.0382438265,9535.99231492239,18628.047628694,0.505,4529.64028951093,0,0,12268.7785267439,"R-OM",18,"Fcap_1.70_Besc_6561_sigmaR_0.216_SE_reference_AE_historical"
18,"R-OM__Fcap_1.70_Besc_6561_sigmaR_0.216_SE_reference_AE_historical",1.7,6561,"Long",2050,1000,0.002,0.004,13579.1619385857,9671.29713362795,19069.2764409796,0.438,5328.3882694828,6732.15908488838,0,13291.8352966228,"R-OM",18,"Fcap_1.70_Besc_6561_sigmaR_0.216_SE_reference_AE_historical"
18,"R-OM__Fcap_1.70_Besc_6561_sigmaR_0.216_SE_reference_AE_historical",1.7,6561,"Long",2051,1000,0,0.011,13405.0205192193,9179.57440794694,18754.7642059777,0.467,4756.53697179784,2546.22521222713,0,12451.9665080295,"R-OM",18,"Fcap_1.70_Besc_6561_sigmaR_0.216_SE_reference_AE_historical"
18,"R-OM__Fcap_1.70_Besc_6561_sigmaR_0.216_SE_reference_AE_historical",1.7,6561,"Long",2052,1000,0,0.002,13478.5797127398,9657.19572191763,18770.8900273683,0.469,4909.88824071224,3699.13682097417,0,12347.6588890927,"R-OM",18,"Fcap_1.70_Besc_6561_sigmaR_0.216_SE_reference_AE_historical"
18,"R-OM__Fcap_1.70_Besc_6561_sigmaR_0.216_SE_reference_AE_historical",1.7,6561,"Long",2053,1000,0,0.005,13457.6420060329,9547.18992562322,18767.4777330061,0.484,4843.75723488631,2426.58719801005,0,12774.0997728718,"R-OM",18,"Fcap_1.70_Besc_6561_sigmaR_0.216_SE_reference_AE_historical"
18,"R-OM__Fcap_1.70_Besc_6561_sigmaR_0.216_SE_reference_AE_historical",1.7,6561,"Long",2054,1000,0,0.005,13381.8798041221,9166.5786761884,18476.5126916018,0.471,4689.47087889103,3713.70643490052,0,11621.7666873051,"R-OM",18,"Fcap_1.70_Besc_6561_sigmaR_0.216_SE_reference_AE_historical"
18,"R-OM__Fcap_1.70_Besc_6561_sigmaR_0.216_SE_reference_AE_historical",1.7,6561,"Full",2025,1000,0,0,13707.9239678985,12102.5300681059,16404.2984425628,0.468,4086.68449894565,2299.71217672479,0,10680.6344924228,"R-OM",18,"Fcap_1.70_Besc_6561_sigmaR_0.216_SE_reference_AE_historical"
18,"R-OM__Fcap_1.70_Besc_6561_sigmaR_0.216_SE_reference_AE_historical",1.7,6561,"Full",2026,1000,0,0,13777.8750781979,10205.0519579001,18983.2668443684,0.427,5064.78524762191,6449.453150396,0,11875.4317646737,"R-OM",18,"Fcap_1.70_Besc_6561_sigmaR_0.216_SE_reference_AE_historical"
18,"R-OM__Fcap_1.70_Besc_6561_sigmaR_0.216_SE_reference_AE_historical",1.7,6561,"Full",2027,1000,0,0.002,13512.4066257922,9633.65064765853,18847.8335688243,0.464,4650.70539307195,3052.46794358498,0,12149.3436060477,"R-OM",18,"Fcap_1.70_Besc_6561_sigmaR_0.216_SE_reference_AE_historical"
18,"R-OM__Fcap_1.70_Besc_6561_sigmaR_0.216_SE_reference_AE_historical",1.7,6561,"Full",2028,1000,0,0,13631.7859110221,9967.4575233676,18047.6704709006,0.448,5026.08329275723,4589.82493858389,0,12231.263220968,"R-OM",18,"Fcap_1.70_Besc_6561_sigmaR_0.216_SE_reference_AE_historical"
18,"R-OM__Fcap_1.70_Besc_6561_sigmaR_0.216_SE_reference_AE_historical",1.7,6561,"Full",2029,1000,0.002,0.005,13508.6298412107,9230.18190385971,18479.8342714524,0.48,4547.53480255363,1589.01045863205,0,12035.9816060548,"R-OM",18,"Fcap_1.70_Besc_6561_sigmaR_0.216_SE_reference_AE_historical"
18,"R-OM__Fcap_1.70_Besc_6561_sigmaR_0.216_SE_reference_AE_historical",1.7,6561,"Full",2030,1000,0,0.004,13452.4922701859,9568.40542582606,18740.1299558087,0.462,4863.50330930962,3747.13898359206,0,12691.9200110335,"R-OM",18,"Fcap_1.70_Besc_6561_sigmaR_0.216_SE_reference_AE_historical"
18,"R-OM__Fcap_1.70_Besc_6561_sigmaR_0.216_SE_reference_AE_historical",1.7,6561,"Full",2031,1000,0,0.007,13303.0574096698,9359.5034319209,18258.2193701003,0.495,4468.69680038797,359.009072388265,0,12202.4180522576,"R-OM",18,"Fcap_1.70_Besc_6561_sigmaR_0.216_SE_reference_AE_historical"
18,"R-OM__Fcap_1.70_Besc_6561_sigmaR_0.216_SE_reference_AE_historical",1.7,6561,"Full",2032,1000,0.002,0.006,13434.574692766,9548.67145385821,18690.0928155856,0.483,4705.16686935933,2263.85980460937,0,12369.6367293541,"R-OM",18,"Fcap_1.70_Besc_6561_sigmaR_0.216_SE_reference_AE_historical"
18,"R-OM__Fcap_1.70_Besc_6561_sigmaR_0.216_SE_reference_AE_historical",1.7,6561,"Full",2033,1000,0.001,0.003,13593.0531941539,9442.09531193652,18632.7368586944,0.459,4963.60360066244,3763.01602833093,0,12761.858409728,"R-OM",18,"Fcap_1.70_Besc_6561_sigmaR_0.216_SE_reference_AE_historical"
18,"R-OM__Fcap_1.70_Besc_6561_sigmaR_0.216_SE_reference_AE_historical",1.7,6561,"Full",2034,1000,0,0.005,13501.9435710702,9521.20049085253,18493.4218017152,0.458,5003.00264445926,4778.33491337813,0,12360.4043740169,"R-OM",18,"Fcap_1.70_Besc_6561_sigmaR_0.216_SE_reference_AE_historical"
18,"R-OM__Fcap_1.70_Besc_6561_sigmaR_0.216_SE_reference_AE_historical",1.7,6561,"Full",2035,1000,0.001,0.006,13301.0267472916,9336.81117657488,18398.9608698271,0.484,4705.29615297032,2704.32120933925,0,12269.0208137511,"R-OM",18,"Fcap_1.70_Besc_6561_sigmaR_0.216_SE_reference_AE_historical"
18,"R-OM__Fcap_1.70_Besc_6561_sigmaR_0.216_SE_reference_AE_historical",1.7,6561,"Full",2036,1000,0,0.005,13424.2829030654,9214.51296537683,18698.9657637655,0.482,4767.58240669471,3076.93762581411,0,12166.0991665466,"R-OM",18,"Fcap_1.70_Besc_6561_sigmaR_0.216_SE_reference_AE_historical"
18,"R-OM__Fcap_1.70_Besc_6561_sigmaR_0.216_SE_reference_AE_historical",1.7,6561,"Full",2037,1000,0.002,0.004,13368.0861728071,9446.59430441188,17971.5405719778,0.484,4520.4388644412,1946.22844834335,0,11642.3530098717,"R-OM",18,"Fcap_1.70_Besc_6561_sigmaR_0.216_SE_reference_AE_historical"
18,"R-OM__Fcap_1.70_Besc_6561_sigmaR_0.216_SE_reference_AE_historical",1.7,6561,"Full",2038,1000,0,0.003,13285.4174643532,9481.95892756436,18311.6991192637,0.463,4885.43995084027,4401.58237840312,0,12395.5428431642,"R-OM",18,"Fcap_1.70_Besc_6561_sigmaR_0.216_SE_reference_AE_historical"
18,"R-OM__Fcap_1.70_Besc_6561_sigmaR_0.216_SE_reference_AE_historical",1.7,6561,"Full",2039,1000,0,0.006,13473.5601105234,9299.05231278891,18221.5101491833,0.479,4745.8445987719,3006.40635404541,0,11923.517777472,"R-OM",18,"Fcap_1.70_Besc_6561_sigmaR_0.216_SE_reference_AE_historical"
18,"R-OM__Fcap_1.70_Besc_6561_sigmaR_0.216_SE_reference_AE_historical",1.7,6561,"Full",2040,1000,0,0.003,13375.8488076736,9770.65387867885,18579.2756044899,0.465,4929.47744588261,5124.92867447728,0,12124.8516065524,"R-OM",18,"Fcap_1.70_Besc_6561_sigmaR_0.216_SE_reference_AE_historical"
18,"R-OM__Fcap_1.70_Besc_6561_sigmaR_0.216_SE_reference_AE_historical",1.7,6561,"Full",2041,1000,0,0.005,13497.8178860757,9188.28919325651,18345.7719655342,0.466,4876.72300217376,3838.14508649963,0,12013.2624704812,"R-OM",18,"Fcap_1.70_Besc_6561_sigmaR_0.216_SE_reference_AE_historical"
18,"R-OM__Fcap_1.70_Besc_6561_sigmaR_0.216_SE_reference_AE_historical",1.7,6561,"Full",2042,1000,0,0.005,13413.1143818303,9353.03855400931,18449.3510846923,0.475,4772.27830523683,2777.24196235998,0,12096.2754779177,"R-OM",18,"Fcap_1.70_Besc_6561_sigmaR_0.216_SE_reference_AE_historical"
18,"R-OM__Fcap_1.70_Besc_6561_sigmaR_0.216_SE_reference_AE_historical",1.7,6561,"Full",2043,1000,0,0.001,13298.9996708192,9439.51650935478,18283.2872738708,0.474,4628.01160992837,2994.19447192283,0,12073.718620267,"R-OM",18,"Fcap_1.70_Besc_6561_sigmaR_0.216_SE_reference_AE_historical"
18,"R-OM__Fcap_1.70_Besc_6561_sigmaR_0.216_SE_reference_AE_historical",1.7,6561,"Full",2044,1000,0.002,0.002,13336.7784493244,9675.41727394716,18609.0004350985,0.473,4813.15641250142,2845.13234039282,0,12374.2497424028,"R-OM",18,"Fcap_1.70_Besc_6561_sigmaR_0.216_SE_reference_AE_historical"
18,"R-OM__Fcap_1.70_Besc_6561_sigmaR_0.216_SE_reference_AE_historical",1.7,6561,"Full",2045,1000,0.003,0.006,13360.9977365347,9354.28387471906,18297.498565952,0.461,4926.08539462559,3718.45541756484,0,12798.3953884882,"R-OM",18,"Fcap_1.70_Besc_6561_sigmaR_0.216_SE_reference_AE_historical"
18,"R-OM__Fcap_1.70_Besc_6561_sigmaR_0.216_SE_reference_AE_historical",1.7,6561,"Full",2046,1000,0.002,0.007,13424.520487889,9405.37381292031,18492.7573304572,0.475,4757.99137936253,3081.03995951872,0,12306.325257537,"R-OM",18,"Fcap_1.70_Besc_6561_sigmaR_0.216_SE_reference_AE_historical"
18,"R-OM__Fcap_1.70_Besc_6561_sigmaR_0.216_SE_reference_AE_historical",1.7,6561,"Full",2047,1000,0,0.004,13462.2201319248,9868.63395992753,18743.9728910965,0.455,4944.5166833544,4158.6370453805,0,12656.034431491,"R-OM",18,"Fcap_1.70_Besc_6561_sigmaR_0.216_SE_reference_AE_historical"
18,"R-OM__Fcap_1.70_Besc_6561_sigmaR_0.216_SE_reference_AE_historical",1.7,6561,"Full",2048,1000,0.001,0.005,13639.7773324999,9302.27917754997,18751.107343176,0.47,4968.31279601308,4399.18887467794,0,12382.8521435603,"R-OM",18,"Fcap_1.70_Besc_6561_sigmaR_0.216_SE_reference_AE_historical"
18,"R-OM__Fcap_1.70_Besc_6561_sigmaR_0.216_SE_reference_AE_historical",1.7,6561,"Full",2049,1000,0,0.004,13246.0382438265,9535.99231492239,18628.047628694,0.505,4529.64028951093,0,0,12268.7785267439,"R-OM",18,"Fcap_1.70_Besc_6561_sigmaR_0.216_SE_reference_AE_historical"
18,"R-OM__Fcap_1.70_Besc_6561_sigmaR_0.216_SE_reference_AE_historical",1.7,6561,"Full",2050,1000,0.002,0.004,13579.1619385857,9671.29713362795,19069.2764409796,0.438,5328.3882694828,6732.15908488838,0,13291.8352966228,"R-OM",18,"Fcap_1.70_Besc_6561_sigmaR_0.216_SE_reference_AE_historical"
18,"R-OM__Fcap_1.70_Besc_6561_sigmaR_0.216_SE_reference_AE_historical",1.7,6561,"Full",2051,1000,0,0.011,13405.0205192193,9179.57440794694,18754.7642059777,0.467,4756.53697179784,2546.22521222713,0,12451.9665080295,"R-OM",18,"Fcap_1.70_Besc_6561_sigmaR_0.216_SE_reference_AE_historical"
18,"R-OM__Fcap_1.70_Besc_6561_sigmaR_0.216_SE_reference_AE_historical",1.7,6561,"Full",2052,1000,0,0.002,13478.5797127398,9657.19572191763,18770.8900273683,0.469,4909.88824071224,3699.13682097417,0,12347.6588890927,"R-OM",18,"Fcap_1.70_Besc_6561_sigmaR_0.216_SE_reference_AE_historical"
18,"R-OM__Fcap_1.70_Besc_6561_sigmaR_0.216_SE_reference_AE_historical",1.7,6561,"Full",2053,1000,0,0.005,13457.6420060329,9547.18992562322,18767.4777330061,0.484,4843.75723488631,2426.58719801005,0,12774.0997728718,"R-OM",18,"Fcap_1.70_Besc_6561_sigmaR_0.216_SE_reference_AE_historical"
18,"R-OM__Fcap_1.70_Besc_6561_sigmaR_0.216_SE_reference_AE_historical",1.7,6561,"Full",2054,1000,0,0.005,13381.8798041221,9166.5786761884,18476.5126916018,0.471,4689.47087889103,3713.70643490052,0,11621.7666873051,"R-OM",18,"Fcap_1.70_Besc_6561_sigmaR_0.216_SE_reference_AE_historical"
19,"R-OM__Fcap_1.70_Besc_7250_sigmaR_0.216_SE_reference_AE_historical",1.7,7250,"Short",2025,1000,0,0,13931.3329085382,12135.8179097045,16782.0474924443,0.681,2524.82424381527,0,0,10630.1364955473,"R-OM",19,"Fcap_1.70_Besc_7250_sigmaR_0.216_SE_reference_AE_historical"
19,"R-OM__Fcap_1.70_Besc_7250_sigmaR_0.216_SE_reference_AE_historical",1.7,7250,"Short",2026,1000,0,0,14410.7083402136,10943.3413262687,19573.1465661803,0.448,5033.9277564466,4865.06806930468,0,12242.8749864428,"R-OM",19,"Fcap_1.70_Besc_7250_sigmaR_0.216_SE_reference_AE_historical"
19,"R-OM__Fcap_1.70_Besc_7250_sigmaR_0.216_SE_reference_AE_historical",1.7,7250,"Short",2027,1000,0,0.001,13973.6586092564,9702.69329275264,19464.6874728508,0.603,3620.00915306759,0,0,11970.1838788471,"R-OM",19,"Fcap_1.70_Besc_7250_sigmaR_0.216_SE_reference_AE_historical"
19,"R-OM__Fcap_1.70_Besc_7250_sigmaR_0.216_SE_reference_AE_historical",1.7,7250,"Short",2028,1000,0,0,14170.1084532199,10436.707237581,18601.1908007776,0.521,4680.55136716404,0,0,13499.8877661012,"R-OM",19,"Fcap_1.70_Besc_7250_sigmaR_0.216_SE_reference_AE_historical"
19,"R-OM__Fcap_1.70_Besc_7250_sigmaR_0.216_SE_reference_AE_historical",1.7,7250,"Short",2029,1000,0.003,0.006,13932.3386124851,9175.50431386649,19119.0137770645,0.577,3948.34202362738,0,0,12856.0240727989,"R-OM",19,"Fcap_1.70_Besc_7250_sigmaR_0.216_SE_reference_AE_historical"
19,"R-OM__Fcap_1.70_Besc_7250_sigmaR_0.216_SE_reference_AE_historical",1.7,7250,"Short",2030,1000,0,0.001,13975.0870855837,9717.2045085521,19335.4352547327,0.579,4205.53235609249,0,0,13908.8154188224,"R-OM",19,"Fcap_1.70_Besc_7250_sigmaR_0.216_SE_reference_AE_historical"
19,"R-OM__Fcap_1.70_Besc_7250_sigmaR_0.216_SE_reference_AE_historical",1.7,7250,"Short",2031,1000,0,0.005,13843.0149408914,9300.06912160132,18753.2487038624,0.578,3988.58400929138,0,0,13227.7991743469,"R-OM",19,"Fcap_1.70_Besc_7250_sigmaR_0.216_SE_reference_AE_historical"
19,"R-OM__Fcap_1.70_Besc_7250_sigmaR_0.216_SE_reference_AE_historical",1.7,7250,"Short",2032,1000,0.001,0.01,13969.3412187076,9689.18399559086,18991.8654855196,0.575,4327.74407686402,0,0,15112.1461153945,"R-OM",19,"Fcap_1.70_Besc_7250_sigmaR_0.216_SE_reference_AE_historical"
19,"R-OM__Fcap_1.70_Besc_7250_sigmaR_0.216_SE_reference_AE_historical",1.7,7250,"Short",2033,1000,0.003,0.01,13923.0536004269,9147.90633191181,18926.5140122884,0.571,4457.46413148977,0,0,15419.7252646179,"R-OM",19,"Fcap_1.70_Besc_7250_sigmaR_0.216_SE_reference_AE_historical"
19,"R-OM__Fcap_1.70_Besc_7250_sigmaR_0.216_SE_reference_AE_historical",1.7,7250,"Short",2034,1000,0.001,0.011,14010.1796015833,9582.700200338,19248.267063859,0.56,4458.70911089297,0,0,14363.107409082,"R-OM",19,"Fcap_1.70_Besc_7250_sigmaR_0.216_SE_reference_AE_historical"
19,"R-OM__Fcap_1.70_Besc_7250_sigmaR_0.216_SE_reference_AE_historical",1.7,7250,"Medium",2035,1000,0.003,0.013,13849.7222735779,9190.40617320803,19146.3541469008,0.589,4065.57555722714,0,0,12983.5166277003,"R-OM",19,"Fcap_1.70_Besc_7250_sigmaR_0.216_SE_reference_AE_historical"
19,"R-OM__Fcap_1.70_Besc_7250_sigmaR_0.216_SE_reference_AE_historical",1.7,7250,"Medium",2036,1000,0,0.006,13845.7276319478,9607.41928136081,19023.0993315149,0.559,4452.34830004357,0,0,14201.2866500814,"R-OM",19,"Fcap_1.70_Besc_7250_sigmaR_0.216_SE_reference_AE_historical"
19,"R-OM__Fcap_1.70_Besc_7250_sigmaR_0.216_SE_reference_AE_historical",1.7,7250,"Medium",2037,1000,0.001,0.006,13781.977845637,9393.38410623433,18487.5695503141,0.604,3875.0777975161,0,0,13115.0128305785,"R-OM",19,"Fcap_1.70_Besc_7250_sigmaR_0.216_SE_reference_AE_historical"
19,"R-OM__Fcap_1.70_Besc_7250_sigmaR_0.216_SE_reference_AE_historical",1.7,7250,"Medium",2038,1000,0.001,0.005,13822.946721501,9465.92133403236,18764.1547962714,0.564,4426.33001357532,0,0,15016.3740886957,"R-OM",19,"Fcap_1.70_Besc_7250_sigmaR_0.216_SE_reference_AE_historical"
19,"R-OM__Fcap_1.70_Besc_7250_sigmaR_0.216_SE_reference_AE_historical",1.7,7250,"Medium",2039,1000,0.002,0.007,13859.901802092,9358.42713932142,18384.3171924496,0.566,4476.92416254352,0,0,15860.38713102,"R-OM",19,"Fcap_1.70_Besc_7250_sigmaR_0.216_SE_reference_AE_historical"
19,"R-OM__Fcap_1.70_Besc_7250_sigmaR_0.216_SE_reference_AE_historical",1.7,7250,"Medium",2040,1000,0,0.007,13878.657202274,9562.56976186502,18936.5151732307,0.58,4134.011658774,0,0,13469.7166476487,"R-OM",19,"Fcap_1.70_Besc_7250_sigmaR_0.216_SE_reference_AE_historical"
19,"R-OM__Fcap_1.70_Besc_7250_sigmaR_0.216_SE_reference_AE_historical",1.7,7250,"Medium",2041,1000,0.002,0.008,13958.5277563395,9441.18552826466,18779.1984630828,0.553,4380.75842030227,0,0,13697.6872017433,"R-OM",19,"Fcap_1.70_Besc_7250_sigmaR_0.216_SE_reference_AE_historical"
19,"R-OM__Fcap_1.70_Besc_7250_sigmaR_0.216_SE_reference_AE_historical",1.7,7250,"Medium",2042,1000,0,0.008,14029.4394176637,9336.51765588054,18875.8301399945,0.577,4260.17682309055,0,0,13629.9272573996,"R-OM",19,"Fcap_1.70_Besc_7250_sigmaR_0.216_SE_reference_AE_historical"
19,"R-OM__Fcap_1.70_Besc_7250_sigmaR_0.216_SE_reference_AE_historical",1.7,7250,"Medium",2043,1000,0.001,0.006,13747.8163734056,9380.35394286645,18731.5575342077,0.588,4207.0114143354,0,0,14274.8727853773,"R-OM",19,"Fcap_1.70_Besc_7250_sigmaR_0.216_SE_reference_AE_historical"
19,"R-OM__Fcap_1.70_Besc_7250_sigmaR_0.216_SE_reference_AE_historical",1.7,7250,"Medium",2044,1000,0.003,0.01,13881.0872770051,9558.77216774619,18974.7248233406,0.573,4284.99046049688,0,0,13820.0170319578,"R-OM",19,"Fcap_1.70_Besc_7250_sigmaR_0.216_SE_reference_AE_historical"
19,"R-OM__Fcap_1.70_Besc_7250_sigmaR_0.216_SE_reference_AE_historical",1.7,7250,"Long",2045,1000,0.004,0.008,13865.3635156394,9361.58270881906,18901.4558624174,0.562,4546.54308353072,0,0,15789.1191070866,"R-OM",19,"Fcap_1.70_Besc_7250_sigmaR_0.216_SE_reference_AE_historical"
19,"R-OM__Fcap_1.70_Besc_7250_sigmaR_0.216_SE_reference_AE_historical",1.7,7250,"Long",2046,1000,0.003,0.008,13893.5348376271,9414.51915729062,18862.6234161195,0.597,4009.1828008425,0,0,13004.2040853343,"R-OM",19,"Fcap_1.70_Besc_7250_sigmaR_0.216_SE_reference_AE_historical"
19,"R-OM__Fcap_1.70_Besc_7250_sigmaR_0.216_SE_reference_AE_historical",1.7,7250,"Long",2047,1000,0.003,0.007,14035.6864769841,10023.555864494,19218.4638539307,0.543,4679.19042159821,0,0,15377.2340567009,"R-OM",19,"Fcap_1.70_Besc_7250_sigmaR_0.216_SE_reference_AE_historical"
19,"R-OM__Fcap_1.70_Besc_7250_sigmaR_0.216_SE_reference_AE_historical",1.7,7250,"Long",2048,1000,0.003,0.006,14044.8649345006,9297.02394507781,19069.7507470714,0.56,4448.73854858291,0,0,14087.2901958348,"R-OM",19,"Fcap_1.70_Besc_7250_sigmaR_0.216_SE_reference_AE_historical"
19,"R-OM__Fcap_1.70_Besc_7250_sigmaR_0.216_SE_reference_AE_historical",1.7,7250,"Long",2049,1000,0.003,0.012,13746.6828656556,9564.50338952689,19204.5317876485,0.593,4037.15541904879,0,0,13170.0358480241,"R-OM",19,"Fcap_1.70_Besc_7250_sigmaR_0.216_SE_reference_AE_historical"
19,"R-OM__Fcap_1.70_Besc_7250_sigmaR_0.216_SE_reference_AE_historical",1.7,7250,"Long",2050,1000,0.002,0.009,14100.5539453975,9671.63881711438,19471.2121835057,0.538,4651.19555288617,0,0,14419.659080672,"R-OM",19,"Fcap_1.70_Besc_7250_sigmaR_0.216_SE_reference_AE_historical"
19,"R-OM__Fcap_1.70_Besc_7250_sigmaR_0.216_SE_reference_AE_historical",1.7,7250,"Long",2051,1000,0.001,0.009,13944.2562988434,9471.68882104898,19179.5849714903,0.561,4323.84957033008,0,0,13458.4991530068,"R-OM",19,"Fcap_1.70_Besc_7250_sigmaR_0.216_SE_reference_AE_historical"
19,"R-OM__Fcap_1.70_Besc_7250_sigmaR_0.216_SE_reference_AE_historical",1.7,7250,"Long",2052,1000,0,0.007,13966.0555985298,9615.24363180676,19124.7440861532,0.548,4561.67428973076,0,0,14575.9324821426,"R-OM",19,"Fcap_1.70_Besc_7250_sigmaR_0.216_SE_reference_AE_historical"
19,"R-OM__Fcap_1.70_Besc_7250_sigmaR_0.216_SE_reference_AE_historical",1.7,7250,"Long",2053,1000,0.001,0.006,13855.8055323744,9270.89791243168,19110.1841538275,0.58,4218.24933237217,0,0,14025.1046373946,"R-OM",19,"Fcap_1.70_Besc_7250_sigmaR_0.216_SE_reference_AE_historical"
19,"R-OM__Fcap_1.70_Besc_7250_sigmaR_0.216_SE_reference_AE_historical",1.7,7250,"Long",2054,1000,0.001,0.004,13891.6490269491,9431.43149164693,18983.7907598574,0.558,4158.46827776977,0,0,12514.6989484711,"R-OM",19,"Fcap_1.70_Besc_7250_sigmaR_0.216_SE_reference_AE_historical"
19,"R-OM__Fcap_1.70_Besc_7250_sigmaR_0.216_SE_reference_AE_historical",1.7,7250,"Full",2025,1000,0,0,13931.3329085382,12135.8179097045,16782.0474924443,0.681,2524.82424381527,0,0,10630.1364955473,"R-OM",19,"Fcap_1.70_Besc_7250_sigmaR_0.216_SE_reference_AE_historical"
19,"R-OM__Fcap_1.70_Besc_7250_sigmaR_0.216_SE_reference_AE_historical",1.7,7250,"Full",2026,1000,0,0,14410.7083402136,10943.3413262687,19573.1465661803,0.448,5033.9277564466,4865.06806930468,0,12242.8749864428,"R-OM",19,"Fcap_1.70_Besc_7250_sigmaR_0.216_SE_reference_AE_historical"
19,"R-OM__Fcap_1.70_Besc_7250_sigmaR_0.216_SE_reference_AE_historical",1.7,7250,"Full",2027,1000,0,0.001,13973.6586092564,9702.69329275264,19464.6874728508,0.603,3620.00915306759,0,0,11970.1838788471,"R-OM",19,"Fcap_1.70_Besc_7250_sigmaR_0.216_SE_reference_AE_historical"
19,"R-OM__Fcap_1.70_Besc_7250_sigmaR_0.216_SE_reference_AE_historical",1.7,7250,"Full",2028,1000,0,0,14170.1084532199,10436.707237581,18601.1908007776,0.521,4680.55136716404,0,0,13499.8877661012,"R-OM",19,"Fcap_1.70_Besc_7250_sigmaR_0.216_SE_reference_AE_historical"
19,"R-OM__Fcap_1.70_Besc_7250_sigmaR_0.216_SE_reference_AE_historical",1.7,7250,"Full",2029,1000,0.003,0.006,13932.3386124851,9175.50431386649,19119.0137770645,0.577,3948.34202362738,0,0,12856.0240727989,"R-OM",19,"Fcap_1.70_Besc_7250_sigmaR_0.216_SE_reference_AE_historical"
19,"R-OM__Fcap_1.70_Besc_7250_sigmaR_0.216_SE_reference_AE_historical",1.7,7250,"Full",2030,1000,0,0.001,13975.0870855837,9717.2045085521,19335.4352547327,0.579,4205.53235609249,0,0,13908.8154188224,"R-OM",19,"Fcap_1.70_Besc_7250_sigmaR_0.216_SE_reference_AE_historical"
19,"R-OM__Fcap_1.70_Besc_7250_sigmaR_0.216_SE_reference_AE_historical",1.7,7250,"Full",2031,1000,0,0.005,13843.0149408914,9300.06912160132,18753.2487038624,0.578,3988.58400929138,0,0,13227.7991743469,"R-OM",19,"Fcap_1.70_Besc_7250_sigmaR_0.216_SE_reference_AE_historical"
19,"R-OM__Fcap_1.70_Besc_7250_sigmaR_0.216_SE_reference_AE_historical",1.7,7250,"Full",2032,1000,0.001,0.01,13969.3412187076,9689.18399559086,18991.8654855196,0.575,4327.74407686402,0,0,15112.1461153945,"R-OM",19,"Fcap_1.70_Besc_7250_sigmaR_0.216_SE_reference_AE_historical"
19,"R-OM__Fcap_1.70_Besc_7250_sigmaR_0.216_SE_reference_AE_historical",1.7,7250,"Full",2033,1000,0.003,0.01,13923.0536004269,9147.90633191181,18926.5140122884,0.571,4457.46413148977,0,0,15419.7252646179,"R-OM",19,"Fcap_1.70_Besc_7250_sigmaR_0.216_SE_reference_AE_historical"
19,"R-OM__Fcap_1.70_Besc_7250_sigmaR_0.216_SE_reference_AE_historical",1.7,7250,"Full",2034,1000,0.001,0.011,14010.1796015833,9582.700200338,19248.267063859,0.56,4458.70911089297,0,0,14363.107409082,"R-OM",19,"Fcap_1.70_Besc_7250_sigmaR_0.216_SE_reference_AE_historical"
19,"R-OM__Fcap_1.70_Besc_7250_sigmaR_0.216_SE_reference_AE_historical",1.7,7250,"Full",2035,1000,0.003,0.013,13849.7222735779,9190.40617320803,19146.3541469008,0.589,4065.57555722714,0,0,12983.5166277003,"R-OM",19,"Fcap_1.70_Besc_7250_sigmaR_0.216_SE_reference_AE_historical"
19,"R-OM__Fcap_1.70_Besc_7250_sigmaR_0.216_SE_reference_AE_historical",1.7,7250,"Full",2036,1000,0,0.006,13845.7276319478,9607.41928136081,19023.0993315149,0.559,4452.34830004357,0,0,14201.2866500814,"R-OM",19,"Fcap_1.70_Besc_7250_sigmaR_0.216_SE_reference_AE_historical"
19,"R-OM__Fcap_1.70_Besc_7250_sigmaR_0.216_SE_reference_AE_historical",1.7,7250,"Full",2037,1000,0.001,0.006,13781.977845637,9393.38410623433,18487.5695503141,0.604,3875.0777975161,0,0,13115.0128305785,"R-OM",19,"Fcap_1.70_Besc_7250_sigmaR_0.216_SE_reference_AE_historical"
19,"R-OM__Fcap_1.70_Besc_7250_sigmaR_0.216_SE_reference_AE_historical",1.7,7250,"Full",2038,1000,0.001,0.005,13822.946721501,9465.92133403236,18764.1547962714,0.564,4426.33001357532,0,0,15016.3740886957,"R-OM",19,"Fcap_1.70_Besc_7250_sigmaR_0.216_SE_reference_AE_historical"
19,"R-OM__Fcap_1.70_Besc_7250_sigmaR_0.216_SE_reference_AE_historical",1.7,7250,"Full",2039,1000,0.002,0.007,13859.901802092,9358.42713932142,18384.3171924496,0.566,4476.92416254352,0,0,15860.38713102,"R-OM",19,"Fcap_1.70_Besc_7250_sigmaR_0.216_SE_reference_AE_historical"
19,"R-OM__Fcap_1.70_Besc_7250_sigmaR_0.216_SE_reference_AE_historical",1.7,7250,"Full",2040,1000,0,0.007,13878.657202274,9562.56976186502,18936.5151732307,0.58,4134.011658774,0,0,13469.7166476487,"R-OM",19,"Fcap_1.70_Besc_7250_sigmaR_0.216_SE_reference_AE_historical"
19,"R-OM__Fcap_1.70_Besc_7250_sigmaR_0.216_SE_reference_AE_historical",1.7,7250,"Full",2041,1000,0.002,0.008,13958.5277563395,9441.18552826466,18779.1984630828,0.553,4380.75842030227,0,0,13697.6872017433,"R-OM",19,"Fcap_1.70_Besc_7250_sigmaR_0.216_SE_reference_AE_historical"
19,"R-OM__Fcap_1.70_Besc_7250_sigmaR_0.216_SE_reference_AE_historical",1.7,7250,"Full",2042,1000,0,0.008,14029.4394176637,9336.51765588054,18875.8301399945,0.577,4260.17682309055,0,0,13629.9272573996,"R-OM",19,"Fcap_1.70_Besc_7250_sigmaR_0.216_SE_reference_AE_historical"
19,"R-OM__Fcap_1.70_Besc_7250_sigmaR_0.216_SE_reference_AE_historical",1.7,7250,"Full",2043,1000,0.001,0.006,13747.8163734056,9380.35394286645,18731.5575342077,0.588,4207.0114143354,0,0,14274.8727853773,"R-OM",19,"Fcap_1.70_Besc_7250_sigmaR_0.216_SE_reference_AE_historical"
19,"R-OM__Fcap_1.70_Besc_7250_sigmaR_0.216_SE_reference_AE_historical",1.7,7250,"Full",2044,1000,0.003,0.01,13881.0872770051,9558.77216774619,18974.7248233406,0.573,4284.99046049688,0,0,13820.0170319578,"R-OM",19,"Fcap_1.70_Besc_7250_sigmaR_0.216_SE_reference_AE_historical"
19,"R-OM__Fcap_1.70_Besc_7250_sigmaR_0.216_SE_reference_AE_historical",1.7,7250,"Full",2045,1000,0.004,0.008,13865.3635156394,9361.58270881906,18901.4558624174,0.562,4546.54308353072,0,0,15789.1191070866,"R-OM",19,"Fcap_1.70_Besc_7250_sigmaR_0.216_SE_reference_AE_historical"
19,"R-OM__Fcap_1.70_Besc_7250_sigmaR_0.216_SE_reference_AE_historical",1.7,7250,"Full",2046,1000,0.003,0.008,13893.5348376271,9414.51915729062,18862.6234161195,0.597,4009.1828008425,0,0,13004.2040853343,"R-OM",19,"Fcap_1.70_Besc_7250_sigmaR_0.216_SE_reference_AE_historical"
19,"R-OM__Fcap_1.70_Besc_7250_sigmaR_0.216_SE_reference_AE_historical",1.7,7250,"Full",2047,1000,0.003,0.007,14035.6864769841,10023.555864494,19218.4638539307,0.543,4679.19042159821,0,0,15377.2340567009,"R-OM",19,"Fcap_1.70_Besc_7250_sigmaR_0.216_SE_reference_AE_historical"
19,"R-OM__Fcap_1.70_Besc_7250_sigmaR_0.216_SE_reference_AE_historical",1.7,7250,"Full",2048,1000,0.003,0.006,14044.8649345006,9297.02394507781,19069.7507470714,0.56,4448.73854858291,0,0,14087.2901958348,"R-OM",19,"Fcap_1.70_Besc_7250_sigmaR_0.216_SE_reference_AE_historical"
19,"R-OM__Fcap_1.70_Besc_7250_sigmaR_0.216_SE_reference_AE_historical",1.7,7250,"Full",2049,1000,0.003,0.012,13746.6828656556,9564.50338952689,19204.5317876485,0.593,4037.15541904879,0,0,13170.0358480241,"R-OM",19,"Fcap_1.70_Besc_7250_sigmaR_0.216_SE_reference_AE_historical"
19,"R-OM__Fcap_1.70_Besc_7250_sigmaR_0.216_SE_reference_AE_historical",1.7,7250,"Full",2050,1000,0.002,0.009,14100.5539453975,9671.63881711438,19471.2121835057,0.538,4651.19555288617,0,0,14419.659080672,"R-OM",19,"Fcap_1.70_Besc_7250_sigmaR_0.216_SE_reference_AE_historical"
19,"R-OM__Fcap_1.70_Besc_7250_sigmaR_0.216_SE_reference_AE_historical",1.7,7250,"Full",2051,1000,0.001,0.009,13944.2562988434,9471.68882104898,19179.5849714903,0.561,4323.84957033008,0,0,13458.4991530068,"R-OM",19,"Fcap_1.70_Besc_7250_sigmaR_0.216_SE_reference_AE_historical"
19,"R-OM__Fcap_1.70_Besc_7250_sigmaR_0.216_SE_reference_AE_historical",1.7,7250,"Full",2052,1000,0,0.007,13966.0555985298,9615.24363180676,19124.7440861532,0.548,4561.67428973076,0,0,14575.9324821426,"R-OM",19,"Fcap_1.70_Besc_7250_sigmaR_0.216_SE_reference_AE_historical"
19,"R-OM__Fcap_1.70_Besc_7250_sigmaR_0.216_SE_reference_AE_historical",1.7,7250,"Full",2053,1000,0.001,0.006,13855.8055323744,9270.89791243168,19110.1841538275,0.58,4218.24933237217,0,0,14025.1046373946,"R-OM",19,"Fcap_1.70_Besc_7250_sigmaR_0.216_SE_reference_AE_historical"
19,"R-OM__Fcap_1.70_Besc_7250_sigmaR_0.216_SE_reference_AE_historical",1.7,7250,"Full",2054,1000,0.001,0.004,13891.6490269491,9431.43149164693,18983.7907598574,0.558,4158.46827776977,0,0,12514.6989484711,"R-OM",19,"Fcap_1.70_Besc_7250_sigmaR_0.216_SE_reference_AE_historical"
20,"R-OM__Fcap_1.70_Besc_8000_sigmaR_0.216_SE_reference_AE_historical",1.7,8000,"Short",2025,1000,0,0,14013.9318439866,12135.8179097045,17099.8719439912,0.824,1347.4685505822,0,0,10327.1145549328,"R-OM",20,"Fcap_1.70_Besc_8000_sigmaR_0.216_SE_reference_AE_historical"
20,"R-OM__Fcap_1.70_Besc_8000_sigmaR_0.216_SE_reference_AE_historical",1.7,8000,"Short",2026,1000,0,0,15100.7919975304,11303.2152622624,19936.5832573665,0.546,4252.9385370106,0,0,12630.6197327721,"R-OM",20,"Fcap_1.70_Besc_8000_sigmaR_0.216_SE_reference_AE_historical"
20,"R-OM__Fcap_1.70_Besc_8000_sigmaR_0.216_SE_reference_AE_historical",1.7,8000,"Short",2027,1000,0,0.001,14683.5127946721,10024.6325303958,19958.152222494,0.676,3004.049483984,0,0,12056.004922865,"R-OM",20,"Fcap_1.70_Besc_8000_sigmaR_0.216_SE_reference_AE_historical"
20,"R-OM__Fcap_1.70_Besc_8000_sigmaR_0.216_SE_reference_AE_historical",1.7,8000,"Short",2028,1000,0,0,14749.5818366163,10736.0719259923,19316.0771340212,0.629,4060.80784934094,0,0,15910.0545325015,"R-OM",20,"Fcap_1.70_Besc_8000_sigmaR_0.216_SE_reference_AE_historical"
20,"R-OM__Fcap_1.70_Besc_8000_sigmaR_0.216_SE_reference_AE_historical",1.7,8000,"Short",2029,1000,0.002,0.007,14370.0380180838,9394.83688924352,19589.9865567461,0.67,3629.64049523569,0,0,15008.6528824881,"R-OM",20,"Fcap_1.70_Besc_8000_sigmaR_0.216_SE_reference_AE_historical"
20,"R-OM__Fcap_1.70_Besc_8000_sigmaR_0.216_SE_reference_AE_historical",1.7,8000,"Short",2030,1000,0,0.007,14542.1852449712,9685.50829709104,19452.7672617133,0.667,3518.01302106746,0,0,15697.3531501553,"R-OM",20,"Fcap_1.70_Besc_8000_sigmaR_0.216_SE_reference_AE_historical"
20,"R-OM__Fcap_1.70_Besc_8000_sigmaR_0.216_SE_reference_AE_historical",1.7,8000,"Short",2031,1000,0,0.004,14344.164492762,9637.90902838165,18997.7937513419,0.694,3376.4496357192,0,0,14669.5829047518,"R-OM",20,"Fcap_1.70_Besc_8000_sigmaR_0.216_SE_reference_AE_historical"
20,"R-OM__Fcap_1.70_Besc_8000_sigmaR_0.216_SE_reference_AE_historical",1.7,8000,"Short",2032,1000,0.002,0.011,14513.5316328088,9642.60639028975,19341.9979276645,0.665,3588.33340700712,0,0,14926.9207100543,"R-OM",20,"Fcap_1.70_Besc_8000_sigmaR_0.216_SE_reference_AE_historical"
20,"R-OM__Fcap_1.70_Besc_8000_sigmaR_0.216_SE_reference_AE_historical",1.7,8000,"Short",2033,1000,0,0.01,14475.1204050126,9372.72351753398,19382.3202612253,0.653,3832.10702103288,0,0,18546.6535546057,"R-OM",20,"Fcap_1.70_Besc_8000_sigmaR_0.216_SE_reference_AE_historical"
20,"R-OM__Fcap_1.70_Besc_8000_sigmaR_0.216_SE_reference_AE_historical",1.7,8000,"Short",2034,1000,0,0.002,14548.6624707508,9571.39024269027,19670.705896309,0.673,3841.87722708156,0,0,18125.8988225769,"R-OM",20,"Fcap_1.70_Besc_8000_sigmaR_0.216_SE_reference_AE_historical"
20,"R-OM__Fcap_1.70_Besc_8000_sigmaR_0.216_SE_reference_AE_historical",1.7,8000,"Medium",2035,1000,0.003,0.017,14320.6192271773,9074.11519249706,19542.5964293932,0.653,3799.99959372519,0,0,14842.9455442772,"R-OM",20,"Fcap_1.70_Besc_8000_sigmaR_0.216_SE_reference_AE_historical"
20,"R-OM__Fcap_1.70_Besc_8000_sigmaR_0.216_SE_reference_AE_historical",1.7,8000,"Medium",2036,1000,0.001,0.008,14340.7121540942,9494.03716355773,18991.98615585,0.669,3789.7009516741,0,0,18756.0558293332,"R-OM",20,"Fcap_1.70_Besc_8000_sigmaR_0.216_SE_reference_AE_historical"
20,"R-OM__Fcap_1.70_Besc_8000_sigmaR_0.216_SE_reference_AE_historical",1.7,8000,"Medium",2037,1000,0.001,0.01,14299.4715176392,9317.33689342883,18864.7890941027,0.696,3344.33984831311,0,0,14413.5928541843,"R-OM",20,"Fcap_1.70_Besc_8000_sigmaR_0.216_SE_reference_AE_historical"
20,"R-OM__Fcap_1.70_Besc_8000_sigmaR_0.216_SE_reference_AE_historical",1.7,8000,"Medium",2038,1000,0.002,0.009,14467.40530905,9824.22287007468,19387.7711477453,0.672,3646.07082097106,0,0,16164.7535160457,"R-OM",20,"Fcap_1.70_Besc_8000_sigmaR_0.216_SE_reference_AE_historical"
20,"R-OM__Fcap_1.70_Besc_8000_sigmaR_0.216_SE_reference_AE_historical",1.7,8000,"Medium",2039,1000,0.004,0.01,14499.1170330117,9546.92745134009,19100.5729060247,0.665,3768.7574049452,0,0,17905.5612851566,"R-OM",20,"Fcap_1.70_Besc_8000_sigmaR_0.216_SE_reference_AE_historical"
20,"R-OM__Fcap_1.70_Besc_8000_sigmaR_0.216_SE_reference_AE_historical",1.7,8000,"Medium",2040,1000,0.002,0.009,14471.9873535946,9604.73827330868,19904.0942461555,0.681,3584.57690352525,0,0,18942.4642840672,"R-OM",20,"Fcap_1.70_Besc_8000_sigmaR_0.216_SE_reference_AE_historical"
20,"R-OM__Fcap_1.70_Besc_8000_sigmaR_0.216_SE_reference_AE_historical",1.7,8000,"Medium",2041,1000,0.004,0.014,14498.2916965698,9287.55586952213,19251.8336677953,0.636,4062.10646378928,0,0,16588.1497047375,"R-OM",20,"Fcap_1.70_Besc_8000_sigmaR_0.216_SE_reference_AE_historical"
20,"R-OM__Fcap_1.70_Besc_8000_sigmaR_0.216_SE_reference_AE_historical",1.7,8000,"Medium",2042,1000,0.001,0.007,14343.7071536861,9344.40749095485,19539.7202679628,0.675,3657.15294458311,0,0,17248.381195923,"R-OM",20,"Fcap_1.70_Besc_8000_sigmaR_0.216_SE_reference_AE_historical"
20,"R-OM__Fcap_1.70_Besc_8000_sigmaR_0.216_SE_reference_AE_historical",1.7,8000,"Medium",2043,1000,0.003,0.008,14330.0470779483,9528.08968531497,19217.083368917,0.697,3499.47064602708,0,0,18003.5472938403,"R-OM",20,"Fcap_1.70_Besc_8000_sigmaR_0.216_SE_reference_AE_historical"
20,"R-OM__Fcap_1.70_Besc_8000_sigmaR_0.216_SE_reference_AE_historical",1.7,8000,"Medium",2044,1000,0.003,0.011,14364.494043648,9564.11843061026,19618.368678453,0.66,3995.85517105549,0,0,18147.9145338288,"R-OM",20,"Fcap_1.70_Besc_8000_sigmaR_0.216_SE_reference_AE_historical"
20,"R-OM__Fcap_1.70_Besc_8000_sigmaR_0.216_SE_reference_AE_historical",1.7,8000,"Long",2045,1000,0.003,0.013,14300.7538021839,9351.01843177086,19194.3554680016,0.667,3874.56423287957,0,0,18513.1755032551,"R-OM",20,"Fcap_1.70_Besc_8000_sigmaR_0.216_SE_reference_AE_historical"
20,"R-OM__Fcap_1.70_Besc_8000_sigmaR_0.216_SE_reference_AE_historical",1.7,8000,"Long",2046,1000,0.002,0.009,14359.7372879323,9604.65016311439,19374.3782843439,0.675,3638.32010161509,0,0,14908.9403849048,"R-OM",20,"Fcap_1.70_Besc_8000_sigmaR_0.216_SE_reference_AE_historical"
20,"R-OM__Fcap_1.70_Besc_8000_sigmaR_0.216_SE_reference_AE_historical",1.7,8000,"Long",2047,1000,0.002,0.009,14464.9506838089,10121.2467620433,19489.9984734029,0.669,3775.07392759404,0,0,17849.8934951909,"R-OM",20,"Fcap_1.70_Besc_8000_sigmaR_0.216_SE_reference_AE_historical"
20,"R-OM__Fcap_1.70_Besc_8000_sigmaR_0.216_SE_reference_AE_historical",1.7,8000,"Long",2048,1000,0.004,0.009,14577.5632463917,9572.21105934356,19935.2260890668,0.661,3923.71537027417,0,0,18084.666575761,"R-OM",20,"Fcap_1.70_Besc_8000_sigmaR_0.216_SE_reference_AE_historical"
20,"R-OM__Fcap_1.70_Besc_8000_sigmaR_0.216_SE_reference_AE_historical",1.7,8000,"Long",2049,1000,0.001,0.009,14190.0955698122,9773.1109095272,19458.5334279536,0.677,3631.88444688535,0,0,15630.2297845651,"R-OM",20,"Fcap_1.70_Besc_8000_sigmaR_0.216_SE_reference_AE_historical"
20,"R-OM__Fcap_1.70_Besc_8000_sigmaR_0.216_SE_reference_AE_historical",1.7,8000,"Long",2050,1000,0.001,0.009,14552.7429039334,9914.80233469097,19731.7509066004,0.652,4066.71484698252,0,0,19100.4883594958,"R-OM",20,"Fcap_1.70_Besc_8000_sigmaR_0.216_SE_reference_AE_historical"
20,"R-OM__Fcap_1.70_Besc_8000_sigmaR_0.216_SE_reference_AE_historical",1.7,8000,"Long",2051,1000,0.003,0.013,14487.182936631,9378.59716325452,19641.4964987142,0.647,4043.09464959632,0,0,17809.0238009569,"R-OM",20,"Fcap_1.70_Besc_8000_sigmaR_0.216_SE_reference_AE_historical"
20,"R-OM__Fcap_1.70_Besc_8000_sigmaR_0.216_SE_reference_AE_historical",1.7,8000,"Long",2052,1000,0.001,0.009,14451.3675474964,9473.78399817012,19589.1514062031,0.658,3878.88277357612,0,0,16493.820835832,"R-OM",20,"Fcap_1.70_Besc_8000_sigmaR_0.216_SE_reference_AE_historical"
20,"R-OM__Fcap_1.70_Besc_8000_sigmaR_0.216_SE_reference_AE_historical",1.7,8000,"Long",2053,1000,0.001,0.007,14369.1085337583,9148.38090699112,19459.6939996606,0.669,3731.02235913743,0,0,16670.1243957748,"R-OM",20,"Fcap_1.70_Besc_8000_sigmaR_0.216_SE_reference_AE_historical"
20,"R-OM__Fcap_1.70_Besc_8000_sigmaR_0.216_SE_reference_AE_historical",1.7,8000,"Long",2054,1000,0.001,0.004,14507.3068878803,9490.37752569838,19363.9595451381,0.678,3403.57329599863,0,0,14195.8212286214,"R-OM",20,"Fcap_1.70_Besc_8000_sigmaR_0.216_SE_reference_AE_historical"
20,"R-OM__Fcap_1.70_Besc_8000_sigmaR_0.216_SE_reference_AE_historical",1.7,8000,"Full",2025,1000,0,0,14013.9318439866,12135.8179097045,17099.8719439912,0.824,1347.4685505822,0,0,10327.1145549328,"R-OM",20,"Fcap_1.70_Besc_8000_sigmaR_0.216_SE_reference_AE_historical"
20,"R-OM__Fcap_1.70_Besc_8000_sigmaR_0.216_SE_reference_AE_historical",1.7,8000,"Full",2026,1000,0,0,15100.7919975304,11303.2152622624,19936.5832573665,0.546,4252.9385370106,0,0,12630.6197327721,"R-OM",20,"Fcap_1.70_Besc_8000_sigmaR_0.216_SE_reference_AE_historical"
20,"R-OM__Fcap_1.70_Besc_8000_sigmaR_0.216_SE_reference_AE_historical",1.7,8000,"Full",2027,1000,0,0.001,14683.5127946721,10024.6325303958,19958.152222494,0.676,3004.049483984,0,0,12056.004922865,"R-OM",20,"Fcap_1.70_Besc_8000_sigmaR_0.216_SE_reference_AE_historical"
20,"R-OM__Fcap_1.70_Besc_8000_sigmaR_0.216_SE_reference_AE_historical",1.7,8000,"Full",2028,1000,0,0,14749.5818366163,10736.0719259923,19316.0771340212,0.629,4060.80784934094,0,0,15910.0545325015,"R-OM",20,"Fcap_1.70_Besc_8000_sigmaR_0.216_SE_reference_AE_historical"
20,"R-OM__Fcap_1.70_Besc_8000_sigmaR_0.216_SE_reference_AE_historical",1.7,8000,"Full",2029,1000,0.002,0.007,14370.0380180838,9394.83688924352,19589.9865567461,0.67,3629.64049523569,0,0,15008.6528824881,"R-OM",20,"Fcap_1.70_Besc_8000_sigmaR_0.216_SE_reference_AE_historical"
20,"R-OM__Fcap_1.70_Besc_8000_sigmaR_0.216_SE_reference_AE_historical",1.7,8000,"Full",2030,1000,0,0.007,14542.1852449712,9685.50829709104,19452.7672617133,0.667,3518.01302106746,0,0,15697.3531501553,"R-OM",20,"Fcap_1.70_Besc_8000_sigmaR_0.216_SE_reference_AE_historical"
20,"R-OM__Fcap_1.70_Besc_8000_sigmaR_0.216_SE_reference_AE_historical",1.7,8000,"Full",2031,1000,0,0.004,14344.164492762,9637.90902838165,18997.7937513419,0.694,3376.4496357192,0,0,14669.5829047518,"R-OM",20,"Fcap_1.70_Besc_8000_sigmaR_0.216_SE_reference_AE_historical"
20,"R-OM__Fcap_1.70_Besc_8000_sigmaR_0.216_SE_reference_AE_historical",1.7,8000,"Full",2032,1000,0.002,0.011,14513.5316328088,9642.60639028975,19341.9979276645,0.665,3588.33340700712,0,0,14926.9207100543,"R-OM",20,"Fcap_1.70_Besc_8000_sigmaR_0.216_SE_reference_AE_historical"
20,"R-OM__Fcap_1.70_Besc_8000_sigmaR_0.216_SE_reference_AE_historical",1.7,8000,"Full",2033,1000,0,0.01,14475.1204050126,9372.72351753398,19382.3202612253,0.653,3832.10702103288,0,0,18546.6535546057,"R-OM",20,"Fcap_1.70_Besc_8000_sigmaR_0.216_SE_reference_AE_historical"
20,"R-OM__Fcap_1.70_Besc_8000_sigmaR_0.216_SE_reference_AE_historical",1.7,8000,"Full",2034,1000,0,0.002,14548.6624707508,9571.39024269027,19670.705896309,0.673,3841.87722708156,0,0,18125.8988225769,"R-OM",20,"Fcap_1.70_Besc_8000_sigmaR_0.216_SE_reference_AE_historical"
20,"R-OM__Fcap_1.70_Besc_8000_sigmaR_0.216_SE_reference_AE_historical",1.7,8000,"Full",2035,1000,0.003,0.017,14320.6192271773,9074.11519249706,19542.5964293932,0.653,3799.99959372519,0,0,14842.9455442772,"R-OM",20,"Fcap_1.70_Besc_8000_sigmaR_0.216_SE_reference_AE_historical"
20,"R-OM__Fcap_1.70_Besc_8000_sigmaR_0.216_SE_reference_AE_historical",1.7,8000,"Full",2036,1000,0.001,0.008,14340.7121540942,9494.03716355773,18991.98615585,0.669,3789.7009516741,0,0,18756.0558293332,"R-OM",20,"Fcap_1.70_Besc_8000_sigmaR_0.216_SE_reference_AE_historical"
20,"R-OM__Fcap_1.70_Besc_8000_sigmaR_0.216_SE_reference_AE_historical",1.7,8000,"Full",2037,1000,0.001,0.01,14299.4715176392,9317.33689342883,18864.7890941027,0.696,3344.33984831311,0,0,14413.5928541843,"R-OM",20,"Fcap_1.70_Besc_8000_sigmaR_0.216_SE_reference_AE_historical"
20,"R-OM__Fcap_1.70_Besc_8000_sigmaR_0.216_SE_reference_AE_historical",1.7,8000,"Full",2038,1000,0.002,0.009,14467.40530905,9824.22287007468,19387.7711477453,0.672,3646.07082097106,0,0,16164.7535160457,"R-OM",20,"Fcap_1.70_Besc_8000_sigmaR_0.216_SE_reference_AE_historical"
20,"R-OM__Fcap_1.70_Besc_8000_sigmaR_0.216_SE_reference_AE_historical",1.7,8000,"Full",2039,1000,0.004,0.01,14499.1170330117,9546.92745134009,19100.5729060247,0.665,3768.7574049452,0,0,17905.5612851566,"R-OM",20,"Fcap_1.70_Besc_8000_sigmaR_0.216_SE_reference_AE_historical"
20,"R-OM__Fcap_1.70_Besc_8000_sigmaR_0.216_SE_reference_AE_historical",1.7,8000,"Full",2040,1000,0.002,0.009,14471.9873535946,9604.73827330868,19904.0942461555,0.681,3584.57690352525,0,0,18942.4642840672,"R-OM",20,"Fcap_1.70_Besc_8000_sigmaR_0.216_SE_reference_AE_historical"
20,"R-OM__Fcap_1.70_Besc_8000_sigmaR_0.216_SE_reference_AE_historical",1.7,8000,"Full",2041,1000,0.004,0.014,14498.2916965698,9287.55586952213,19251.8336677953,0.636,4062.10646378928,0,0,16588.1497047375,"R-OM",20,"Fcap_1.70_Besc_8000_sigmaR_0.216_SE_reference_AE_historical"
20,"R-OM__Fcap_1.70_Besc_8000_sigmaR_0.216_SE_reference_AE_historical",1.7,8000,"Full",2042,1000,0.001,0.007,14343.7071536861,9344.40749095485,19539.7202679628,0.675,3657.15294458311,0,0,17248.381195923,"R-OM",20,"Fcap_1.70_Besc_8000_sigmaR_0.216_SE_reference_AE_historical"
20,"R-OM__Fcap_1.70_Besc_8000_sigmaR_0.216_SE_reference_AE_historical",1.7,8000,"Full",2043,1000,0.003,0.008,14330.0470779483,9528.08968531497,19217.083368917,0.697,3499.47064602708,0,0,18003.5472938403,"R-OM",20,"Fcap_1.70_Besc_8000_sigmaR_0.216_SE_reference_AE_historical"
20,"R-OM__Fcap_1.70_Besc_8000_sigmaR_0.216_SE_reference_AE_historical",1.7,8000,"Full",2044,1000,0.003,0.011,14364.494043648,9564.11843061026,19618.368678453,0.66,3995.85517105549,0,0,18147.9145338288,"R-OM",20,"Fcap_1.70_Besc_8000_sigmaR_0.216_SE_reference_AE_historical"
20,"R-OM__Fcap_1.70_Besc_8000_sigmaR_0.216_SE_reference_AE_historical",1.7,8000,"Full",2045,1000,0.003,0.013,14300.7538021839,9351.01843177086,19194.3554680016,0.667,3874.56423287957,0,0,18513.1755032551,"R-OM",20,"Fcap_1.70_Besc_8000_sigmaR_0.216_SE_reference_AE_historical"
20,"R-OM__Fcap_1.70_Besc_8000_sigmaR_0.216_SE_reference_AE_historical",1.7,8000,"Full",2046,1000,0.002,0.009,14359.7372879323,9604.65016311439,19374.3782843439,0.675,3638.32010161509,0,0,14908.9403849048,"R-OM",20,"Fcap_1.70_Besc_8000_sigmaR_0.216_SE_reference_AE_historical"
20,"R-OM__Fcap_1.70_Besc_8000_sigmaR_0.216_SE_reference_AE_historical",1.7,8000,"Full",2047,1000,0.002,0.009,14464.9506838089,10121.2467620433,19489.9984734029,0.669,3775.07392759404,0,0,17849.8934951909,"R-OM",20,"Fcap_1.70_Besc_8000_sigmaR_0.216_SE_reference_AE_historical"
20,"R-OM__Fcap_1.70_Besc_8000_sigmaR_0.216_SE_reference_AE_historical",1.7,8000,"Full",2048,1000,0.004,0.009,14577.5632463917,9572.21105934356,19935.2260890668,0.661,3923.71537027417,0,0,18084.666575761,"R-OM",20,"Fcap_1.70_Besc_8000_sigmaR_0.216_SE_reference_AE_historical"
20,"R-OM__Fcap_1.70_Besc_8000_sigmaR_0.216_SE_reference_AE_historical",1.7,8000,"Full",2049,1000,0.001,0.009,14190.0955698122,9773.1109095272,19458.5334279536,0.677,3631.88444688535,0,0,15630.2297845651,"R-OM",20,"Fcap_1.70_Besc_8000_sigmaR_0.216_SE_reference_AE_historical"
20,"R-OM__Fcap_1.70_Besc_8000_sigmaR_0.216_SE_reference_AE_historical",1.7,8000,"Full",2050,1000,0.001,0.009,14552.7429039334,9914.80233469097,19731.7509066004,0.652,4066.71484698252,0,0,19100.4883594958,"R-OM",20,"Fcap_1.70_Besc_8000_sigmaR_0.216_SE_reference_AE_historical"
20,"R-OM__Fcap_1.70_Besc_8000_sigmaR_0.216_SE_reference_AE_historical",1.7,8000,"Full",2051,1000,0.003,0.013,14487.182936631,9378.59716325452,19641.4964987142,0.647,4043.09464959632,0,0,17809.0238009569,"R-OM",20,"Fcap_1.70_Besc_8000_sigmaR_0.216_SE_reference_AE_historical"
20,"R-OM__Fcap_1.70_Besc_8000_sigmaR_0.216_SE_reference_AE_historical",1.7,8000,"Full",2052,1000,0.001,0.009,14451.3675474964,9473.78399817012,19589.1514062031,0.658,3878.88277357612,0,0,16493.820835832,"R-OM",20,"Fcap_1.70_Besc_8000_sigmaR_0.216_SE_reference_AE_historical"
20,"R-OM__Fcap_1.70_Besc_8000_sigmaR_0.216_SE_reference_AE_historical",1.7,8000,"Full",2053,1000,0.001,0.007,14369.1085337583,9148.38090699112,19459.6939996606,0.669,3731.02235913743,0,0,16670.1243957748,"R-OM",20,"Fcap_1.70_Besc_8000_sigmaR_0.216_SE_reference_AE_historical"
20,"R-OM__Fcap_1.70_Besc_8000_sigmaR_0.216_SE_reference_AE_historical",1.7,8000,"Full",2054,1000,0.001,0.004,14507.3068878803,9490.37752569838,19363.9595451381,0.678,3403.57329599863,0,0,14195.8212286214,"R-OM",20,"Fcap_1.70_Besc_8000_sigmaR_0.216_SE_reference_AE_historical"
25,"R-OM__Fcap_1.80_Besc_5000_sigmaR_0.216_SE_reference_AE_historical",1.8,5000,"Short",2025,1000,0,0,13133.1952291712,11519.1554997931,16104.5458071514,0.076,7616.77914425058,7988.897705313,0,11116.5343156427,"R-OM",25,"Fcap_1.80_Besc_5000_sigmaR_0.216_SE_reference_AE_historical"
25,"R-OM__Fcap_1.80_Besc_5000_sigmaR_0.216_SE_reference_AE_historical",1.8,5000,"Short",2026,1000,0,0.001,12106.5412057984,8903.35794044381,17453.3172731043,0.265,5715.63552706669,7023.37056657892,0,11105.6906590466,"R-OM",25,"Fcap_1.80_Besc_5000_sigmaR_0.216_SE_reference_AE_historical"
25,"R-OM__Fcap_1.80_Besc_5000_sigmaR_0.216_SE_reference_AE_historical",1.8,5000,"Short",2027,1000,0,0.001,12496.4585047683,9082.05238213806,17720.9848877503,0.21,6486.45369624205,7630.53360404328,0,11534.0236229377,"R-OM",25,"Fcap_1.80_Besc_5000_sigmaR_0.216_SE_reference_AE_historical"
25,"R-OM__Fcap_1.80_Besc_5000_sigmaR_0.216_SE_reference_AE_historical",1.8,5000,"Short",2028,1000,0,0,12292.0123909721,8929.05483638531,17065.0004686956,0.262,5870.11732974915,7328.32214998514,0,11027.1321161151,"R-OM",25,"Fcap_1.80_Besc_5000_sigmaR_0.216_SE_reference_AE_historical"
25,"R-OM__Fcap_1.80_Besc_5000_sigmaR_0.216_SE_reference_AE_historical",1.8,5000,"Short",2029,1000,0,0.004,12316.3074445971,8884.31785516175,17305.4117926355,0.228,6136.0889628597,7428.30122601065,0,11334.9236396382,"R-OM",25,"Fcap_1.80_Besc_5000_sigmaR_0.216_SE_reference_AE_historical"
25,"R-OM__Fcap_1.80_Besc_5000_sigmaR_0.216_SE_reference_AE_historical",1.8,5000,"Short",2030,1000,0,0.003,12216.0581772262,8863.0017703786,17373.839308434,0.254,5859.10912969392,7078.63002872256,0,11152.0294577323,"R-OM",25,"Fcap_1.80_Besc_5000_sigmaR_0.216_SE_reference_AE_historical"
25,"R-OM__Fcap_1.80_Besc_5000_sigmaR_0.216_SE_reference_AE_historical",1.8,5000,"Short",2031,1000,0,0.002,12228.8213165891,8993.0945864438,16794.9101647172,0.231,5934.87333447686,7148.69156524542,0,10921.4722002388,"R-OM",25,"Fcap_1.80_Besc_5000_sigmaR_0.216_SE_reference_AE_historical"
25,"R-OM__Fcap_1.80_Besc_5000_sigmaR_0.216_SE_reference_AE_historical",1.8,5000,"Short",2032,1000,0,0.001,12320.5318865268,8838.680023852,17094.7223583524,0.234,6037.21272677479,7250.39416014333,0,10969.6512346299,"R-OM",25,"Fcap_1.80_Besc_5000_sigmaR_0.216_SE_reference_AE_historical"
25,"R-OM__Fcap_1.80_Besc_5000_sigmaR_0.216_SE_reference_AE_historical",1.8,5000,"Short",2033,1000,0.001,0.002,12327.7550067033,8986.87662956518,17395.2147816265,0.226,6078.18835614735,7097.83045020038,0,11183.7128340804,"R-OM",25,"Fcap_1.80_Besc_5000_sigmaR_0.216_SE_reference_AE_historical"
25,"R-OM__Fcap_1.80_Besc_5000_sigmaR_0.216_SE_reference_AE_historical",1.8,5000,"Short",2034,1000,0,0.004,12396.8119556586,9113.11331931978,17196.8399024852,0.218,6183.84635457038,7197.29103914597,0,11158.901109982,"R-OM",25,"Fcap_1.80_Besc_5000_sigmaR_0.216_SE_reference_AE_historical"
25,"R-OM__Fcap_1.80_Besc_5000_sigmaR_0.216_SE_reference_AE_historical",1.8,5000,"Medium",2035,1000,0,0.003,12158.6253878178,8968.89520384854,17552.1028361882,0.238,5939.59087691199,7121.81453632067,0,11051.4777753684,"R-OM",25,"Fcap_1.80_Besc_5000_sigmaR_0.216_SE_reference_AE_historical"
25,"R-OM__Fcap_1.80_Besc_5000_sigmaR_0.216_SE_reference_AE_historical",1.8,5000,"Medium",2036,1000,0,0.002,12192.4983755927,9058.3083156942,17531.1055137488,0.229,6014.26336875926,7205.88673208265,0,10884.1845260231,"R-OM",25,"Fcap_1.80_Besc_5000_sigmaR_0.216_SE_reference_AE_historical"
25,"R-OM__Fcap_1.80_Besc_5000_sigmaR_0.216_SE_reference_AE_historical",1.8,5000,"Medium",2037,1000,0.001,0.001,12196.6886386238,9102.59641393524,16544.8006062062,0.243,5916.30807118785,7221.06378552821,0,10795.0679828175,"R-OM",25,"Fcap_1.80_Besc_5000_sigmaR_0.216_SE_reference_AE_historical"
25,"R-OM__Fcap_1.80_Besc_5000_sigmaR_0.216_SE_reference_AE_historical",1.8,5000,"Medium",2038,1000,0,0.001,12151.9211646572,8943.4587008443,17312.5705632648,0.247,5937.37768984563,7193.56369808714,0,10812.2428860246,"R-OM",25,"Fcap_1.80_Besc_5000_sigmaR_0.216_SE_reference_AE_historical"
25,"R-OM__Fcap_1.80_Besc_5000_sigmaR_0.216_SE_reference_AE_historical",1.8,5000,"Medium",2039,1000,0,0,12328.8317754552,9035.19136510562,17233.5402029166,0.237,6103.4798655054,7246.51860291956,0,11115.4359219294,"R-OM",25,"Fcap_1.80_Besc_5000_sigmaR_0.216_SE_reference_AE_historical"
25,"R-OM__Fcap_1.80_Besc_5000_sigmaR_0.216_SE_reference_AE_historical",1.8,5000,"Medium",2040,1000,0,0.001,12180.1995366448,9162.54407834995,17577.4549487177,0.245,5952.92146891944,7197.88845237824,0,11160.5572618822,"R-OM",25,"Fcap_1.80_Besc_5000_sigmaR_0.216_SE_reference_AE_historical"
25,"R-OM__Fcap_1.80_Besc_5000_sigmaR_0.216_SE_reference_AE_historical",1.8,5000,"Medium",2041,1000,0,0.001,12368.160500756,8939.31248027161,17514.438854262,0.23,6166.78768130544,7302.75946829516,0,11116.2886444331,"R-OM",25,"Fcap_1.80_Besc_5000_sigmaR_0.216_SE_reference_AE_historical"
25,"R-OM__Fcap_1.80_Besc_5000_sigmaR_0.216_SE_reference_AE_historical",1.8,5000,"Medium",2042,1000,0.001,0.004,12316.4670261154,8980.47267778565,17195.0516230295,0.249,5961.41881220247,7265.22217317964,0,11158.3432304103,"R-OM",25,"Fcap_1.80_Besc_5000_sigmaR_0.216_SE_reference_AE_historical"
25,"R-OM__Fcap_1.80_Besc_5000_sigmaR_0.216_SE_reference_AE_historical",1.8,5000,"Medium",2043,1000,0,0.003,12138.4668421109,8953.20333301503,16819.4204143579,0.242,5927.35830715125,7151.67362584344,0,10804.8680334034,"R-OM",25,"Fcap_1.80_Besc_5000_sigmaR_0.216_SE_reference_AE_historical"
25,"R-OM__Fcap_1.80_Besc_5000_sigmaR_0.216_SE_reference_AE_historical",1.8,5000,"Medium",2044,1000,0,0.004,12205.6030274376,9157.75922917302,17109.5119726148,0.219,6134.49964567245,7200.69759460447,0,11065.6929927174,"R-OM",25,"Fcap_1.80_Besc_5000_sigmaR_0.216_SE_reference_AE_historical"
25,"R-OM__Fcap_1.80_Besc_5000_sigmaR_0.216_SE_reference_AE_historical",1.8,5000,"Long",2045,1000,0,0.001,12198.0743998958,9001.96254589476,17325.3769714447,0.242,5972.90864877711,7220.08026416732,0,10980.1037478986,"R-OM",25,"Fcap_1.80_Besc_5000_sigmaR_0.216_SE_reference_AE_historical"
25,"R-OM__Fcap_1.80_Besc_5000_sigmaR_0.216_SE_reference_AE_historical",1.8,5000,"Long",2046,1000,0,0.002,12247.5476005938,9031.31798172029,17521.2959019612,0.227,6117.00115419459,7154.77272856285,0,11271.2142003731,"R-OM",25,"Fcap_1.80_Besc_5000_sigmaR_0.216_SE_reference_AE_historical"
25,"R-OM__Fcap_1.80_Besc_5000_sigmaR_0.216_SE_reference_AE_historical",1.8,5000,"Long",2047,1000,0,0.002,12384.9845087236,9048.61668759802,17609.6932493167,0.221,6300.96072351367,7365.09352041384,0,11354.1607225842,"R-OM",25,"Fcap_1.80_Besc_5000_sigmaR_0.216_SE_reference_AE_historical"
25,"R-OM__Fcap_1.80_Besc_5000_sigmaR_0.216_SE_reference_AE_historical",1.8,5000,"Long",2048,1000,0,0.003,12346.8919321543,8795.54038330191,17423.9515433197,0.245,5977.77838149426,7260.41775670422,0,10977.8702117308,"R-OM",25,"Fcap_1.80_Besc_5000_sigmaR_0.216_SE_reference_AE_historical"
25,"R-OM__Fcap_1.80_Besc_5000_sigmaR_0.216_SE_reference_AE_historical",1.8,5000,"Long",2049,1000,0,0.002,12203.0727680296,9143.93764179655,17392.0065170094,0.239,5988.20295329919,7164.60243767629,0,11359.0183225006,"R-OM",25,"Fcap_1.80_Besc_5000_sigmaR_0.216_SE_reference_AE_historical"
25,"R-OM__Fcap_1.80_Besc_5000_sigmaR_0.216_SE_reference_AE_historical",1.8,5000,"Long",2050,1000,0,0.003,12376.2703635399,8974.7843674081,18040.0219709243,0.208,6362.35860444869,7414.99497158662,0,11445.7634952685,"R-OM",25,"Fcap_1.80_Besc_5000_sigmaR_0.216_SE_reference_AE_historical"
25,"R-OM__Fcap_1.80_Besc_5000_sigmaR_0.216_SE_reference_AE_historical",1.8,5000,"Long",2051,1000,0,0.001,12193.6781019182,8974.24124403816,17497.4493545184,0.225,6085.81739759208,7158.84953796067,0,11058.504963272,"R-OM",25,"Fcap_1.80_Besc_5000_sigmaR_0.216_SE_reference_AE_historical"
25,"R-OM__Fcap_1.80_Besc_5000_sigmaR_0.216_SE_reference_AE_historical",1.8,5000,"Long",2052,1000,0,0.001,12329.4223169213,9152.93470881341,17548.8765239713,0.233,6071.10051514219,7327.9753829998,0,11213.971697652,"R-OM",25,"Fcap_1.80_Besc_5000_sigmaR_0.216_SE_reference_AE_historical"
25,"R-OM__Fcap_1.80_Besc_5000_sigmaR_0.216_SE_reference_AE_historical",1.8,5000,"Long",2053,1000,0,0.002,12231.1220989802,9106.21924929605,17812.5572717243,0.225,6145.40802551821,7235.92783577914,0,11257.4260110524,"R-OM",25,"Fcap_1.80_Besc_5000_sigmaR_0.216_SE_reference_AE_historical"
25,"R-OM__Fcap_1.80_Besc_5000_sigmaR_0.216_SE_reference_AE_historical",1.8,5000,"Long",2054,1000,0.001,0.003,12221.7591287624,8884.3030392469,17603.1158253265,0.24,5993.88256673929,7261.22085912942,0,11017.1137863258,"R-OM",25,"Fcap_1.80_Besc_5000_sigmaR_0.216_SE_reference_AE_historical"
25,"R-OM__Fcap_1.80_Besc_5000_sigmaR_0.216_SE_reference_AE_historical",1.8,5000,"Full",2025,1000,0,0,13133.1952291712,11519.1554997931,16104.5458071514,0.076,7616.77914425058,7988.897705313,0,11116.5343156427,"R-OM",25,"Fcap_1.80_Besc_5000_sigmaR_0.216_SE_reference_AE_historical"
25,"R-OM__Fcap_1.80_Besc_5000_sigmaR_0.216_SE_reference_AE_historical",1.8,5000,"Full",2026,1000,0,0.001,12106.5412057984,8903.35794044381,17453.3172731043,0.265,5715.63552706669,7023.37056657892,0,11105.6906590466,"R-OM",25,"Fcap_1.80_Besc_5000_sigmaR_0.216_SE_reference_AE_historical"
25,"R-OM__Fcap_1.80_Besc_5000_sigmaR_0.216_SE_reference_AE_historical",1.8,5000,"Full",2027,1000,0,0.001,12496.4585047683,9082.05238213806,17720.9848877503,0.21,6486.45369624205,7630.53360404328,0,11534.0236229377,"R-OM",25,"Fcap_1.80_Besc_5000_sigmaR_0.216_SE_reference_AE_historical"
25,"R-OM__Fcap_1.80_Besc_5000_sigmaR_0.216_SE_reference_AE_historical",1.8,5000,"Full",2028,1000,0,0,12292.0123909721,8929.05483638531,17065.0004686956,0.262,5870.11732974915,7328.32214998514,0,11027.1321161151,"R-OM",25,"Fcap_1.80_Besc_5000_sigmaR_0.216_SE_reference_AE_historical"
25,"R-OM__Fcap_1.80_Besc_5000_sigmaR_0.216_SE_reference_AE_historical",1.8,5000,"Full",2029,1000,0,0.004,12316.3074445971,8884.31785516175,17305.4117926355,0.228,6136.0889628597,7428.30122601065,0,11334.9236396382,"R-OM",25,"Fcap_1.80_Besc_5000_sigmaR_0.216_SE_reference_AE_historical"
25,"R-OM__Fcap_1.80_Besc_5000_sigmaR_0.216_SE_reference_AE_historical",1.8,5000,"Full",2030,1000,0,0.003,12216.0581772262,8863.0017703786,17373.839308434,0.254,5859.10912969392,7078.63002872256,0,11152.0294577323,"R-OM",25,"Fcap_1.80_Besc_5000_sigmaR_0.216_SE_reference_AE_historical"
25,"R-OM__Fcap_1.80_Besc_5000_sigmaR_0.216_SE_reference_AE_historical",1.8,5000,"Full",2031,1000,0,0.002,12228.8213165891,8993.0945864438,16794.9101647172,0.231,5934.87333447686,7148.69156524542,0,10921.4722002388,"R-OM",25,"Fcap_1.80_Besc_5000_sigmaR_0.216_SE_reference_AE_historical"
25,"R-OM__Fcap_1.80_Besc_5000_sigmaR_0.216_SE_reference_AE_historical",1.8,5000,"Full",2032,1000,0,0.001,12320.5318865268,8838.680023852,17094.7223583524,0.234,6037.21272677479,7250.39416014333,0,10969.6512346299,"R-OM",25,"Fcap_1.80_Besc_5000_sigmaR_0.216_SE_reference_AE_historical"
25,"R-OM__Fcap_1.80_Besc_5000_sigmaR_0.216_SE_reference_AE_historical",1.8,5000,"Full",2033,1000,0.001,0.002,12327.7550067033,8986.87662956518,17395.2147816265,0.226,6078.18835614735,7097.83045020038,0,11183.7128340804,"R-OM",25,"Fcap_1.80_Besc_5000_sigmaR_0.216_SE_reference_AE_historical"
25,"R-OM__Fcap_1.80_Besc_5000_sigmaR_0.216_SE_reference_AE_historical",1.8,5000,"Full",2034,1000,0,0.004,12396.8119556586,9113.11331931978,17196.8399024852,0.218,6183.84635457038,7197.29103914597,0,11158.901109982,"R-OM",25,"Fcap_1.80_Besc_5000_sigmaR_0.216_SE_reference_AE_historical"
25,"R-OM__Fcap_1.80_Besc_5000_sigmaR_0.216_SE_reference_AE_historical",1.8,5000,"Full",2035,1000,0,0.003,12158.6253878178,8968.89520384854,17552.1028361882,0.238,5939.59087691199,7121.81453632067,0,11051.4777753684,"R-OM",25,"Fcap_1.80_Besc_5000_sigmaR_0.216_SE_reference_AE_historical"
25,"R-OM__Fcap_1.80_Besc_5000_sigmaR_0.216_SE_reference_AE_historical",1.8,5000,"Full",2036,1000,0,0.002,12192.4983755927,9058.3083156942,17531.1055137488,0.229,6014.26336875926,7205.88673208265,0,10884.1845260231,"R-OM",25,"Fcap_1.80_Besc_5000_sigmaR_0.216_SE_reference_AE_historical"
25,"R-OM__Fcap_1.80_Besc_5000_sigmaR_0.216_SE_reference_AE_historical",1.8,5000,"Full",2037,1000,0.001,0.001,12196.6886386238,9102.59641393524,16544.8006062062,0.243,5916.30807118785,7221.06378552821,0,10795.0679828175,"R-OM",25,"Fcap_1.80_Besc_5000_sigmaR_0.216_SE_reference_AE_historical"
25,"R-OM__Fcap_1.80_Besc_5000_sigmaR_0.216_SE_reference_AE_historical",1.8,5000,"Full",2038,1000,0,0.001,12151.9211646572,8943.4587008443,17312.5705632648,0.247,5937.37768984563,7193.56369808714,0,10812.2428860246,"R-OM",25,"Fcap_1.80_Besc_5000_sigmaR_0.216_SE_reference_AE_historical"
25,"R-OM__Fcap_1.80_Besc_5000_sigmaR_0.216_SE_reference_AE_historical",1.8,5000,"Full",2039,1000,0,0,12328.8317754552,9035.19136510562,17233.5402029166,0.237,6103.4798655054,7246.51860291956,0,11115.4359219294,"R-OM",25,"Fcap_1.80_Besc_5000_sigmaR_0.216_SE_reference_AE_historical"
25,"R-OM__Fcap_1.80_Besc_5000_sigmaR_0.216_SE_reference_AE_historical",1.8,5000,"Full",2040,1000,0,0.001,12180.1995366448,9162.54407834995,17577.4549487177,0.245,5952.92146891944,7197.88845237824,0,11160.5572618822,"R-OM",25,"Fcap_1.80_Besc_5000_sigmaR_0.216_SE_reference_AE_historical"
25,"R-OM__Fcap_1.80_Besc_5000_sigmaR_0.216_SE_reference_AE_historical",1.8,5000,"Full",2041,1000,0,0.001,12368.160500756,8939.31248027161,17514.438854262,0.23,6166.78768130544,7302.75946829516,0,11116.2886444331,"R-OM",25,"Fcap_1.80_Besc_5000_sigmaR_0.216_SE_reference_AE_historical"
25,"R-OM__Fcap_1.80_Besc_5000_sigmaR_0.216_SE_reference_AE_historical",1.8,5000,"Full",2042,1000,0.001,0.004,12316.4670261154,8980.47267778565,17195.0516230295,0.249,5961.41881220247,7265.22217317964,0,11158.3432304103,"R-OM",25,"Fcap_1.80_Besc_5000_sigmaR_0.216_SE_reference_AE_historical"
25,"R-OM__Fcap_1.80_Besc_5000_sigmaR_0.216_SE_reference_AE_historical",1.8,5000,"Full",2043,1000,0,0.003,12138.4668421109,8953.20333301503,16819.4204143579,0.242,5927.35830715125,7151.67362584344,0,10804.8680334034,"R-OM",25,"Fcap_1.80_Besc_5000_sigmaR_0.216_SE_reference_AE_historical"
25,"R-OM__Fcap_1.80_Besc_5000_sigmaR_0.216_SE_reference_AE_historical",1.8,5000,"Full",2044,1000,0,0.004,12205.6030274376,9157.75922917302,17109.5119726148,0.219,6134.49964567245,7200.69759460447,0,11065.6929927174,"R-OM",25,"Fcap_1.80_Besc_5000_sigmaR_0.216_SE_reference_AE_historical"
25,"R-OM__Fcap_1.80_Besc_5000_sigmaR_0.216_SE_reference_AE_historical",1.8,5000,"Full",2045,1000,0,0.001,12198.0743998958,9001.96254589476,17325.3769714447,0.242,5972.90864877711,7220.08026416732,0,10980.1037478986,"R-OM",25,"Fcap_1.80_Besc_5000_sigmaR_0.216_SE_reference_AE_historical"
25,"R-OM__Fcap_1.80_Besc_5000_sigmaR_0.216_SE_reference_AE_historical",1.8,5000,"Full",2046,1000,0,0.002,12247.5476005938,9031.31798172029,17521.2959019612,0.227,6117.00115419459,7154.77272856285,0,11271.2142003731,"R-OM",25,"Fcap_1.80_Besc_5000_sigmaR_0.216_SE_reference_AE_historical"
25,"R-OM__Fcap_1.80_Besc_5000_sigmaR_0.216_SE_reference_AE_historical",1.8,5000,"Full",2047,1000,0,0.002,12384.9845087236,9048.61668759802,17609.6932493167,0.221,6300.96072351367,7365.09352041384,0,11354.1607225842,"R-OM",25,"Fcap_1.80_Besc_5000_sigmaR_0.216_SE_reference_AE_historical"
25,"R-OM__Fcap_1.80_Besc_5000_sigmaR_0.216_SE_reference_AE_historical",1.8,5000,"Full",2048,1000,0,0.003,12346.8919321543,8795.54038330191,17423.9515433197,0.245,5977.77838149426,7260.41775670422,0,10977.8702117308,"R-OM",25,"Fcap_1.80_Besc_5000_sigmaR_0.216_SE_reference_AE_historical"
25,"R-OM__Fcap_1.80_Besc_5000_sigmaR_0.216_SE_reference_AE_historical",1.8,5000,"Full",2049,1000,0,0.002,12203.0727680296,9143.93764179655,17392.0065170094,0.239,5988.20295329919,7164.60243767629,0,11359.0183225006,"R-OM",25,"Fcap_1.80_Besc_5000_sigmaR_0.216_SE_reference_AE_historical"
25,"R-OM__Fcap_1.80_Besc_5000_sigmaR_0.216_SE_reference_AE_historical",1.8,5000,"Full",2050,1000,0,0.003,12376.2703635399,8974.7843674081,18040.0219709243,0.208,6362.35860444869,7414.99497158662,0,11445.7634952685,"R-OM",25,"Fcap_1.80_Besc_5000_sigmaR_0.216_SE_reference_AE_historical"
25,"R-OM__Fcap_1.80_Besc_5000_sigmaR_0.216_SE_reference_AE_historical",1.8,5000,"Full",2051,1000,0,0.001,12193.6781019182,8974.24124403816,17497.4493545184,0.225,6085.81739759208,7158.84953796067,0,11058.504963272,"R-OM",25,"Fcap_1.80_Besc_5000_sigmaR_0.216_SE_reference_AE_historical"
25,"R-OM__Fcap_1.80_Besc_5000_sigmaR_0.216_SE_reference_AE_historical",1.8,5000,"Full",2052,1000,0,0.001,12329.4223169213,9152.93470881341,17548.8765239713,0.233,6071.10051514219,7327.9753829998,0,11213.971697652,"R-OM",25,"Fcap_1.80_Besc_5000_sigmaR_0.216_SE_reference_AE_historical"
25,"R-OM__Fcap_1.80_Besc_5000_sigmaR_0.216_SE_reference_AE_historical",1.8,5000,"Full",2053,1000,0,0.002,12231.1220989802,9106.21924929605,17812.5572717243,0.225,6145.40802551821,7235.92783577914,0,11257.4260110524,"R-OM",25,"Fcap_1.80_Besc_5000_sigmaR_0.216_SE_reference_AE_historical"
25,"R-OM__Fcap_1.80_Besc_5000_sigmaR_0.216_SE_reference_AE_historical",1.8,5000,"Full",2054,1000,0.001,0.003,12221.7591287624,8884.3030392469,17603.1158253265,0.24,5993.88256673929,7261.22085912942,0,11017.1137863258,"R-OM",25,"Fcap_1.80_Besc_5000_sigmaR_0.216_SE_reference_AE_historical"
26,"R-OM__Fcap_1.80_Besc_6561_sigmaR_0.216_SE_reference_AE_historical",1.8,6561,"Short",2025,1000,0,0,13705.062778085,12094.5901093984,16402.1227010762,0.468,4206.87393205662,2299.71217645632,0,11051.9917902203,"R-OM",26,"Fcap_1.80_Besc_6561_sigmaR_0.216_SE_reference_AE_historical"
26,"R-OM__Fcap_1.80_Besc_6561_sigmaR_0.216_SE_reference_AE_historical",1.8,6561,"Short",2026,1000,0,0,13725.69209104,10105.8900614063,18924.2427707168,0.437,5147.07733622235,6132.16408392077,0,12272.9193606186,"R-OM",26,"Fcap_1.80_Besc_6561_sigmaR_0.216_SE_reference_AE_historical"
26,"R-OM__Fcap_1.80_Besc_6561_sigmaR_0.216_SE_reference_AE_historical",1.8,6561,"Short",2027,1000,0,0.002,13465.8204620005,9536.21834042836,18742.5062526976,0.469,4768.6486600503,3054.84873631148,0,12514.1644740737,"R-OM",26,"Fcap_1.80_Besc_6561_sigmaR_0.216_SE_reference_AE_historical"
26,"R-OM__Fcap_1.80_Besc_6561_sigmaR_0.216_SE_reference_AE_historical",1.8,6561,"Short",2028,1000,0,0,13566.9012106185,9831.37671959047,17924.8134037463,0.448,5087.56698188922,3976.38650622654,0,12553.510923286,"R-OM",26,"Fcap_1.80_Besc_6561_sigmaR_0.216_SE_reference_AE_historical"
26,"R-OM__Fcap_1.80_Besc_6561_sigmaR_0.216_SE_reference_AE_historical",1.8,6561,"Short",2029,1000,0.002,0.006,13433.866047068,9116.77130684623,18408.5006278494,0.491,4624.1180217458,1128.65307231362,0,12457.3676012063,"R-OM",26,"Fcap_1.80_Besc_6561_sigmaR_0.216_SE_reference_AE_historical"
26,"R-OM__Fcap_1.80_Besc_6561_sigmaR_0.216_SE_reference_AE_historical",1.8,6561,"Short",2030,1000,0,0.004,13353.9987125209,9453.03467931326,18627.2515848484,0.475,4935.10203689839,2943.28720337269,0,13122.3873413181,"R-OM",26,"Fcap_1.80_Besc_6561_sigmaR_0.216_SE_reference_AE_historical"
26,"R-OM__Fcap_1.80_Besc_6561_sigmaR_0.216_SE_reference_AE_historical",1.8,6561,"Short",2031,1000,0.001,0.008,13276.1588279987,9298.75626963039,18273.4541233576,0.502,4620.27366117508,0,0,12746.8264495242,"R-OM",26,"Fcap_1.80_Besc_6561_sigmaR_0.216_SE_reference_AE_historical"
26,"R-OM__Fcap_1.80_Besc_6561_sigmaR_0.216_SE_reference_AE_historical",1.8,6561,"Short",2032,1000,0.002,0.007,13349.1620243452,9422.55511941219,18582.1389845028,0.496,4761.94628767155,531.972422064679,0,12790.2991929981,"R-OM",26,"Fcap_1.80_Besc_6561_sigmaR_0.216_SE_reference_AE_historical"
26,"R-OM__Fcap_1.80_Besc_6561_sigmaR_0.216_SE_reference_AE_historical",1.8,6561,"Short",2033,1000,0.002,0.003,13487.6005521169,9263.87345701533,18558.2821721443,0.466,5074.7787901236,3267.61929496766,0,13347.6845727204,"R-OM",26,"Fcap_1.80_Besc_6561_sigmaR_0.216_SE_reference_AE_historical"
26,"R-OM__Fcap_1.80_Besc_6561_sigmaR_0.216_SE_reference_AE_historical",1.8,6561,"Short",2034,1000,0,0.007,13447.5061096255,9415.3577681885,18439.0224774714,0.47,5122.71507980451,3938.54429924812,0,12869.8509783665,"R-OM",26,"Fcap_1.80_Besc_6561_sigmaR_0.216_SE_reference_AE_historical"
26,"R-OM__Fcap_1.80_Besc_6561_sigmaR_0.216_SE_reference_AE_historical",1.8,6561,"Medium",2035,1000,0.002,0.007,13187.2123365898,9202.93686006694,18241.588115096,0.487,4849.26204937329,2029.75940575789,0,12744.4678728199,"R-OM",26,"Fcap_1.80_Besc_6561_sigmaR_0.216_SE_reference_AE_historical"
26,"R-OM__Fcap_1.80_Besc_6561_sigmaR_0.216_SE_reference_AE_historical",1.8,6561,"Medium",2036,1000,0,0.008,13359.7953703628,9170.09396819643,18511.4093421618,0.483,4876.15846840645,2302.04911293508,0,12564.8675935556,"R-OM",26,"Fcap_1.80_Besc_6561_sigmaR_0.216_SE_reference_AE_historical"
26,"R-OM__Fcap_1.80_Besc_6561_sigmaR_0.216_SE_reference_AE_historical",1.8,6561,"Medium",2037,1000,0.002,0.004,13341.8481936307,9324.4524276247,17841.9283851962,0.498,4567.94176236793,114.334018197946,0,12060.214321381,"R-OM",26,"Fcap_1.80_Besc_6561_sigmaR_0.216_SE_reference_AE_historical"
26,"R-OM__Fcap_1.80_Besc_6561_sigmaR_0.216_SE_reference_AE_historical",1.8,6561,"Medium",2038,1000,0,0.003,13269.0087472488,9378.48821262533,18123.3948274261,0.457,5069.11313939985,3916.40899577152,0,12879.8543022456,"R-OM",26,"Fcap_1.80_Besc_6561_sigmaR_0.216_SE_reference_AE_historical"
26,"R-OM__Fcap_1.80_Besc_6561_sigmaR_0.216_SE_reference_AE_historical",1.8,6561,"Medium",2039,1000,0,0.006,13378.934154588,9177.34553804986,18050.9319548126,0.5,4784.06570640782,29.7553530046794,0,12447.1768677587,"R-OM",26,"Fcap_1.80_Besc_6561_sigmaR_0.216_SE_reference_AE_historical"
26,"R-OM__Fcap_1.80_Besc_6561_sigmaR_0.216_SE_reference_AE_historical",1.8,6561,"Medium",2040,1000,0,0.004,13372.7914907359,9667.12596851156,18404.3116873274,0.464,5079.50629162892,4602.76372306788,0,12479.1630360769,"R-OM",26,"Fcap_1.80_Besc_6561_sigmaR_0.216_SE_reference_AE_historical"
26,"R-OM__Fcap_1.80_Besc_6561_sigmaR_0.216_SE_reference_AE_historical",1.8,6561,"Medium",2041,1000,0,0.005,13398.0366154653,9062.80727305966,18123.3476566962,0.482,4952.02997786736,3173.27309986507,0,12268.2154658025,"R-OM",26,"Fcap_1.80_Besc_6561_sigmaR_0.216_SE_reference_AE_historical"
26,"R-OM__Fcap_1.80_Besc_6561_sigmaR_0.216_SE_reference_AE_historical",1.8,6561,"Medium",2042,1000,0,0.006,13312.5063780699,9320.46523864547,18378.504504001,0.483,4893.9735232121,2135.73778917107,0,12568.1598270008,"R-OM",26,"Fcap_1.80_Besc_6561_sigmaR_0.216_SE_reference_AE_historical"
26,"R-OM__Fcap_1.80_Besc_6561_sigmaR_0.216_SE_reference_AE_historical",1.8,6561,"Medium",2043,1000,0,0.002,13191.1230010729,9370.22811174288,18128.6655144344,0.479,4748.69925828334,2440.33971784027,0,12503.494219576,"R-OM",26,"Fcap_1.80_Besc_6561_sigmaR_0.216_SE_reference_AE_historical"
26,"R-OM__Fcap_1.80_Besc_6561_sigmaR_0.216_SE_reference_AE_historical",1.8,6561,"Medium",2044,1000,0.002,0.003,13283.0805603723,9561.08070386304,18403.1430321607,0.493,4891.62972236537,1450.40039071167,0,12908.4224583738,"R-OM",26,"Fcap_1.80_Besc_6561_sigmaR_0.216_SE_reference_AE_historical"
26,"R-OM__Fcap_1.80_Besc_6561_sigmaR_0.216_SE_reference_AE_historical",1.8,6561,"Long",2045,1000,0.004,0.006,13323.9308746358,9229.82391808507,18214.0344464604,0.476,5027.7496626285,2612.20663337639,0,13153.2637824534,"R-OM",26,"Fcap_1.80_Besc_6561_sigmaR_0.216_SE_reference_AE_historical"
26,"R-OM__Fcap_1.80_Besc_6561_sigmaR_0.216_SE_reference_AE_historical",1.8,6561,"Long",2046,1000,0.002,0.008,13368.3033230508,9315.43453175215,18350.0247155402,0.484,4822.44847658687,1916.10416699235,0,12647.7993189446,"R-OM",26,"Fcap_1.80_Besc_6561_sigmaR_0.216_SE_reference_AE_historical"
26,"R-OM__Fcap_1.80_Besc_6561_sigmaR_0.216_SE_reference_AE_historical",1.8,6561,"Long",2047,1000,0.001,0.004,13425.9421202787,9717.18507657901,18645.0182656888,0.462,5080.03597033307,3650.36743826432,0,13128.5371791308,"R-OM",26,"Fcap_1.80_Besc_6561_sigmaR_0.216_SE_reference_AE_historical"
26,"R-OM__Fcap_1.80_Besc_6561_sigmaR_0.216_SE_reference_AE_historical",1.8,6561,"Long",2048,1000,0.003,0.007,13578.2614483427,9143.53521265625,18657.9104253664,0.476,5144.92719417977,4274.42191629496,0,13027.8419414571,"R-OM",26,"Fcap_1.80_Besc_6561_sigmaR_0.216_SE_reference_AE_historical"
26,"R-OM__Fcap_1.80_Besc_6561_sigmaR_0.216_SE_reference_AE_historical",1.8,6561,"Long",2049,1000,0,0.007,13193.7375226145,9399.62319915185,18465.5280116019,0.515,4595.97955040447,0,0,12779.3404044033,"R-OM",26,"Fcap_1.80_Besc_6561_sigmaR_0.216_SE_reference_AE_historical"
26,"R-OM__Fcap_1.80_Besc_6561_sigmaR_0.216_SE_reference_AE_historical",1.8,6561,"Long",2050,1000,0.002,0.004,13506.5617104896,9609.07632637684,18759.4775830294,0.441,5505.02078323409,6664.03150671332,0,13582.190669656,"R-OM",26,"Fcap_1.80_Besc_6561_sigmaR_0.216_SE_reference_AE_historical"
26,"R-OM__Fcap_1.80_Besc_6561_sigmaR_0.216_SE_reference_AE_historical",1.8,6561,"Long",2051,1000,0.001,0.011,13326.1234024808,8998.14604690802,18652.521523817,0.488,4769.37310858608,942.758119016063,0,12794.4056544859,"R-OM",26,"Fcap_1.80_Besc_6561_sigmaR_0.216_SE_reference_AE_historical"
26,"R-OM__Fcap_1.80_Besc_6561_sigmaR_0.216_SE_reference_AE_historical",1.8,6561,"Long",2052,1000,0,0.004,13429.7975262232,9539.22977550724,18848.6004486667,0.477,5087.37187131126,3693.54074100719,0,12849.4330584272,"R-OM",26,"Fcap_1.80_Besc_6561_sigmaR_0.216_SE_reference_AE_historical"
26,"R-OM__Fcap_1.80_Besc_6561_sigmaR_0.216_SE_reference_AE_historical",1.8,6561,"Long",2053,1000,0,0.004,13336.0775556472,9365.66703822077,18677.7332938939,0.492,4916.70633000244,1471.4570289244,0,13401.4914335906,"R-OM",26,"Fcap_1.80_Besc_6561_sigmaR_0.216_SE_reference_AE_historical"
26,"R-OM__Fcap_1.80_Besc_6561_sigmaR_0.216_SE_reference_AE_historical",1.8,6561,"Long",2054,1000,0.001,0.005,13329.3331254909,9060.7255067888,18218.1727987489,0.47,4873.82784021372,3740.10337578819,0,12076.9718424739,"R-OM",26,"Fcap_1.80_Besc_6561_sigmaR_0.216_SE_reference_AE_historical"
26,"R-OM__Fcap_1.80_Besc_6561_sigmaR_0.216_SE_reference_AE_historical",1.8,6561,"Full",2025,1000,0,0,13705.062778085,12094.5901093984,16402.1227010762,0.468,4206.87393205662,2299.71217645632,0,11051.9917902203,"R-OM",26,"Fcap_1.80_Besc_6561_sigmaR_0.216_SE_reference_AE_historical"
26,"R-OM__Fcap_1.80_Besc_6561_sigmaR_0.216_SE_reference_AE_historical",1.8,6561,"Full",2026,1000,0,0,13725.69209104,10105.8900614063,18924.2427707168,0.437,5147.07733622235,6132.16408392077,0,12272.9193606186,"R-OM",26,"Fcap_1.80_Besc_6561_sigmaR_0.216_SE_reference_AE_historical"
26,"R-OM__Fcap_1.80_Besc_6561_sigmaR_0.216_SE_reference_AE_historical",1.8,6561,"Full",2027,1000,0,0.002,13465.8204620005,9536.21834042836,18742.5062526976,0.469,4768.6486600503,3054.84873631148,0,12514.1644740737,"R-OM",26,"Fcap_1.80_Besc_6561_sigmaR_0.216_SE_reference_AE_historical"
26,"R-OM__Fcap_1.80_Besc_6561_sigmaR_0.216_SE_reference_AE_historical",1.8,6561,"Full",2028,1000,0,0,13566.9012106185,9831.37671959047,17924.8134037463,0.448,5087.56698188922,3976.38650622654,0,12553.510923286,"R-OM",26,"Fcap_1.80_Besc_6561_sigmaR_0.216_SE_reference_AE_historical"
26,"R-OM__Fcap_1.80_Besc_6561_sigmaR_0.216_SE_reference_AE_historical",1.8,6561,"Full",2029,1000,0.002,0.006,13433.866047068,9116.77130684623,18408.5006278494,0.491,4624.1180217458,1128.65307231362,0,12457.3676012063,"R-OM",26,"Fcap_1.80_Besc_6561_sigmaR_0.216_SE_reference_AE_historical"
26,"R-OM__Fcap_1.80_Besc_6561_sigmaR_0.216_SE_reference_AE_historical",1.8,6561,"Full",2030,1000,0,0.004,13353.9987125209,9453.03467931326,18627.2515848484,0.475,4935.10203689839,2943.28720337269,0,13122.3873413181,"R-OM",26,"Fcap_1.80_Besc_6561_sigmaR_0.216_SE_reference_AE_historical"
26,"R-OM__Fcap_1.80_Besc_6561_sigmaR_0.216_SE_reference_AE_historical",1.8,6561,"Full",2031,1000,0.001,0.008,13276.1588279987,9298.75626963039,18273.4541233576,0.502,4620.27366117508,0,0,12746.8264495242,"R-OM",26,"Fcap_1.80_Besc_6561_sigmaR_0.216_SE_reference_AE_historical"
26,"R-OM__Fcap_1.80_Besc_6561_sigmaR_0.216_SE_reference_AE_historical",1.8,6561,"Full",2032,1000,0.002,0.007,13349.1620243452,9422.55511941219,18582.1389845028,0.496,4761.94628767155,531.972422064679,0,12790.2991929981,"R-OM",26,"Fcap_1.80_Besc_6561_sigmaR_0.216_SE_reference_AE_historical"
26,"R-OM__Fcap_1.80_Besc_6561_sigmaR_0.216_SE_reference_AE_historical",1.8,6561,"Full",2033,1000,0.002,0.003,13487.6005521169,9263.87345701533,18558.2821721443,0.466,5074.7787901236,3267.61929496766,0,13347.6845727204,"R-OM",26,"Fcap_1.80_Besc_6561_sigmaR_0.216_SE_reference_AE_historical"
26,"R-OM__Fcap_1.80_Besc_6561_sigmaR_0.216_SE_reference_AE_historical",1.8,6561,"Full",2034,1000,0,0.007,13447.5061096255,9415.3577681885,18439.0224774714,0.47,5122.71507980451,3938.54429924812,0,12869.8509783665,"R-OM",26,"Fcap_1.80_Besc_6561_sigmaR_0.216_SE_reference_AE_historical"
26,"R-OM__Fcap_1.80_Besc_6561_sigmaR_0.216_SE_reference_AE_historical",1.8,6561,"Full",2035,1000,0.002,0.007,13187.2123365898,9202.93686006694,18241.588115096,0.487,4849.26204937329,2029.75940575789,0,12744.4678728199,"R-OM",26,"Fcap_1.80_Besc_6561_sigmaR_0.216_SE_reference_AE_historical"
26,"R-OM__Fcap_1.80_Besc_6561_sigmaR_0.216_SE_reference_AE_historical",1.8,6561,"Full",2036,1000,0,0.008,13359.7953703628,9170.09396819643,18511.4093421618,0.483,4876.15846840645,2302.04911293508,0,12564.8675935556,"R-OM",26,"Fcap_1.80_Besc_6561_sigmaR_0.216_SE_reference_AE_historical"
26,"R-OM__Fcap_1.80_Besc_6561_sigmaR_0.216_SE_reference_AE_historical",1.8,6561,"Full",2037,1000,0.002,0.004,13341.8481936307,9324.4524276247,17841.9283851962,0.498,4567.94176236793,114.334018197946,0,12060.214321381,"R-OM",26,"Fcap_1.80_Besc_6561_sigmaR_0.216_SE_reference_AE_historical"
26,"R-OM__Fcap_1.80_Besc_6561_sigmaR_0.216_SE_reference_AE_historical",1.8,6561,"Full",2038,1000,0,0.003,13269.0087472488,9378.48821262533,18123.3948274261,0.457,5069.11313939985,3916.40899577152,0,12879.8543022456,"R-OM",26,"Fcap_1.80_Besc_6561_sigmaR_0.216_SE_reference_AE_historical"
26,"R-OM__Fcap_1.80_Besc_6561_sigmaR_0.216_SE_reference_AE_historical",1.8,6561,"Full",2039,1000,0,0.006,13378.934154588,9177.34553804986,18050.9319548126,0.5,4784.06570640782,29.7553530046794,0,12447.1768677587,"R-OM",26,"Fcap_1.80_Besc_6561_sigmaR_0.216_SE_reference_AE_historical"
26,"R-OM__Fcap_1.80_Besc_6561_sigmaR_0.216_SE_reference_AE_historical",1.8,6561,"Full",2040,1000,0,0.004,13372.7914907359,9667.12596851156,18404.3116873274,0.464,5079.50629162892,4602.76372306788,0,12479.1630360769,"R-OM",26,"Fcap_1.80_Besc_6561_sigmaR_0.216_SE_reference_AE_historical"
26,"R-OM__Fcap_1.80_Besc_6561_sigmaR_0.216_SE_reference_AE_historical",1.8,6561,"Full",2041,1000,0,0.005,13398.0366154653,9062.80727305966,18123.3476566962,0.482,4952.02997786736,3173.27309986507,0,12268.2154658025,"R-OM",26,"Fcap_1.80_Besc_6561_sigmaR_0.216_SE_reference_AE_historical"
26,"R-OM__Fcap_1.80_Besc_6561_sigmaR_0.216_SE_reference_AE_historical",1.8,6561,"Full",2042,1000,0,0.006,13312.5063780699,9320.46523864547,18378.504504001,0.483,4893.9735232121,2135.73778917107,0,12568.1598270008,"R-OM",26,"Fcap_1.80_Besc_6561_sigmaR_0.216_SE_reference_AE_historical"
26,"R-OM__Fcap_1.80_Besc_6561_sigmaR_0.216_SE_reference_AE_historical",1.8,6561,"Full",2043,1000,0,0.002,13191.1230010729,9370.22811174288,18128.6655144344,0.479,4748.69925828334,2440.33971784027,0,12503.494219576,"R-OM",26,"Fcap_1.80_Besc_6561_sigmaR_0.216_SE_reference_AE_historical"
26,"R-OM__Fcap_1.80_Besc_6561_sigmaR_0.216_SE_reference_AE_historical",1.8,6561,"Full",2044,1000,0.002,0.003,13283.0805603723,9561.08070386304,18403.1430321607,0.493,4891.62972236537,1450.40039071167,0,12908.4224583738,"R-OM",26,"Fcap_1.80_Besc_6561_sigmaR_0.216_SE_reference_AE_historical"
26,"R-OM__Fcap_1.80_Besc_6561_sigmaR_0.216_SE_reference_AE_historical",1.8,6561,"Full",2045,1000,0.004,0.006,13323.9308746358,9229.82391808507,18214.0344464604,0.476,5027.7496626285,2612.20663337639,0,13153.2637824534,"R-OM",26,"Fcap_1.80_Besc_6561_sigmaR_0.216_SE_reference_AE_historical"
26,"R-OM__Fcap_1.80_Besc_6561_sigmaR_0.216_SE_reference_AE_historical",1.8,6561,"Full",2046,1000,0.002,0.008,13368.3033230508,9315.43453175215,18350.0247155402,0.484,4822.44847658687,1916.10416699235,0,12647.7993189446,"R-OM",26,"Fcap_1.80_Besc_6561_sigmaR_0.216_SE_reference_AE_historical"
26,"R-OM__Fcap_1.80_Besc_6561_sigmaR_0.216_SE_reference_AE_historical",1.8,6561,"Full",2047,1000,0.001,0.004,13425.9421202787,9717.18507657901,18645.0182656888,0.462,5080.03597033307,3650.36743826432,0,13128.5371791308,"R-OM",26,"Fcap_1.80_Besc_6561_sigmaR_0.216_SE_reference_AE_historical"
26,"R-OM__Fcap_1.80_Besc_6561_sigmaR_0.216_SE_reference_AE_historical",1.8,6561,"Full",2048,1000,0.003,0.007,13578.2614483427,9143.53521265625,18657.9104253664,0.476,5144.92719417977,4274.42191629496,0,13027.8419414571,"R-OM",26,"Fcap_1.80_Besc_6561_sigmaR_0.216_SE_reference_AE_historical"
26,"R-OM__Fcap_1.80_Besc_6561_sigmaR_0.216_SE_reference_AE_historical",1.8,6561,"Full",2049,1000,0,0.007,13193.7375226145,9399.62319915185,18465.5280116019,0.515,4595.97955040447,0,0,12779.3404044033,"R-OM",26,"Fcap_1.80_Besc_6561_sigmaR_0.216_SE_reference_AE_historical"
26,"R-OM__Fcap_1.80_Besc_6561_sigmaR_0.216_SE_reference_AE_historical",1.8,6561,"Full",2050,1000,0.002,0.004,13506.5617104896,9609.07632637684,18759.4775830294,0.441,5505.02078323409,6664.03150671332,0,13582.190669656,"R-OM",26,"Fcap_1.80_Besc_6561_sigmaR_0.216_SE_reference_AE_historical"
26,"R-OM__Fcap_1.80_Besc_6561_sigmaR_0.216_SE_reference_AE_historical",1.8,6561,"Full",2051,1000,0.001,0.011,13326.1234024808,8998.14604690802,18652.521523817,0.488,4769.37310858608,942.758119016063,0,12794.4056544859,"R-OM",26,"Fcap_1.80_Besc_6561_sigmaR_0.216_SE_reference_AE_historical"
26,"R-OM__Fcap_1.80_Besc_6561_sigmaR_0.216_SE_reference_AE_historical",1.8,6561,"Full",2052,1000,0,0.004,13429.7975262232,9539.22977550724,18848.6004486667,0.477,5087.37187131126,3693.54074100719,0,12849.4330584272,"R-OM",26,"Fcap_1.80_Besc_6561_sigmaR_0.216_SE_reference_AE_historical"
26,"R-OM__Fcap_1.80_Besc_6561_sigmaR_0.216_SE_reference_AE_historical",1.8,6561,"Full",2053,1000,0,0.004,13336.0775556472,9365.66703822077,18677.7332938939,0.492,4916.70633000244,1471.4570289244,0,13401.4914335906,"R-OM",26,"Fcap_1.80_Besc_6561_sigmaR_0.216_SE_reference_AE_historical"
26,"R-OM__Fcap_1.80_Besc_6561_sigmaR_0.216_SE_reference_AE_historical",1.8,6561,"Full",2054,1000,0.001,0.005,13329.3331254909,9060.7255067888,18218.1727987489,0.47,4873.82784021372,3740.10337578819,0,12076.9718424739,"R-OM",26,"Fcap_1.80_Besc_6561_sigmaR_0.216_SE_reference_AE_historical"
27,"R-OM__Fcap_1.80_Besc_7250_sigmaR_0.216_SE_reference_AE_historical",1.8,7250,"Short",2025,1000,0,0,13931.3329085382,12135.8179097045,16782.0474924443,0.681,2595.67455600925,0,0,10994.8351997007,"R-OM",27,"Fcap_1.80_Besc_7250_sigmaR_0.216_SE_reference_AE_historical"
27,"R-OM__Fcap_1.80_Besc_7250_sigmaR_0.216_SE_reference_AE_historical",1.8,7250,"Short",2026,1000,0,0,14344.0618518268,10833.156672872,19497.2670089009,0.454,5138.80208135817,4555.5579661543,0,12641.5314391783,"R-OM",27,"Fcap_1.80_Besc_7250_sigmaR_0.216_SE_reference_AE_historical"
27,"R-OM__Fcap_1.80_Besc_7250_sigmaR_0.216_SE_reference_AE_historical",1.8,7250,"Short",2027,1000,0,0.001,13939.9775401965,9579.68551346142,19285.0122624596,0.613,3672.68385196844,0,0,12484.8398936161,"R-OM",27,"Fcap_1.80_Besc_7250_sigmaR_0.216_SE_reference_AE_historical"
27,"R-OM__Fcap_1.80_Besc_7250_sigmaR_0.216_SE_reference_AE_historical",1.8,7250,"Short",2028,1000,0,0,14104.0393588841,10378.5614296169,18553.4598774262,0.525,4781.27927981831,0,0,13817.486695875,"R-OM",27,"Fcap_1.80_Besc_7250_sigmaR_0.216_SE_reference_AE_historical"
27,"R-OM__Fcap_1.80_Besc_7250_sigmaR_0.216_SE_reference_AE_historical",1.8,7250,"Short",2029,1000,0.003,0.009,13864.3191929172,9042.57406569496,19057.9309572157,0.591,4053.81427715392,0,0,13383.192786059,"R-OM",27,"Fcap_1.80_Besc_7250_sigmaR_0.216_SE_reference_AE_historical"
27,"R-OM__Fcap_1.80_Besc_7250_sigmaR_0.216_SE_reference_AE_historical",1.8,7250,"Short",2030,1000,0,0.001,13915.2783935596,9548.78504961837,19241.9098163782,0.582,4306.02263910774,0,0,15002.6722926694,"R-OM",27,"Fcap_1.80_Besc_7250_sigmaR_0.216_SE_reference_AE_historical"
27,"R-OM__Fcap_1.80_Besc_7250_sigmaR_0.216_SE_reference_AE_historical",1.8,7250,"Short",2031,1000,0,0.006,13792.1791697065,9292.07156699161,18800.5533561825,0.589,4085.03791110741,0,0,13818.1255947988,"R-OM",27,"Fcap_1.80_Besc_7250_sigmaR_0.216_SE_reference_AE_historical"
27,"R-OM__Fcap_1.80_Besc_7250_sigmaR_0.216_SE_reference_AE_historical",1.8,7250,"Short",2032,1000,0.002,0.012,13884.5537917166,9678.58508759676,18917.5427700039,0.58,4401.50727162213,0,0,15328.1780177024,"R-OM",27,"Fcap_1.80_Besc_7250_sigmaR_0.216_SE_reference_AE_historical"
27,"R-OM__Fcap_1.80_Besc_7250_sigmaR_0.216_SE_reference_AE_historical",1.8,7250,"Short",2033,1000,0.003,0.01,13848.3275268777,9022.96740205916,18837.0062942072,0.574,4616.73618364875,0,0,16026.0830184541,"R-OM",27,"Fcap_1.80_Besc_7250_sigmaR_0.216_SE_reference_AE_historical"
27,"R-OM__Fcap_1.80_Besc_7250_sigmaR_0.216_SE_reference_AE_historical",1.8,7250,"Short",2034,1000,0.002,0.011,13927.3343512731,9323.48345294588,18878.1647700864,0.57,4504.34227500689,0,0,15095.7657879988,"R-OM",27,"Fcap_1.80_Besc_7250_sigmaR_0.216_SE_reference_AE_historical"
27,"R-OM__Fcap_1.80_Besc_7250_sigmaR_0.216_SE_reference_AE_historical",1.8,7250,"Medium",2035,1000,0.004,0.014,13813.976248232,9059.75437336556,19109.4834060136,0.589,4255.51539879823,0,0,13613.1527387359,"R-OM",27,"Fcap_1.80_Besc_7250_sigmaR_0.216_SE_reference_AE_historical"
27,"R-OM__Fcap_1.80_Besc_7250_sigmaR_0.216_SE_reference_AE_historical",1.8,7250,"Medium",2036,1000,0,0.01,13727.533588113,9424.33066165457,18918.0192153682,0.571,4509.92281759106,0,0,14271.0485801375,"R-OM",27,"Fcap_1.80_Besc_7250_sigmaR_0.216_SE_reference_AE_historical"
27,"R-OM__Fcap_1.80_Besc_7250_sigmaR_0.216_SE_reference_AE_historical",1.8,7250,"Medium",2037,1000,0.001,0.007,13708.3297317693,9237.67347444481,18491.7004119682,0.602,4011.82230011359,0,0,14051.6983838192,"R-OM",27,"Fcap_1.80_Besc_7250_sigmaR_0.216_SE_reference_AE_historical"
27,"R-OM__Fcap_1.80_Besc_7250_sigmaR_0.216_SE_reference_AE_historical",1.8,7250,"Medium",2038,1000,0.001,0.004,13733.8354319545,9415.72204809698,18740.1147591994,0.572,4524.16741630557,0,0,15330.7256582792,"R-OM",27,"Fcap_1.80_Besc_7250_sigmaR_0.216_SE_reference_AE_historical"
27,"R-OM__Fcap_1.80_Besc_7250_sigmaR_0.216_SE_reference_AE_historical",1.8,7250,"Medium",2039,1000,0.002,0.007,13824.6229395931,9271.14887382219,18134.7014992091,0.569,4585.488635053,0,0,16757.0340039159,"R-OM",27,"Fcap_1.80_Besc_7250_sigmaR_0.216_SE_reference_AE_historical"
27,"R-OM__Fcap_1.80_Besc_7250_sigmaR_0.216_SE_reference_AE_historical",1.8,7250,"Medium",2040,1000,0,0.007,13822.8905221311,9451.96313556983,18866.6493475867,0.592,4195.33155526734,0,0,14199.9431705123,"R-OM",27,"Fcap_1.80_Besc_7250_sigmaR_0.216_SE_reference_AE_historical"
27,"R-OM__Fcap_1.80_Besc_7250_sigmaR_0.216_SE_reference_AE_historical",1.8,7250,"Medium",2041,1000,0.002,0.009,13943.124074881,9256.24508685904,18598.9243529873,0.555,4580.69289459888,0,0,14506.2032247605,"R-OM",27,"Fcap_1.80_Besc_7250_sigmaR_0.216_SE_reference_AE_historical"
27,"R-OM__Fcap_1.80_Besc_7250_sigmaR_0.216_SE_reference_AE_historical",1.8,7250,"Medium",2042,1000,0,0.011,13962.4671366458,9210.22563098099,18764.6957239885,0.593,4303.65608843031,0,0,14697.9405014849,"R-OM",27,"Fcap_1.80_Besc_7250_sigmaR_0.216_SE_reference_AE_historical"
27,"R-OM__Fcap_1.80_Besc_7250_sigmaR_0.216_SE_reference_AE_historical",1.8,7250,"Medium",2043,1000,0.001,0.008,13688.7472824246,9288.39987959859,18642.9153547519,0.587,4347.22195246506,0,0,15491.4842815447,"R-OM",27,"Fcap_1.80_Besc_7250_sigmaR_0.216_SE_reference_AE_historical"
27,"R-OM__Fcap_1.80_Besc_7250_sigmaR_0.216_SE_reference_AE_historical",1.8,7250,"Medium",2044,1000,0.003,0.012,13818.4697030913,9453.25828352358,18876.9788057894,0.586,4326.99973429168,0,0,14371.8057697356,"R-OM",27,"Fcap_1.80_Besc_7250_sigmaR_0.216_SE_reference_AE_historical"
27,"R-OM__Fcap_1.80_Besc_7250_sigmaR_0.216_SE_reference_AE_historical",1.8,7250,"Long",2045,1000,0.004,0.008,13838.2615861842,9275.20066839144,18831.6451019517,0.565,4669.8426887868,0,0,16189.1052074193,"R-OM",27,"Fcap_1.80_Besc_7250_sigmaR_0.216_SE_reference_AE_historical"
27,"R-OM__Fcap_1.80_Besc_7250_sigmaR_0.216_SE_reference_AE_historical",1.8,7250,"Long",2046,1000,0.003,0.009,13844.5864518207,9264.69731913958,18774.4540384726,0.598,4127.20367669853,0,0,13489.8448097155,"R-OM",27,"Fcap_1.80_Besc_7250_sigmaR_0.216_SE_reference_AE_historical"
27,"R-OM__Fcap_1.80_Besc_7250_sigmaR_0.216_SE_reference_AE_historical",1.8,7250,"Long",2047,1000,0.004,0.007,13944.9994268391,9949.85486352908,19129.3574676975,0.558,4733.01086577111,0,0,16137.5039720098,"R-OM",27,"Fcap_1.80_Besc_7250_sigmaR_0.216_SE_reference_AE_historical"
27,"R-OM__Fcap_1.80_Besc_7250_sigmaR_0.216_SE_reference_AE_historical",1.8,7250,"Long",2048,1000,0.003,0.008,13937.1817140777,9149.67197885553,18965.2439103314,0.568,4592.23138556104,0,0,15108.7768842221,"R-OM",27,"Fcap_1.80_Besc_7250_sigmaR_0.216_SE_reference_AE_historical"
27,"R-OM__Fcap_1.80_Besc_7250_sigmaR_0.216_SE_reference_AE_historical",1.8,7250,"Long",2049,1000,0.003,0.014,13695.7189125721,9360.09552953011,19145.7795436906,0.592,4144.1769310115,0,0,13596.4200615392,"R-OM",27,"Fcap_1.80_Besc_7250_sigmaR_0.216_SE_reference_AE_historical"
27,"R-OM__Fcap_1.80_Besc_7250_sigmaR_0.216_SE_reference_AE_historical",1.8,7250,"Long",2050,1000,0.002,0.011,14041.9845164566,9467.56650049006,19167.1247817547,0.542,4759.57606325333,0,0,14902.5622894996,"R-OM",27,"Fcap_1.80_Besc_7250_sigmaR_0.216_SE_reference_AE_historical"
27,"R-OM__Fcap_1.80_Besc_7250_sigmaR_0.216_SE_reference_AE_historical",1.8,7250,"Long",2051,1000,0.002,0.009,13856.2071190203,9201.23427455249,19006.7566031698,0.57,4442.56026107238,0,0,13986.1515491597,"R-OM",27,"Fcap_1.80_Besc_7250_sigmaR_0.216_SE_reference_AE_historical"
27,"R-OM__Fcap_1.80_Besc_7250_sigmaR_0.216_SE_reference_AE_historical",1.8,7250,"Long",2052,1000,0,0.008,13863.3282375432,9468.08176963616,19107.7392845157,0.558,4711.83135190912,0,0,15002.9419791731,"R-OM",27,"Fcap_1.80_Besc_7250_sigmaR_0.216_SE_reference_AE_historical"
27,"R-OM__Fcap_1.80_Besc_7250_sigmaR_0.216_SE_reference_AE_historical",1.8,7250,"Long",2053,1000,0.001,0.007,13780.1173370789,9121.95592133314,18944.0028254915,0.595,4228.17044157334,0,0,14454.2529630888,"R-OM",27,"Fcap_1.80_Besc_7250_sigmaR_0.216_SE_reference_AE_historical"
27,"R-OM__Fcap_1.80_Besc_7250_sigmaR_0.216_SE_reference_AE_historical",1.8,7250,"Long",2054,1000,0.002,0.006,13819.6052318764,9402.41687706101,18840.099810554,0.564,4257.72160245322,0,0,13263.9741537422,"R-OM",27,"Fcap_1.80_Besc_7250_sigmaR_0.216_SE_reference_AE_historical"
27,"R-OM__Fcap_1.80_Besc_7250_sigmaR_0.216_SE_reference_AE_historical",1.8,7250,"Full",2025,1000,0,0,13931.3329085382,12135.8179097045,16782.0474924443,0.681,2595.67455600925,0,0,10994.8351997007,"R-OM",27,"Fcap_1.80_Besc_7250_sigmaR_0.216_SE_reference_AE_historical"
27,"R-OM__Fcap_1.80_Besc_7250_sigmaR_0.216_SE_reference_AE_historical",1.8,7250,"Full",2026,1000,0,0,14344.0618518268,10833.156672872,19497.2670089009,0.454,5138.80208135817,4555.5579661543,0,12641.5314391783,"R-OM",27,"Fcap_1.80_Besc_7250_sigmaR_0.216_SE_reference_AE_historical"
27,"R-OM__Fcap_1.80_Besc_7250_sigmaR_0.216_SE_reference_AE_historical",1.8,7250,"Full",2027,1000,0,0.001,13939.9775401965,9579.68551346142,19285.0122624596,0.613,3672.68385196844,0,0,12484.8398936161,"R-OM",27,"Fcap_1.80_Besc_7250_sigmaR_0.216_SE_reference_AE_historical"
27,"R-OM__Fcap_1.80_Besc_7250_sigmaR_0.216_SE_reference_AE_historical",1.8,7250,"Full",2028,1000,0,0,14104.0393588841,10378.5614296169,18553.4598774262,0.525,4781.27927981831,0,0,13817.486695875,"R-OM",27,"Fcap_1.80_Besc_7250_sigmaR_0.216_SE_reference_AE_historical"
27,"R-OM__Fcap_1.80_Besc_7250_sigmaR_0.216_SE_reference_AE_historical",1.8,7250,"Full",2029,1000,0.003,0.009,13864.3191929172,9042.57406569496,19057.9309572157,0.591,4053.81427715392,0,0,13383.192786059,"R-OM",27,"Fcap_1.80_Besc_7250_sigmaR_0.216_SE_reference_AE_historical"
27,"R-OM__Fcap_1.80_Besc_7250_sigmaR_0.216_SE_reference_AE_historical",1.8,7250,"Full",2030,1000,0,0.001,13915.2783935596,9548.78504961837,19241.9098163782,0.582,4306.02263910774,0,0,15002.6722926694,"R-OM",27,"Fcap_1.80_Besc_7250_sigmaR_0.216_SE_reference_AE_historical"
27,"R-OM__Fcap_1.80_Besc_7250_sigmaR_0.216_SE_reference_AE_historical",1.8,7250,"Full",2031,1000,0,0.006,13792.1791697065,9292.07156699161,18800.5533561825,0.589,4085.03791110741,0,0,13818.1255947988,"R-OM",27,"Fcap_1.80_Besc_7250_sigmaR_0.216_SE_reference_AE_historical"
27,"R-OM__Fcap_1.80_Besc_7250_sigmaR_0.216_SE_reference_AE_historical",1.8,7250,"Full",2032,1000,0.002,0.012,13884.5537917166,9678.58508759676,18917.5427700039,0.58,4401.50727162213,0,0,15328.1780177024,"R-OM",27,"Fcap_1.80_Besc_7250_sigmaR_0.216_SE_reference_AE_historical"
27,"R-OM__Fcap_1.80_Besc_7250_sigmaR_0.216_SE_reference_AE_historical",1.8,7250,"Full",2033,1000,0.003,0.01,13848.3275268777,9022.96740205916,18837.0062942072,0.574,4616.73618364875,0,0,16026.0830184541,"R-OM",27,"Fcap_1.80_Besc_7250_sigmaR_0.216_SE_reference_AE_historical"
27,"R-OM__Fcap_1.80_Besc_7250_sigmaR_0.216_SE_reference_AE_historical",1.8,7250,"Full",2034,1000,0.002,0.011,13927.3343512731,9323.48345294588,18878.1647700864,0.57,4504.34227500689,0,0,15095.7657879988,"R-OM",27,"Fcap_1.80_Besc_7250_sigmaR_0.216_SE_reference_AE_historical"
27,"R-OM__Fcap_1.80_Besc_7250_sigmaR_0.216_SE_reference_AE_historical",1.8,7250,"Full",2035,1000,0.004,0.014,13813.976248232,9059.75437336556,19109.4834060136,0.589,4255.51539879823,0,0,13613.1527387359,"R-OM",27,"Fcap_1.80_Besc_7250_sigmaR_0.216_SE_reference_AE_historical"
27,"R-OM__Fcap_1.80_Besc_7250_sigmaR_0.216_SE_reference_AE_historical",1.8,7250,"Full",2036,1000,0,0.01,13727.533588113,9424.33066165457,18918.0192153682,0.571,4509.92281759106,0,0,14271.0485801375,"R-OM",27,"Fcap_1.80_Besc_7250_sigmaR_0.216_SE_reference_AE_historical"
27,"R-OM__Fcap_1.80_Besc_7250_sigmaR_0.216_SE_reference_AE_historical",1.8,7250,"Full",2037,1000,0.001,0.007,13708.3297317693,9237.67347444481,18491.7004119682,0.602,4011.82230011359,0,0,14051.6983838192,"R-OM",27,"Fcap_1.80_Besc_7250_sigmaR_0.216_SE_reference_AE_historical"
27,"R-OM__Fcap_1.80_Besc_7250_sigmaR_0.216_SE_reference_AE_historical",1.8,7250,"Full",2038,1000,0.001,0.004,13733.8354319545,9415.72204809698,18740.1147591994,0.572,4524.16741630557,0,0,15330.7256582792,"R-OM",27,"Fcap_1.80_Besc_7250_sigmaR_0.216_SE_reference_AE_historical"
27,"R-OM__Fcap_1.80_Besc_7250_sigmaR_0.216_SE_reference_AE_historical",1.8,7250,"Full",2039,1000,0.002,0.007,13824.6229395931,9271.14887382219,18134.7014992091,0.569,4585.488635053,0,0,16757.0340039159,"R-OM",27,"Fcap_1.80_Besc_7250_sigmaR_0.216_SE_reference_AE_historical"
27,"R-OM__Fcap_1.80_Besc_7250_sigmaR_0.216_SE_reference_AE_historical",1.8,7250,"Full",2040,1000,0,0.007,13822.8905221311,9451.96313556983,18866.6493475867,0.592,4195.33155526734,0,0,14199.9431705123,"R-OM",27,"Fcap_1.80_Besc_7250_sigmaR_0.216_SE_reference_AE_historical"
27,"R-OM__Fcap_1.80_Besc_7250_sigmaR_0.216_SE_reference_AE_historical",1.8,7250,"Full",2041,1000,0.002,0.009,13943.124074881,9256.24508685904,18598.9243529873,0.555,4580.69289459888,0,0,14506.2032247605,"R-OM",27,"Fcap_1.80_Besc_7250_sigmaR_0.216_SE_reference_AE_historical"
27,"R-OM__Fcap_1.80_Besc_7250_sigmaR_0.216_SE_reference_AE_historical",1.8,7250,"Full",2042,1000,0,0.011,13962.4671366458,9210.22563098099,18764.6957239885,0.593,4303.65608843031,0,0,14697.9405014849,"R-OM",27,"Fcap_1.80_Besc_7250_sigmaR_0.216_SE_reference_AE_historical"
27,"R-OM__Fcap_1.80_Besc_7250_sigmaR_0.216_SE_reference_AE_historical",1.8,7250,"Full",2043,1000,0.001,0.008,13688.7472824246,9288.39987959859,18642.9153547519,0.587,4347.22195246506,0,0,15491.4842815447,"R-OM",27,"Fcap_1.80_Besc_7250_sigmaR_0.216_SE_reference_AE_historical"
27,"R-OM__Fcap_1.80_Besc_7250_sigmaR_0.216_SE_reference_AE_historical",1.8,7250,"Full",2044,1000,0.003,0.012,13818.4697030913,9453.25828352358,18876.9788057894,0.586,4326.99973429168,0,0,14371.8057697356,"R-OM",27,"Fcap_1.80_Besc_7250_sigmaR_0.216_SE_reference_AE_historical"
27,"R-OM__Fcap_1.80_Besc_7250_sigmaR_0.216_SE_reference_AE_historical",1.8,7250,"Full",2045,1000,0.004,0.008,13838.2615861842,9275.20066839144,18831.6451019517,0.565,4669.8426887868,0,0,16189.1052074193,"R-OM",27,"Fcap_1.80_Besc_7250_sigmaR_0.216_SE_reference_AE_historical"
27,"R-OM__Fcap_1.80_Besc_7250_sigmaR_0.216_SE_reference_AE_historical",1.8,7250,"Full",2046,1000,0.003,0.009,13844.5864518207,9264.69731913958,18774.4540384726,0.598,4127.20367669853,0,0,13489.8448097155,"R-OM",27,"Fcap_1.80_Besc_7250_sigmaR_0.216_SE_reference_AE_historical"
27,"R-OM__Fcap_1.80_Besc_7250_sigmaR_0.216_SE_reference_AE_historical",1.8,7250,"Full",2047,1000,0.004,0.007,13944.9994268391,9949.85486352908,19129.3574676975,0.558,4733.01086577111,0,0,16137.5039720098,"R-OM",27,"Fcap_1.80_Besc_7250_sigmaR_0.216_SE_reference_AE_historical"
27,"R-OM__Fcap_1.80_Besc_7250_sigmaR_0.216_SE_reference_AE_historical",1.8,7250,"Full",2048,1000,0.003,0.008,13937.1817140777,9149.67197885553,18965.2439103314,0.568,4592.23138556104,0,0,15108.7768842221,"R-OM",27,"Fcap_1.80_Besc_7250_sigmaR_0.216_SE_reference_AE_historical"
27,"R-OM__Fcap_1.80_Besc_7250_sigmaR_0.216_SE_reference_AE_historical",1.8,7250,"Full",2049,1000,0.003,0.014,13695.7189125721,9360.09552953011,19145.7795436906,0.592,4144.1769310115,0,0,13596.4200615392,"R-OM",27,"Fcap_1.80_Besc_7250_sigmaR_0.216_SE_reference_AE_historical"
27,"R-OM__Fcap_1.80_Besc_7250_sigmaR_0.216_SE_reference_AE_historical",1.8,7250,"Full",2050,1000,0.002,0.011,14041.9845164566,9467.56650049006,19167.1247817547,0.542,4759.57606325333,0,0,14902.5622894996,"R-OM",27,"Fcap_1.80_Besc_7250_sigmaR_0.216_SE_reference_AE_historical"
27,"R-OM__Fcap_1.80_Besc_7250_sigmaR_0.216_SE_reference_AE_historical",1.8,7250,"Full",2051,1000,0.002,0.009,13856.2071190203,9201.23427455249,19006.7566031698,0.57,4442.56026107238,0,0,13986.1515491597,"R-OM",27,"Fcap_1.80_Besc_7250_sigmaR_0.216_SE_reference_AE_historical"
27,"R-OM__Fcap_1.80_Besc_7250_sigmaR_0.216_SE_reference_AE_historical",1.8,7250,"Full",2052,1000,0,0.008,13863.3282375432,9468.08176963616,19107.7392845157,0.558,4711.83135190912,0,0,15002.9419791731,"R-OM",27,"Fcap_1.80_Besc_7250_sigmaR_0.216_SE_reference_AE_historical"
27,"R-OM__Fcap_1.80_Besc_7250_sigmaR_0.216_SE_reference_AE_historical",1.8,7250,"Full",2053,1000,0.001,0.007,13780.1173370789,9121.95592133314,18944.0028254915,0.595,4228.17044157334,0,0,14454.2529630888,"R-OM",27,"Fcap_1.80_Besc_7250_sigmaR_0.216_SE_reference_AE_historical"
27,"R-OM__Fcap_1.80_Besc_7250_sigmaR_0.216_SE_reference_AE_historical",1.8,7250,"Full",2054,1000,0.002,0.006,13819.6052318764,9402.41687706101,18840.099810554,0.564,4257.72160245322,0,0,13263.9741537422,"R-OM",27,"Fcap_1.80_Besc_7250_sigmaR_0.216_SE_reference_AE_historical"
28,"R-OM__Fcap_1.80_Besc_8000_sigmaR_0.216_SE_reference_AE_historical",1.8,8000,"Short",2025,1000,0,0,14013.9318439866,12135.8179097045,17098.4283061386,0.824,1378.06910044339,0,0,10633.148360663,"R-OM",28,"Fcap_1.80_Besc_8000_sigmaR_0.216_SE_reference_AE_historical"
28,"R-OM__Fcap_1.80_Besc_8000_sigmaR_0.216_SE_reference_AE_historical",1.8,8000,"Short",2026,1000,0,0,15081.2426823486,11297.5514271823,19884.5620165355,0.546,4365.91939405936,0,0,13065.1570945906,"R-OM",28,"Fcap_1.80_Besc_8000_sigmaR_0.216_SE_reference_AE_historical"
28,"R-OM__Fcap_1.80_Besc_8000_sigmaR_0.216_SE_reference_AE_historical",1.8,8000,"Short",2027,1000,0,0.001,14636.4269319922,9970.73674061033,19822.7009289217,0.678,3057.40229304368,0,0,12459.909161051,"R-OM",28,"Fcap_1.80_Besc_8000_sigmaR_0.216_SE_reference_AE_historical"
28,"R-OM__Fcap_1.80_Besc_8000_sigmaR_0.216_SE_reference_AE_historical",1.8,8000,"Short",2028,1000,0,0,14715.4531553499,10662.766983427,19234.1652444054,0.636,4115.47201154109,0,0,16387.3589628801,"R-OM",28,"Fcap_1.80_Besc_8000_sigmaR_0.216_SE_reference_AE_historical"
28,"R-OM__Fcap_1.80_Besc_8000_sigmaR_0.216_SE_reference_AE_historical",1.8,8000,"Short",2029,1000,0.002,0.012,14328.0221553938,9269.0652788206,19576.9702270514,0.668,3739.22828639286,0,0,15459.4159249227,"R-OM",28,"Fcap_1.80_Besc_8000_sigmaR_0.216_SE_reference_AE_historical"
28,"R-OM__Fcap_1.80_Besc_8000_sigmaR_0.216_SE_reference_AE_historical",1.8,8000,"Short",2030,1000,0.001,0.007,14498.3769548152,9593.15975678862,19384.4023323875,0.668,3580.41492279875,0,0,16195.4866804452,"R-OM",28,"Fcap_1.80_Besc_8000_sigmaR_0.216_SE_reference_AE_historical"
28,"R-OM__Fcap_1.80_Besc_8000_sigmaR_0.216_SE_reference_AE_historical",1.8,8000,"Short",2031,1000,0,0.004,14311.6269196336,9552.39276702591,18997.0817057883,0.695,3463.95726521094,0,0,15019.57275076,"R-OM",28,"Fcap_1.80_Besc_8000_sigmaR_0.216_SE_reference_AE_historical"
28,"R-OM__Fcap_1.80_Besc_8000_sigmaR_0.216_SE_reference_AE_historical",1.8,8000,"Short",2032,1000,0.002,0.012,14466.1345706235,9507.77360320783,19199.0159726125,0.667,3698.83093706143,0,0,15192.3556647325,"R-OM",28,"Fcap_1.80_Besc_8000_sigmaR_0.216_SE_reference_AE_historical"
28,"R-OM__Fcap_1.80_Besc_8000_sigmaR_0.216_SE_reference_AE_historical",1.8,8000,"Short",2033,1000,0,0.012,14415.9635302358,9249.79998423831,19282.4797966072,0.659,3914.52266139566,0,0,19257.2079129721,"R-OM",28,"Fcap_1.80_Besc_8000_sigmaR_0.216_SE_reference_AE_historical"
28,"R-OM__Fcap_1.80_Besc_8000_sigmaR_0.216_SE_reference_AE_historical",1.8,8000,"Short",2034,1000,0,0.003,14505.2477166069,9275.67766622662,19569.8324675896,0.678,3912.48446763681,0,0,18968.3714111778,"R-OM",28,"Fcap_1.80_Besc_8000_sigmaR_0.216_SE_reference_AE_historical"
28,"R-OM__Fcap_1.80_Besc_8000_sigmaR_0.216_SE_reference_AE_historical",1.8,8000,"Medium",2035,1000,0.004,0.021,14284.5646097932,8745.73415710287,19381.6262440682,0.651,3945.19943705289,0,0,17487.873844606,"R-OM",28,"Fcap_1.80_Besc_8000_sigmaR_0.216_SE_reference_AE_historical"
28,"R-OM__Fcap_1.80_Besc_8000_sigmaR_0.216_SE_reference_AE_historical",1.8,8000,"Medium",2036,1000,0.001,0.011,14257.5262017385,9296.71226246558,18886.3504390649,0.674,3843.79807645708,0,0,19176.5664490628,"R-OM",28,"Fcap_1.80_Besc_8000_sigmaR_0.216_SE_reference_AE_historical"
28,"R-OM__Fcap_1.80_Besc_8000_sigmaR_0.216_SE_reference_AE_historical",1.8,8000,"Medium",2037,1000,0.003,0.012,14259.0281997205,9143.0895809455,18901.9670809233,0.693,3468.23159826195,0,0,14945.3059179262,"R-OM",28,"Fcap_1.80_Besc_8000_sigmaR_0.216_SE_reference_AE_historical"
28,"R-OM__Fcap_1.80_Besc_8000_sigmaR_0.216_SE_reference_AE_historical",1.8,8000,"Medium",2038,1000,0.002,0.012,14379.4240068056,9575.46592412953,19368.1480455427,0.686,3687.37083780838,0,0,16894.916511445,"R-OM",28,"Fcap_1.80_Besc_8000_sigmaR_0.216_SE_reference_AE_historical"
28,"R-OM__Fcap_1.80_Besc_8000_sigmaR_0.216_SE_reference_AE_historical",1.8,8000,"Medium",2039,1000,0.004,0.01,14436.1171523038,9436.10982572123,19035.9613694756,0.664,3892.54441026948,0,0,18658.7462891833,"R-OM",28,"Fcap_1.80_Besc_8000_sigmaR_0.216_SE_reference_AE_historical"
28,"R-OM__Fcap_1.80_Besc_8000_sigmaR_0.216_SE_reference_AE_historical",1.8,8000,"Medium",2040,1000,0.002,0.009,14433.8560135881,9426.0910041612,19826.9229590417,0.691,3655.62101713476,0,0,19422.8242326111,"R-OM",28,"Fcap_1.80_Besc_8000_sigmaR_0.216_SE_reference_AE_historical"
28,"R-OM__Fcap_1.80_Besc_8000_sigmaR_0.216_SE_reference_AE_historical",1.8,8000,"Medium",2041,1000,0.006,0.019,14434.4672626707,9128.10529758088,19152.9909975605,0.636,4190.22946349147,0,0,17041.448688271,"R-OM",28,"Fcap_1.80_Besc_8000_sigmaR_0.216_SE_reference_AE_historical"
28,"R-OM__Fcap_1.80_Besc_8000_sigmaR_0.216_SE_reference_AE_historical",1.8,8000,"Medium",2042,1000,0.002,0.007,14274.1767625295,9075.89096846606,19490.9776973561,0.681,3739.9803210417,0,0,18019.5215740688,"R-OM",28,"Fcap_1.80_Besc_8000_sigmaR_0.216_SE_reference_AE_historical"
28,"R-OM__Fcap_1.80_Besc_8000_sigmaR_0.216_SE_reference_AE_historical",1.8,8000,"Medium",2043,1000,0.003,0.01,14312.3104851193,9379.21736216707,19196.6254550618,0.701,3588.11310637638,0,0,18878.6768182384,"R-OM",28,"Fcap_1.80_Besc_8000_sigmaR_0.216_SE_reference_AE_historical"
28,"R-OM__Fcap_1.80_Besc_8000_sigmaR_0.216_SE_reference_AE_historical",1.8,8000,"Medium",2044,1000,0.003,0.012,14340.417594903,9360.89377366792,19534.8003645709,0.657,4099.82741249648,0,0,18789.6350425067,"R-OM",28,"Fcap_1.80_Besc_8000_sigmaR_0.216_SE_reference_AE_historical"
28,"R-OM__Fcap_1.80_Besc_8000_sigmaR_0.216_SE_reference_AE_historical",1.8,8000,"Long",2045,1000,0.005,0.016,14201.5801214818,9186.34807500835,19172.7277534578,0.669,3956.31394119388,0,0,19202.9949142579,"R-OM",28,"Fcap_1.80_Besc_8000_sigmaR_0.216_SE_reference_AE_historical"
28,"R-OM__Fcap_1.80_Besc_8000_sigmaR_0.216_SE_reference_AE_historical",1.8,8000,"Long",2046,1000,0.001,0.011,14319.8462460359,9414.70625216114,19305.5993574137,0.676,3732.92641381675,0,0,15475.7526977917,"R-OM",28,"Fcap_1.80_Besc_8000_sigmaR_0.216_SE_reference_AE_historical"
28,"R-OM__Fcap_1.80_Besc_8000_sigmaR_0.216_SE_reference_AE_historical",1.8,8000,"Long",2047,1000,0.003,0.01,14436.1878929263,9999.39518983899,19390.9029257503,0.672,3883.92860486232,0,0,18419.5034326848,"R-OM",28,"Fcap_1.80_Besc_8000_sigmaR_0.216_SE_reference_AE_historical"
28,"R-OM__Fcap_1.80_Besc_8000_sigmaR_0.216_SE_reference_AE_historical",1.8,8000,"Long",2048,1000,0.005,0.011,14452.570869801,9405.80462034415,19790.2561012332,0.666,4046.36317749662,0,0,18545.4749209706,"R-OM",28,"Fcap_1.80_Besc_8000_sigmaR_0.216_SE_reference_AE_historical"
28,"R-OM__Fcap_1.80_Besc_8000_sigmaR_0.216_SE_reference_AE_historical",1.8,8000,"Long",2049,1000,0.002,0.012,14158.6998309018,9576.16443268726,19382.9978223573,0.678,3717.44342151761,0,0,15969.637852603,"R-OM",28,"Fcap_1.80_Besc_8000_sigmaR_0.216_SE_reference_AE_historical"
28,"R-OM__Fcap_1.80_Besc_8000_sigmaR_0.216_SE_reference_AE_historical",1.8,8000,"Long",2050,1000,0.001,0.01,14509.334781899,9745.32380916525,19668.3031265306,0.656,4124.87492246983,0,0,19519.2567595335,"R-OM",28,"Fcap_1.80_Besc_8000_sigmaR_0.216_SE_reference_AE_historical"
28,"R-OM__Fcap_1.80_Besc_8000_sigmaR_0.216_SE_reference_AE_historical",1.8,8000,"Long",2051,1000,0.003,0.014,14438.4428572276,9288.70566250046,19605.7737913401,0.642,4188.26456465856,0,0,18031.8885075883,"R-OM",28,"Fcap_1.80_Besc_8000_sigmaR_0.216_SE_reference_AE_historical"
28,"R-OM__Fcap_1.80_Besc_8000_sigmaR_0.216_SE_reference_AE_historical",1.8,8000,"Long",2052,1000,0.001,0.011,14323.3577857709,9173.14868190565,19468.8813291311,0.666,3939.25264280617,0,0,17090.1382550893,"R-OM",28,"Fcap_1.80_Besc_8000_sigmaR_0.216_SE_reference_AE_historical"
28,"R-OM__Fcap_1.80_Besc_8000_sigmaR_0.216_SE_reference_AE_historical",1.8,8000,"Long",2053,1000,0.001,0.009,14295.4328239064,8902.52680929963,19346.9800408564,0.669,3851.18233382933,0,0,17057.9958886746,"R-OM",28,"Fcap_1.80_Besc_8000_sigmaR_0.216_SE_reference_AE_historical"
28,"R-OM__Fcap_1.80_Besc_8000_sigmaR_0.216_SE_reference_AE_historical",1.8,8000,"Long",2054,1000,0.001,0.005,14420.2430052389,9413.75985025361,19205.9664147151,0.691,3459.60577332377,0,0,14788.6047744624,"R-OM",28,"Fcap_1.80_Besc_8000_sigmaR_0.216_SE_reference_AE_historical"
28,"R-OM__Fcap_1.80_Besc_8000_sigmaR_0.216_SE_reference_AE_historical",1.8,8000,"Full",2025,1000,0,0,14013.9318439866,12135.8179097045,17098.4283061386,0.824,1378.06910044339,0,0,10633.148360663,"R-OM",28,"Fcap_1.80_Besc_8000_sigmaR_0.216_SE_reference_AE_historical"
28,"R-OM__Fcap_1.80_Besc_8000_sigmaR_0.216_SE_reference_AE_historical",1.8,8000,"Full",2026,1000,0,0,15081.2426823486,11297.5514271823,19884.5620165355,0.546,4365.91939405936,0,0,13065.1570945906,"R-OM",28,"Fcap_1.80_Besc_8000_sigmaR_0.216_SE_reference_AE_historical"
28,"R-OM__Fcap_1.80_Besc_8000_sigmaR_0.216_SE_reference_AE_historical",1.8,8000,"Full",2027,1000,0,0.001,14636.4269319922,9970.73674061033,19822.7009289217,0.678,3057.40229304368,0,0,12459.909161051,"R-OM",28,"Fcap_1.80_Besc_8000_sigmaR_0.216_SE_reference_AE_historical"
28,"R-OM__Fcap_1.80_Besc_8000_sigmaR_0.216_SE_reference_AE_historical",1.8,8000,"Full",2028,1000,0,0,14715.4531553499,10662.766983427,19234.1652444054,0.636,4115.47201154109,0,0,16387.3589628801,"R-OM",28,"Fcap_1.80_Besc_8000_sigmaR_0.216_SE_reference_AE_historical"
28,"R-OM__Fcap_1.80_Besc_8000_sigmaR_0.216_SE_reference_AE_historical",1.8,8000,"Full",2029,1000,0.002,0.012,14328.0221553938,9269.0652788206,19576.9702270514,0.668,3739.22828639286,0,0,15459.4159249227,"R-OM",28,"Fcap_1.80_Besc_8000_sigmaR_0.216_SE_reference_AE_historical"
28,"R-OM__Fcap_1.80_Besc_8000_sigmaR_0.216_SE_reference_AE_historical",1.8,8000,"Full",2030,1000,0.001,0.007,14498.3769548152,9593.15975678862,19384.4023323875,0.668,3580.41492279875,0,0,16195.4866804452,"R-OM",28,"Fcap_1.80_Besc_8000_sigmaR_0.216_SE_reference_AE_historical"
28,"R-OM__Fcap_1.80_Besc_8000_sigmaR_0.216_SE_reference_AE_historical",1.8,8000,"Full",2031,1000,0,0.004,14311.6269196336,9552.39276702591,18997.0817057883,0.695,3463.95726521094,0,0,15019.57275076,"R-OM",28,"Fcap_1.80_Besc_8000_sigmaR_0.216_SE_reference_AE_historical"
28,"R-OM__Fcap_1.80_Besc_8000_sigmaR_0.216_SE_reference_AE_historical",1.8,8000,"Full",2032,1000,0.002,0.012,14466.1345706235,9507.77360320783,19199.0159726125,0.667,3698.83093706143,0,0,15192.3556647325,"R-OM",28,"Fcap_1.80_Besc_8000_sigmaR_0.216_SE_reference_AE_historical"
28,"R-OM__Fcap_1.80_Besc_8000_sigmaR_0.216_SE_reference_AE_historical",1.8,8000,"Full",2033,1000,0,0.012,14415.9635302358,9249.79998423831,19282.4797966072,0.659,3914.52266139566,0,0,19257.2079129721,"R-OM",28,"Fcap_1.80_Besc_8000_sigmaR_0.216_SE_reference_AE_historical"
28,"R-OM__Fcap_1.80_Besc_8000_sigmaR_0.216_SE_reference_AE_historical",1.8,8000,"Full",2034,1000,0,0.003,14505.2477166069,9275.67766622662,19569.8324675896,0.678,3912.48446763681,0,0,18968.3714111778,"R-OM",28,"Fcap_1.80_Besc_8000_sigmaR_0.216_SE_reference_AE_historical"
28,"R-OM__Fcap_1.80_Besc_8000_sigmaR_0.216_SE_reference_AE_historical",1.8,8000,"Full",2035,1000,0.004,0.021,14284.5646097932,8745.73415710287,19381.6262440682,0.651,3945.19943705289,0,0,17487.873844606,"R-OM",28,"Fcap_1.80_Besc_8000_sigmaR_0.216_SE_reference_AE_historical"
28,"R-OM__Fcap_1.80_Besc_8000_sigmaR_0.216_SE_reference_AE_historical",1.8,8000,"Full",2036,1000,0.001,0.011,14257.5262017385,9296.71226246558,18886.3504390649,0.674,3843.79807645708,0,0,19176.5664490628,"R-OM",28,"Fcap_1.80_Besc_8000_sigmaR_0.216_SE_reference_AE_historical"
28,"R-OM__Fcap_1.80_Besc_8000_sigmaR_0.216_SE_reference_AE_historical",1.8,8000,"Full",2037,1000,0.003,0.012,14259.0281997205,9143.0895809455,18901.9670809233,0.693,3468.23159826195,0,0,14945.3059179262,"R-OM",28,"Fcap_1.80_Besc_8000_sigmaR_0.216_SE_reference_AE_historical"
28,"R-OM__Fcap_1.80_Besc_8000_sigmaR_0.216_SE_reference_AE_historical",1.8,8000,"Full",2038,1000,0.002,0.012,14379.4240068056,9575.46592412953,19368.1480455427,0.686,3687.37083780838,0,0,16894.916511445,"R-OM",28,"Fcap_1.80_Besc_8000_sigmaR_0.216_SE_reference_AE_historical"
28,"R-OM__Fcap_1.80_Besc_8000_sigmaR_0.216_SE_reference_AE_historical",1.8,8000,"Full",2039,1000,0.004,0.01,14436.1171523038,9436.10982572123,19035.9613694756,0.664,3892.54441026948,0,0,18658.7462891833,"R-OM",28,"Fcap_1.80_Besc_8000_sigmaR_0.216_SE_reference_AE_historical"
28,"R-OM__Fcap_1.80_Besc_8000_sigmaR_0.216_SE_reference_AE_historical",1.8,8000,"Full",2040,1000,0.002,0.009,14433.8560135881,9426.0910041612,19826.9229590417,0.691,3655.62101713476,0,0,19422.8242326111,"R-OM",28,"Fcap_1.80_Besc_8000_sigmaR_0.216_SE_reference_AE_historical"
28,"R-OM__Fcap_1.80_Besc_8000_sigmaR_0.216_SE_reference_AE_historical",1.8,8000,"Full",2041,1000,0.006,0.019,14434.4672626707,9128.10529758088,19152.9909975605,0.636,4190.22946349147,0,0,17041.448688271,"R-OM",28,"Fcap_1.80_Besc_8000_sigmaR_0.216_SE_reference_AE_historical"
28,"R-OM__Fcap_1.80_Besc_8000_sigmaR_0.216_SE_reference_AE_historical",1.8,8000,"Full",2042,1000,0.002,0.007,14274.1767625295,9075.89096846606,19490.9776973561,0.681,3739.9803210417,0,0,18019.5215740688,"R-OM",28,"Fcap_1.80_Besc_8000_sigmaR_0.216_SE_reference_AE_historical"
28,"R-OM__Fcap_1.80_Besc_8000_sigmaR_0.216_SE_reference_AE_historical",1.8,8000,"Full",2043,1000,0.003,0.01,14312.3104851193,9379.21736216707,19196.6254550618,0.701,3588.11310637638,0,0,18878.6768182384,"R-OM",28,"Fcap_1.80_Besc_8000_sigmaR_0.216_SE_reference_AE_historical"
28,"R-OM__Fcap_1.80_Besc_8000_sigmaR_0.216_SE_reference_AE_historical",1.8,8000,"Full",2044,1000,0.003,0.012,14340.417594903,9360.89377366792,19534.8003645709,0.657,4099.82741249648,0,0,18789.6350425067,"R-OM",28,"Fcap_1.80_Besc_8000_sigmaR_0.216_SE_reference_AE_historical"
28,"R-OM__Fcap_1.80_Besc_8000_sigmaR_0.216_SE_reference_AE_historical",1.8,8000,"Full",2045,1000,0.005,0.016,14201.5801214818,9186.34807500835,19172.7277534578,0.669,3956.31394119388,0,0,19202.9949142579,"R-OM",28,"Fcap_1.80_Besc_8000_sigmaR_0.216_SE_reference_AE_historical"
28,"R-OM__Fcap_1.80_Besc_8000_sigmaR_0.216_SE_reference_AE_historical",1.8,8000,"Full",2046,1000,0.001,0.011,14319.8462460359,9414.70625216114,19305.5993574137,0.676,3732.92641381675,0,0,15475.7526977917,"R-OM",28,"Fcap_1.80_Besc_8000_sigmaR_0.216_SE_reference_AE_historical"
28,"R-OM__Fcap_1.80_Besc_8000_sigmaR_0.216_SE_reference_AE_historical",1.8,8000,"Full",2047,1000,0.003,0.01,14436.1878929263,9999.39518983899,19390.9029257503,0.672,3883.92860486232,0,0,18419.5034326848,"R-OM",28,"Fcap_1.80_Besc_8000_sigmaR_0.216_SE_reference_AE_historical"
28,"R-OM__Fcap_1.80_Besc_8000_sigmaR_0.216_SE_reference_AE_historical",1.8,8000,"Full",2048,1000,0.005,0.011,14452.570869801,9405.80462034415,19790.2561012332,0.666,4046.36317749662,0,0,18545.4749209706,"R-OM",28,"Fcap_1.80_Besc_8000_sigmaR_0.216_SE_reference_AE_historical"
28,"R-OM__Fcap_1.80_Besc_8000_sigmaR_0.216_SE_reference_AE_historical",1.8,8000,"Full",2049,1000,0.002,0.012,14158.6998309018,9576.16443268726,19382.9978223573,0.678,3717.44342151761,0,0,15969.637852603,"R-OM",28,"Fcap_1.80_Besc_8000_sigmaR_0.216_SE_reference_AE_historical"
28,"R-OM__Fcap_1.80_Besc_8000_sigmaR_0.216_SE_reference_AE_historical",1.8,8000,"Full",2050,1000,0.001,0.01,14509.334781899,9745.32380916525,19668.3031265306,0.656,4124.87492246983,0,0,19519.2567595335,"R-OM",28,"Fcap_1.80_Besc_8000_sigmaR_0.216_SE_reference_AE_historical"
28,"R-OM__Fcap_1.80_Besc_8000_sigmaR_0.216_SE_reference_AE_historical",1.8,8000,"Full",2051,1000,0.003,0.014,14438.4428572276,9288.70566250046,19605.7737913401,0.642,4188.26456465856,0,0,18031.8885075883,"R-OM",28,"Fcap_1.80_Besc_8000_sigmaR_0.216_SE_reference_AE_historical"
28,"R-OM__Fcap_1.80_Besc_8000_sigmaR_0.216_SE_reference_AE_historical",1.8,8000,"Full",2052,1000,0.001,0.011,14323.3577857709,9173.14868190565,19468.8813291311,0.666,3939.25264280617,0,0,17090.1382550893,"R-OM",28,"Fcap_1.80_Besc_8000_sigmaR_0.216_SE_reference_AE_historical"
28,"R-OM__Fcap_1.80_Besc_8000_sigmaR_0.216_SE_reference_AE_historical",1.8,8000,"Full",2053,1000,0.001,0.009,14295.4328239064,8902.52680929963,19346.9800408564,0.669,3851.18233382933,0,0,17057.9958886746,"R-OM",28,"Fcap_1.80_Besc_8000_sigmaR_0.216_SE_reference_AE_historical"
28,"R-OM__Fcap_1.80_Besc_8000_sigmaR_0.216_SE_reference_AE_historical",1.8,8000,"Full",2054,1000,0.001,0.005,14420.2430052389,9413.75985025361,19205.9664147151,0.691,3459.60577332377,0,0,14788.6047744624,"R-OM",28,"Fcap_1.80_Besc_8000_sigmaR_0.216_SE_reference_AE_historical"
