"scenario_number","scenario_id","Fcap","Besc","horizon","year","n","P_Blim","P_Bpa","SSB_median","SSB_p05","SSB_p95","P_closed","mean_catch","median_catch","p05_catch","p95_catch","robustness_id","reference_scenario_number","reference_scenario_id"
9,"S-C1__Fcap_1.50_Besc_5000_sigmaR_0.216_SE_reference_AE_historical",1.5,5000,"Short",2025,1000,0,0,12421.4436393653,10844.5654552057,15045.6283689915,0.076,6805.00107958698,7114.26585223944,0,9924.96048750499,"S-C1",9,"Fcap_1.50_Besc_5000_sigmaR_0.216_SE_reference_AE_historical"
9,"S-C1__Fcap_1.50_Besc_5000_sigmaR_0.216_SE_reference_AE_historical",1.5,5000,"Short",2026,1000,0,0,11540.8568673582,8877.28089655537,16573.3537314312,0.126,6773.6493965508,7393.63461498483,0,10948.7955852187,"S-C1",9,"Fcap_1.50_Besc_5000_sigmaR_0.216_SE_reference_AE_historical"
9,"S-C1__Fcap_1.50_Besc_5000_sigmaR_0.216_SE_reference_AE_historical",1.5,5000,"Short",2027,1000,0,0.001,11406.8544024137,8770.17505727573,16255.5524864259,0.161,6483.6130849099,7402.49873678504,0,10982.6543064813,"S-C1",9,"Fcap_1.50_Besc_5000_sigmaR_0.216_SE_reference_AE_historical"
9,"S-C1__Fcap_1.50_Besc_5000_sigmaR_0.216_SE_reference_AE_historical",1.5,5000,"Short",2028,1000,0,0,11413.0036733576,8677.8190221465,15877.2157627707,0.156,6542.98062295846,7545.55687462312,0,10976.3165220772,"S-C1",9,"Fcap_1.50_Besc_5000_sigmaR_0.216_SE_reference_AE_historical"
9,"S-C1__Fcap_1.50_Besc_5000_sigmaR_0.216_SE_reference_AE_historical",1.5,5000,"Short",2029,1000,0,0.003,11234.503178184,8467.78687482943,15742.0700383936,0.165,6387.86926223503,7518.15075677195,0,11269.4994739041,"S-C1",9,"Fcap_1.50_Besc_5000_sigmaR_0.216_SE_reference_AE_historical"
9,"S-C1__Fcap_1.50_Besc_5000_sigmaR_0.216_SE_reference_AE_historical",1.5,5000,"Short",2030,1000,0,0.001,11308.4647030452,8696.94776250636,15751.752193756,0.16,6408.85976008871,7442.29416153443,0,11335.3558499274,"S-C1",9,"Fcap_1.50_Besc_5000_sigmaR_0.216_SE_reference_AE_historical"
9,"S-C1__Fcap_1.50_Besc_5000_sigmaR_0.216_SE_reference_AE_historical",1.5,5000,"Short",2031,1000,0,0,11133.7737981306,8720.12135400113,15511.9633604153,0.161,6227.21463228294,7251.99700495959,0,11088.520895684,"S-C1",9,"Fcap_1.50_Besc_5000_sigmaR_0.216_SE_reference_AE_historical"
9,"S-C1__Fcap_1.50_Besc_5000_sigmaR_0.216_SE_reference_AE_historical",1.5,5000,"Short",2032,1000,0,0.001,11323.8809984166,8669.8415876239,15536.0729183245,0.171,6407.1391036632,7519.64766373675,0,11114.1304326134,"S-C1",9,"Fcap_1.50_Besc_5000_sigmaR_0.216_SE_reference_AE_historical"
9,"S-C1__Fcap_1.50_Besc_5000_sigmaR_0.216_SE_reference_AE_historical",1.5,5000,"Short",2033,1000,0,0.002,11255.6675072299,8623.44706152612,15788.3537135875,0.137,6591.47718951029,7415.04415983953,0,11494.0679242324,"S-C1",9,"Fcap_1.50_Besc_5000_sigmaR_0.216_SE_reference_AE_historical"
9,"S-C1__Fcap_1.50_Besc_5000_sigmaR_0.216_SE_reference_AE_historical",1.5,5000,"Short",2034,1000,0,0.002,11314.5991476305,8741.63666137267,15815.3415763497,0.144,6578.89898717559,7433.39192638149,0,11077.4237918487,"S-C1",9,"Fcap_1.50_Besc_5000_sigmaR_0.216_SE_reference_AE_historical"
9,"S-C1__Fcap_1.50_Besc_5000_sigmaR_0.216_SE_reference_AE_historical",1.5,5000,"Medium",2035,1000,0,0.002,11082.1750668826,8667.56322006514,15935.7709213458,0.161,6354.62686118419,7316.73817701267,0,11239.9362661563,"S-C1",9,"Fcap_1.50_Besc_5000_sigmaR_0.216_SE_reference_AE_historical"
9,"S-C1__Fcap_1.50_Besc_5000_sigmaR_0.216_SE_reference_AE_historical",1.5,5000,"Medium",2036,1000,0,0.001,11242.6313433967,8662.52642544322,15596.3340271067,0.146,6380.72019269601,7338.7348984191,0,10942.3764894337,"S-C1",9,"Fcap_1.50_Besc_5000_sigmaR_0.216_SE_reference_AE_historical"
9,"S-C1__Fcap_1.50_Besc_5000_sigmaR_0.216_SE_reference_AE_historical",1.5,5000,"Medium",2037,1000,0,0.001,11177.3226868328,8831.17857581293,15152.3260898855,0.145,6348.1788036028,7446.30579736365,0,10955.2460010611,"S-C1",9,"Fcap_1.50_Besc_5000_sigmaR_0.216_SE_reference_AE_historical"
9,"S-C1__Fcap_1.50_Besc_5000_sigmaR_0.216_SE_reference_AE_historical",1.5,5000,"Medium",2038,1000,0,0,11131.6992352972,8669.35796705826,15735.1966262882,0.162,6341.66668124395,7409.19150035843,0,11130.302074258,"S-C1",9,"Fcap_1.50_Besc_5000_sigmaR_0.216_SE_reference_AE_historical"
9,"S-C1__Fcap_1.50_Besc_5000_sigmaR_0.216_SE_reference_AE_historical",1.5,5000,"Medium",2039,1000,0,0,11281.8397633421,8753.68858118851,15696.0550598105,0.159,6432.64730718545,7434.16523216992,0,11288.4628356416,"S-C1",9,"Fcap_1.50_Besc_5000_sigmaR_0.216_SE_reference_AE_historical"
9,"S-C1__Fcap_1.50_Besc_5000_sigmaR_0.216_SE_reference_AE_historical",1.5,5000,"Medium",2040,1000,0,0.001,11265.5855995089,8783.69336273298,16013.3699746427,0.142,6431.46748781609,7399.22269201367,0,11227.514009327,"S-C1",9,"Fcap_1.50_Besc_5000_sigmaR_0.216_SE_reference_AE_historical"
9,"S-C1__Fcap_1.50_Besc_5000_sigmaR_0.216_SE_reference_AE_historical",1.5,5000,"Medium",2041,1000,0,0.001,11287.7047957589,8761.69195998357,15776.2704840412,0.158,6512.857483604,7555.7503999322,0,11299.4902127144,"S-C1",9,"Fcap_1.50_Besc_5000_sigmaR_0.216_SE_reference_AE_historical"
9,"S-C1__Fcap_1.50_Besc_5000_sigmaR_0.216_SE_reference_AE_historical",1.5,5000,"Medium",2042,1000,0,0.002,11234.6971618815,8660.78522662558,15884.1915576042,0.172,6366.72683307538,7438.01067980889,0,11369.031822731,"S-C1",9,"Fcap_1.50_Besc_5000_sigmaR_0.216_SE_reference_AE_historical"
9,"S-C1__Fcap_1.50_Besc_5000_sigmaR_0.216_SE_reference_AE_historical",1.5,5000,"Medium",2043,1000,0,0.001,11097.606437454,8858.01204041137,15319.997839353,0.159,6349.21298151098,7376.14876071301,0,10918.7631562829,"S-C1",9,"Fcap_1.50_Besc_5000_sigmaR_0.216_SE_reference_AE_historical"
9,"S-C1__Fcap_1.50_Besc_5000_sigmaR_0.216_SE_reference_AE_historical",1.5,5000,"Medium",2044,1000,0,0.001,11264.8967428425,8637.36131904911,15552.5563486046,0.153,6467.37144808413,7457.91862367258,0,11105.0230500312,"S-C1",9,"Fcap_1.50_Besc_5000_sigmaR_0.216_SE_reference_AE_historical"
9,"S-C1__Fcap_1.50_Besc_5000_sigmaR_0.216_SE_reference_AE_historical",1.5,5000,"Long",2045,1000,0,0.001,11209.6132206122,8643.76239502454,15751.174674657,0.147,6462.3826990153,7454.66209873343,0,11102.9883824714,"S-C1",9,"Fcap_1.50_Besc_5000_sigmaR_0.216_SE_reference_AE_historical"
9,"S-C1__Fcap_1.50_Besc_5000_sigmaR_0.216_SE_reference_AE_historical",1.5,5000,"Long",2046,1000,0,0.001,11164.9779402077,8763.59381943328,15741.8695808278,0.16,6394.31541877351,7298.58794319426,0,11152.5957708867,"S-C1",9,"Fcap_1.50_Besc_5000_sigmaR_0.216_SE_reference_AE_historical"
9,"S-C1__Fcap_1.50_Besc_5000_sigmaR_0.216_SE_reference_AE_historical",1.5,5000,"Long",2047,1000,0,0,11300.6049156208,8857.56969599922,16288.1082765897,0.137,6713.66729052475,7520.90252458681,0,11583.4525521284,"S-C1",9,"Fcap_1.50_Besc_5000_sigmaR_0.216_SE_reference_AE_historical"
9,"S-C1__Fcap_1.50_Besc_5000_sigmaR_0.216_SE_reference_AE_historical",1.5,5000,"Long",2048,1000,0,0.001,11335.3241021114,8670.86256754139,15912.3090391927,0.167,6433.84552908801,7476.62021930984,0,11240.0806277429,"S-C1",9,"Fcap_1.50_Besc_5000_sigmaR_0.216_SE_reference_AE_historical"
9,"S-C1__Fcap_1.50_Besc_5000_sigmaR_0.216_SE_reference_AE_historical",1.5,5000,"Long",2049,1000,0,0,11217.5085144128,8696.06354703201,15692.8888913892,0.161,6403.29684520694,7356.25243388854,0,11522.5323399689,"S-C1",9,"Fcap_1.50_Besc_5000_sigmaR_0.216_SE_reference_AE_historical"
9,"S-C1__Fcap_1.50_Besc_5000_sigmaR_0.216_SE_reference_AE_historical",1.5,5000,"Long",2050,1000,0,0.002,11409.4478134789,8630.24207507003,16264.0316545726,0.148,6725.01000415046,7699.37784688135,0,11752.8727174521,"S-C1",9,"Fcap_1.50_Besc_5000_sigmaR_0.216_SE_reference_AE_historical"
9,"S-C1__Fcap_1.50_Besc_5000_sigmaR_0.216_SE_reference_AE_historical",1.5,5000,"Long",2051,1000,0,0.001,11236.711556288,8688.71723516998,15979.2564014993,0.156,6496.41738109158,7445.56077325614,0,11224.2989142045,"S-C1",9,"Fcap_1.50_Besc_5000_sigmaR_0.216_SE_reference_AE_historical"
9,"S-C1__Fcap_1.50_Besc_5000_sigmaR_0.216_SE_reference_AE_historical",1.5,5000,"Long",2052,1000,0,0.001,11286.6288726494,8806.61864061566,16139.9216480124,0.159,6520.15111078336,7536.56769080251,0,11183.9615492059,"S-C1",9,"Fcap_1.50_Besc_5000_sigmaR_0.216_SE_reference_AE_historical"
9,"S-C1__Fcap_1.50_Besc_5000_sigmaR_0.216_SE_reference_AE_historical",1.5,5000,"Long",2053,1000,0,0,11174.6369586477,8828.19021948416,16092.3740402771,0.152,6587.9807394612,7449.89981306338,0,11451.1622479726,"S-C1",9,"Fcap_1.50_Besc_5000_sigmaR_0.216_SE_reference_AE_historical"
9,"S-C1__Fcap_1.50_Besc_5000_sigmaR_0.216_SE_reference_AE_historical",1.5,5000,"Long",2054,1000,0,0.003,11209.6227724064,8622.8978469626,15902.2461958631,0.152,6377.3591044584,7384.09560413469,0,11124.1377732015,"S-C1",9,"Fcap_1.50_Besc_5000_sigmaR_0.216_SE_reference_AE_historical"
9,"S-C1__Fcap_1.50_Besc_5000_sigmaR_0.216_SE_reference_AE_historical",1.5,5000,"Full",2025,1000,0,0,12421.4436393653,10844.5654552057,15045.6283689915,0.076,6805.00107958698,7114.26585223944,0,9924.96048750499,"S-C1",9,"Fcap_1.50_Besc_5000_sigmaR_0.216_SE_reference_AE_historical"
9,"S-C1__Fcap_1.50_Besc_5000_sigmaR_0.216_SE_reference_AE_historical",1.5,5000,"Full",2026,1000,0,0,11540.8568673582,8877.28089655537,16573.3537314312,0.126,6773.6493965508,7393.63461498483,0,10948.7955852187,"S-C1",9,"Fcap_1.50_Besc_5000_sigmaR_0.216_SE_reference_AE_historical"
9,"S-C1__Fcap_1.50_Besc_5000_sigmaR_0.216_SE_reference_AE_historical",1.5,5000,"Full",2027,1000,0,0.001,11406.8544024137,8770.17505727573,16255.5524864259,0.161,6483.6130849099,7402.49873678504,0,10982.6543064813,"S-C1",9,"Fcap_1.50_Besc_5000_sigmaR_0.216_SE_reference_AE_historical"
9,"S-C1__Fcap_1.50_Besc_5000_sigmaR_0.216_SE_reference_AE_historical",1.5,5000,"Full",2028,1000,0,0,11413.0036733576,8677.8190221465,15877.2157627707,0.156,6542.98062295846,7545.55687462312,0,10976.3165220772,"S-C1",9,"Fcap_1.50_Besc_5000_sigmaR_0.216_SE_reference_AE_historical"
9,"S-C1__Fcap_1.50_Besc_5000_sigmaR_0.216_SE_reference_AE_historical",1.5,5000,"Full",2029,1000,0,0.003,11234.503178184,8467.78687482943,15742.0700383936,0.165,6387.86926223503,7518.15075677195,0,11269.4994739041,"S-C1",9,"Fcap_1.50_Besc_5000_sigmaR_0.216_SE_reference_AE_historical"
9,"S-C1__Fcap_1.50_Besc_5000_sigmaR_0.216_SE_reference_AE_historical",1.5,5000,"Full",2030,1000,0,0.001,11308.4647030452,8696.94776250636,15751.752193756,0.16,6408.85976008871,7442.29416153443,0,11335.3558499274,"S-C1",9,"Fcap_1.50_Besc_5000_sigmaR_0.216_SE_reference_AE_historical"
9,"S-C1__Fcap_1.50_Besc_5000_sigmaR_0.216_SE_reference_AE_historical",1.5,5000,"Full",2031,1000,0,0,11133.7737981306,8720.12135400113,15511.9633604153,0.161,6227.21463228294,7251.99700495959,0,11088.520895684,"S-C1",9,"Fcap_1.50_Besc_5000_sigmaR_0.216_SE_reference_AE_historical"
9,"S-C1__Fcap_1.50_Besc_5000_sigmaR_0.216_SE_reference_AE_historical",1.5,5000,"Full",2032,1000,0,0.001,11323.8809984166,8669.8415876239,15536.0729183245,0.171,6407.1391036632,7519.64766373675,0,11114.1304326134,"S-C1",9,"Fcap_1.50_Besc_5000_sigmaR_0.216_SE_reference_AE_historical"
9,"S-C1__Fcap_1.50_Besc_5000_sigmaR_0.216_SE_reference_AE_historical",1.5,5000,"Full",2033,1000,0,0.002,11255.6675072299,8623.44706152612,15788.3537135875,0.137,6591.47718951029,7415.04415983953,0,11494.0679242324,"S-C1",9,"Fcap_1.50_Besc_5000_sigmaR_0.216_SE_reference_AE_historical"
9,"S-C1__Fcap_1.50_Besc_5000_sigmaR_0.216_SE_reference_AE_historical",1.5,5000,"Full",2034,1000,0,0.002,11314.5991476305,8741.63666137267,15815.3415763497,0.144,6578.89898717559,7433.39192638149,0,11077.4237918487,"S-C1",9,"Fcap_1.50_Besc_5000_sigmaR_0.216_SE_reference_AE_historical"
9,"S-C1__Fcap_1.50_Besc_5000_sigmaR_0.216_SE_reference_AE_historical",1.5,5000,"Full",2035,1000,0,0.002,11082.1750668826,8667.56322006514,15935.7709213458,0.161,6354.62686118419,7316.73817701267,0,11239.9362661563,"S-C1",9,"Fcap_1.50_Besc_5000_sigmaR_0.216_SE_reference_AE_historical"
9,"S-C1__Fcap_1.50_Besc_5000_sigmaR_0.216_SE_reference_AE_historical",1.5,5000,"Full",2036,1000,0,0.001,11242.6313433967,8662.52642544322,15596.3340271067,0.146,6380.72019269601,7338.7348984191,0,10942.3764894337,"S-C1",9,"Fcap_1.50_Besc_5000_sigmaR_0.216_SE_reference_AE_historical"
9,"S-C1__Fcap_1.50_Besc_5000_sigmaR_0.216_SE_reference_AE_historical",1.5,5000,"Full",2037,1000,0,0.001,11177.3226868328,8831.17857581293,15152.3260898855,0.145,6348.1788036028,7446.30579736365,0,10955.2460010611,"S-C1",9,"Fcap_1.50_Besc_5000_sigmaR_0.216_SE_reference_AE_historical"
9,"S-C1__Fcap_1.50_Besc_5000_sigmaR_0.216_SE_reference_AE_historical",1.5,5000,"Full",2038,1000,0,0,11131.6992352972,8669.35796705826,15735.1966262882,0.162,6341.66668124395,7409.19150035843,0,11130.302074258,"S-C1",9,"Fcap_1.50_Besc_5000_sigmaR_0.216_SE_reference_AE_historical"
9,"S-C1__Fcap_1.50_Besc_5000_sigmaR_0.216_SE_reference_AE_historical",1.5,5000,"Full",2039,1000,0,0,11281.8397633421,8753.68858118851,15696.0550598105,0.159,6432.64730718545,7434.16523216992,0,11288.4628356416,"S-C1",9,"Fcap_1.50_Besc_5000_sigmaR_0.216_SE_reference_AE_historical"
9,"S-C1__Fcap_1.50_Besc_5000_sigmaR_0.216_SE_reference_AE_historical",1.5,5000,"Full",2040,1000,0,0.001,11265.5855995089,8783.69336273298,16013.3699746427,0.142,6431.46748781609,7399.22269201367,0,11227.514009327,"S-C1",9,"Fcap_1.50_Besc_5000_sigmaR_0.216_SE_reference_AE_historical"
9,"S-C1__Fcap_1.50_Besc_5000_sigmaR_0.216_SE_reference_AE_historical",1.5,5000,"Full",2041,1000,0,0.001,11287.7047957589,8761.69195998357,15776.2704840412,0.158,6512.857483604,7555.7503999322,0,11299.4902127144,"S-C1",9,"Fcap_1.50_Besc_5000_sigmaR_0.216_SE_reference_AE_historical"
9,"S-C1__Fcap_1.50_Besc_5000_sigmaR_0.216_SE_reference_AE_historical",1.5,5000,"Full",2042,1000,0,0.002,11234.6971618815,8660.78522662558,15884.1915576042,0.172,6366.72683307538,7438.01067980889,0,11369.031822731,"S-C1",9,"Fcap_1.50_Besc_5000_sigmaR_0.216_SE_reference_AE_historical"
9,"S-C1__Fcap_1.50_Besc_5000_sigmaR_0.216_SE_reference_AE_historical",1.5,5000,"Full",2043,1000,0,0.001,11097.606437454,8858.01204041137,15319.997839353,0.159,6349.21298151098,7376.14876071301,0,10918.7631562829,"S-C1",9,"Fcap_1.50_Besc_5000_sigmaR_0.216_SE_reference_AE_historical"
9,"S-C1__Fcap_1.50_Besc_5000_sigmaR_0.216_SE_reference_AE_historical",1.5,5000,"Full",2044,1000,0,0.001,11264.8967428425,8637.36131904911,15552.5563486046,0.153,6467.37144808413,7457.91862367258,0,11105.0230500312,"S-C1",9,"Fcap_1.50_Besc_5000_sigmaR_0.216_SE_reference_AE_historical"
9,"S-C1__Fcap_1.50_Besc_5000_sigmaR_0.216_SE_reference_AE_historical",1.5,5000,"Full",2045,1000,0,0.001,11209.6132206122,8643.76239502454,15751.174674657,0.147,6462.3826990153,7454.66209873343,0,11102.9883824714,"S-C1",9,"Fcap_1.50_Besc_5000_sigmaR_0.216_SE_reference_AE_historical"
9,"S-C1__Fcap_1.50_Besc_5000_sigmaR_0.216_SE_reference_AE_historical",1.5,5000,"Full",2046,1000,0,0.001,11164.9779402077,8763.59381943328,15741.8695808278,0.16,6394.31541877351,7298.58794319426,0,11152.5957708867,"S-C1",9,"Fcap_1.50_Besc_5000_sigmaR_0.216_SE_reference_AE_historical"
9,"S-C1__Fcap_1.50_Besc_5000_sigmaR_0.216_SE_reference_AE_historical",1.5,5000,"Full",2047,1000,0,0,11300.6049156208,8857.56969599922,16288.1082765897,0.137,6713.66729052475,7520.90252458681,0,11583.4525521284,"S-C1",9,"Fcap_1.50_Besc_5000_sigmaR_0.216_SE_reference_AE_historical"
9,"S-C1__Fcap_1.50_Besc_5000_sigmaR_0.216_SE_reference_AE_historical",1.5,5000,"Full",2048,1000,0,0.001,11335.3241021114,8670.86256754139,15912.3090391927,0.167,6433.84552908801,7476.62021930984,0,11240.0806277429,"S-C1",9,"Fcap_1.50_Besc_5000_sigmaR_0.216_SE_reference_AE_historical"
9,"S-C1__Fcap_1.50_Besc_5000_sigmaR_0.216_SE_reference_AE_historical",1.5,5000,"Full",2049,1000,0,0,11217.5085144128,8696.06354703201,15692.8888913892,0.161,6403.29684520694,7356.25243388854,0,11522.5323399689,"S-C1",9,"Fcap_1.50_Besc_5000_sigmaR_0.216_SE_reference_AE_historical"
9,"S-C1__Fcap_1.50_Besc_5000_sigmaR_0.216_SE_reference_AE_historical",1.5,5000,"Full",2050,1000,0,0.002,11409.4478134789,8630.24207507003,16264.0316545726,0.148,6725.01000415046,7699.37784688135,0,11752.8727174521,"S-C1",9,"Fcap_1.50_Besc_5000_sigmaR_0.216_SE_reference_AE_historical"
9,"S-C1__Fcap_1.50_Besc_5000_sigmaR_0.216_SE_reference_AE_historical",1.5,5000,"Full",2051,1000,0,0.001,11236.711556288,8688.71723516998,15979.2564014993,0.156,6496.41738109158,7445.56077325614,0,11224.2989142045,"S-C1",9,"Fcap_1.50_Besc_5000_sigmaR_0.216_SE_reference_AE_historical"
9,"S-C1__Fcap_1.50_Besc_5000_sigmaR_0.216_SE_reference_AE_historical",1.5,5000,"Full",2052,1000,0,0.001,11286.6288726494,8806.61864061566,16139.9216480124,0.159,6520.15111078336,7536.56769080251,0,11183.9615492059,"S-C1",9,"Fcap_1.50_Besc_5000_sigmaR_0.216_SE_reference_AE_historical"
9,"S-C1__Fcap_1.50_Besc_5000_sigmaR_0.216_SE_reference_AE_historical",1.5,5000,"Full",2053,1000,0,0,11174.6369586477,8828.19021948416,16092.3740402771,0.152,6587.9807394612,7449.89981306338,0,11451.1622479726,"S-C1",9,"Fcap_1.50_Besc_5000_sigmaR_0.216_SE_reference_AE_historical"
9,"S-C1__Fcap_1.50_Besc_5000_sigmaR_0.216_SE_reference_AE_historical",1.5,5000,"Full",2054,1000,0,0.003,11209.6227724064,8622.8978469626,15902.2461958631,0.152,6377.3591044584,7384.09560413469,0,11124.1377732015,"S-C1",9,"Fcap_1.50_Besc_5000_sigmaR_0.216_SE_reference_AE_historical"
10,"S-C1__Fcap_1.50_Besc_6561_sigmaR_0.216_SE_reference_AE_historical",1.5,6561,"Short",2025,1000,0,0,13346.9379735217,11571.5182160498,15592.1863320138,0.468,3821.9329247449,2299.77983680668,0,9890.19841653242,"S-C1",10,"Fcap_1.50_Besc_6561_sigmaR_0.216_SE_reference_AE_historical"
10,"S-C1__Fcap_1.50_Besc_6561_sigmaR_0.216_SE_reference_AE_historical",1.5,6561,"Short",2026,1000,0,0,13089.8370563501,10210.9514973543,17740.1827713552,0.34,5622.5252918459,7363.47644884863,0,11642.4476142209,"S-C1",10,"Fcap_1.50_Besc_6561_sigmaR_0.216_SE_reference_AE_historical"
10,"S-C1__Fcap_1.50_Besc_6561_sigmaR_0.216_SE_reference_AE_historical",1.5,6561,"Short",2027,1000,0,0,12796.9301291898,9758.28094210129,17567.0260350535,0.404,4897.84728862525,5424.06895959956,0,11618.6947497414,"S-C1",10,"Fcap_1.50_Besc_6561_sigmaR_0.216_SE_reference_AE_historical"
10,"S-C1__Fcap_1.50_Besc_6561_sigmaR_0.216_SE_reference_AE_historical",1.5,6561,"Short",2028,1000,0,0,12853.3625630043,10014.4729683161,16779.1766678091,0.375,5209.37910830214,5042.23341902212,0,12113.6594203306,"S-C1",10,"Fcap_1.50_Besc_6561_sigmaR_0.216_SE_reference_AE_historical"
10,"S-C1__Fcap_1.50_Besc_6561_sigmaR_0.216_SE_reference_AE_historical",1.5,6561,"Short",2029,1000,0.001,0.002,12735.6197864251,9593.4559258789,17232.8857830642,0.412,4903.35052070783,4743.22148867268,0,12050.190690336,"S-C1",10,"Fcap_1.50_Besc_6561_sigmaR_0.216_SE_reference_AE_historical"
10,"S-C1__Fcap_1.50_Besc_6561_sigmaR_0.216_SE_reference_AE_historical",1.5,6561,"Short",2030,1000,0,0,12829.4869432324,9824.95969233101,16968.9578818784,0.417,4931.13219419091,4176.56833890307,0,12776.0219916885,"S-C1",10,"Fcap_1.50_Besc_6561_sigmaR_0.216_SE_reference_AE_historical"
10,"S-C1__Fcap_1.50_Besc_6561_sigmaR_0.216_SE_reference_AE_historical",1.5,6561,"Short",2031,1000,0,0.001,12749.8747021716,9820.50393947456,16831.8200749866,0.438,4718.38772788583,3343.81333184181,0,12170.0036235608,"S-C1",10,"Fcap_1.50_Besc_6561_sigmaR_0.216_SE_reference_AE_historical"
10,"S-C1__Fcap_1.50_Besc_6561_sigmaR_0.216_SE_reference_AE_historical",1.5,6561,"Short",2032,1000,0,0.003,12804.4669098017,9848.55109909566,17126.2720958044,0.415,4904.86144383716,3995.44961412341,0,12238.2046086733,"S-C1",10,"Fcap_1.50_Besc_6561_sigmaR_0.216_SE_reference_AE_historical"
10,"S-C1__Fcap_1.50_Besc_6561_sigmaR_0.216_SE_reference_AE_historical",1.5,6561,"Short",2033,1000,0,0,12852.3735437258,9752.45147439051,17215.2079904785,0.377,5162.00036846532,5002.12228151064,0,12391.7822901211,"S-C1",10,"Fcap_1.50_Besc_6561_sigmaR_0.216_SE_reference_AE_historical"
10,"S-C1__Fcap_1.50_Besc_6561_sigmaR_0.216_SE_reference_AE_historical",1.5,6561,"Short",2034,1000,0,0,12848.0546545165,9915.14400858298,17177.9246105004,0.408,5164.72308011892,5117.51374299655,0,12570.0355576509,"S-C1",10,"Fcap_1.50_Besc_6561_sigmaR_0.216_SE_reference_AE_historical"
10,"S-C1__Fcap_1.50_Besc_6561_sigmaR_0.216_SE_reference_AE_historical",1.5,6561,"Medium",2035,1000,0,0.002,12685.6507034267,9800.68796090884,17252.4221951307,0.422,4898.31804173903,4383.73458651943,0,12128.9152610945,"S-C1",10,"Fcap_1.50_Besc_6561_sigmaR_0.216_SE_reference_AE_historical"
10,"S-C1__Fcap_1.50_Besc_6561_sigmaR_0.216_SE_reference_AE_historical",1.5,6561,"Medium",2036,1000,0,0.001,12793.4151377588,9745.23911919486,17319.0213726057,0.411,4924.10653124041,4695.1798053991,0,12115.6548210387,"S-C1",10,"Fcap_1.50_Besc_6561_sigmaR_0.216_SE_reference_AE_historical"
10,"S-C1__Fcap_1.50_Besc_6561_sigmaR_0.216_SE_reference_AE_historical",1.5,6561,"Medium",2037,1000,0,0.002,12733.0537695264,9878.925615034,16765.1316060146,0.411,4757.97026880795,4656.64150969298,0,11618.0302835449,"S-C1",10,"Fcap_1.50_Besc_6561_sigmaR_0.216_SE_reference_AE_historical"
10,"S-C1__Fcap_1.50_Besc_6561_sigmaR_0.216_SE_reference_AE_historical",1.5,6561,"Medium",2038,1000,0,0,12646.999840289,9773.0952204334,17071.4588553158,0.402,5108.55875902418,5448.13880483426,0,12159.2457132467,"S-C1",10,"Fcap_1.50_Besc_6561_sigmaR_0.216_SE_reference_AE_historical"
10,"S-C1__Fcap_1.50_Besc_6561_sigmaR_0.216_SE_reference_AE_historical",1.5,6561,"Medium",2039,1000,0,0,12763.7355289138,9675.69478804655,16861.485524587,0.427,4987.39298644264,4573.9490303818,0,12264.8421741218,"S-C1",10,"Fcap_1.50_Besc_6561_sigmaR_0.216_SE_reference_AE_historical"
10,"S-C1__Fcap_1.50_Besc_6561_sigmaR_0.216_SE_reference_AE_historical",1.5,6561,"Medium",2040,1000,0,0.001,12760.0535339342,9874.60410868322,17240.2710536291,0.388,5059.77964338161,5293.99754839229,0,12055.1733304736,"S-C1",10,"Fcap_1.50_Besc_6561_sigmaR_0.216_SE_reference_AE_historical"
10,"S-C1__Fcap_1.50_Besc_6561_sigmaR_0.216_SE_reference_AE_historical",1.5,6561,"Medium",2041,1000,0,0.001,12757.6251474003,9718.77927132769,17017.3658591144,0.397,5066.32971669003,5542.73468697996,0,11754.7420885522,"S-C1",10,"Fcap_1.50_Besc_6561_sigmaR_0.216_SE_reference_AE_historical"
10,"S-C1__Fcap_1.50_Besc_6561_sigmaR_0.216_SE_reference_AE_historical",1.5,6561,"Medium",2042,1000,0,0.001,12808.5419166024,9752.8976806193,17057.196648491,0.401,4993.06806499925,4607.61924294832,0,12107.0209582594,"S-C1",10,"Fcap_1.50_Besc_6561_sigmaR_0.216_SE_reference_AE_historical"
10,"S-C1__Fcap_1.50_Besc_6561_sigmaR_0.216_SE_reference_AE_historical",1.5,6561,"Medium",2043,1000,0,0,12698.5579842135,9774.87872033839,16656.7384389982,0.406,4881.40108897241,4642.9672919739,0,11771.1319640328,"S-C1",10,"Fcap_1.50_Besc_6561_sigmaR_0.216_SE_reference_AE_historical"
10,"S-C1__Fcap_1.50_Besc_6561_sigmaR_0.216_SE_reference_AE_historical",1.5,6561,"Medium",2044,1000,0.001,0.002,12777.9808635411,9844.74405453323,17162.3576406574,0.405,5066.25605415901,4933.50951385267,0,12269.3177737347,"S-C1",10,"Fcap_1.50_Besc_6561_sigmaR_0.216_SE_reference_AE_historical"
10,"S-C1__Fcap_1.50_Besc_6561_sigmaR_0.216_SE_reference_AE_historical",1.5,6561,"Long",2045,1000,0,0.002,12753.3164335688,9586.7327966669,17056.093848034,0.401,5089.17773426547,4951.5638646715,0,12512.1878740258,"S-C1",10,"Fcap_1.50_Besc_6561_sigmaR_0.216_SE_reference_AE_historical"
10,"S-C1__Fcap_1.50_Besc_6561_sigmaR_0.216_SE_reference_AE_historical",1.5,6561,"Long",2046,1000,0,0.002,12729.7059213871,9769.37740665669,17316.2922557506,0.409,4975.58100046268,4829.82164427051,0,12382.9596667571,"S-C1",10,"Fcap_1.50_Besc_6561_sigmaR_0.216_SE_reference_AE_historical"
10,"S-C1__Fcap_1.50_Besc_6561_sigmaR_0.216_SE_reference_AE_historical",1.5,6561,"Long",2047,1000,0,0.001,12782.8227269479,10103.9423751343,17514.5461569116,0.386,5185.54498751268,5260.7009581125,0,12621.0574631412,"S-C1",10,"Fcap_1.50_Besc_6561_sigmaR_0.216_SE_reference_AE_historical"
10,"S-C1__Fcap_1.50_Besc_6561_sigmaR_0.216_SE_reference_AE_historical",1.5,6561,"Long",2048,1000,0,0.001,12838.1837500767,9682.62913372853,17219.5067713614,0.385,5243.856361461,5613.33749511678,0,12565.7347329409,"S-C1",10,"Fcap_1.50_Besc_6561_sigmaR_0.216_SE_reference_AE_historical"
10,"S-C1__Fcap_1.50_Besc_6561_sigmaR_0.216_SE_reference_AE_historical",1.5,6561,"Long",2049,1000,0,0,12696.756173674,9808.57560718556,16998.4340630469,0.432,4687.69711309805,3636.3635635862,0,12103.3389133553,"S-C1",10,"Fcap_1.50_Besc_6561_sigmaR_0.216_SE_reference_AE_historical"
10,"S-C1__Fcap_1.50_Besc_6561_sigmaR_0.216_SE_reference_AE_historical",1.5,6561,"Long",2050,1000,0,0.002,12843.2430285933,9889.63930652772,17655.3865097294,0.377,5437.86277658806,6106.08817946357,0,13106.7651225561,"S-C1",10,"Fcap_1.50_Besc_6561_sigmaR_0.216_SE_reference_AE_historical"
10,"S-C1__Fcap_1.50_Besc_6561_sigmaR_0.216_SE_reference_AE_historical",1.5,6561,"Long",2051,1000,0,0.002,12773.903090099,9637.03629267516,17200.7179429379,0.399,5099.81849316178,5301.1530942548,0,12324.7412843035,"S-C1",10,"Fcap_1.50_Besc_6561_sigmaR_0.216_SE_reference_AE_historical"
10,"S-C1__Fcap_1.50_Besc_6561_sigmaR_0.216_SE_reference_AE_historical",1.5,6561,"Long",2052,1000,0,0.001,12772.5024350882,9898.31050381695,17266.2593734007,0.392,5262.00287367238,5816.12722532215,0,12557.0646156016,"S-C1",10,"Fcap_1.50_Besc_6561_sigmaR_0.216_SE_reference_AE_historical"
10,"S-C1__Fcap_1.50_Besc_6561_sigmaR_0.216_SE_reference_AE_historical",1.5,6561,"Long",2053,1000,0,0,12727.6833794487,9744.254579498,17315.8043386411,0.422,4877.32338513495,4049.48762367642,0,12726.9330164263,"S-C1",10,"Fcap_1.50_Besc_6561_sigmaR_0.216_SE_reference_AE_historical"
10,"S-C1__Fcap_1.50_Besc_6561_sigmaR_0.216_SE_reference_AE_historical",1.5,6561,"Long",2054,1000,0,0,12771.5864671974,9700.16566303352,17317.4159320129,0.387,5003.02913042134,4970.33906261258,0,11821.7618802239,"S-C1",10,"Fcap_1.50_Besc_6561_sigmaR_0.216_SE_reference_AE_historical"
10,"S-C1__Fcap_1.50_Besc_6561_sigmaR_0.216_SE_reference_AE_historical",1.5,6561,"Full",2025,1000,0,0,13346.9379735217,11571.5182160498,15592.1863320138,0.468,3821.9329247449,2299.77983680668,0,9890.19841653242,"S-C1",10,"Fcap_1.50_Besc_6561_sigmaR_0.216_SE_reference_AE_historical"
10,"S-C1__Fcap_1.50_Besc_6561_sigmaR_0.216_SE_reference_AE_historical",1.5,6561,"Full",2026,1000,0,0,13089.8370563501,10210.9514973543,17740.1827713552,0.34,5622.5252918459,7363.47644884863,0,11642.4476142209,"S-C1",10,"Fcap_1.50_Besc_6561_sigmaR_0.216_SE_reference_AE_historical"
10,"S-C1__Fcap_1.50_Besc_6561_sigmaR_0.216_SE_reference_AE_historical",1.5,6561,"Full",2027,1000,0,0,12796.9301291898,9758.28094210129,17567.0260350535,0.404,4897.84728862525,5424.06895959956,0,11618.6947497414,"S-C1",10,"Fcap_1.50_Besc_6561_sigmaR_0.216_SE_reference_AE_historical"
10,"S-C1__Fcap_1.50_Besc_6561_sigmaR_0.216_SE_reference_AE_historical",1.5,6561,"Full",2028,1000,0,0,12853.3625630043,10014.4729683161,16779.1766678091,0.375,5209.37910830214,5042.23341902212,0,12113.6594203306,"S-C1",10,"Fcap_1.50_Besc_6561_sigmaR_0.216_SE_reference_AE_historical"
10,"S-C1__Fcap_1.50_Besc_6561_sigmaR_0.216_SE_reference_AE_historical",1.5,6561,"Full",2029,1000,0.001,0.002,12735.6197864251,9593.4559258789,17232.8857830642,0.412,4903.35052070783,4743.22148867268,0,12050.190690336,"S-C1",10,"Fcap_1.50_Besc_6561_sigmaR_0.216_SE_reference_AE_historical"
10,"S-C1__Fcap_1.50_Besc_6561_sigmaR_0.216_SE_reference_AE_historical",1.5,6561,"Full",2030,1000,0,0,12829.4869432324,9824.95969233101,16968.9578818784,0.417,4931.13219419091,4176.56833890307,0,12776.0219916885,"S-C1",10,"Fcap_1.50_Besc_6561_sigmaR_0.216_SE_reference_AE_historical"
10,"S-C1__Fcap_1.50_Besc_6561_sigmaR_0.216_SE_reference_AE_historical",1.5,6561,"Full",2031,1000,0,0.001,12749.8747021716,9820.50393947456,16831.8200749866,0.438,4718.38772788583,3343.81333184181,0,12170.0036235608,"S-C1",10,"Fcap_1.50_Besc_6561_sigmaR_0.216_SE_reference_AE_historical"
10,"S-C1__Fcap_1.50_Besc_6561_sigmaR_0.216_SE_reference_AE_historical",1.5,6561,"Full",2032,1000,0,0.003,12804.4669098017,9848.55109909566,17126.2720958044,0.415,4904.86144383716,3995.44961412341,0,12238.2046086733,"S-C1",10,"Fcap_1.50_Besc_6561_sigmaR_0.216_SE_reference_AE_historical"
10,"S-C1__Fcap_1.50_Besc_6561_sigmaR_0.216_SE_reference_AE_historical",1.5,6561,"Full",2033,1000,0,0,12852.3735437258,9752.45147439051,17215.2079904785,0.377,5162.00036846532,5002.12228151064,0,12391.7822901211,"S-C1",10,"Fcap_1.50_Besc_6561_sigmaR_0.216_SE_reference_AE_historical"
10,"S-C1__Fcap_1.50_Besc_6561_sigmaR_0.216_SE_reference_AE_historical",1.5,6561,"Full",2034,1000,0,0,12848.0546545165,9915.14400858298,17177.9246105004,0.408,5164.72308011892,5117.51374299655,0,12570.0355576509,"S-C1",10,"Fcap_1.50_Besc_6561_sigmaR_0.216_SE_reference_AE_historical"
10,"S-C1__Fcap_1.50_Besc_6561_sigmaR_0.216_SE_reference_AE_historical",1.5,6561,"Full",2035,1000,0,0.002,12685.6507034267,9800.68796090884,17252.4221951307,0.422,4898.31804173903,4383.73458651943,0,12128.9152610945,"S-C1",10,"Fcap_1.50_Besc_6561_sigmaR_0.216_SE_reference_AE_historical"
10,"S-C1__Fcap_1.50_Besc_6561_sigmaR_0.216_SE_reference_AE_historical",1.5,6561,"Full",2036,1000,0,0.001,12793.4151377588,9745.23911919486,17319.0213726057,0.411,4924.10653124041,4695.1798053991,0,12115.6548210387,"S-C1",10,"Fcap_1.50_Besc_6561_sigmaR_0.216_SE_reference_AE_historical"
10,"S-C1__Fcap_1.50_Besc_6561_sigmaR_0.216_SE_reference_AE_historical",1.5,6561,"Full",2037,1000,0,0.002,12733.0537695264,9878.925615034,16765.1316060146,0.411,4757.97026880795,4656.64150969298,0,11618.0302835449,"S-C1",10,"Fcap_1.50_Besc_6561_sigmaR_0.216_SE_reference_AE_historical"
10,"S-C1__Fcap_1.50_Besc_6561_sigmaR_0.216_SE_reference_AE_historical",1.5,6561,"Full",2038,1000,0,0,12646.999840289,9773.0952204334,17071.4588553158,0.402,5108.55875902418,5448.13880483426,0,12159.2457132467,"S-C1",10,"Fcap_1.50_Besc_6561_sigmaR_0.216_SE_reference_AE_historical"
10,"S-C1__Fcap_1.50_Besc_6561_sigmaR_0.216_SE_reference_AE_historical",1.5,6561,"Full",2039,1000,0,0,12763.7355289138,9675.69478804655,16861.485524587,0.427,4987.39298644264,4573.9490303818,0,12264.8421741218,"S-C1",10,"Fcap_1.50_Besc_6561_sigmaR_0.216_SE_reference_AE_historical"
10,"S-C1__Fcap_1.50_Besc_6561_sigmaR_0.216_SE_reference_AE_historical",1.5,6561,"Full",2040,1000,0,0.001,12760.0535339342,9874.60410868322,17240.2710536291,0.388,5059.77964338161,5293.99754839229,0,12055.1733304736,"S-C1",10,"Fcap_1.50_Besc_6561_sigmaR_0.216_SE_reference_AE_historical"
10,"S-C1__Fcap_1.50_Besc_6561_sigmaR_0.216_SE_reference_AE_historical",1.5,6561,"Full",2041,1000,0,0.001,12757.6251474003,9718.77927132769,17017.3658591144,0.397,5066.32971669003,5542.73468697996,0,11754.7420885522,"S-C1",10,"Fcap_1.50_Besc_6561_sigmaR_0.216_SE_reference_AE_historical"
10,"S-C1__Fcap_1.50_Besc_6561_sigmaR_0.216_SE_reference_AE_historical",1.5,6561,"Full",2042,1000,0,0.001,12808.5419166024,9752.8976806193,17057.196648491,0.401,4993.06806499925,4607.61924294832,0,12107.0209582594,"S-C1",10,"Fcap_1.50_Besc_6561_sigmaR_0.216_SE_reference_AE_historical"
10,"S-C1__Fcap_1.50_Besc_6561_sigmaR_0.216_SE_reference_AE_historical",1.5,6561,"Full",2043,1000,0,0,12698.5579842135,9774.87872033839,16656.7384389982,0.406,4881.40108897241,4642.9672919739,0,11771.1319640328,"S-C1",10,"Fcap_1.50_Besc_6561_sigmaR_0.216_SE_reference_AE_historical"
10,"S-C1__Fcap_1.50_Besc_6561_sigmaR_0.216_SE_reference_AE_historical",1.5,6561,"Full",2044,1000,0.001,0.002,12777.9808635411,9844.74405453323,17162.3576406574,0.405,5066.25605415901,4933.50951385267,0,12269.3177737347,"S-C1",10,"Fcap_1.50_Besc_6561_sigmaR_0.216_SE_reference_AE_historical"
10,"S-C1__Fcap_1.50_Besc_6561_sigmaR_0.216_SE_reference_AE_historical",1.5,6561,"Full",2045,1000,0,0.002,12753.3164335688,9586.7327966669,17056.093848034,0.401,5089.17773426547,4951.5638646715,0,12512.1878740258,"S-C1",10,"Fcap_1.50_Besc_6561_sigmaR_0.216_SE_reference_AE_historical"
10,"S-C1__Fcap_1.50_Besc_6561_sigmaR_0.216_SE_reference_AE_historical",1.5,6561,"Full",2046,1000,0,0.002,12729.7059213871,9769.37740665669,17316.2922557506,0.409,4975.58100046268,4829.82164427051,0,12382.9596667571,"S-C1",10,"Fcap_1.50_Besc_6561_sigmaR_0.216_SE_reference_AE_historical"
10,"S-C1__Fcap_1.50_Besc_6561_sigmaR_0.216_SE_reference_AE_historical",1.5,6561,"Full",2047,1000,0,0.001,12782.8227269479,10103.9423751343,17514.5461569116,0.386,5185.54498751268,5260.7009581125,0,12621.0574631412,"S-C1",10,"Fcap_1.50_Besc_6561_sigmaR_0.216_SE_reference_AE_historical"
10,"S-C1__Fcap_1.50_Besc_6561_sigmaR_0.216_SE_reference_AE_historical",1.5,6561,"Full",2048,1000,0,0.001,12838.1837500767,9682.62913372853,17219.5067713614,0.385,5243.856361461,5613.33749511678,0,12565.7347329409,"S-C1",10,"Fcap_1.50_Besc_6561_sigmaR_0.216_SE_reference_AE_historical"
10,"S-C1__Fcap_1.50_Besc_6561_sigmaR_0.216_SE_reference_AE_historical",1.5,6561,"Full",2049,1000,0,0,12696.756173674,9808.57560718556,16998.4340630469,0.432,4687.69711309805,3636.3635635862,0,12103.3389133553,"S-C1",10,"Fcap_1.50_Besc_6561_sigmaR_0.216_SE_reference_AE_historical"
10,"S-C1__Fcap_1.50_Besc_6561_sigmaR_0.216_SE_reference_AE_historical",1.5,6561,"Full",2050,1000,0,0.002,12843.2430285933,9889.63930652772,17655.3865097294,0.377,5437.86277658806,6106.08817946357,0,13106.7651225561,"S-C1",10,"Fcap_1.50_Besc_6561_sigmaR_0.216_SE_reference_AE_historical"
10,"S-C1__Fcap_1.50_Besc_6561_sigmaR_0.216_SE_reference_AE_historical",1.5,6561,"Full",2051,1000,0,0.002,12773.903090099,9637.03629267516,17200.7179429379,0.399,5099.81849316178,5301.1530942548,0,12324.7412843035,"S-C1",10,"Fcap_1.50_Besc_6561_sigmaR_0.216_SE_reference_AE_historical"
10,"S-C1__Fcap_1.50_Besc_6561_sigmaR_0.216_SE_reference_AE_historical",1.5,6561,"Full",2052,1000,0,0.001,12772.5024350882,9898.31050381695,17266.2593734007,0.392,5262.00287367238,5816.12722532215,0,12557.0646156016,"S-C1",10,"Fcap_1.50_Besc_6561_sigmaR_0.216_SE_reference_AE_historical"
10,"S-C1__Fcap_1.50_Besc_6561_sigmaR_0.216_SE_reference_AE_historical",1.5,6561,"Full",2053,1000,0,0,12727.6833794487,9744.254579498,17315.8043386411,0.422,4877.32338513495,4049.48762367642,0,12726.9330164263,"S-C1",10,"Fcap_1.50_Besc_6561_sigmaR_0.216_SE_reference_AE_historical"
10,"S-C1__Fcap_1.50_Besc_6561_sigmaR_0.216_SE_reference_AE_historical",1.5,6561,"Full",2054,1000,0,0,12771.5864671974,9700.16566303352,17317.4159320129,0.387,5003.02913042134,4970.33906261258,0,11821.7618802239,"S-C1",10,"Fcap_1.50_Besc_6561_sigmaR_0.216_SE_reference_AE_historical"
11,"S-C1__Fcap_1.50_Besc_7250_sigmaR_0.216_SE_reference_AE_historical",1.5,7250,"Short",2025,1000,0,0,13723.8042886376,12044.8791469867,16127.5228268667,0.681,2365.40832559171,0,0,9844.07803376488,"S-C1",11,"Fcap_1.50_Besc_7250_sigmaR_0.216_SE_reference_AE_historical"
11,"S-C1__Fcap_1.50_Besc_7250_sigmaR_0.216_SE_reference_AE_historical",1.5,7250,"Short",2026,1000,0,0,13876.8385110947,11003.8744174055,18134.7540886758,0.395,5225.25805989094,6415.03331544807,0,11846.4863901074,"S-C1",11,"Fcap_1.50_Besc_7250_sigmaR_0.216_SE_reference_AE_historical"
11,"S-C1__Fcap_1.50_Besc_7250_sigmaR_0.216_SE_reference_AE_historical",1.5,7250,"Short",2027,1000,0,0,13555.9035617517,9974.71335964549,17927.2864811809,0.524,3934.27268916487,0,0,11836.5073170303,"S-C1",11,"Fcap_1.50_Besc_7250_sigmaR_0.216_SE_reference_AE_historical"
11,"S-C1__Fcap_1.50_Besc_7250_sigmaR_0.216_SE_reference_AE_historical",1.5,7250,"Short",2028,1000,0,0,13565.4753690884,10532.9080287987,17391.6318949255,0.479,4725.81359687266,1962.01732398401,0,12973.509369364,"S-C1",11,"Fcap_1.50_Besc_7250_sigmaR_0.216_SE_reference_AE_historical"
11,"S-C1__Fcap_1.50_Besc_7250_sigmaR_0.216_SE_reference_AE_historical",1.5,7250,"Short",2029,1000,0.001,0.002,13455.9238125041,9837.84402949209,17613.9752748486,0.502,4043.68609892306,0,0,12956.8277031005,"S-C1",11,"Fcap_1.50_Besc_7250_sigmaR_0.216_SE_reference_AE_historical"
11,"S-C1__Fcap_1.50_Besc_7250_sigmaR_0.216_SE_reference_AE_historical",1.5,7250,"Short",2030,1000,0,0.002,13559.4756158874,10098.106387546,17898.1595828292,0.522,4176.03761884539,0,0,13478.8291805189,"S-C1",11,"Fcap_1.50_Besc_7250_sigmaR_0.216_SE_reference_AE_historical"
11,"S-C1__Fcap_1.50_Besc_7250_sigmaR_0.216_SE_reference_AE_historical",1.5,7250,"Short",2031,1000,0,0,13466.8254025467,10057.0148639813,17661.1250767102,0.531,4022.20011621668,0,0,12895.4115152368,"S-C1",11,"Fcap_1.50_Besc_7250_sigmaR_0.216_SE_reference_AE_historical"
11,"S-C1__Fcap_1.50_Besc_7250_sigmaR_0.216_SE_reference_AE_historical",1.5,7250,"Short",2032,1000,0,0.004,13523.6075923361,10179.0010701749,17732.013581625,0.522,4277.85043929036,0,0,13135.8661182627,"S-C1",11,"Fcap_1.50_Besc_7250_sigmaR_0.216_SE_reference_AE_historical"
11,"S-C1__Fcap_1.50_Besc_7250_sigmaR_0.216_SE_reference_AE_historical",1.5,7250,"Short",2033,1000,0,0.002,13547.9765027186,10076.5109043436,18015.3326504757,0.509,4525.27928072986,0,0,14257.4042721191,"S-C1",11,"Fcap_1.50_Besc_7250_sigmaR_0.216_SE_reference_AE_historical"
11,"S-C1__Fcap_1.50_Besc_7250_sigmaR_0.216_SE_reference_AE_historical",1.5,7250,"Short",2034,1000,0,0.002,13523.2416582869,10058.4681925194,18022.7887574796,0.526,4486.97759672242,0,0,13613.0434786588,"S-C1",11,"Fcap_1.50_Besc_7250_sigmaR_0.216_SE_reference_AE_historical"
11,"S-C1__Fcap_1.50_Besc_7250_sigmaR_0.216_SE_reference_AE_historical",1.5,7250,"Medium",2035,1000,0,0.003,13447.0144195967,9980.83508738096,17838.6271764004,0.528,4279.65380422518,0,0,12508.9823170022,"S-C1",11,"Fcap_1.50_Besc_7250_sigmaR_0.216_SE_reference_AE_historical"
11,"S-C1__Fcap_1.50_Besc_7250_sigmaR_0.216_SE_reference_AE_historical",1.5,7250,"Medium",2036,1000,0,0.001,13422.7725855353,10077.8464998405,17744.1089564028,0.518,4250.2173883081,0,0,12830.7637397748,"S-C1",11,"Fcap_1.50_Besc_7250_sigmaR_0.216_SE_reference_AE_historical"
11,"S-C1__Fcap_1.50_Besc_7250_sigmaR_0.216_SE_reference_AE_historical",1.5,7250,"Medium",2037,1000,0,0.001,13414.2478587214,10142.0314262131,17379.9480860903,0.541,3973.27300716407,0,0,12523.9442383337,"S-C1",11,"Fcap_1.50_Besc_7250_sigmaR_0.216_SE_reference_AE_historical"
11,"S-C1__Fcap_1.50_Besc_7250_sigmaR_0.216_SE_reference_AE_historical",1.5,7250,"Medium",2038,1000,0,0.002,13416.249040703,9944.72379568928,17695.6764793834,0.497,4456.01208811782,171.103159619902,0,12964.1116161894,"S-C1",11,"Fcap_1.50_Besc_7250_sigmaR_0.216_SE_reference_AE_historical"
11,"S-C1__Fcap_1.50_Besc_7250_sigmaR_0.216_SE_reference_AE_historical",1.5,7250,"Medium",2039,1000,0,0,13479.4746402902,9861.79778696053,17412.5164841,0.522,4376.10428811137,0,0,13074.9175701873,"S-C1",11,"Fcap_1.50_Besc_7250_sigmaR_0.216_SE_reference_AE_historical"
11,"S-C1__Fcap_1.50_Besc_7250_sigmaR_0.216_SE_reference_AE_historical",1.5,7250,"Medium",2040,1000,0,0,13523.300684961,10006.6846779929,17872.4390095646,0.52,4162.18422234486,0,0,12658.0500281072,"S-C1",11,"Fcap_1.50_Besc_7250_sigmaR_0.216_SE_reference_AE_historical"
11,"S-C1__Fcap_1.50_Besc_7250_sigmaR_0.216_SE_reference_AE_historical",1.5,7250,"Medium",2041,1000,0,0.002,13549.9560508858,10052.4627130476,17768.6723475627,0.502,4506.31084201188,0,0,13032.6227204526,"S-C1",11,"Fcap_1.50_Besc_7250_sigmaR_0.216_SE_reference_AE_historical"
11,"S-C1__Fcap_1.50_Besc_7250_sigmaR_0.216_SE_reference_AE_historical",1.5,7250,"Medium",2042,1000,0,0.001,13479.5210157296,9942.41507958525,17407.7585792968,0.516,4377.75028450587,0,0,13607.0656952401,"S-C1",11,"Fcap_1.50_Besc_7250_sigmaR_0.216_SE_reference_AE_historical"
11,"S-C1__Fcap_1.50_Besc_7250_sigmaR_0.216_SE_reference_AE_historical",1.5,7250,"Medium",2043,1000,0,0.002,13352.1646654777,9843.05321268548,17348.0977780974,0.537,4176.6971622011,0,0,12915.1796142624,"S-C1",11,"Fcap_1.50_Besc_7250_sigmaR_0.216_SE_reference_AE_historical"
11,"S-C1__Fcap_1.50_Besc_7250_sigmaR_0.216_SE_reference_AE_historical",1.5,7250,"Medium",2044,1000,0,0.002,13415.803309575,10121.1989278089,17787.7871266237,0.5,4427.83035019259,15.6284426669821,0,12900.158032476,"S-C1",11,"Fcap_1.50_Besc_7250_sigmaR_0.216_SE_reference_AE_historical"
11,"S-C1__Fcap_1.50_Besc_7250_sigmaR_0.216_SE_reference_AE_historical",1.5,7250,"Long",2045,1000,0,0.002,13400.5820443351,10076.5187725234,17594.0936802273,0.508,4465.69377450346,0,0,13757.3694845985,"S-C1",11,"Fcap_1.50_Besc_7250_sigmaR_0.216_SE_reference_AE_historical"
11,"S-C1__Fcap_1.50_Besc_7250_sigmaR_0.216_SE_reference_AE_historical",1.5,7250,"Long",2046,1000,0.001,0.003,13404.8562874119,10026.4359069856,17996.5731030662,0.521,4238.79175198984,0,0,13050.6464147204,"S-C1",11,"Fcap_1.50_Besc_7250_sigmaR_0.216_SE_reference_AE_historical"
11,"S-C1__Fcap_1.50_Besc_7250_sigmaR_0.216_SE_reference_AE_historical",1.5,7250,"Long",2047,1000,0,0.002,13452.3302946911,10483.4121191283,17978.9193282147,0.492,4641.09140304494,516.206435813988,0,14721.8135166375,"S-C1",11,"Fcap_1.50_Besc_7250_sigmaR_0.216_SE_reference_AE_historical"
11,"S-C1__Fcap_1.50_Besc_7250_sigmaR_0.216_SE_reference_AE_historical",1.5,7250,"Long",2048,1000,0,0.003,13472.4729109909,9909.11958446716,17894.4947755901,0.503,4569.6567839743,0,0,13610.1674128248,"S-C1",11,"Fcap_1.50_Besc_7250_sigmaR_0.216_SE_reference_AE_historical"
11,"S-C1__Fcap_1.50_Besc_7250_sigmaR_0.216_SE_reference_AE_historical",1.5,7250,"Long",2049,1000,0,0.004,13364.0337344758,9921.40706101341,17899.9427712224,0.537,4089.66162291707,0,0,12414.2305873419,"S-C1",11,"Fcap_1.50_Besc_7250_sigmaR_0.216_SE_reference_AE_historical"
11,"S-C1__Fcap_1.50_Besc_7250_sigmaR_0.216_SE_reference_AE_historical",1.5,7250,"Long",2050,1000,0,0.001,13523.5964016943,10200.6760421053,17982.0956880697,0.483,4796.91062175481,1115.03815176354,0,13743.0870785287,"S-C1",11,"Fcap_1.50_Besc_7250_sigmaR_0.216_SE_reference_AE_historical"
11,"S-C1__Fcap_1.50_Besc_7250_sigmaR_0.216_SE_reference_AE_historical",1.5,7250,"Long",2051,1000,0,0.003,13464.0393078713,9995.79577591379,17920.40284441,0.512,4395.72748178343,0,0,13474.9740538927,"S-C1",11,"Fcap_1.50_Besc_7250_sigmaR_0.216_SE_reference_AE_historical"
11,"S-C1__Fcap_1.50_Besc_7250_sigmaR_0.216_SE_reference_AE_historical",1.5,7250,"Long",2052,1000,0,0.001,13420.5476565102,10273.6126174662,17768.0037584858,0.498,4586.67695185257,102.743498419833,0,13948.0659771025,"S-C1",11,"Fcap_1.50_Besc_7250_sigmaR_0.216_SE_reference_AE_historical"
11,"S-C1__Fcap_1.50_Besc_7250_sigmaR_0.216_SE_reference_AE_historical",1.5,7250,"Long",2053,1000,0,0.001,13373.5946786108,9930.86559868511,17767.6884786544,0.516,4419.18458337832,0,0,13547.2110733189,"S-C1",11,"Fcap_1.50_Besc_7250_sigmaR_0.216_SE_reference_AE_historical"
11,"S-C1__Fcap_1.50_Besc_7250_sigmaR_0.216_SE_reference_AE_historical",1.5,7250,"Long",2054,1000,0,0.001,13447.3173184735,9931.84071845274,17899.7802165396,0.516,4157.43932237376,0,0,12006.6244547162,"S-C1",11,"Fcap_1.50_Besc_7250_sigmaR_0.216_SE_reference_AE_historical"
11,"S-C1__Fcap_1.50_Besc_7250_sigmaR_0.216_SE_reference_AE_historical",1.5,7250,"Full",2025,1000,0,0,13723.8042886376,12044.8791469867,16127.5228268667,0.681,2365.40832559171,0,0,9844.07803376488,"S-C1",11,"Fcap_1.50_Besc_7250_sigmaR_0.216_SE_reference_AE_historical"
11,"S-C1__Fcap_1.50_Besc_7250_sigmaR_0.216_SE_reference_AE_historical",1.5,7250,"Full",2026,1000,0,0,13876.8385110947,11003.8744174055,18134.7540886758,0.395,5225.25805989094,6415.03331544807,0,11846.4863901074,"S-C1",11,"Fcap_1.50_Besc_7250_sigmaR_0.216_SE_reference_AE_historical"
11,"S-C1__Fcap_1.50_Besc_7250_sigmaR_0.216_SE_reference_AE_historical",1.5,7250,"Full",2027,1000,0,0,13555.9035617517,9974.71335964549,17927.2864811809,0.524,3934.27268916487,0,0,11836.5073170303,"S-C1",11,"Fcap_1.50_Besc_7250_sigmaR_0.216_SE_reference_AE_historical"
11,"S-C1__Fcap_1.50_Besc_7250_sigmaR_0.216_SE_reference_AE_historical",1.5,7250,"Full",2028,1000,0,0,13565.4753690884,10532.9080287987,17391.6318949255,0.479,4725.81359687266,1962.01732398401,0,12973.509369364,"S-C1",11,"Fcap_1.50_Besc_7250_sigmaR_0.216_SE_reference_AE_historical"
11,"S-C1__Fcap_1.50_Besc_7250_sigmaR_0.216_SE_reference_AE_historical",1.5,7250,"Full",2029,1000,0.001,0.002,13455.9238125041,9837.84402949209,17613.9752748486,0.502,4043.68609892306,0,0,12956.8277031005,"S-C1",11,"Fcap_1.50_Besc_7250_sigmaR_0.216_SE_reference_AE_historical"
11,"S-C1__Fcap_1.50_Besc_7250_sigmaR_0.216_SE_reference_AE_historical",1.5,7250,"Full",2030,1000,0,0.002,13559.4756158874,10098.106387546,17898.1595828292,0.522,4176.03761884539,0,0,13478.8291805189,"S-C1",11,"Fcap_1.50_Besc_7250_sigmaR_0.216_SE_reference_AE_historical"
11,"S-C1__Fcap_1.50_Besc_7250_sigmaR_0.216_SE_reference_AE_historical",1.5,7250,"Full",2031,1000,0,0,13466.8254025467,10057.0148639813,17661.1250767102,0.531,4022.20011621668,0,0,12895.4115152368,"S-C1",11,"Fcap_1.50_Besc_7250_sigmaR_0.216_SE_reference_AE_historical"
11,"S-C1__Fcap_1.50_Besc_7250_sigmaR_0.216_SE_reference_AE_historical",1.5,7250,"Full",2032,1000,0,0.004,13523.6075923361,10179.0010701749,17732.013581625,0.522,4277.85043929036,0,0,13135.8661182627,"S-C1",11,"Fcap_1.50_Besc_7250_sigmaR_0.216_SE_reference_AE_historical"
11,"S-C1__Fcap_1.50_Besc_7250_sigmaR_0.216_SE_reference_AE_historical",1.5,7250,"Full",2033,1000,0,0.002,13547.9765027186,10076.5109043436,18015.3326504757,0.509,4525.27928072986,0,0,14257.4042721191,"S-C1",11,"Fcap_1.50_Besc_7250_sigmaR_0.216_SE_reference_AE_historical"
11,"S-C1__Fcap_1.50_Besc_7250_sigmaR_0.216_SE_reference_AE_historical",1.5,7250,"Full",2034,1000,0,0.002,13523.2416582869,10058.4681925194,18022.7887574796,0.526,4486.97759672242,0,0,13613.0434786588,"S-C1",11,"Fcap_1.50_Besc_7250_sigmaR_0.216_SE_reference_AE_historical"
11,"S-C1__Fcap_1.50_Besc_7250_sigmaR_0.216_SE_reference_AE_historical",1.5,7250,"Full",2035,1000,0,0.003,13447.0144195967,9980.83508738096,17838.6271764004,0.528,4279.65380422518,0,0,12508.9823170022,"S-C1",11,"Fcap_1.50_Besc_7250_sigmaR_0.216_SE_reference_AE_historical"
11,"S-C1__Fcap_1.50_Besc_7250_sigmaR_0.216_SE_reference_AE_historical",1.5,7250,"Full",2036,1000,0,0.001,13422.7725855353,10077.8464998405,17744.1089564028,0.518,4250.2173883081,0,0,12830.7637397748,"S-C1",11,"Fcap_1.50_Besc_7250_sigmaR_0.216_SE_reference_AE_historical"
11,"S-C1__Fcap_1.50_Besc_7250_sigmaR_0.216_SE_reference_AE_historical",1.5,7250,"Full",2037,1000,0,0.001,13414.2478587214,10142.0314262131,17379.9480860903,0.541,3973.27300716407,0,0,12523.9442383337,"S-C1",11,"Fcap_1.50_Besc_7250_sigmaR_0.216_SE_reference_AE_historical"
11,"S-C1__Fcap_1.50_Besc_7250_sigmaR_0.216_SE_reference_AE_historical",1.5,7250,"Full",2038,1000,0,0.002,13416.249040703,9944.72379568928,17695.6764793834,0.497,4456.01208811782,171.103159619902,0,12964.1116161894,"S-C1",11,"Fcap_1.50_Besc_7250_sigmaR_0.216_SE_reference_AE_historical"
11,"S-C1__Fcap_1.50_Besc_7250_sigmaR_0.216_SE_reference_AE_historical",1.5,7250,"Full",2039,1000,0,0,13479.4746402902,9861.79778696053,17412.5164841,0.522,4376.10428811137,0,0,13074.9175701873,"S-C1",11,"Fcap_1.50_Besc_7250_sigmaR_0.216_SE_reference_AE_historical"
11,"S-C1__Fcap_1.50_Besc_7250_sigmaR_0.216_SE_reference_AE_historical",1.5,7250,"Full",2040,1000,0,0,13523.300684961,10006.6846779929,17872.4390095646,0.52,4162.18422234486,0,0,12658.0500281072,"S-C1",11,"Fcap_1.50_Besc_7250_sigmaR_0.216_SE_reference_AE_historical"
11,"S-C1__Fcap_1.50_Besc_7250_sigmaR_0.216_SE_reference_AE_historical",1.5,7250,"Full",2041,1000,0,0.002,13549.9560508858,10052.4627130476,17768.6723475627,0.502,4506.31084201188,0,0,13032.6227204526,"S-C1",11,"Fcap_1.50_Besc_7250_sigmaR_0.216_SE_reference_AE_historical"
11,"S-C1__Fcap_1.50_Besc_7250_sigmaR_0.216_SE_reference_AE_historical",1.5,7250,"Full",2042,1000,0,0.001,13479.5210157296,9942.41507958525,17407.7585792968,0.516,4377.75028450587,0,0,13607.0656952401,"S-C1",11,"Fcap_1.50_Besc_7250_sigmaR_0.216_SE_reference_AE_historical"
11,"S-C1__Fcap_1.50_Besc_7250_sigmaR_0.216_SE_reference_AE_historical",1.5,7250,"Full",2043,1000,0,0.002,13352.1646654777,9843.05321268548,17348.0977780974,0.537,4176.6971622011,0,0,12915.1796142624,"S-C1",11,"Fcap_1.50_Besc_7250_sigmaR_0.216_SE_reference_AE_historical"
11,"S-C1__Fcap_1.50_Besc_7250_sigmaR_0.216_SE_reference_AE_historical",1.5,7250,"Full",2044,1000,0,0.002,13415.803309575,10121.1989278089,17787.7871266237,0.5,4427.83035019259,15.6284426669821,0,12900.158032476,"S-C1",11,"Fcap_1.50_Besc_7250_sigmaR_0.216_SE_reference_AE_historical"
11,"S-C1__Fcap_1.50_Besc_7250_sigmaR_0.216_SE_reference_AE_historical",1.5,7250,"Full",2045,1000,0,0.002,13400.5820443351,10076.5187725234,17594.0936802273,0.508,4465.69377450346,0,0,13757.3694845985,"S-C1",11,"Fcap_1.50_Besc_7250_sigmaR_0.216_SE_reference_AE_historical"
11,"S-C1__Fcap_1.50_Besc_7250_sigmaR_0.216_SE_reference_AE_historical",1.5,7250,"Full",2046,1000,0.001,0.003,13404.8562874119,10026.4359069856,17996.5731030662,0.521,4238.79175198984,0,0,13050.6464147204,"S-C1",11,"Fcap_1.50_Besc_7250_sigmaR_0.216_SE_reference_AE_historical"
11,"S-C1__Fcap_1.50_Besc_7250_sigmaR_0.216_SE_reference_AE_historical",1.5,7250,"Full",2047,1000,0,0.002,13452.3302946911,10483.4121191283,17978.9193282147,0.492,4641.09140304494,516.206435813988,0,14721.8135166375,"S-C1",11,"Fcap_1.50_Besc_7250_sigmaR_0.216_SE_reference_AE_historical"
11,"S-C1__Fcap_1.50_Besc_7250_sigmaR_0.216_SE_reference_AE_historical",1.5,7250,"Full",2048,1000,0,0.003,13472.4729109909,9909.11958446716,17894.4947755901,0.503,4569.6567839743,0,0,13610.1674128248,"S-C1",11,"Fcap_1.50_Besc_7250_sigmaR_0.216_SE_reference_AE_historical"
11,"S-C1__Fcap_1.50_Besc_7250_sigmaR_0.216_SE_reference_AE_historical",1.5,7250,"Full",2049,1000,0,0.004,13364.0337344758,9921.40706101341,17899.9427712224,0.537,4089.66162291707,0,0,12414.2305873419,"S-C1",11,"Fcap_1.50_Besc_7250_sigmaR_0.216_SE_reference_AE_historical"
11,"S-C1__Fcap_1.50_Besc_7250_sigmaR_0.216_SE_reference_AE_historical",1.5,7250,"Full",2050,1000,0,0.001,13523.5964016943,10200.6760421053,17982.0956880697,0.483,4796.91062175481,1115.03815176354,0,13743.0870785287,"S-C1",11,"Fcap_1.50_Besc_7250_sigmaR_0.216_SE_reference_AE_historical"
11,"S-C1__Fcap_1.50_Besc_7250_sigmaR_0.216_SE_reference_AE_historical",1.5,7250,"Full",2051,1000,0,0.003,13464.0393078713,9995.79577591379,17920.40284441,0.512,4395.72748178343,0,0,13474.9740538927,"S-C1",11,"Fcap_1.50_Besc_7250_sigmaR_0.216_SE_reference_AE_historical"
11,"S-C1__Fcap_1.50_Besc_7250_sigmaR_0.216_SE_reference_AE_historical",1.5,7250,"Full",2052,1000,0,0.001,13420.5476565102,10273.6126174662,17768.0037584858,0.498,4586.67695185257,102.743498419833,0,13948.0659771025,"S-C1",11,"Fcap_1.50_Besc_7250_sigmaR_0.216_SE_reference_AE_historical"
11,"S-C1__Fcap_1.50_Besc_7250_sigmaR_0.216_SE_reference_AE_historical",1.5,7250,"Full",2053,1000,0,0.001,13373.5946786108,9930.86559868511,17767.6884786544,0.516,4419.18458337832,0,0,13547.2110733189,"S-C1",11,"Fcap_1.50_Besc_7250_sigmaR_0.216_SE_reference_AE_historical"
11,"S-C1__Fcap_1.50_Besc_7250_sigmaR_0.216_SE_reference_AE_historical",1.5,7250,"Full",2054,1000,0,0.001,13447.3173184735,9931.84071845274,17899.7802165396,0.516,4157.43932237376,0,0,12006.6244547162,"S-C1",11,"Fcap_1.50_Besc_7250_sigmaR_0.216_SE_reference_AE_historical"
12,"S-C1__Fcap_1.50_Besc_8000_sigmaR_0.216_SE_reference_AE_historical",1.5,8000,"Short",2025,1000,0,0,13947.6646611318,12135.8179097045,16906.1309020338,0.824,1276.67636205252,0,0,9543.35240991244,"S-C1",12,"Fcap_1.50_Besc_8000_sigmaR_0.216_SE_reference_AE_historical"
12,"S-C1__Fcap_1.50_Besc_8000_sigmaR_0.216_SE_reference_AE_historical",1.5,8000,"Short",2026,1000,0,0,14639.0803172774,11480.4157286371,18963.3676818014,0.525,4182.57016966094,0,0,12109.6375804879,"S-C1",12,"Fcap_1.50_Besc_8000_sigmaR_0.216_SE_reference_AE_historical"
12,"S-C1__Fcap_1.50_Besc_8000_sigmaR_0.216_SE_reference_AE_historical",1.5,8000,"Short",2027,1000,0,0,14483.6553989147,10308.4098700455,18592.2555582686,0.619,3206.50304254903,0,0,11929.6918512412,"S-C1",12,"Fcap_1.50_Besc_8000_sigmaR_0.216_SE_reference_AE_historical"
12,"S-C1__Fcap_1.50_Besc_8000_sigmaR_0.216_SE_reference_AE_historical",1.5,8000,"Short",2028,1000,0,0,14292.0928180041,11075.2169998412,18133.7568118434,0.596,3934.68911400943,0,0,14132.8314233574,"S-C1",12,"Fcap_1.50_Besc_8000_sigmaR_0.216_SE_reference_AE_historical"
12,"S-C1__Fcap_1.50_Besc_8000_sigmaR_0.216_SE_reference_AE_historical",1.5,8000,"Short",2029,1000,0.001,0.002,14153.3973729056,10055.6724285748,18450.0795819492,0.632,3440.17772472513,0,0,13918.1595991884,"S-C1",12,"Fcap_1.50_Besc_8000_sigmaR_0.216_SE_reference_AE_historical"
12,"S-C1__Fcap_1.50_Besc_8000_sigmaR_0.216_SE_reference_AE_historical",1.5,8000,"Short",2030,1000,0,0.001,14316.2208763243,10459.700850013,18346.3006876158,0.622,3399.91563490446,0,0,13798.164100305,"S-C1",12,"Fcap_1.50_Besc_8000_sigmaR_0.216_SE_reference_AE_historical"
12,"S-C1__Fcap_1.50_Besc_8000_sigmaR_0.216_SE_reference_AE_historical",1.5,8000,"Short",2031,1000,0,0,14122.4011099288,10304.2920938996,18266.6062721085,0.642,3250.56393487802,0,0,13669.016576616,"S-C1",12,"Fcap_1.50_Besc_8000_sigmaR_0.216_SE_reference_AE_historical"
12,"S-C1__Fcap_1.50_Besc_8000_sigmaR_0.216_SE_reference_AE_historical",1.5,8000,"Short",2032,1000,0,0.001,14247.9443053895,10397.6351745462,18221.0956631758,0.63,3576.06867411958,0,0,13622.9838190691,"S-C1",12,"Fcap_1.50_Besc_8000_sigmaR_0.216_SE_reference_AE_historical"
12,"S-C1__Fcap_1.50_Besc_8000_sigmaR_0.216_SE_reference_AE_historical",1.5,8000,"Short",2033,1000,0,0,14255.6177215851,10238.7925943601,18460.2151358531,0.616,3667.82280669253,0,0,15463.2977353802,"S-C1",12,"Fcap_1.50_Besc_8000_sigmaR_0.216_SE_reference_AE_historical"
12,"S-C1__Fcap_1.50_Besc_8000_sigmaR_0.216_SE_reference_AE_historical",1.5,8000,"Short",2034,1000,0,0,14227.2557111912,10241.0605922771,18678.4413913677,0.616,3815.42776257741,0,0,15171.1137734413,"S-C1",12,"Fcap_1.50_Besc_8000_sigmaR_0.216_SE_reference_AE_historical"
12,"S-C1__Fcap_1.50_Besc_8000_sigmaR_0.216_SE_reference_AE_historical",1.5,8000,"Medium",2035,1000,0,0.002,14107.7293513852,10110.2585352231,18470.1395963965,0.628,3457.42496188041,0,0,13922.6064660445,"S-C1",12,"Fcap_1.50_Besc_8000_sigmaR_0.216_SE_reference_AE_historical"
12,"S-C1__Fcap_1.50_Besc_8000_sigmaR_0.216_SE_reference_AE_historical",1.5,8000,"Medium",2036,1000,0,0.001,14066.3585268951,10156.4540558826,18285.9845573287,0.613,3737.76013891487,0,0,14037.6744655077,"S-C1",12,"Fcap_1.50_Besc_8000_sigmaR_0.216_SE_reference_AE_historical"
12,"S-C1__Fcap_1.50_Besc_8000_sigmaR_0.216_SE_reference_AE_historical",1.5,8000,"Medium",2037,1000,0,0.001,14105.2758470473,10267.917363925,18045.6668241527,0.662,3115.24511852157,0,0,12568.8485121828,"S-C1",12,"Fcap_1.50_Besc_8000_sigmaR_0.216_SE_reference_AE_historical"
12,"S-C1__Fcap_1.50_Besc_8000_sigmaR_0.216_SE_reference_AE_historical",1.5,8000,"Medium",2038,1000,0,0.001,14238.987006166,10385.9485149359,18377.0113699009,0.635,3504.17174628411,0,0,14132.5874065207,"S-C1",12,"Fcap_1.50_Besc_8000_sigmaR_0.216_SE_reference_AE_historical"
12,"S-C1__Fcap_1.50_Besc_8000_sigmaR_0.216_SE_reference_AE_historical",1.5,8000,"Medium",2039,1000,0,0.001,14126.4029918458,10228.6568187442,18479.2950612662,0.632,3647.35120401605,0,0,15600.4251763238,"S-C1",12,"Fcap_1.50_Besc_8000_sigmaR_0.216_SE_reference_AE_historical"
12,"S-C1__Fcap_1.50_Besc_8000_sigmaR_0.216_SE_reference_AE_historical",1.5,8000,"Medium",2040,1000,0,0.002,14134.6485993238,10368.8507475952,18432.4622324273,0.648,3535.83259471065,0,0,15714.7390657706,"S-C1",12,"Fcap_1.50_Besc_8000_sigmaR_0.216_SE_reference_AE_historical"
12,"S-C1__Fcap_1.50_Besc_8000_sigmaR_0.216_SE_reference_AE_historical",1.5,8000,"Medium",2041,1000,0,0.003,14186.112315849,10215.6369439057,18620.5742569416,0.6,3830.22986219211,0,0,14494.8353739992,"S-C1",12,"Fcap_1.50_Besc_8000_sigmaR_0.216_SE_reference_AE_historical"
12,"S-C1__Fcap_1.50_Besc_8000_sigmaR_0.216_SE_reference_AE_historical",1.5,8000,"Medium",2042,1000,0,0.001,14161.3177046844,9998.61862457934,18236.1263013366,0.623,3680.8537399172,0,0,14880.336434609,"S-C1",12,"Fcap_1.50_Besc_8000_sigmaR_0.216_SE_reference_AE_historical"
12,"S-C1__Fcap_1.50_Besc_8000_sigmaR_0.216_SE_reference_AE_historical",1.5,8000,"Medium",2043,1000,0,0.003,13904.8055165577,10325.7045832788,18145.215997266,0.668,3319.89355565344,0,0,14581.1425874914,"S-C1",12,"Fcap_1.50_Besc_8000_sigmaR_0.216_SE_reference_AE_historical"
12,"S-C1__Fcap_1.50_Besc_8000_sigmaR_0.216_SE_reference_AE_historical",1.5,8000,"Medium",2044,1000,0,0.003,14083.9086805434,10290.0893671173,18522.1322042164,0.614,3721.20180403647,0,0,14434.3839765235,"S-C1",12,"Fcap_1.50_Besc_8000_sigmaR_0.216_SE_reference_AE_historical"
12,"S-C1__Fcap_1.50_Besc_8000_sigmaR_0.216_SE_reference_AE_historical",1.5,8000,"Long",2045,1000,0,0.002,14054.6533582136,10176.7188800341,18242.0413910176,0.62,3812.78010152261,0,0,15493.5710535539,"S-C1",12,"Fcap_1.50_Besc_8000_sigmaR_0.216_SE_reference_AE_historical"
12,"S-C1__Fcap_1.50_Besc_8000_sigmaR_0.216_SE_reference_AE_historical",1.5,8000,"Long",2046,1000,0.001,0.002,14096.5738532078,10398.4596805951,18378.2655602379,0.644,3566.71556120233,0,0,14583.0080631832,"S-C1",12,"Fcap_1.50_Besc_8000_sigmaR_0.216_SE_reference_AE_historical"
12,"S-C1__Fcap_1.50_Besc_8000_sigmaR_0.216_SE_reference_AE_historical",1.5,8000,"Long",2047,1000,0,0.001,14175.4468665656,10748.2674052895,18510.145018804,0.616,3686.55381643119,0,0,14925.1292418426,"S-C1",12,"Fcap_1.50_Besc_8000_sigmaR_0.216_SE_reference_AE_historical"
12,"S-C1__Fcap_1.50_Besc_8000_sigmaR_0.216_SE_reference_AE_historical",1.5,8000,"Long",2048,1000,0,0.002,14268.4176902651,10322.1989423683,18719.0327396524,0.609,3781.58277981132,0,0,15385.7004372918,"S-C1",12,"Fcap_1.50_Besc_8000_sigmaR_0.216_SE_reference_AE_historical"
12,"S-C1__Fcap_1.50_Besc_8000_sigmaR_0.216_SE_reference_AE_historical",1.5,8000,"Long",2049,1000,0,0.002,14042.7498464787,10378.5352673502,18326.0765391503,0.642,3432.87308033528,0,0,13238.1954690146,"S-C1",12,"Fcap_1.50_Besc_8000_sigmaR_0.216_SE_reference_AE_historical"
12,"S-C1__Fcap_1.50_Besc_8000_sigmaR_0.216_SE_reference_AE_historical",1.5,8000,"Long",2050,1000,0,0,14286.4711097415,10340.1901111927,18528.7426563746,0.596,3982.22980302327,0,0,15545.2793986166,"S-C1",12,"Fcap_1.50_Besc_8000_sigmaR_0.216_SE_reference_AE_historical"
12,"S-C1__Fcap_1.50_Besc_8000_sigmaR_0.216_SE_reference_AE_historical",1.5,8000,"Long",2051,1000,0,0.003,14122.065143026,10277.0853989934,18303.7954449997,0.613,3818.16373757628,0,0,14549.4339942672,"S-C1",12,"Fcap_1.50_Besc_8000_sigmaR_0.216_SE_reference_AE_historical"
12,"S-C1__Fcap_1.50_Besc_8000_sigmaR_0.216_SE_reference_AE_historical",1.5,8000,"Long",2052,1000,0,0,14080.870216795,10390.6997644457,18399.4428286829,0.612,3882.41069847636,0,0,15100.8951702889,"S-C1",12,"Fcap_1.50_Besc_8000_sigmaR_0.216_SE_reference_AE_historical"
12,"S-C1__Fcap_1.50_Besc_8000_sigmaR_0.216_SE_reference_AE_historical",1.5,8000,"Long",2053,1000,0,0.001,14122.4678556328,10157.5665184023,18505.3250430001,0.616,3632.06178120728,0,0,13636.5091930185,"S-C1",12,"Fcap_1.50_Besc_8000_sigmaR_0.216_SE_reference_AE_historical"
12,"S-C1__Fcap_1.50_Besc_8000_sigmaR_0.216_SE_reference_AE_historical",1.5,8000,"Long",2054,1000,0,0.001,14182.7349552479,10163.7212063455,18545.795808833,0.634,3423.5458828643,0,0,13406.4033508267,"S-C1",12,"Fcap_1.50_Besc_8000_sigmaR_0.216_SE_reference_AE_historical"
12,"S-C1__Fcap_1.50_Besc_8000_sigmaR_0.216_SE_reference_AE_historical",1.5,8000,"Full",2025,1000,0,0,13947.6646611318,12135.8179097045,16906.1309020338,0.824,1276.67636205252,0,0,9543.35240991244,"S-C1",12,"Fcap_1.50_Besc_8000_sigmaR_0.216_SE_reference_AE_historical"
12,"S-C1__Fcap_1.50_Besc_8000_sigmaR_0.216_SE_reference_AE_historical",1.5,8000,"Full",2026,1000,0,0,14639.0803172774,11480.4157286371,18963.3676818014,0.525,4182.57016966094,0,0,12109.6375804879,"S-C1",12,"Fcap_1.50_Besc_8000_sigmaR_0.216_SE_reference_AE_historical"
12,"S-C1__Fcap_1.50_Besc_8000_sigmaR_0.216_SE_reference_AE_historical",1.5,8000,"Full",2027,1000,0,0,14483.6553989147,10308.4098700455,18592.2555582686,0.619,3206.50304254903,0,0,11929.6918512412,"S-C1",12,"Fcap_1.50_Besc_8000_sigmaR_0.216_SE_reference_AE_historical"
12,"S-C1__Fcap_1.50_Besc_8000_sigmaR_0.216_SE_reference_AE_historical",1.5,8000,"Full",2028,1000,0,0,14292.0928180041,11075.2169998412,18133.7568118434,0.596,3934.68911400943,0,0,14132.8314233574,"S-C1",12,"Fcap_1.50_Besc_8000_sigmaR_0.216_SE_reference_AE_historical"
12,"S-C1__Fcap_1.50_Besc_8000_sigmaR_0.216_SE_reference_AE_historical",1.5,8000,"Full",2029,1000,0.001,0.002,14153.3973729056,10055.6724285748,18450.0795819492,0.632,3440.17772472513,0,0,13918.1595991884,"S-C1",12,"Fcap_1.50_Besc_8000_sigmaR_0.216_SE_reference_AE_historical"
12,"S-C1__Fcap_1.50_Besc_8000_sigmaR_0.216_SE_reference_AE_historical",1.5,8000,"Full",2030,1000,0,0.001,14316.2208763243,10459.700850013,18346.3006876158,0.622,3399.91563490446,0,0,13798.164100305,"S-C1",12,"Fcap_1.50_Besc_8000_sigmaR_0.216_SE_reference_AE_historical"
12,"S-C1__Fcap_1.50_Besc_8000_sigmaR_0.216_SE_reference_AE_historical",1.5,8000,"Full",2031,1000,0,0,14122.4011099288,10304.2920938996,18266.6062721085,0.642,3250.56393487802,0,0,13669.016576616,"S-C1",12,"Fcap_1.50_Besc_8000_sigmaR_0.216_SE_reference_AE_historical"
12,"S-C1__Fcap_1.50_Besc_8000_sigmaR_0.216_SE_reference_AE_historical",1.5,8000,"Full",2032,1000,0,0.001,14247.9443053895,10397.6351745462,18221.0956631758,0.63,3576.06867411958,0,0,13622.9838190691,"S-C1",12,"Fcap_1.50_Besc_8000_sigmaR_0.216_SE_reference_AE_historical"
12,"S-C1__Fcap_1.50_Besc_8000_sigmaR_0.216_SE_reference_AE_historical",1.5,8000,"Full",2033,1000,0,0,14255.6177215851,10238.7925943601,18460.2151358531,0.616,3667.82280669253,0,0,15463.2977353802,"S-C1",12,"Fcap_1.50_Besc_8000_sigmaR_0.216_SE_reference_AE_historical"
12,"S-C1__Fcap_1.50_Besc_8000_sigmaR_0.216_SE_reference_AE_historical",1.5,8000,"Full",2034,1000,0,0,14227.2557111912,10241.0605922771,18678.4413913677,0.616,3815.42776257741,0,0,15171.1137734413,"S-C1",12,"Fcap_1.50_Besc_8000_sigmaR_0.216_SE_reference_AE_historical"
12,"S-C1__Fcap_1.50_Besc_8000_sigmaR_0.216_SE_reference_AE_historical",1.5,8000,"Full",2035,1000,0,0.002,14107.7293513852,10110.2585352231,18470.1395963965,0.628,3457.42496188041,0,0,13922.6064660445,"S-C1",12,"Fcap_1.50_Besc_8000_sigmaR_0.216_SE_reference_AE_historical"
12,"S-C1__Fcap_1.50_Besc_8000_sigmaR_0.216_SE_reference_AE_historical",1.5,8000,"Full",2036,1000,0,0.001,14066.3585268951,10156.4540558826,18285.9845573287,0.613,3737.76013891487,0,0,14037.6744655077,"S-C1",12,"Fcap_1.50_Besc_8000_sigmaR_0.216_SE_reference_AE_historical"
12,"S-C1__Fcap_1.50_Besc_8000_sigmaR_0.216_SE_reference_AE_historical",1.5,8000,"Full",2037,1000,0,0.001,14105.2758470473,10267.917363925,18045.6668241527,0.662,3115.24511852157,0,0,12568.8485121828,"S-C1",12,"Fcap_1.50_Besc_8000_sigmaR_0.216_SE_reference_AE_historical"
12,"S-C1__Fcap_1.50_Besc_8000_sigmaR_0.216_SE_reference_AE_historical",1.5,8000,"Full",2038,1000,0,0.001,14238.987006166,10385.9485149359,18377.0113699009,0.635,3504.17174628411,0,0,14132.5874065207,"S-C1",12,"Fcap_1.50_Besc_8000_sigmaR_0.216_SE_reference_AE_historical"
12,"S-C1__Fcap_1.50_Besc_8000_sigmaR_0.216_SE_reference_AE_historical",1.5,8000,"Full",2039,1000,0,0.001,14126.4029918458,10228.6568187442,18479.2950612662,0.632,3647.35120401605,0,0,15600.4251763238,"S-C1",12,"Fcap_1.50_Besc_8000_sigmaR_0.216_SE_reference_AE_historical"
12,"S-C1__Fcap_1.50_Besc_8000_sigmaR_0.216_SE_reference_AE_historical",1.5,8000,"Full",2040,1000,0,0.002,14134.6485993238,10368.8507475952,18432.4622324273,0.648,3535.83259471065,0,0,15714.7390657706,"S-C1",12,"Fcap_1.50_Besc_8000_sigmaR_0.216_SE_reference_AE_historical"
12,"S-C1__Fcap_1.50_Besc_8000_sigmaR_0.216_SE_reference_AE_historical",1.5,8000,"Full",2041,1000,0,0.003,14186.112315849,10215.6369439057,18620.5742569416,0.6,3830.22986219211,0,0,14494.8353739992,"S-C1",12,"Fcap_1.50_Besc_8000_sigmaR_0.216_SE_reference_AE_historical"
12,"S-C1__Fcap_1.50_Besc_8000_sigmaR_0.216_SE_reference_AE_historical",1.5,8000,"Full",2042,1000,0,0.001,14161.3177046844,9998.61862457934,18236.1263013366,0.623,3680.8537399172,0,0,14880.336434609,"S-C1",12,"Fcap_1.50_Besc_8000_sigmaR_0.216_SE_reference_AE_historical"
12,"S-C1__Fcap_1.50_Besc_8000_sigmaR_0.216_SE_reference_AE_historical",1.5,8000,"Full",2043,1000,0,0.003,13904.8055165577,10325.7045832788,18145.215997266,0.668,3319.89355565344,0,0,14581.1425874914,"S-C1",12,"Fcap_1.50_Besc_8000_sigmaR_0.216_SE_reference_AE_historical"
12,"S-C1__Fcap_1.50_Besc_8000_sigmaR_0.216_SE_reference_AE_historical",1.5,8000,"Full",2044,1000,0,0.003,14083.9086805434,10290.0893671173,18522.1322042164,0.614,3721.20180403647,0,0,14434.3839765235,"S-C1",12,"Fcap_1.50_Besc_8000_sigmaR_0.216_SE_reference_AE_historical"
12,"S-C1__Fcap_1.50_Besc_8000_sigmaR_0.216_SE_reference_AE_historical",1.5,8000,"Full",2045,1000,0,0.002,14054.6533582136,10176.7188800341,18242.0413910176,0.62,3812.78010152261,0,0,15493.5710535539,"S-C1",12,"Fcap_1.50_Besc_8000_sigmaR_0.216_SE_reference_AE_historical"
12,"S-C1__Fcap_1.50_Besc_8000_sigmaR_0.216_SE_reference_AE_historical",1.5,8000,"Full",2046,1000,0.001,0.002,14096.5738532078,10398.4596805951,18378.2655602379,0.644,3566.71556120233,0,0,14583.0080631832,"S-C1",12,"Fcap_1.50_Besc_8000_sigmaR_0.216_SE_reference_AE_historical"
12,"S-C1__Fcap_1.50_Besc_8000_sigmaR_0.216_SE_reference_AE_historical",1.5,8000,"Full",2047,1000,0,0.001,14175.4468665656,10748.2674052895,18510.145018804,0.616,3686.55381643119,0,0,14925.1292418426,"S-C1",12,"Fcap_1.50_Besc_8000_sigmaR_0.216_SE_reference_AE_historical"
12,"S-C1__Fcap_1.50_Besc_8000_sigmaR_0.216_SE_reference_AE_historical",1.5,8000,"Full",2048,1000,0,0.002,14268.4176902651,10322.1989423683,18719.0327396524,0.609,3781.58277981132,0,0,15385.7004372918,"S-C1",12,"Fcap_1.50_Besc_8000_sigmaR_0.216_SE_reference_AE_historical"
12,"S-C1__Fcap_1.50_Besc_8000_sigmaR_0.216_SE_reference_AE_historical",1.5,8000,"Full",2049,1000,0,0.002,14042.7498464787,10378.5352673502,18326.0765391503,0.642,3432.87308033528,0,0,13238.1954690146,"S-C1",12,"Fcap_1.50_Besc_8000_sigmaR_0.216_SE_reference_AE_historical"
12,"S-C1__Fcap_1.50_Besc_8000_sigmaR_0.216_SE_reference_AE_historical",1.5,8000,"Full",2050,1000,0,0,14286.4711097415,10340.1901111927,18528.7426563746,0.596,3982.22980302327,0,0,15545.2793986166,"S-C1",12,"Fcap_1.50_Besc_8000_sigmaR_0.216_SE_reference_AE_historical"
12,"S-C1__Fcap_1.50_Besc_8000_sigmaR_0.216_SE_reference_AE_historical",1.5,8000,"Full",2051,1000,0,0.003,14122.065143026,10277.0853989934,18303.7954449997,0.613,3818.16373757628,0,0,14549.4339942672,"S-C1",12,"Fcap_1.50_Besc_8000_sigmaR_0.216_SE_reference_AE_historical"
12,"S-C1__Fcap_1.50_Besc_8000_sigmaR_0.216_SE_reference_AE_historical",1.5,8000,"Full",2052,1000,0,0,14080.870216795,10390.6997644457,18399.4428286829,0.612,3882.41069847636,0,0,15100.8951702889,"S-C1",12,"Fcap_1.50_Besc_8000_sigmaR_0.216_SE_reference_AE_historical"
12,"S-C1__Fcap_1.50_Besc_8000_sigmaR_0.216_SE_reference_AE_historical",1.5,8000,"Full",2053,1000,0,0.001,14122.4678556328,10157.5665184023,18505.3250430001,0.616,3632.06178120728,0,0,13636.5091930185,"S-C1",12,"Fcap_1.50_Besc_8000_sigmaR_0.216_SE_reference_AE_historical"
12,"S-C1__Fcap_1.50_Besc_8000_sigmaR_0.216_SE_reference_AE_historical",1.5,8000,"Full",2054,1000,0,0.001,14182.7349552479,10163.7212063455,18545.795808833,0.634,3423.5458828643,0,0,13406.4033508267,"S-C1",12,"Fcap_1.50_Besc_8000_sigmaR_0.216_SE_reference_AE_historical"
17,"S-C1__Fcap_1.70_Besc_5000_sigmaR_0.216_SE_reference_AE_historical",1.7,5000,"Short",2025,1000,0,0,12273.7465994617,10719.9941255379,14856.9298653724,0.076,7359.61084123497,7709.91845275331,0,10740.5134964637,"S-C1",17,"Fcap_1.70_Besc_5000_sigmaR_0.216_SE_reference_AE_historical"
17,"S-C1__Fcap_1.70_Besc_5000_sigmaR_0.216_SE_reference_AE_historical",1.7,5000,"Short",2026,1000,0,0,11204.2807918569,8741.16670396998,16218.7016191275,0.143,7048.14874971774,7770.62754712605,0,11681.4020072259,"S-C1",17,"Fcap_1.70_Besc_5000_sigmaR_0.216_SE_reference_AE_historical"
17,"S-C1__Fcap_1.70_Besc_5000_sigmaR_0.216_SE_reference_AE_historical",1.7,5000,"Short",2027,1000,0,0,11168.1397778575,8613.22824299958,15888.5156553449,0.176,6705.04735398758,7766.71546112447,0,11703.1336952735,"S-C1",17,"Fcap_1.70_Besc_5000_sigmaR_0.216_SE_reference_AE_historical"
17,"S-C1__Fcap_1.70_Besc_5000_sigmaR_0.216_SE_reference_AE_historical",1.7,5000,"Short",2028,1000,0,0,11129.0121230006,8581.06724081884,15437.769281974,0.177,6752.73919982374,7892.44747447653,0,11626.3689292181,"S-C1",17,"Fcap_1.70_Besc_5000_sigmaR_0.216_SE_reference_AE_historical"
17,"S-C1__Fcap_1.70_Besc_5000_sigmaR_0.216_SE_reference_AE_historical",1.7,5000,"Short",2029,1000,0,0.003,11016.6305470335,8313.26207766308,15400.4465789037,0.175,6584.01873427425,7876.29127792282,0,11971.4462455065,"S-C1",17,"Fcap_1.70_Besc_5000_sigmaR_0.216_SE_reference_AE_historical"
17,"S-C1__Fcap_1.70_Besc_5000_sigmaR_0.216_SE_reference_AE_historical",1.7,5000,"Short",2030,1000,0,0.001,11102.892592715,8566.10728636018,15333.4312523258,0.175,6582.53057274707,7721.68396856184,0,12188.4567328401,"S-C1",17,"Fcap_1.70_Besc_5000_sigmaR_0.216_SE_reference_AE_historical"
17,"S-C1__Fcap_1.70_Besc_5000_sigmaR_0.216_SE_reference_AE_historical",1.7,5000,"Short",2031,1000,0,0.001,10935.4801620335,8631.14731635183,15160.2032989198,0.178,6432.07480771058,7556.46138631661,0,11760.4162532855,"S-C1",17,"Fcap_1.70_Besc_5000_sigmaR_0.216_SE_reference_AE_historical"
17,"S-C1__Fcap_1.70_Besc_5000_sigmaR_0.216_SE_reference_AE_historical",1.7,5000,"Short",2032,1000,0,0.001,11085.951952605,8555.77488087988,15235.1724681638,0.178,6625.2468099956,7856.65863706561,0,11819.4409323948,"S-C1",17,"Fcap_1.70_Besc_5000_sigmaR_0.216_SE_reference_AE_historical"
17,"S-C1__Fcap_1.70_Besc_5000_sigmaR_0.216_SE_reference_AE_historical",1.7,5000,"Short",2033,1000,0,0.001,11103.5167586617,8526.36948388336,15539.9250268309,0.154,6768.83505265131,7774.83234723947,0,12208.1041364937,"S-C1",17,"Fcap_1.70_Besc_5000_sigmaR_0.216_SE_reference_AE_historical"
17,"S-C1__Fcap_1.70_Besc_5000_sigmaR_0.216_SE_reference_AE_historical",1.7,5000,"Short",2034,1000,0,0.002,11079.1245790822,8634.54985305153,15373.4991199869,0.155,6805.84098418258,7839.78983365466,0,11741.2544435173,"S-C1",17,"Fcap_1.70_Besc_5000_sigmaR_0.216_SE_reference_AE_historical"
17,"S-C1__Fcap_1.70_Besc_5000_sigmaR_0.216_SE_reference_AE_historical",1.7,5000,"Medium",2035,1000,0,0.002,10864.2182236366,8528.98317602194,15520.0779285447,0.175,6548.65706934254,7667.88482324478,0,11996.3849062508,"S-C1",17,"Fcap_1.70_Besc_5000_sigmaR_0.216_SE_reference_AE_historical"
17,"S-C1__Fcap_1.70_Besc_5000_sigmaR_0.216_SE_reference_AE_historical",1.7,5000,"Medium",2036,1000,0,0.001,11044.2531558075,8581.83639086275,15537.5819087906,0.163,6546.29930025079,7712.20066797683,0,11643.194953437,"S-C1",17,"Fcap_1.70_Besc_5000_sigmaR_0.216_SE_reference_AE_historical"
17,"S-C1__Fcap_1.70_Besc_5000_sigmaR_0.216_SE_reference_AE_historical",1.7,5000,"Medium",2037,1000,0,0.001,10944.4213342069,8739.11429064829,14824.9886568323,0.171,6571.7335215297,7890.87057479089,0,11621.5219843388,"S-C1",17,"Fcap_1.70_Besc_5000_sigmaR_0.216_SE_reference_AE_historical"
17,"S-C1__Fcap_1.70_Besc_5000_sigmaR_0.216_SE_reference_AE_historical",1.7,5000,"Medium",2038,1000,0,0.001,10898.2613712599,8631.32995386599,15383.1185827795,0.182,6539.07568183872,7801.79106446609,0,11772.6759251043,"S-C1",17,"Fcap_1.70_Besc_5000_sigmaR_0.216_SE_reference_AE_historical"
17,"S-C1__Fcap_1.70_Besc_5000_sigmaR_0.216_SE_reference_AE_historical",1.7,5000,"Medium",2039,1000,0,0.001,11063.8689374537,8614.62284368207,15268.4973513813,0.169,6661.7681086932,7826.4779333615,0,11785.0013615205,"S-C1",17,"Fcap_1.70_Besc_5000_sigmaR_0.216_SE_reference_AE_historical"
17,"S-C1__Fcap_1.70_Besc_5000_sigmaR_0.216_SE_reference_AE_historical",1.7,5000,"Medium",2040,1000,0,0.002,11020.9244853034,8671.88693301378,15703.0555444959,0.166,6602.49734165732,7787.80016617585,0,11969.4846660959,"S-C1",17,"Fcap_1.70_Besc_5000_sigmaR_0.216_SE_reference_AE_historical"
17,"S-C1__Fcap_1.70_Besc_5000_sigmaR_0.216_SE_reference_AE_historical",1.7,5000,"Medium",2041,1000,0,0.001,11119.1944135527,8648.17581678594,15472.3330908492,0.176,6760.38782396137,7968.98130259549,0,11965.4168025203,"S-C1",17,"Fcap_1.70_Besc_5000_sigmaR_0.216_SE_reference_AE_historical"
17,"S-C1__Fcap_1.70_Besc_5000_sigmaR_0.216_SE_reference_AE_historical",1.7,5000,"Medium",2042,1000,0,0.004,11027.2010940949,8535.43687139222,15514.6500254073,0.182,6569.6890233135,7847.88171224921,0,12028.8005217621,"S-C1",17,"Fcap_1.70_Besc_5000_sigmaR_0.216_SE_reference_AE_historical"
17,"S-C1__Fcap_1.70_Besc_5000_sigmaR_0.216_SE_reference_AE_historical",1.7,5000,"Medium",2043,1000,0,0.001,10857.8070695529,8727.43478088666,14989.0049626588,0.169,6552.83953713303,7762.02400119212,0,11596.5648270314,"S-C1",17,"Fcap_1.70_Besc_5000_sigmaR_0.216_SE_reference_AE_historical"
17,"S-C1__Fcap_1.70_Besc_5000_sigmaR_0.216_SE_reference_AE_historical",1.7,5000,"Medium",2044,1000,0,0.002,11089.032732137,8538.10955670349,15221.2839705887,0.163,6703.5748472337,7838.81290959261,0,11837.6964014712,"S-C1",17,"Fcap_1.70_Besc_5000_sigmaR_0.216_SE_reference_AE_historical"
17,"S-C1__Fcap_1.70_Besc_5000_sigmaR_0.216_SE_reference_AE_historical",1.7,5000,"Long",2045,1000,0,0.001,10973.9010692142,8562.07880368462,15356.0832689316,0.171,6612.13253031251,7784.58484958592,0,11800.089246068,"S-C1",17,"Fcap_1.70_Besc_5000_sigmaR_0.216_SE_reference_AE_historical"
17,"S-C1__Fcap_1.70_Besc_5000_sigmaR_0.216_SE_reference_AE_historical",1.7,5000,"Long",2046,1000,0,0.002,11020.99982451,8645.88745815147,15512.7382450782,0.177,6649.62174174459,7686.53821176024,0,11940.1296737484,"S-C1",17,"Fcap_1.70_Besc_5000_sigmaR_0.216_SE_reference_AE_historical"
17,"S-C1__Fcap_1.70_Besc_5000_sigmaR_0.216_SE_reference_AE_historical",1.7,5000,"Long",2047,1000,0,0.001,11047.7809829675,8690.90906551562,15927.0560084843,0.152,6961.62263341475,7961.9634788795,0,12241.1040176419,"S-C1",17,"Fcap_1.70_Besc_5000_sigmaR_0.216_SE_reference_AE_historical"
17,"S-C1__Fcap_1.70_Besc_5000_sigmaR_0.216_SE_reference_AE_historical",1.7,5000,"Long",2048,1000,0,0.001,11097.5103421508,8552.85560466938,15554.2637551839,0.181,6653.72917030102,7857.41273680832,0,11914.4918783135,"S-C1",17,"Fcap_1.70_Besc_5000_sigmaR_0.216_SE_reference_AE_historical"
17,"S-C1__Fcap_1.70_Besc_5000_sigmaR_0.216_SE_reference_AE_historical",1.7,5000,"Long",2049,1000,0,0.001,10947.4125227368,8610.2112795765,15408.5440898782,0.176,6598.94088268708,7733.2549865939,0,12181.3284592362,"S-C1",17,"Fcap_1.70_Besc_5000_sigmaR_0.216_SE_reference_AE_historical"
17,"S-C1__Fcap_1.70_Besc_5000_sigmaR_0.216_SE_reference_AE_historical",1.7,5000,"Long",2050,1000,0,0.003,11141.4770437139,8536.46112447857,15815.637584909,0.163,6979.25134452719,8054.58057459027,0,12418.2226926192,"S-C1",17,"Fcap_1.70_Besc_5000_sigmaR_0.216_SE_reference_AE_historical"
17,"S-C1__Fcap_1.70_Besc_5000_sigmaR_0.216_SE_reference_AE_historical",1.7,5000,"Long",2051,1000,0,0.001,10988.7202952017,8596.82592103827,15657.3567909841,0.171,6674.82183228807,7760.01549022519,0,11887.2447959504,"S-C1",17,"Fcap_1.70_Besc_5000_sigmaR_0.216_SE_reference_AE_historical"
17,"S-C1__Fcap_1.70_Besc_5000_sigmaR_0.216_SE_reference_AE_historical",1.7,5000,"Long",2052,1000,0,0,11060.7923065405,8703.77717055023,15723.1893347377,0.177,6733.27907556092,7893.81021069653,0,11783.8326261416,"S-C1",17,"Fcap_1.70_Besc_5000_sigmaR_0.216_SE_reference_AE_historical"
17,"S-C1__Fcap_1.70_Besc_5000_sigmaR_0.216_SE_reference_AE_historical",1.7,5000,"Long",2053,1000,0,0,10959.5367020034,8676.68730066593,15832.5490535746,0.159,6786.20335967211,7786.0392113065,0,12124.2896342886,"S-C1",17,"Fcap_1.70_Besc_5000_sigmaR_0.216_SE_reference_AE_historical"
17,"S-C1__Fcap_1.70_Besc_5000_sigmaR_0.216_SE_reference_AE_historical",1.7,5000,"Long",2054,1000,0,0.003,11012.8798689174,8568.77981856475,15701.5004250963,0.172,6577.77938602631,7707.07813507001,0,11842.9505160053,"S-C1",17,"Fcap_1.70_Besc_5000_sigmaR_0.216_SE_reference_AE_historical"
17,"S-C1__Fcap_1.70_Besc_5000_sigmaR_0.216_SE_reference_AE_historical",1.7,5000,"Full",2025,1000,0,0,12273.7465994617,10719.9941255379,14856.9298653724,0.076,7359.61084123497,7709.91845275331,0,10740.5134964637,"S-C1",17,"Fcap_1.70_Besc_5000_sigmaR_0.216_SE_reference_AE_historical"
17,"S-C1__Fcap_1.70_Besc_5000_sigmaR_0.216_SE_reference_AE_historical",1.7,5000,"Full",2026,1000,0,0,11204.2807918569,8741.16670396998,16218.7016191275,0.143,7048.14874971774,7770.62754712605,0,11681.4020072259,"S-C1",17,"Fcap_1.70_Besc_5000_sigmaR_0.216_SE_reference_AE_historical"
17,"S-C1__Fcap_1.70_Besc_5000_sigmaR_0.216_SE_reference_AE_historical",1.7,5000,"Full",2027,1000,0,0,11168.1397778575,8613.22824299958,15888.5156553449,0.176,6705.04735398758,7766.71546112447,0,11703.1336952735,"S-C1",17,"Fcap_1.70_Besc_5000_sigmaR_0.216_SE_reference_AE_historical"
17,"S-C1__Fcap_1.70_Besc_5000_sigmaR_0.216_SE_reference_AE_historical",1.7,5000,"Full",2028,1000,0,0,11129.0121230006,8581.06724081884,15437.769281974,0.177,6752.73919982374,7892.44747447653,0,11626.3689292181,"S-C1",17,"Fcap_1.70_Besc_5000_sigmaR_0.216_SE_reference_AE_historical"
17,"S-C1__Fcap_1.70_Besc_5000_sigmaR_0.216_SE_reference_AE_historical",1.7,5000,"Full",2029,1000,0,0.003,11016.6305470335,8313.26207766308,15400.4465789037,0.175,6584.01873427425,7876.29127792282,0,11971.4462455065,"S-C1",17,"Fcap_1.70_Besc_5000_sigmaR_0.216_SE_reference_AE_historical"
17,"S-C1__Fcap_1.70_Besc_5000_sigmaR_0.216_SE_reference_AE_historical",1.7,5000,"Full",2030,1000,0,0.001,11102.892592715,8566.10728636018,15333.4312523258,0.175,6582.53057274707,7721.68396856184,0,12188.4567328401,"S-C1",17,"Fcap_1.70_Besc_5000_sigmaR_0.216_SE_reference_AE_historical"
17,"S-C1__Fcap_1.70_Besc_5000_sigmaR_0.216_SE_reference_AE_historical",1.7,5000,"Full",2031,1000,0,0.001,10935.4801620335,8631.14731635183,15160.2032989198,0.178,6432.07480771058,7556.46138631661,0,11760.4162532855,"S-C1",17,"Fcap_1.70_Besc_5000_sigmaR_0.216_SE_reference_AE_historical"
17,"S-C1__Fcap_1.70_Besc_5000_sigmaR_0.216_SE_reference_AE_historical",1.7,5000,"Full",2032,1000,0,0.001,11085.951952605,8555.77488087988,15235.1724681638,0.178,6625.2468099956,7856.65863706561,0,11819.4409323948,"S-C1",17,"Fcap_1.70_Besc_5000_sigmaR_0.216_SE_reference_AE_historical"
17,"S-C1__Fcap_1.70_Besc_5000_sigmaR_0.216_SE_reference_AE_historical",1.7,5000,"Full",2033,1000,0,0.001,11103.5167586617,8526.36948388336,15539.9250268309,0.154,6768.83505265131,7774.83234723947,0,12208.1041364937,"S-C1",17,"Fcap_1.70_Besc_5000_sigmaR_0.216_SE_reference_AE_historical"
17,"S-C1__Fcap_1.70_Besc_5000_sigmaR_0.216_SE_reference_AE_historical",1.7,5000,"Full",2034,1000,0,0.002,11079.1245790822,8634.54985305153,15373.4991199869,0.155,6805.84098418258,7839.78983365466,0,11741.2544435173,"S-C1",17,"Fcap_1.70_Besc_5000_sigmaR_0.216_SE_reference_AE_historical"
17,"S-C1__Fcap_1.70_Besc_5000_sigmaR_0.216_SE_reference_AE_historical",1.7,5000,"Full",2035,1000,0,0.002,10864.2182236366,8528.98317602194,15520.0779285447,0.175,6548.65706934254,7667.88482324478,0,11996.3849062508,"S-C1",17,"Fcap_1.70_Besc_5000_sigmaR_0.216_SE_reference_AE_historical"
17,"S-C1__Fcap_1.70_Besc_5000_sigmaR_0.216_SE_reference_AE_historical",1.7,5000,"Full",2036,1000,0,0.001,11044.2531558075,8581.83639086275,15537.5819087906,0.163,6546.29930025079,7712.20066797683,0,11643.194953437,"S-C1",17,"Fcap_1.70_Besc_5000_sigmaR_0.216_SE_reference_AE_historical"
17,"S-C1__Fcap_1.70_Besc_5000_sigmaR_0.216_SE_reference_AE_historical",1.7,5000,"Full",2037,1000,0,0.001,10944.4213342069,8739.11429064829,14824.9886568323,0.171,6571.7335215297,7890.87057479089,0,11621.5219843388,"S-C1",17,"Fcap_1.70_Besc_5000_sigmaR_0.216_SE_reference_AE_historical"
17,"S-C1__Fcap_1.70_Besc_5000_sigmaR_0.216_SE_reference_AE_historical",1.7,5000,"Full",2038,1000,0,0.001,10898.2613712599,8631.32995386599,15383.1185827795,0.182,6539.07568183872,7801.79106446609,0,11772.6759251043,"S-C1",17,"Fcap_1.70_Besc_5000_sigmaR_0.216_SE_reference_AE_historical"
17,"S-C1__Fcap_1.70_Besc_5000_sigmaR_0.216_SE_reference_AE_historical",1.7,5000,"Full",2039,1000,0,0.001,11063.8689374537,8614.62284368207,15268.4973513813,0.169,6661.7681086932,7826.4779333615,0,11785.0013615205,"S-C1",17,"Fcap_1.70_Besc_5000_sigmaR_0.216_SE_reference_AE_historical"
17,"S-C1__Fcap_1.70_Besc_5000_sigmaR_0.216_SE_reference_AE_historical",1.7,5000,"Full",2040,1000,0,0.002,11020.9244853034,8671.88693301378,15703.0555444959,0.166,6602.49734165732,7787.80016617585,0,11969.4846660959,"S-C1",17,"Fcap_1.70_Besc_5000_sigmaR_0.216_SE_reference_AE_historical"
17,"S-C1__Fcap_1.70_Besc_5000_sigmaR_0.216_SE_reference_AE_historical",1.7,5000,"Full",2041,1000,0,0.001,11119.1944135527,8648.17581678594,15472.3330908492,0.176,6760.38782396137,7968.98130259549,0,11965.4168025203,"S-C1",17,"Fcap_1.70_Besc_5000_sigmaR_0.216_SE_reference_AE_historical"
17,"S-C1__Fcap_1.70_Besc_5000_sigmaR_0.216_SE_reference_AE_historical",1.7,5000,"Full",2042,1000,0,0.004,11027.2010940949,8535.43687139222,15514.6500254073,0.182,6569.6890233135,7847.88171224921,0,12028.8005217621,"S-C1",17,"Fcap_1.70_Besc_5000_sigmaR_0.216_SE_reference_AE_historical"
17,"S-C1__Fcap_1.70_Besc_5000_sigmaR_0.216_SE_reference_AE_historical",1.7,5000,"Full",2043,1000,0,0.001,10857.8070695529,8727.43478088666,14989.0049626588,0.169,6552.83953713303,7762.02400119212,0,11596.5648270314,"S-C1",17,"Fcap_1.70_Besc_5000_sigmaR_0.216_SE_reference_AE_historical"
17,"S-C1__Fcap_1.70_Besc_5000_sigmaR_0.216_SE_reference_AE_historical",1.7,5000,"Full",2044,1000,0,0.002,11089.032732137,8538.10955670349,15221.2839705887,0.163,6703.5748472337,7838.81290959261,0,11837.6964014712,"S-C1",17,"Fcap_1.70_Besc_5000_sigmaR_0.216_SE_reference_AE_historical"
17,"S-C1__Fcap_1.70_Besc_5000_sigmaR_0.216_SE_reference_AE_historical",1.7,5000,"Full",2045,1000,0,0.001,10973.9010692142,8562.07880368462,15356.0832689316,0.171,6612.13253031251,7784.58484958592,0,11800.089246068,"S-C1",17,"Fcap_1.70_Besc_5000_sigmaR_0.216_SE_reference_AE_historical"
17,"S-C1__Fcap_1.70_Besc_5000_sigmaR_0.216_SE_reference_AE_historical",1.7,5000,"Full",2046,1000,0,0.002,11020.99982451,8645.88745815147,15512.7382450782,0.177,6649.62174174459,7686.53821176024,0,11940.1296737484,"S-C1",17,"Fcap_1.70_Besc_5000_sigmaR_0.216_SE_reference_AE_historical"
17,"S-C1__Fcap_1.70_Besc_5000_sigmaR_0.216_SE_reference_AE_historical",1.7,5000,"Full",2047,1000,0,0.001,11047.7809829675,8690.90906551562,15927.0560084843,0.152,6961.62263341475,7961.9634788795,0,12241.1040176419,"S-C1",17,"Fcap_1.70_Besc_5000_sigmaR_0.216_SE_reference_AE_historical"
17,"S-C1__Fcap_1.70_Besc_5000_sigmaR_0.216_SE_reference_AE_historical",1.7,5000,"Full",2048,1000,0,0.001,11097.5103421508,8552.85560466938,15554.2637551839,0.181,6653.72917030102,7857.41273680832,0,11914.4918783135,"S-C1",17,"Fcap_1.70_Besc_5000_sigmaR_0.216_SE_reference_AE_historical"
17,"S-C1__Fcap_1.70_Besc_5000_sigmaR_0.216_SE_reference_AE_historical",1.7,5000,"Full",2049,1000,0,0.001,10947.4125227368,8610.2112795765,15408.5440898782,0.176,6598.94088268708,7733.2549865939,0,12181.3284592362,"S-C1",17,"Fcap_1.70_Besc_5000_sigmaR_0.216_SE_reference_AE_historical"
17,"S-C1__Fcap_1.70_Besc_5000_sigmaR_0.216_SE_reference_AE_historical",1.7,5000,"Full",2050,1000,0,0.003,11141.4770437139,8536.46112447857,15815.637584909,0.163,6979.25134452719,8054.58057459027,0,12418.2226926192,"S-C1",17,"Fcap_1.70_Besc_5000_sigmaR_0.216_SE_reference_AE_historical"
17,"S-C1__Fcap_1.70_Besc_5000_sigmaR_0.216_SE_reference_AE_historical",1.7,5000,"Full",2051,1000,0,0.001,10988.7202952017,8596.82592103827,15657.3567909841,0.171,6674.82183228807,7760.01549022519,0,11887.2447959504,"S-C1",17,"Fcap_1.70_Besc_5000_sigmaR_0.216_SE_reference_AE_historical"
17,"S-C1__Fcap_1.70_Besc_5000_sigmaR_0.216_SE_reference_AE_historical",1.7,5000,"Full",2052,1000,0,0,11060.7923065405,8703.77717055023,15723.1893347377,0.177,6733.27907556092,7893.81021069653,0,11783.8326261416,"S-C1",17,"Fcap_1.70_Besc_5000_sigmaR_0.216_SE_reference_AE_historical"
17,"S-C1__Fcap_1.70_Besc_5000_sigmaR_0.216_SE_reference_AE_historical",1.7,5000,"Full",2053,1000,0,0,10959.5367020034,8676.68730066593,15832.5490535746,0.159,6786.20335967211,7786.0392113065,0,12124.2896342886,"S-C1",17,"Fcap_1.70_Besc_5000_sigmaR_0.216_SE_reference_AE_historical"
17,"S-C1__Fcap_1.70_Besc_5000_sigmaR_0.216_SE_reference_AE_historical",1.7,5000,"Full",2054,1000,0,0.003,11012.8798689174,8568.77981856475,15701.5004250963,0.172,6577.77938602631,7707.07813507001,0,11842.9505160053,"S-C1",17,"Fcap_1.70_Besc_5000_sigmaR_0.216_SE_reference_AE_historical"
18,"S-C1__Fcap_1.70_Besc_6561_sigmaR_0.216_SE_reference_AE_historical",1.7,6561,"Short",2025,1000,0,0,13270.2011320955,11424.6488787321,15522.4327400798,0.468,4086.68280127209,2299.77983632978,0,10680.5793248472,"S-C1",18,"Fcap_1.70_Besc_6561_sigmaR_0.216_SE_reference_AE_historical"
18,"S-C1__Fcap_1.70_Besc_6561_sigmaR_0.216_SE_reference_AE_historical",1.7,6561,"Short",2026,1000,0,0,12929.0681231824,10159.8495334788,17479.5513713499,0.352,5865.41732797513,7678.32224377447,0,12485.3130549828,"S-C1",18,"Fcap_1.70_Besc_6561_sigmaR_0.216_SE_reference_AE_historical"
18,"S-C1__Fcap_1.70_Besc_6561_sigmaR_0.216_SE_reference_AE_historical",1.7,6561,"Short",2027,1000,0,0,12654.1632373404,9576.09648738856,17274.4837580336,0.422,5051.14246954615,4861.00351934263,0,12397.9080580546,"S-C1",18,"Fcap_1.70_Besc_6561_sigmaR_0.216_SE_reference_AE_historical"
18,"S-C1__Fcap_1.70_Besc_6561_sigmaR_0.216_SE_reference_AE_historical",1.7,6561,"Short",2028,1000,0,0,12710.6333373997,9878.33722594924,16649.6080554955,0.381,5348.13040804853,4636.0955966717,0,12918.1111531342,"S-C1",18,"Fcap_1.70_Besc_6561_sigmaR_0.216_SE_reference_AE_historical"
18,"S-C1__Fcap_1.70_Besc_6561_sigmaR_0.216_SE_reference_AE_historical",1.7,6561,"Short",2029,1000,0.001,0.002,12610.3986538297,9426.87172556235,17039.5093794259,0.415,5023.90300512597,4476.40280308393,0,13022.8360652869,"S-C1",18,"Fcap_1.70_Besc_6561_sigmaR_0.216_SE_reference_AE_historical"
18,"S-C1__Fcap_1.70_Besc_6561_sigmaR_0.216_SE_reference_AE_historical",1.7,6561,"Short",2030,1000,0,0,12694.8506496905,9740.35504950952,16719.6014756193,0.421,5107.16123330927,4055.42643216978,0,13669.8922032996,"S-C1",18,"Fcap_1.70_Besc_6561_sigmaR_0.216_SE_reference_AE_historical"
18,"S-C1__Fcap_1.70_Besc_6561_sigmaR_0.216_SE_reference_AE_historical",1.7,6561,"Short",2031,1000,0,0.002,12618.5918927582,9564.96625787005,16693.2488150874,0.447,4868.16237355322,3002.96847160767,0,12968.173653762,"S-C1",18,"Fcap_1.70_Besc_6561_sigmaR_0.216_SE_reference_AE_historical"
18,"S-C1__Fcap_1.70_Besc_6561_sigmaR_0.216_SE_reference_AE_historical",1.7,6561,"Short",2032,1000,0,0.003,12728.9676595772,9770.47712301652,16939.2926914545,0.43,5028.55205149093,3826.44989436402,0,12984.4403310106,"S-C1",18,"Fcap_1.70_Besc_6561_sigmaR_0.216_SE_reference_AE_historical"
18,"S-C1__Fcap_1.70_Besc_6561_sigmaR_0.216_SE_reference_AE_historical",1.7,6561,"Short",2033,1000,0,0,12725.8830850646,9618.03286678222,17100.6486103976,0.385,5305.92986969475,4364.5469407173,0,13242.2610810453,"S-C1",18,"Fcap_1.70_Besc_6561_sigmaR_0.216_SE_reference_AE_historical"
18,"S-C1__Fcap_1.70_Besc_6561_sigmaR_0.216_SE_reference_AE_historical",1.7,6561,"Short",2034,1000,0,0.001,12715.3147740238,9761.87436103959,17083.9790142479,0.414,5322.76400000255,4868.88036642134,0,13346.1276005448,"S-C1",18,"Fcap_1.70_Besc_6561_sigmaR_0.216_SE_reference_AE_historical"
18,"S-C1__Fcap_1.70_Besc_6561_sigmaR_0.216_SE_reference_AE_historical",1.7,6561,"Medium",2035,1000,0,0.003,12659.4186860528,9600.9657922112,16987.6394155789,0.433,5008.79181289746,3848.36616897099,0,12943.4006188244,"S-C1",18,"Fcap_1.70_Besc_6561_sigmaR_0.216_SE_reference_AE_historical"
18,"S-C1__Fcap_1.70_Besc_6561_sigmaR_0.216_SE_reference_AE_historical",1.7,6561,"Medium",2036,1000,0,0.001,12721.9566861486,9590.4658279193,17080.8186032548,0.424,5090.81229919133,4098.92272759365,0,12955.3113043035,"S-C1",18,"Fcap_1.70_Besc_6561_sigmaR_0.216_SE_reference_AE_historical"
18,"S-C1__Fcap_1.70_Besc_6561_sigmaR_0.216_SE_reference_AE_historical",1.7,6561,"Medium",2037,1000,0,0.002,12635.9637959968,9745.41245545578,16678.8755466884,0.427,4835.89515285266,3431.32243427721,0,12392.6297544175,"S-C1",18,"Fcap_1.70_Besc_6561_sigmaR_0.216_SE_reference_AE_historical"
18,"S-C1__Fcap_1.70_Besc_6561_sigmaR_0.216_SE_reference_AE_historical",1.7,6561,"Medium",2038,1000,0,0,12657.6287914428,9620.42740606744,16834.9830271992,0.414,5254.66876566872,5020.79638491524,0,13051.8105326688,"S-C1",18,"Fcap_1.70_Besc_6561_sigmaR_0.216_SE_reference_AE_historical"
18,"S-C1__Fcap_1.70_Besc_6561_sigmaR_0.216_SE_reference_AE_historical",1.7,6561,"Medium",2039,1000,0,0.001,12646.7444354077,9601.13499756759,16710.74055285,0.441,5151.53063406456,3961.00437301937,0,13030.7807358962,"S-C1",18,"Fcap_1.70_Besc_6561_sigmaR_0.216_SE_reference_AE_historical"
18,"S-C1__Fcap_1.70_Besc_6561_sigmaR_0.216_SE_reference_AE_historical",1.7,6561,"Medium",2040,1000,0,0.001,12649.5978721059,9788.26764080652,17132.0776870546,0.41,5158.33492058724,4622.97675307778,0,12871.1873509193,"S-C1",18,"Fcap_1.70_Besc_6561_sigmaR_0.216_SE_reference_AE_historical"
18,"S-C1__Fcap_1.70_Besc_6561_sigmaR_0.216_SE_reference_AE_historical",1.7,6561,"Medium",2041,1000,0,0.002,12657.8084102764,9620.63869153748,17026.3234540396,0.41,5252.98048826618,4846.58510318319,0,12664.1404646955,"S-C1",18,"Fcap_1.70_Besc_6561_sigmaR_0.216_SE_reference_AE_historical"
18,"S-C1__Fcap_1.70_Besc_6561_sigmaR_0.216_SE_reference_AE_historical",1.7,6561,"Medium",2042,1000,0,0.001,12708.1201281746,9528.87467603395,16804.7430421128,0.414,5113.35364487801,4230.69465280885,0,13021.962216397,"S-C1",18,"Fcap_1.70_Besc_6561_sigmaR_0.216_SE_reference_AE_historical"
18,"S-C1__Fcap_1.70_Besc_6561_sigmaR_0.216_SE_reference_AE_historical",1.7,6561,"Medium",2043,1000,0,0,12602.9413234874,9652.58792425227,16719.7908425306,0.42,4984.07999636554,4308.90149672693,0,12516.4879357728,"S-C1",18,"Fcap_1.70_Besc_6561_sigmaR_0.216_SE_reference_AE_historical"
18,"S-C1__Fcap_1.70_Besc_6561_sigmaR_0.216_SE_reference_AE_historical",1.7,6561,"Medium",2044,1000,0.001,0.002,12640.5232459905,9783.70100608324,17039.3258863405,0.417,5205.76076311141,4562.38526783252,0,13356.4319095628,"S-C1",18,"Fcap_1.70_Besc_6561_sigmaR_0.216_SE_reference_AE_historical"
18,"S-C1__Fcap_1.70_Besc_6561_sigmaR_0.216_SE_reference_AE_historical",1.7,6561,"Long",2045,1000,0,0.001,12608.4383798834,9602.56522361856,16843.1890283416,0.411,5211.98626835201,4233.1153409436,0,13450.91346493,"S-C1",18,"Fcap_1.70_Besc_6561_sigmaR_0.216_SE_reference_AE_historical"
18,"S-C1__Fcap_1.70_Besc_6561_sigmaR_0.216_SE_reference_AE_historical",1.7,6561,"Long",2046,1000,0,0.003,12611.2975693403,9590.48629538329,17208.5821245781,0.425,5131.8899063246,4250.60064246162,0,13317.5823271885,"S-C1",18,"Fcap_1.70_Besc_6561_sigmaR_0.216_SE_reference_AE_historical"
18,"S-C1__Fcap_1.70_Besc_6561_sigmaR_0.216_SE_reference_AE_historical",1.7,6561,"Long",2047,1000,0,0.002,12670.6563713049,10036.6699789688,17236.6284942322,0.391,5323.85143764184,4792.66502351091,0,13516.4396584726,"S-C1",18,"Fcap_1.70_Besc_6561_sigmaR_0.216_SE_reference_AE_historical"
18,"S-C1__Fcap_1.70_Besc_6561_sigmaR_0.216_SE_reference_AE_historical",1.7,6561,"Long",2048,1000,0,0.001,12743.8054075758,9579.73307587312,16988.438356791,0.395,5399.26408966623,4694.62060786164,0,13322.0045596326,"S-C1",18,"Fcap_1.70_Besc_6561_sigmaR_0.216_SE_reference_AE_historical"
18,"S-C1__Fcap_1.70_Besc_6561_sigmaR_0.216_SE_reference_AE_historical",1.7,6561,"Long",2049,1000,0,0,12548.562056818,9647.64151069413,16890.0165381104,0.442,4805.76350966863,2866.60452492616,0,12869.9630821364,"S-C1",18,"Fcap_1.70_Besc_6561_sigmaR_0.216_SE_reference_AE_historical"
18,"S-C1__Fcap_1.70_Besc_6561_sigmaR_0.216_SE_reference_AE_historical",1.7,6561,"Long",2050,1000,0,0.002,12748.7270041438,9804.13303117768,17377.0928919517,0.389,5621.2967661062,5678.37802328303,0,13833.5891026606,"S-C1",18,"Fcap_1.70_Besc_6561_sigmaR_0.216_SE_reference_AE_historical"
18,"S-C1__Fcap_1.70_Besc_6561_sigmaR_0.216_SE_reference_AE_historical",1.7,6561,"Long",2051,1000,0,0.002,12698.5127493451,9557.45923492168,16964.2635594488,0.41,5231.21850379564,4670.92038598811,0,13311.6234959607,"S-C1",18,"Fcap_1.70_Besc_6561_sigmaR_0.216_SE_reference_AE_historical"
18,"S-C1__Fcap_1.70_Besc_6561_sigmaR_0.216_SE_reference_AE_historical",1.7,6561,"Long",2052,1000,0,0.001,12674.8213287586,9882.801445002,17036.0051373666,0.412,5372.24841014087,4935.17924696002,0,13264.2701303909,"S-C1",18,"Fcap_1.70_Besc_6561_sigmaR_0.216_SE_reference_AE_historical"
18,"S-C1__Fcap_1.70_Besc_6561_sigmaR_0.216_SE_reference_AE_historical",1.7,6561,"Long",2053,1000,0,0,12645.8174278043,9693.1604281095,17162.595362122,0.436,5050.27002127504,3892.4493274365,0,13630.8299684519,"S-C1",18,"Fcap_1.70_Besc_6561_sigmaR_0.216_SE_reference_AE_historical"
18,"S-C1__Fcap_1.70_Besc_6561_sigmaR_0.216_SE_reference_AE_historical",1.7,6561,"Long",2054,1000,0,0,12669.2454567868,9577.27816054695,17084.2299531401,0.399,5109.57438765893,4142.26034202606,0,12481.8348543844,"S-C1",18,"Fcap_1.70_Besc_6561_sigmaR_0.216_SE_reference_AE_historical"
18,"S-C1__Fcap_1.70_Besc_6561_sigmaR_0.216_SE_reference_AE_historical",1.7,6561,"Full",2025,1000,0,0,13270.2011320955,11424.6488787321,15522.4327400798,0.468,4086.68280127209,2299.77983632978,0,10680.5793248472,"S-C1",18,"Fcap_1.70_Besc_6561_sigmaR_0.216_SE_reference_AE_historical"
18,"S-C1__Fcap_1.70_Besc_6561_sigmaR_0.216_SE_reference_AE_historical",1.7,6561,"Full",2026,1000,0,0,12929.0681231824,10159.8495334788,17479.5513713499,0.352,5865.41732797513,7678.32224377447,0,12485.3130549828,"S-C1",18,"Fcap_1.70_Besc_6561_sigmaR_0.216_SE_reference_AE_historical"
18,"S-C1__Fcap_1.70_Besc_6561_sigmaR_0.216_SE_reference_AE_historical",1.7,6561,"Full",2027,1000,0,0,12654.1632373404,9576.09648738856,17274.4837580336,0.422,5051.14246954615,4861.00351934263,0,12397.9080580546,"S-C1",18,"Fcap_1.70_Besc_6561_sigmaR_0.216_SE_reference_AE_historical"
18,"S-C1__Fcap_1.70_Besc_6561_sigmaR_0.216_SE_reference_AE_historical",1.7,6561,"Full",2028,1000,0,0,12710.6333373997,9878.33722594924,16649.6080554955,0.381,5348.13040804853,4636.0955966717,0,12918.1111531342,"S-C1",18,"Fcap_1.70_Besc_6561_sigmaR_0.216_SE_reference_AE_historical"
18,"S-C1__Fcap_1.70_Besc_6561_sigmaR_0.216_SE_reference_AE_historical",1.7,6561,"Full",2029,1000,0.001,0.002,12610.3986538297,9426.87172556235,17039.5093794259,0.415,5023.90300512597,4476.40280308393,0,13022.8360652869,"S-C1",18,"Fcap_1.70_Besc_6561_sigmaR_0.216_SE_reference_AE_historical"
18,"S-C1__Fcap_1.70_Besc_6561_sigmaR_0.216_SE_reference_AE_historical",1.7,6561,"Full",2030,1000,0,0,12694.8506496905,9740.35504950952,16719.6014756193,0.421,5107.16123330927,4055.42643216978,0,13669.8922032996,"S-C1",18,"Fcap_1.70_Besc_6561_sigmaR_0.216_SE_reference_AE_historical"
18,"S-C1__Fcap_1.70_Besc_6561_sigmaR_0.216_SE_reference_AE_historical",1.7,6561,"Full",2031,1000,0,0.002,12618.5918927582,9564.96625787005,16693.2488150874,0.447,4868.16237355322,3002.96847160767,0,12968.173653762,"S-C1",18,"Fcap_1.70_Besc_6561_sigmaR_0.216_SE_reference_AE_historical"
18,"S-C1__Fcap_1.70_Besc_6561_sigmaR_0.216_SE_reference_AE_historical",1.7,6561,"Full",2032,1000,0,0.003,12728.9676595772,9770.47712301652,16939.2926914545,0.43,5028.55205149093,3826.44989436402,0,12984.4403310106,"S-C1",18,"Fcap_1.70_Besc_6561_sigmaR_0.216_SE_reference_AE_historical"
18,"S-C1__Fcap_1.70_Besc_6561_sigmaR_0.216_SE_reference_AE_historical",1.7,6561,"Full",2033,1000,0,0,12725.8830850646,9618.03286678222,17100.6486103976,0.385,5305.92986969475,4364.5469407173,0,13242.2610810453,"S-C1",18,"Fcap_1.70_Besc_6561_sigmaR_0.216_SE_reference_AE_historical"
18,"S-C1__Fcap_1.70_Besc_6561_sigmaR_0.216_SE_reference_AE_historical",1.7,6561,"Full",2034,1000,0,0.001,12715.3147740238,9761.87436103959,17083.9790142479,0.414,5322.76400000255,4868.88036642134,0,13346.1276005448,"S-C1",18,"Fcap_1.70_Besc_6561_sigmaR_0.216_SE_reference_AE_historical"
18,"S-C1__Fcap_1.70_Besc_6561_sigmaR_0.216_SE_reference_AE_historical",1.7,6561,"Full",2035,1000,0,0.003,12659.4186860528,9600.9657922112,16987.6394155789,0.433,5008.79181289746,3848.36616897099,0,12943.4006188244,"S-C1",18,"Fcap_1.70_Besc_6561_sigmaR_0.216_SE_reference_AE_historical"
18,"S-C1__Fcap_1.70_Besc_6561_sigmaR_0.216_SE_reference_AE_historical",1.7,6561,"Full",2036,1000,0,0.001,12721.9566861486,9590.4658279193,17080.8186032548,0.424,5090.81229919133,4098.92272759365,0,12955.3113043035,"S-C1",18,"Fcap_1.70_Besc_6561_sigmaR_0.216_SE_reference_AE_historical"
18,"S-C1__Fcap_1.70_Besc_6561_sigmaR_0.216_SE_reference_AE_historical",1.7,6561,"Full",2037,1000,0,0.002,12635.9637959968,9745.41245545578,16678.8755466884,0.427,4835.89515285266,3431.32243427721,0,12392.6297544175,"S-C1",18,"Fcap_1.70_Besc_6561_sigmaR_0.216_SE_reference_AE_historical"
18,"S-C1__Fcap_1.70_Besc_6561_sigmaR_0.216_SE_reference_AE_historical",1.7,6561,"Full",2038,1000,0,0,12657.6287914428,9620.42740606744,16834.9830271992,0.414,5254.66876566872,5020.79638491524,0,13051.8105326688,"S-C1",18,"Fcap_1.70_Besc_6561_sigmaR_0.216_SE_reference_AE_historical"
18,"S-C1__Fcap_1.70_Besc_6561_sigmaR_0.216_SE_reference_AE_historical",1.7,6561,"Full",2039,1000,0,0.001,12646.7444354077,9601.13499756759,16710.74055285,0.441,5151.53063406456,3961.00437301937,0,13030.7807358962,"S-C1",18,"Fcap_1.70_Besc_6561_sigmaR_0.216_SE_reference_AE_historical"
18,"S-C1__Fcap_1.70_Besc_6561_sigmaR_0.216_SE_reference_AE_historical",1.7,6561,"Full",2040,1000,0,0.001,12649.5978721059,9788.26764080652,17132.0776870546,0.41,5158.33492058724,4622.97675307778,0,12871.1873509193,"S-C1",18,"Fcap_1.70_Besc_6561_sigmaR_0.216_SE_reference_AE_historical"
18,"S-C1__Fcap_1.70_Besc_6561_sigmaR_0.216_SE_reference_AE_historical",1.7,6561,"Full",2041,1000,0,0.002,12657.8084102764,9620.63869153748,17026.3234540396,0.41,5252.98048826618,4846.58510318319,0,12664.1404646955,"S-C1",18,"Fcap_1.70_Besc_6561_sigmaR_0.216_SE_reference_AE_historical"
18,"S-C1__Fcap_1.70_Besc_6561_sigmaR_0.216_SE_reference_AE_historical",1.7,6561,"Full",2042,1000,0,0.001,12708.1201281746,9528.87467603395,16804.7430421128,0.414,5113.35364487801,4230.69465280885,0,13021.962216397,"S-C1",18,"Fcap_1.70_Besc_6561_sigmaR_0.216_SE_reference_AE_historical"
18,"S-C1__Fcap_1.70_Besc_6561_sigmaR_0.216_SE_reference_AE_historical",1.7,6561,"Full",2043,1000,0,0,12602.9413234874,9652.58792425227,16719.7908425306,0.42,4984.07999636554,4308.90149672693,0,12516.4879357728,"S-C1",18,"Fcap_1.70_Besc_6561_sigmaR_0.216_SE_reference_AE_historical"
18,"S-C1__Fcap_1.70_Besc_6561_sigmaR_0.216_SE_reference_AE_historical",1.7,6561,"Full",2044,1000,0.001,0.002,12640.5232459905,9783.70100608324,17039.3258863405,0.417,5205.76076311141,4562.38526783252,0,13356.4319095628,"S-C1",18,"Fcap_1.70_Besc_6561_sigmaR_0.216_SE_reference_AE_historical"
18,"S-C1__Fcap_1.70_Besc_6561_sigmaR_0.216_SE_reference_AE_historical",1.7,6561,"Full",2045,1000,0,0.001,12608.4383798834,9602.56522361856,16843.1890283416,0.411,5211.98626835201,4233.1153409436,0,13450.91346493,"S-C1",18,"Fcap_1.70_Besc_6561_sigmaR_0.216_SE_reference_AE_historical"
18,"S-C1__Fcap_1.70_Besc_6561_sigmaR_0.216_SE_reference_AE_historical",1.7,6561,"Full",2046,1000,0,0.003,12611.2975693403,9590.48629538329,17208.5821245781,0.425,5131.8899063246,4250.60064246162,0,13317.5823271885,"S-C1",18,"Fcap_1.70_Besc_6561_sigmaR_0.216_SE_reference_AE_historical"
18,"S-C1__Fcap_1.70_Besc_6561_sigmaR_0.216_SE_reference_AE_historical",1.7,6561,"Full",2047,1000,0,0.002,12670.6563713049,10036.6699789688,17236.6284942322,0.391,5323.85143764184,4792.66502351091,0,13516.4396584726,"S-C1",18,"Fcap_1.70_Besc_6561_sigmaR_0.216_SE_reference_AE_historical"
18,"S-C1__Fcap_1.70_Besc_6561_sigmaR_0.216_SE_reference_AE_historical",1.7,6561,"Full",2048,1000,0,0.001,12743.8054075758,9579.73307587312,16988.438356791,0.395,5399.26408966623,4694.62060786164,0,13322.0045596326,"S-C1",18,"Fcap_1.70_Besc_6561_sigmaR_0.216_SE_reference_AE_historical"
18,"S-C1__Fcap_1.70_Besc_6561_sigmaR_0.216_SE_reference_AE_historical",1.7,6561,"Full",2049,1000,0,0,12548.562056818,9647.64151069413,16890.0165381104,0.442,4805.76350966863,2866.60452492616,0,12869.9630821364,"S-C1",18,"Fcap_1.70_Besc_6561_sigmaR_0.216_SE_reference_AE_historical"
18,"S-C1__Fcap_1.70_Besc_6561_sigmaR_0.216_SE_reference_AE_historical",1.7,6561,"Full",2050,1000,0,0.002,12748.7270041438,9804.13303117768,17377.0928919517,0.389,5621.2967661062,5678.37802328303,0,13833.5891026606,"S-C1",18,"Fcap_1.70_Besc_6561_sigmaR_0.216_SE_reference_AE_historical"
18,"S-C1__Fcap_1.70_Besc_6561_sigmaR_0.216_SE_reference_AE_historical",1.7,6561,"Full",2051,1000,0,0.002,12698.5127493451,9557.45923492168,16964.2635594488,0.41,5231.21850379564,4670.92038598811,0,13311.6234959607,"S-C1",18,"Fcap_1.70_Besc_6561_sigmaR_0.216_SE_reference_AE_historical"
18,"S-C1__Fcap_1.70_Besc_6561_sigmaR_0.216_SE_reference_AE_historical",1.7,6561,"Full",2052,1000,0,0.001,12674.8213287586,9882.801445002,17036.0051373666,0.412,5372.24841014087,4935.17924696002,0,13264.2701303909,"S-C1",18,"Fcap_1.70_Besc_6561_sigmaR_0.216_SE_reference_AE_historical"
18,"S-C1__Fcap_1.70_Besc_6561_sigmaR_0.216_SE_reference_AE_historical",1.7,6561,"Full",2053,1000,0,0,12645.8174278043,9693.1604281095,17162.595362122,0.436,5050.27002127504,3892.4493274365,0,13630.8299684519,"S-C1",18,"Fcap_1.70_Besc_6561_sigmaR_0.216_SE_reference_AE_historical"
18,"S-C1__Fcap_1.70_Besc_6561_sigmaR_0.216_SE_reference_AE_historical",1.7,6561,"Full",2054,1000,0,0,12669.2454567868,9577.27816054695,17084.2299531401,0.399,5109.57438765893,4142.26034202606,0,12481.8348543844,"S-C1",18,"Fcap_1.70_Besc_6561_sigmaR_0.216_SE_reference_AE_historical"
19,"S-C1__Fcap_1.70_Besc_7250_sigmaR_0.216_SE_reference_AE_historical",1.7,7250,"Short",2025,1000,0,0,13719.0263952037,12044.8791469867,16127.5228268667,0.681,2524.82285931506,0,0,10630.091546512,"S-C1",19,"Fcap_1.70_Besc_7250_sigmaR_0.216_SE_reference_AE_historical"
19,"S-C1__Fcap_1.70_Besc_7250_sigmaR_0.216_SE_reference_AE_historical",1.7,7250,"Short",2026,1000,0,0,13718.5950095128,10894.600117454,17916.7419242732,0.405,5494.20245641049,6269.20173827946,0,12665.9872821089,"S-C1",19,"Fcap_1.70_Besc_7250_sigmaR_0.216_SE_reference_AE_historical"
19,"S-C1__Fcap_1.70_Besc_7250_sigmaR_0.216_SE_reference_AE_historical",1.7,7250,"Short",2027,1000,0,0,13464.738133779,9832.94777388816,17609.8645156568,0.545,4008.08770246981,0,0,12687.9659451132,"S-C1",19,"Fcap_1.70_Besc_7250_sigmaR_0.216_SE_reference_AE_historical"
19,"S-C1__Fcap_1.70_Besc_7250_sigmaR_0.216_SE_reference_AE_historical",1.7,7250,"Short",2028,1000,0,0,13451.5095463272,10528.6451767827,17203.9469168938,0.491,4886.76604423221,1095.79098326672,0,13883.4992337113,"S-C1",19,"Fcap_1.70_Besc_7250_sigmaR_0.216_SE_reference_AE_historical"
19,"S-C1__Fcap_1.70_Besc_7250_sigmaR_0.216_SE_reference_AE_historical",1.7,7250,"Short",2029,1000,0.001,0.002,13381.8490229335,9586.7090822719,17508.2494185198,0.532,4125.43832384114,0,0,13691.8152755911,"S-C1",19,"Fcap_1.70_Besc_7250_sigmaR_0.216_SE_reference_AE_historical"
19,"S-C1__Fcap_1.70_Besc_7250_sigmaR_0.216_SE_reference_AE_historical",1.7,7250,"Short",2030,1000,0,0.003,13502.4039355414,10025.2530530573,17552.5241711088,0.525,4299.3656946252,0,0,14353.493608726,"S-C1",19,"Fcap_1.70_Besc_7250_sigmaR_0.216_SE_reference_AE_historical"
19,"S-C1__Fcap_1.70_Besc_7250_sigmaR_0.216_SE_reference_AE_historical",1.7,7250,"Short",2031,1000,0,0,13373.9798645518,9907.28474202657,17572.9892732241,0.539,4137.35354440808,0,0,13761.7656185446,"S-C1",19,"Fcap_1.70_Besc_7250_sigmaR_0.216_SE_reference_AE_historical"
19,"S-C1__Fcap_1.70_Besc_7250_sigmaR_0.216_SE_reference_AE_historical",1.7,7250,"Short",2032,1000,0,0.004,13393.5488362945,10058.3720914915,17601.0142074953,0.53,4383.61238978551,0,0,13780.5999716309,"S-C1",19,"Fcap_1.70_Besc_7250_sigmaR_0.216_SE_reference_AE_historical"
19,"S-C1__Fcap_1.70_Besc_7250_sigmaR_0.216_SE_reference_AE_historical",1.7,7250,"Short",2033,1000,0,0.003,13471.5833430841,9985.65278379381,17864.8777538748,0.513,4618.13558397442,0,0,14748.6715436765,"S-C1",19,"Fcap_1.70_Besc_7250_sigmaR_0.216_SE_reference_AE_historical"
19,"S-C1__Fcap_1.70_Besc_7250_sigmaR_0.216_SE_reference_AE_historical",1.7,7250,"Short",2034,1000,0,0.003,13443.7553343787,9881.19577170116,17897.3654050555,0.527,4627.8917449535,0,0,14603.907933541,"S-C1",19,"Fcap_1.70_Besc_7250_sigmaR_0.216_SE_reference_AE_historical"
19,"S-C1__Fcap_1.70_Besc_7250_sigmaR_0.216_SE_reference_AE_historical",1.7,7250,"Medium",2035,1000,0,0.003,13387.6117043042,9698.72328476778,17679.5580232768,0.529,4342.18777998421,0,0,13381.183486027,"S-C1",19,"Fcap_1.70_Besc_7250_sigmaR_0.216_SE_reference_AE_historical"
19,"S-C1__Fcap_1.70_Besc_7250_sigmaR_0.216_SE_reference_AE_historical",1.7,7250,"Medium",2036,1000,0,0.001,13317.2152085148,9904.70377868642,17511.177307399,0.523,4398.10551479221,0,0,13609.5674958501,"S-C1",19,"Fcap_1.70_Besc_7250_sigmaR_0.216_SE_reference_AE_historical"
19,"S-C1__Fcap_1.70_Besc_7250_sigmaR_0.216_SE_reference_AE_historical",1.7,7250,"Medium",2037,1000,0,0.002,13315.2820793127,10129.7004139432,17307.9864720048,0.556,4047.88775671018,0,0,13394.3791070545,"S-C1",19,"Fcap_1.70_Besc_7250_sigmaR_0.216_SE_reference_AE_historical"
19,"S-C1__Fcap_1.70_Besc_7250_sigmaR_0.216_SE_reference_AE_historical",1.7,7250,"Medium",2038,1000,0,0.002,13359.4845152943,9890.93485900341,17466.0487152856,0.511,4504.99976109627,0,0,13934.8710010406,"S-C1",19,"Fcap_1.70_Besc_7250_sigmaR_0.216_SE_reference_AE_historical"
19,"S-C1__Fcap_1.70_Besc_7250_sigmaR_0.216_SE_reference_AE_historical",1.7,7250,"Medium",2039,1000,0,0.001,13380.6624522527,9791.15166974373,17265.396423573,0.519,4531.69699272472,0,0,14712.8673482233,"S-C1",19,"Fcap_1.70_Besc_7250_sigmaR_0.216_SE_reference_AE_historical"
19,"S-C1__Fcap_1.70_Besc_7250_sigmaR_0.216_SE_reference_AE_historical",1.7,7250,"Medium",2040,1000,0,0,13461.952010715,10016.2281813185,17746.5285257085,0.528,4232.71588984579,0,0,13599.7326552844,"S-C1",19,"Fcap_1.70_Besc_7250_sigmaR_0.216_SE_reference_AE_historical"
19,"S-C1__Fcap_1.70_Besc_7250_sigmaR_0.216_SE_reference_AE_historical",1.7,7250,"Medium",2041,1000,0,0.002,13493.8757879087,9906.2115513512,17607.967589568,0.507,4620.01130382793,0,0,14079.4606229586,"S-C1",19,"Fcap_1.70_Besc_7250_sigmaR_0.216_SE_reference_AE_historical"
19,"S-C1__Fcap_1.70_Besc_7250_sigmaR_0.216_SE_reference_AE_historical",1.7,7250,"Medium",2042,1000,0,0.001,13413.8117278047,9885.54737042667,17529.8529303815,0.526,4460.24596288044,0,0,14332.1753630348,"S-C1",19,"Fcap_1.70_Besc_7250_sigmaR_0.216_SE_reference_AE_historical"
19,"S-C1__Fcap_1.70_Besc_7250_sigmaR_0.216_SE_reference_AE_historical",1.7,7250,"Medium",2043,1000,0,0.002,13308.0091421232,9819.80959524933,17299.9189772441,0.54,4210.77914517961,0,0,13676.6733186078,"S-C1",19,"Fcap_1.70_Besc_7250_sigmaR_0.216_SE_reference_AE_historical"
19,"S-C1__Fcap_1.70_Besc_7250_sigmaR_0.216_SE_reference_AE_historical",1.7,7250,"Medium",2044,1000,0,0.002,13337.7478344313,9979.12858819421,17529.6657867344,0.502,4535.35384908068,0,0,13738.5018658818,"S-C1",19,"Fcap_1.70_Besc_7250_sigmaR_0.216_SE_reference_AE_historical"
19,"S-C1__Fcap_1.70_Besc_7250_sigmaR_0.216_SE_reference_AE_historical",1.7,7250,"Long",2045,1000,0,0.002,13357.7363170344,9986.44871279591,17373.2043331412,0.511,4587.27466152611,0,0,14544.3887186197,"S-C1",19,"Fcap_1.70_Besc_7250_sigmaR_0.216_SE_reference_AE_historical"
19,"S-C1__Fcap_1.70_Besc_7250_sigmaR_0.216_SE_reference_AE_historical",1.7,7250,"Long",2046,1000,0.001,0.003,13298.3589492831,9864.41576814959,17851.8844472911,0.528,4316.34536622026,0,0,13783.0395058729,"S-C1",19,"Fcap_1.70_Besc_7250_sigmaR_0.216_SE_reference_AE_historical"
19,"S-C1__Fcap_1.70_Besc_7250_sigmaR_0.216_SE_reference_AE_historical",1.7,7250,"Long",2047,1000,0,0.003,13406.7448815868,10326.2431948855,17780.9228324288,0.501,4727.81774404574,0,0,14862.0736143524,"S-C1",19,"Fcap_1.70_Besc_7250_sigmaR_0.216_SE_reference_AE_historical"
19,"S-C1__Fcap_1.70_Besc_7250_sigmaR_0.216_SE_reference_AE_historical",1.7,7250,"Long",2048,1000,0,0.003,13433.8292226358,9939.48848474299,17750.9911357363,0.506,4680.50418720184,0,0,14394.8269976783,"S-C1",19,"Fcap_1.70_Besc_7250_sigmaR_0.216_SE_reference_AE_historical"
19,"S-C1__Fcap_1.70_Besc_7250_sigmaR_0.216_SE_reference_AE_historical",1.7,7250,"Long",2049,1000,0,0.004,13336.1174507855,9877.01115219367,17622.7756482941,0.544,4194.75909106211,0,0,13276.0171780489,"S-C1",19,"Fcap_1.70_Besc_7250_sigmaR_0.216_SE_reference_AE_historical"
19,"S-C1__Fcap_1.70_Besc_7250_sigmaR_0.216_SE_reference_AE_historical",1.7,7250,"Long",2050,1000,0,0.001,13482.3854870213,9951.12721037454,17825.7759356618,0.488,4904.64498182738,788.611215003083,0,14591.108537026,"S-C1",19,"Fcap_1.70_Besc_7250_sigmaR_0.216_SE_reference_AE_historical"
19,"S-C1__Fcap_1.70_Besc_7250_sigmaR_0.216_SE_reference_AE_historical",1.7,7250,"Long",2051,1000,0,0.003,13366.3483269579,9953.40511259229,17784.6985258642,0.517,4520.31946184784,0,0,14452.9592048413,"S-C1",19,"Fcap_1.70_Besc_7250_sigmaR_0.216_SE_reference_AE_historical"
19,"S-C1__Fcap_1.70_Besc_7250_sigmaR_0.216_SE_reference_AE_historical",1.7,7250,"Long",2052,1000,0,0.001,13361.6051303292,10259.0114950809,17602.5545652665,0.511,4681.76483400617,0,0,14736.5396854927,"S-C1",19,"Fcap_1.70_Besc_7250_sigmaR_0.216_SE_reference_AE_historical"
19,"S-C1__Fcap_1.70_Besc_7250_sigmaR_0.216_SE_reference_AE_historical",1.7,7250,"Long",2053,1000,0,0.001,13323.7122591199,9869.76705809284,17543.7323926896,0.525,4511.52380108398,0,0,14517.6445793798,"S-C1",19,"Fcap_1.70_Besc_7250_sigmaR_0.216_SE_reference_AE_historical"
19,"S-C1__Fcap_1.70_Besc_7250_sigmaR_0.216_SE_reference_AE_historical",1.7,7250,"Long",2054,1000,0,0.001,13385.0349306218,9861.8390097408,17716.7015389012,0.518,4294.5372667986,0,0,12894.7881821014,"S-C1",19,"Fcap_1.70_Besc_7250_sigmaR_0.216_SE_reference_AE_historical"
19,"S-C1__Fcap_1.70_Besc_7250_sigmaR_0.216_SE_reference_AE_historical",1.7,7250,"Full",2025,1000,0,0,13719.0263952037,12044.8791469867,16127.5228268667,0.681,2524.82285931506,0,0,10630.091546512,"S-C1",19,"Fcap_1.70_Besc_7250_sigmaR_0.216_SE_reference_AE_historical"
19,"S-C1__Fcap_1.70_Besc_7250_sigmaR_0.216_SE_reference_AE_historical",1.7,7250,"Full",2026,1000,0,0,13718.5950095128,10894.600117454,17916.7419242732,0.405,5494.20245641049,6269.20173827946,0,12665.9872821089,"S-C1",19,"Fcap_1.70_Besc_7250_sigmaR_0.216_SE_reference_AE_historical"
19,"S-C1__Fcap_1.70_Besc_7250_sigmaR_0.216_SE_reference_AE_historical",1.7,7250,"Full",2027,1000,0,0,13464.738133779,9832.94777388816,17609.8645156568,0.545,4008.08770246981,0,0,12687.9659451132,"S-C1",19,"Fcap_1.70_Besc_7250_sigmaR_0.216_SE_reference_AE_historical"
19,"S-C1__Fcap_1.70_Besc_7250_sigmaR_0.216_SE_reference_AE_historical",1.7,7250,"Full",2028,1000,0,0,13451.5095463272,10528.6451767827,17203.9469168938,0.491,4886.76604423221,1095.79098326672,0,13883.4992337113,"S-C1",19,"Fcap_1.70_Besc_7250_sigmaR_0.216_SE_reference_AE_historical"
19,"S-C1__Fcap_1.70_Besc_7250_sigmaR_0.216_SE_reference_AE_historical",1.7,7250,"Full",2029,1000,0.001,0.002,13381.8490229335,9586.7090822719,17508.2494185198,0.532,4125.43832384114,0,0,13691.8152755911,"S-C1",19,"Fcap_1.70_Besc_7250_sigmaR_0.216_SE_reference_AE_historical"
19,"S-C1__Fcap_1.70_Besc_7250_sigmaR_0.216_SE_reference_AE_historical",1.7,7250,"Full",2030,1000,0,0.003,13502.4039355414,10025.2530530573,17552.5241711088,0.525,4299.3656946252,0,0,14353.493608726,"S-C1",19,"Fcap_1.70_Besc_7250_sigmaR_0.216_SE_reference_AE_historical"
19,"S-C1__Fcap_1.70_Besc_7250_sigmaR_0.216_SE_reference_AE_historical",1.7,7250,"Full",2031,1000,0,0,13373.9798645518,9907.28474202657,17572.9892732241,0.539,4137.35354440808,0,0,13761.7656185446,"S-C1",19,"Fcap_1.70_Besc_7250_sigmaR_0.216_SE_reference_AE_historical"
19,"S-C1__Fcap_1.70_Besc_7250_sigmaR_0.216_SE_reference_AE_historical",1.7,7250,"Full",2032,1000,0,0.004,13393.5488362945,10058.3720914915,17601.0142074953,0.53,4383.61238978551,0,0,13780.5999716309,"S-C1",19,"Fcap_1.70_Besc_7250_sigmaR_0.216_SE_reference_AE_historical"
19,"S-C1__Fcap_1.70_Besc_7250_sigmaR_0.216_SE_reference_AE_historical",1.7,7250,"Full",2033,1000,0,0.003,13471.5833430841,9985.65278379381,17864.8777538748,0.513,4618.13558397442,0,0,14748.6715436765,"S-C1",19,"Fcap_1.70_Besc_7250_sigmaR_0.216_SE_reference_AE_historical"
19,"S-C1__Fcap_1.70_Besc_7250_sigmaR_0.216_SE_reference_AE_historical",1.7,7250,"Full",2034,1000,0,0.003,13443.7553343787,9881.19577170116,17897.3654050555,0.527,4627.8917449535,0,0,14603.907933541,"S-C1",19,"Fcap_1.70_Besc_7250_sigmaR_0.216_SE_reference_AE_historical"
19,"S-C1__Fcap_1.70_Besc_7250_sigmaR_0.216_SE_reference_AE_historical",1.7,7250,"Full",2035,1000,0,0.003,13387.6117043042,9698.72328476778,17679.5580232768,0.529,4342.18777998421,0,0,13381.183486027,"S-C1",19,"Fcap_1.70_Besc_7250_sigmaR_0.216_SE_reference_AE_historical"
19,"S-C1__Fcap_1.70_Besc_7250_sigmaR_0.216_SE_reference_AE_historical",1.7,7250,"Full",2036,1000,0,0.001,13317.2152085148,9904.70377868642,17511.177307399,0.523,4398.10551479221,0,0,13609.5674958501,"S-C1",19,"Fcap_1.70_Besc_7250_sigmaR_0.216_SE_reference_AE_historical"
19,"S-C1__Fcap_1.70_Besc_7250_sigmaR_0.216_SE_reference_AE_historical",1.7,7250,"Full",2037,1000,0,0.002,13315.2820793127,10129.7004139432,17307.9864720048,0.556,4047.88775671018,0,0,13394.3791070545,"S-C1",19,"Fcap_1.70_Besc_7250_sigmaR_0.216_SE_reference_AE_historical"
19,"S-C1__Fcap_1.70_Besc_7250_sigmaR_0.216_SE_reference_AE_historical",1.7,7250,"Full",2038,1000,0,0.002,13359.4845152943,9890.93485900341,17466.0487152856,0.511,4504.99976109627,0,0,13934.8710010406,"S-C1",19,"Fcap_1.70_Besc_7250_sigmaR_0.216_SE_reference_AE_historical"
19,"S-C1__Fcap_1.70_Besc_7250_sigmaR_0.216_SE_reference_AE_historical",1.7,7250,"Full",2039,1000,0,0.001,13380.6624522527,9791.15166974373,17265.396423573,0.519,4531.69699272472,0,0,14712.8673482233,"S-C1",19,"Fcap_1.70_Besc_7250_sigmaR_0.216_SE_reference_AE_historical"
19,"S-C1__Fcap_1.70_Besc_7250_sigmaR_0.216_SE_reference_AE_historical",1.7,7250,"Full",2040,1000,0,0,13461.952010715,10016.2281813185,17746.5285257085,0.528,4232.71588984579,0,0,13599.7326552844,"S-C1",19,"Fcap_1.70_Besc_7250_sigmaR_0.216_SE_reference_AE_historical"
19,"S-C1__Fcap_1.70_Besc_7250_sigmaR_0.216_SE_reference_AE_historical",1.7,7250,"Full",2041,1000,0,0.002,13493.8757879087,9906.2115513512,17607.967589568,0.507,4620.01130382793,0,0,14079.4606229586,"S-C1",19,"Fcap_1.70_Besc_7250_sigmaR_0.216_SE_reference_AE_historical"
19,"S-C1__Fcap_1.70_Besc_7250_sigmaR_0.216_SE_reference_AE_historical",1.7,7250,"Full",2042,1000,0,0.001,13413.8117278047,9885.54737042667,17529.8529303815,0.526,4460.24596288044,0,0,14332.1753630348,"S-C1",19,"Fcap_1.70_Besc_7250_sigmaR_0.216_SE_reference_AE_historical"
19,"S-C1__Fcap_1.70_Besc_7250_sigmaR_0.216_SE_reference_AE_historical",1.7,7250,"Full",2043,1000,0,0.002,13308.0091421232,9819.80959524933,17299.9189772441,0.54,4210.77914517961,0,0,13676.6733186078,"S-C1",19,"Fcap_1.70_Besc_7250_sigmaR_0.216_SE_reference_AE_historical"
19,"S-C1__Fcap_1.70_Besc_7250_sigmaR_0.216_SE_reference_AE_historical",1.7,7250,"Full",2044,1000,0,0.002,13337.7478344313,9979.12858819421,17529.6657867344,0.502,4535.35384908068,0,0,13738.5018658818,"S-C1",19,"Fcap_1.70_Besc_7250_sigmaR_0.216_SE_reference_AE_historical"
19,"S-C1__Fcap_1.70_Besc_7250_sigmaR_0.216_SE_reference_AE_historical",1.7,7250,"Full",2045,1000,0,0.002,13357.7363170344,9986.44871279591,17373.2043331412,0.511,4587.27466152611,0,0,14544.3887186197,"S-C1",19,"Fcap_1.70_Besc_7250_sigmaR_0.216_SE_reference_AE_historical"
19,"S-C1__Fcap_1.70_Besc_7250_sigmaR_0.216_SE_reference_AE_historical",1.7,7250,"Full",2046,1000,0.001,0.003,13298.3589492831,9864.41576814959,17851.8844472911,0.528,4316.34536622026,0,0,13783.0395058729,"S-C1",19,"Fcap_1.70_Besc_7250_sigmaR_0.216_SE_reference_AE_historical"
19,"S-C1__Fcap_1.70_Besc_7250_sigmaR_0.216_SE_reference_AE_historical",1.7,7250,"Full",2047,1000,0,0.003,13406.7448815868,10326.2431948855,17780.9228324288,0.501,4727.81774404574,0,0,14862.0736143524,"S-C1",19,"Fcap_1.70_Besc_7250_sigmaR_0.216_SE_reference_AE_historical"
19,"S-C1__Fcap_1.70_Besc_7250_sigmaR_0.216_SE_reference_AE_historical",1.7,7250,"Full",2048,1000,0,0.003,13433.8292226358,9939.48848474299,17750.9911357363,0.506,4680.50418720184,0,0,14394.8269976783,"S-C1",19,"Fcap_1.70_Besc_7250_sigmaR_0.216_SE_reference_AE_historical"
19,"S-C1__Fcap_1.70_Besc_7250_sigmaR_0.216_SE_reference_AE_historical",1.7,7250,"Full",2049,1000,0,0.004,13336.1174507855,9877.01115219367,17622.7756482941,0.544,4194.75909106211,0,0,13276.0171780489,"S-C1",19,"Fcap_1.70_Besc_7250_sigmaR_0.216_SE_reference_AE_historical"
19,"S-C1__Fcap_1.70_Besc_7250_sigmaR_0.216_SE_reference_AE_historical",1.7,7250,"Full",2050,1000,0,0.001,13482.3854870213,9951.12721037454,17825.7759356618,0.488,4904.64498182738,788.611215003083,0,14591.108537026,"S-C1",19,"Fcap_1.70_Besc_7250_sigmaR_0.216_SE_reference_AE_historical"
19,"S-C1__Fcap_1.70_Besc_7250_sigmaR_0.216_SE_reference_AE_historical",1.7,7250,"Full",2051,1000,0,0.003,13366.3483269579,9953.40511259229,17784.6985258642,0.517,4520.31946184784,0,0,14452.9592048413,"S-C1",19,"Fcap_1.70_Besc_7250_sigmaR_0.216_SE_reference_AE_historical"
19,"S-C1__Fcap_1.70_Besc_7250_sigmaR_0.216_SE_reference_AE_historical",1.7,7250,"Full",2052,1000,0,0.001,13361.6051303292,10259.0114950809,17602.5545652665,0.511,4681.76483400617,0,0,14736.5396854927,"S-C1",19,"Fcap_1.70_Besc_7250_sigmaR_0.216_SE_reference_AE_historical"
19,"S-C1__Fcap_1.70_Besc_7250_sigmaR_0.216_SE_reference_AE_historical",1.7,7250,"Full",2053,1000,0,0.001,13323.7122591199,9869.76705809284,17543.7323926896,0.525,4511.52380108398,0,0,14517.6445793798,"S-C1",19,"Fcap_1.70_Besc_7250_sigmaR_0.216_SE_reference_AE_historical"
19,"S-C1__Fcap_1.70_Besc_7250_sigmaR_0.216_SE_reference_AE_historical",1.7,7250,"Full",2054,1000,0,0.001,13385.0349306218,9861.8390097408,17716.7015389012,0.518,4294.5372667986,0,0,12894.7881821014,"S-C1",19,"Fcap_1.70_Besc_7250_sigmaR_0.216_SE_reference_AE_historical"
20,"S-C1__Fcap_1.70_Besc_8000_sigmaR_0.216_SE_reference_AE_historical",1.7,8000,"Short",2025,1000,0,0,13945.3192434632,12135.8179097045,16906.1309020338,0.824,1347.46813437583,0,0,10327.0698885058,"S-C1",20,"Fcap_1.70_Besc_8000_sigmaR_0.216_SE_reference_AE_historical"
20,"S-C1__Fcap_1.70_Besc_8000_sigmaR_0.216_SE_reference_AE_historical",1.7,8000,"Short",2026,1000,0,0,14527.4410266191,11378.8134792071,18742.8872674134,0.532,4403.81399082353,0,0,13033.0533672454,"S-C1",20,"Fcap_1.70_Besc_8000_sigmaR_0.216_SE_reference_AE_historical"
20,"S-C1__Fcap_1.70_Besc_8000_sigmaR_0.216_SE_reference_AE_historical",1.7,8000,"Short",2027,1000,0,0,14379.5209371385,10266.944133842,18398.8993021281,0.634,3288.26161081709,0,0,12813.4910025462,"S-C1",20,"Fcap_1.70_Besc_8000_sigmaR_0.216_SE_reference_AE_historical"
20,"S-C1__Fcap_1.70_Besc_8000_sigmaR_0.216_SE_reference_AE_historical",1.7,8000,"Short",2028,1000,0,0,14144.5501945236,10920.618277361,18152.319549596,0.599,4051.03150937723,0,0,14800.9608015832,"S-C1",20,"Fcap_1.70_Besc_8000_sigmaR_0.216_SE_reference_AE_historical"
20,"S-C1__Fcap_1.70_Besc_8000_sigmaR_0.216_SE_reference_AE_historical",1.7,8000,"Short",2029,1000,0.001,0.002,14067.5519764732,10044.3311850639,18161.3129924436,0.636,3547.00244983956,0,0,14909.0281321225,"S-C1",20,"Fcap_1.70_Besc_8000_sigmaR_0.216_SE_reference_AE_historical"
20,"S-C1__Fcap_1.70_Besc_8000_sigmaR_0.216_SE_reference_AE_historical",1.7,8000,"Short",2030,1000,0,0.002,14250.7927779653,10352.7588844523,18104.9882846632,0.629,3465.40530745125,0,0,14579.2034624733,"S-C1",20,"Fcap_1.70_Besc_8000_sigmaR_0.216_SE_reference_AE_historical"
20,"S-C1__Fcap_1.70_Besc_8000_sigmaR_0.216_SE_reference_AE_historical",1.7,8000,"Short",2031,1000,0,0,14076.7286599686,10181.9476250066,18039.6159524486,0.649,3351.06586494966,0,0,14469.4916536544,"S-C1",20,"Fcap_1.70_Besc_8000_sigmaR_0.216_SE_reference_AE_historical"
20,"S-C1__Fcap_1.70_Besc_8000_sigmaR_0.216_SE_reference_AE_historical",1.7,8000,"Short",2032,1000,0,0.001,14173.2515936665,10249.4097022832,18085.9694244927,0.635,3637.72785243256,0,0,14351.3010801716,"S-C1",20,"Fcap_1.70_Besc_8000_sigmaR_0.216_SE_reference_AE_historical"
20,"S-C1__Fcap_1.70_Besc_8000_sigmaR_0.216_SE_reference_AE_historical",1.7,8000,"Short",2033,1000,0,0,14182.0521487911,10195.9419967208,18287.7753649975,0.624,3732.13099463766,0,0,15582.148263513,"S-C1",20,"Fcap_1.70_Besc_8000_sigmaR_0.216_SE_reference_AE_historical"
20,"S-C1__Fcap_1.70_Besc_8000_sigmaR_0.216_SE_reference_AE_historical",1.7,8000,"Short",2034,1000,0,0,14160.1773931958,10188.9980985194,18498.501012275,0.621,3895.77775024083,0,0,15617.753763816,"S-C1",20,"Fcap_1.70_Besc_8000_sigmaR_0.216_SE_reference_AE_historical"
20,"S-C1__Fcap_1.70_Besc_8000_sigmaR_0.216_SE_reference_AE_historical",1.7,8000,"Medium",2035,1000,0,0.003,14074.6893802347,10035.1260552022,18421.601554521,0.626,3520.64860291551,0,0,14431.7289109765,"S-C1",20,"Fcap_1.70_Besc_8000_sigmaR_0.216_SE_reference_AE_historical"
20,"S-C1__Fcap_1.70_Besc_8000_sigmaR_0.216_SE_reference_AE_historical",1.7,8000,"Medium",2036,1000,0,0.001,13997.7665243209,10116.1316125235,18161.2427456393,0.62,3837.29258396517,0,0,14899.7197653384,"S-C1",20,"Fcap_1.70_Besc_8000_sigmaR_0.216_SE_reference_AE_historical"
20,"S-C1__Fcap_1.70_Besc_8000_sigmaR_0.216_SE_reference_AE_historical",1.7,8000,"Medium",2037,1000,0,0.002,14011.2305031587,10155.3010526678,17904.1862679853,0.662,3152.05703842058,0,0,13074.066559473,"S-C1",20,"Fcap_1.70_Besc_8000_sigmaR_0.216_SE_reference_AE_historical"
20,"S-C1__Fcap_1.70_Besc_8000_sigmaR_0.216_SE_reference_AE_historical",1.7,8000,"Medium",2038,1000,0,0.001,14155.6123467904,10362.7084367115,18314.4616757293,0.642,3559.86879858338,0,0,15130.4346752094,"S-C1",20,"Fcap_1.70_Besc_8000_sigmaR_0.216_SE_reference_AE_historical"
20,"S-C1__Fcap_1.70_Besc_8000_sigmaR_0.216_SE_reference_AE_historical",1.7,8000,"Medium",2039,1000,0,0.002,14106.4368793179,10066.1801872075,18106.2721437952,0.632,3754.67772438528,0,0,15851.2508227863,"S-C1",20,"Fcap_1.70_Besc_8000_sigmaR_0.216_SE_reference_AE_historical"
20,"S-C1__Fcap_1.70_Besc_8000_sigmaR_0.216_SE_reference_AE_historical",1.7,8000,"Medium",2040,1000,0,0.003,14060.2684632064,10203.8872216094,18336.4597663709,0.651,3540.43003684862,0,0,16174.1296464819,"S-C1",20,"Fcap_1.70_Besc_8000_sigmaR_0.216_SE_reference_AE_historical"
20,"S-C1__Fcap_1.70_Besc_8000_sigmaR_0.216_SE_reference_AE_historical",1.7,8000,"Medium",2041,1000,0,0.004,14086.0864700791,10190.7424855919,18425.6193398121,0.61,3904.57658299128,0,0,15476.4813543961,"S-C1",20,"Fcap_1.70_Besc_8000_sigmaR_0.216_SE_reference_AE_historical"
20,"S-C1__Fcap_1.70_Besc_8000_sigmaR_0.216_SE_reference_AE_historical",1.7,8000,"Medium",2042,1000,0,0,14115.0577789737,10000.8000210559,18173.4018736592,0.632,3778.24493090204,0,0,15339.2458413332,"S-C1",20,"Fcap_1.70_Besc_8000_sigmaR_0.216_SE_reference_AE_historical"
20,"S-C1__Fcap_1.70_Besc_8000_sigmaR_0.216_SE_reference_AE_historical",1.7,8000,"Medium",2043,1000,0,0.003,13918.9209710748,10214.4603591473,18075.0084160422,0.676,3338.0833353184,0,0,15001.4927832073,"S-C1",20,"Fcap_1.70_Besc_8000_sigmaR_0.216_SE_reference_AE_historical"
20,"S-C1__Fcap_1.70_Besc_8000_sigmaR_0.216_SE_reference_AE_historical",1.7,8000,"Medium",2044,1000,0,0.003,14070.0963593919,10218.3389943903,18581.1179563741,0.622,3822.46337104557,0,0,15146.3468998811,"S-C1",20,"Fcap_1.70_Besc_8000_sigmaR_0.216_SE_reference_AE_historical"
20,"S-C1__Fcap_1.70_Besc_8000_sigmaR_0.216_SE_reference_AE_historical",1.7,8000,"Long",2045,1000,0,0.002,14007.5438320217,10141.744191819,18159.7125827991,0.623,3885.01546053689,0,0,15176.156708948,"S-C1",20,"Fcap_1.70_Besc_8000_sigmaR_0.216_SE_reference_AE_historical"
20,"S-C1__Fcap_1.70_Besc_8000_sigmaR_0.216_SE_reference_AE_historical",1.7,8000,"Long",2046,1000,0.001,0.002,14007.0443998054,10325.5139043107,18176.6068422043,0.639,3651.54304672747,0,0,15039.790201618,"S-C1",20,"Fcap_1.70_Besc_8000_sigmaR_0.216_SE_reference_AE_historical"
20,"S-C1__Fcap_1.70_Besc_8000_sigmaR_0.216_SE_reference_AE_historical",1.7,8000,"Long",2047,1000,0,0.001,14163.4597738619,10693.837023958,18349.3697935175,0.631,3707.79529963381,0,0,15226.6948975237,"S-C1",20,"Fcap_1.70_Besc_8000_sigmaR_0.216_SE_reference_AE_historical"
20,"S-C1__Fcap_1.70_Besc_8000_sigmaR_0.216_SE_reference_AE_historical",1.7,8000,"Long",2048,1000,0,0.004,14222.4954442231,10135.6433372733,18635.434605092,0.608,3880.21434397286,0,0,15298.2541975172,"S-C1",20,"Fcap_1.70_Besc_8000_sigmaR_0.216_SE_reference_AE_historical"
20,"S-C1__Fcap_1.70_Besc_8000_sigmaR_0.216_SE_reference_AE_historical",1.7,8000,"Long",2049,1000,0,0.002,13988.9635825988,10329.1224279339,18152.4706538117,0.644,3463.58314224561,0,0,13989.3555778184,"S-C1",20,"Fcap_1.70_Besc_8000_sigmaR_0.216_SE_reference_AE_historical"
20,"S-C1__Fcap_1.70_Besc_8000_sigmaR_0.216_SE_reference_AE_historical",1.7,8000,"Long",2050,1000,0,0,14251.5295170895,10362.2676622873,18242.9751826823,0.597,4083.77800105191,0,0,16665.1762416853,"S-C1",20,"Fcap_1.70_Besc_8000_sigmaR_0.216_SE_reference_AE_historical"
20,"S-C1__Fcap_1.70_Besc_8000_sigmaR_0.216_SE_reference_AE_historical",1.7,8000,"Long",2051,1000,0,0.004,14092.4311733495,10196.0928334926,18066.7487555118,0.612,3868.00655641251,0,0,15513.083279651,"S-C1",20,"Fcap_1.70_Besc_8000_sigmaR_0.216_SE_reference_AE_historical"
20,"S-C1__Fcap_1.70_Besc_8000_sigmaR_0.216_SE_reference_AE_historical",1.7,8000,"Long",2052,1000,0,0,14020.8130404492,10277.3936810773,18165.4214645906,0.613,3966.05873351671,0,0,15515.9103700801,"S-C1",20,"Fcap_1.70_Besc_8000_sigmaR_0.216_SE_reference_AE_historical"
20,"S-C1__Fcap_1.70_Besc_8000_sigmaR_0.216_SE_reference_AE_historical",1.7,8000,"Long",2053,1000,0,0.002,14075.3715284746,10094.4605446322,18405.6077164983,0.628,3648.78036996008,0,0,14431.7229560034,"S-C1",20,"Fcap_1.70_Besc_8000_sigmaR_0.216_SE_reference_AE_historical"
20,"S-C1__Fcap_1.70_Besc_8000_sigmaR_0.216_SE_reference_AE_historical",1.7,8000,"Long",2054,1000,0,0.001,14105.5051529247,10092.6208867106,18346.9322304837,0.635,3535.70526460103,0,0,14436.0356936815,"S-C1",20,"Fcap_1.70_Besc_8000_sigmaR_0.216_SE_reference_AE_historical"
20,"S-C1__Fcap_1.70_Besc_8000_sigmaR_0.216_SE_reference_AE_historical",1.7,8000,"Full",2025,1000,0,0,13945.3192434632,12135.8179097045,16906.1309020338,0.824,1347.46813437583,0,0,10327.0698885058,"S-C1",20,"Fcap_1.70_Besc_8000_sigmaR_0.216_SE_reference_AE_historical"
20,"S-C1__Fcap_1.70_Besc_8000_sigmaR_0.216_SE_reference_AE_historical",1.7,8000,"Full",2026,1000,0,0,14527.4410266191,11378.8134792071,18742.8872674134,0.532,4403.81399082353,0,0,13033.0533672454,"S-C1",20,"Fcap_1.70_Besc_8000_sigmaR_0.216_SE_reference_AE_historical"
20,"S-C1__Fcap_1.70_Besc_8000_sigmaR_0.216_SE_reference_AE_historical",1.7,8000,"Full",2027,1000,0,0,14379.5209371385,10266.944133842,18398.8993021281,0.634,3288.26161081709,0,0,12813.4910025462,"S-C1",20,"Fcap_1.70_Besc_8000_sigmaR_0.216_SE_reference_AE_historical"
20,"S-C1__Fcap_1.70_Besc_8000_sigmaR_0.216_SE_reference_AE_historical",1.7,8000,"Full",2028,1000,0,0,14144.5501945236,10920.618277361,18152.319549596,0.599,4051.03150937723,0,0,14800.9608015832,"S-C1",20,"Fcap_1.70_Besc_8000_sigmaR_0.216_SE_reference_AE_historical"
20,"S-C1__Fcap_1.70_Besc_8000_sigmaR_0.216_SE_reference_AE_historical",1.7,8000,"Full",2029,1000,0.001,0.002,14067.5519764732,10044.3311850639,18161.3129924436,0.636,3547.00244983956,0,0,14909.0281321225,"S-C1",20,"Fcap_1.70_Besc_8000_sigmaR_0.216_SE_reference_AE_historical"
20,"S-C1__Fcap_1.70_Besc_8000_sigmaR_0.216_SE_reference_AE_historical",1.7,8000,"Full",2030,1000,0,0.002,14250.7927779653,10352.7588844523,18104.9882846632,0.629,3465.40530745125,0,0,14579.2034624733,"S-C1",20,"Fcap_1.70_Besc_8000_sigmaR_0.216_SE_reference_AE_historical"
20,"S-C1__Fcap_1.70_Besc_8000_sigmaR_0.216_SE_reference_AE_historical",1.7,8000,"Full",2031,1000,0,0,14076.7286599686,10181.9476250066,18039.6159524486,0.649,3351.06586494966,0,0,14469.4916536544,"S-C1",20,"Fcap_1.70_Besc_8000_sigmaR_0.216_SE_reference_AE_historical"
20,"S-C1__Fcap_1.70_Besc_8000_sigmaR_0.216_SE_reference_AE_historical",1.7,8000,"Full",2032,1000,0,0.001,14173.2515936665,10249.4097022832,18085.9694244927,0.635,3637.72785243256,0,0,14351.3010801716,"S-C1",20,"Fcap_1.70_Besc_8000_sigmaR_0.216_SE_reference_AE_historical"
20,"S-C1__Fcap_1.70_Besc_8000_sigmaR_0.216_SE_reference_AE_historical",1.7,8000,"Full",2033,1000,0,0,14182.0521487911,10195.9419967208,18287.7753649975,0.624,3732.13099463766,0,0,15582.148263513,"S-C1",20,"Fcap_1.70_Besc_8000_sigmaR_0.216_SE_reference_AE_historical"
20,"S-C1__Fcap_1.70_Besc_8000_sigmaR_0.216_SE_reference_AE_historical",1.7,8000,"Full",2034,1000,0,0,14160.1773931958,10188.9980985194,18498.501012275,0.621,3895.77775024083,0,0,15617.753763816,"S-C1",20,"Fcap_1.70_Besc_8000_sigmaR_0.216_SE_reference_AE_historical"
20,"S-C1__Fcap_1.70_Besc_8000_sigmaR_0.216_SE_reference_AE_historical",1.7,8000,"Full",2035,1000,0,0.003,14074.6893802347,10035.1260552022,18421.601554521,0.626,3520.64860291551,0,0,14431.7289109765,"S-C1",20,"Fcap_1.70_Besc_8000_sigmaR_0.216_SE_reference_AE_historical"
20,"S-C1__Fcap_1.70_Besc_8000_sigmaR_0.216_SE_reference_AE_historical",1.7,8000,"Full",2036,1000,0,0.001,13997.7665243209,10116.1316125235,18161.2427456393,0.62,3837.29258396517,0,0,14899.7197653384,"S-C1",20,"Fcap_1.70_Besc_8000_sigmaR_0.216_SE_reference_AE_historical"
20,"S-C1__Fcap_1.70_Besc_8000_sigmaR_0.216_SE_reference_AE_historical",1.7,8000,"Full",2037,1000,0,0.002,14011.2305031587,10155.3010526678,17904.1862679853,0.662,3152.05703842058,0,0,13074.066559473,"S-C1",20,"Fcap_1.70_Besc_8000_sigmaR_0.216_SE_reference_AE_historical"
20,"S-C1__Fcap_1.70_Besc_8000_sigmaR_0.216_SE_reference_AE_historical",1.7,8000,"Full",2038,1000,0,0.001,14155.6123467904,10362.7084367115,18314.4616757293,0.642,3559.86879858338,0,0,15130.4346752094,"S-C1",20,"Fcap_1.70_Besc_8000_sigmaR_0.216_SE_reference_AE_historical"
20,"S-C1__Fcap_1.70_Besc_8000_sigmaR_0.216_SE_reference_AE_historical",1.7,8000,"Full",2039,1000,0,0.002,14106.4368793179,10066.1801872075,18106.2721437952,0.632,3754.67772438528,0,0,15851.2508227863,"S-C1",20,"Fcap_1.70_Besc_8000_sigmaR_0.216_SE_reference_AE_historical"
20,"S-C1__Fcap_1.70_Besc_8000_sigmaR_0.216_SE_reference_AE_historical",1.7,8000,"Full",2040,1000,0,0.003,14060.2684632064,10203.8872216094,18336.4597663709,0.651,3540.43003684862,0,0,16174.1296464819,"S-C1",20,"Fcap_1.70_Besc_8000_sigmaR_0.216_SE_reference_AE_historical"
20,"S-C1__Fcap_1.70_Besc_8000_sigmaR_0.216_SE_reference_AE_historical",1.7,8000,"Full",2041,1000,0,0.004,14086.0864700791,10190.7424855919,18425.6193398121,0.61,3904.57658299128,0,0,15476.4813543961,"S-C1",20,"Fcap_1.70_Besc_8000_sigmaR_0.216_SE_reference_AE_historical"
20,"S-C1__Fcap_1.70_Besc_8000_sigmaR_0.216_SE_reference_AE_historical",1.7,8000,"Full",2042,1000,0,0,14115.0577789737,10000.8000210559,18173.4018736592,0.632,3778.24493090204,0,0,15339.2458413332,"S-C1",20,"Fcap_1.70_Besc_8000_sigmaR_0.216_SE_reference_AE_historical"
20,"S-C1__Fcap_1.70_Besc_8000_sigmaR_0.216_SE_reference_AE_historical",1.7,8000,"Full",2043,1000,0,0.003,13918.9209710748,10214.4603591473,18075.0084160422,0.676,3338.0833353184,0,0,15001.4927832073,"S-C1",20,"Fcap_1.70_Besc_8000_sigmaR_0.216_SE_reference_AE_historical"
20,"S-C1__Fcap_1.70_Besc_8000_sigmaR_0.216_SE_reference_AE_historical",1.7,8000,"Full",2044,1000,0,0.003,14070.0963593919,10218.3389943903,18581.1179563741,0.622,3822.46337104557,0,0,15146.3468998811,"S-C1",20,"Fcap_1.70_Besc_8000_sigmaR_0.216_SE_reference_AE_historical"
20,"S-C1__Fcap_1.70_Besc_8000_sigmaR_0.216_SE_reference_AE_historical",1.7,8000,"Full",2045,1000,0,0.002,14007.5438320217,10141.744191819,18159.7125827991,0.623,3885.01546053689,0,0,15176.156708948,"S-C1",20,"Fcap_1.70_Besc_8000_sigmaR_0.216_SE_reference_AE_historical"
20,"S-C1__Fcap_1.70_Besc_8000_sigmaR_0.216_SE_reference_AE_historical",1.7,8000,"Full",2046,1000,0.001,0.002,14007.0443998054,10325.5139043107,18176.6068422043,0.639,3651.54304672747,0,0,15039.790201618,"S-C1",20,"Fcap_1.70_Besc_8000_sigmaR_0.216_SE_reference_AE_historical"
20,"S-C1__Fcap_1.70_Besc_8000_sigmaR_0.216_SE_reference_AE_historical",1.7,8000,"Full",2047,1000,0,0.001,14163.4597738619,10693.837023958,18349.3697935175,0.631,3707.79529963381,0,0,15226.6948975237,"S-C1",20,"Fcap_1.70_Besc_8000_sigmaR_0.216_SE_reference_AE_historical"
20,"S-C1__Fcap_1.70_Besc_8000_sigmaR_0.216_SE_reference_AE_historical",1.7,8000,"Full",2048,1000,0,0.004,14222.4954442231,10135.6433372733,18635.434605092,0.608,3880.21434397286,0,0,15298.2541975172,"S-C1",20,"Fcap_1.70_Besc_8000_sigmaR_0.216_SE_reference_AE_historical"
20,"S-C1__Fcap_1.70_Besc_8000_sigmaR_0.216_SE_reference_AE_historical",1.7,8000,"Full",2049,1000,0,0.002,13988.9635825988,10329.1224279339,18152.4706538117,0.644,3463.58314224561,0,0,13989.3555778184,"S-C1",20,"Fcap_1.70_Besc_8000_sigmaR_0.216_SE_reference_AE_historical"
20,"S-C1__Fcap_1.70_Besc_8000_sigmaR_0.216_SE_reference_AE_historical",1.7,8000,"Full",2050,1000,0,0,14251.5295170895,10362.2676622873,18242.9751826823,0.597,4083.77800105191,0,0,16665.1762416853,"S-C1",20,"Fcap_1.70_Besc_8000_sigmaR_0.216_SE_reference_AE_historical"
20,"S-C1__Fcap_1.70_Besc_8000_sigmaR_0.216_SE_reference_AE_historical",1.7,8000,"Full",2051,1000,0,0.004,14092.4311733495,10196.0928334926,18066.7487555118,0.612,3868.00655641251,0,0,15513.083279651,"S-C1",20,"Fcap_1.70_Besc_8000_sigmaR_0.216_SE_reference_AE_historical"
20,"S-C1__Fcap_1.70_Besc_8000_sigmaR_0.216_SE_reference_AE_historical",1.7,8000,"Full",2052,1000,0,0,14020.8130404492,10277.3936810773,18165.4214645906,0.613,3966.05873351671,0,0,15515.9103700801,"S-C1",20,"Fcap_1.70_Besc_8000_sigmaR_0.216_SE_reference_AE_historical"
20,"S-C1__Fcap_1.70_Besc_8000_sigmaR_0.216_SE_reference_AE_historical",1.7,8000,"Full",2053,1000,0,0.002,14075.3715284746,10094.4605446322,18405.6077164983,0.628,3648.78036996008,0,0,14431.7229560034,"S-C1",20,"Fcap_1.70_Besc_8000_sigmaR_0.216_SE_reference_AE_historical"
20,"S-C1__Fcap_1.70_Besc_8000_sigmaR_0.216_SE_reference_AE_historical",1.7,8000,"Full",2054,1000,0,0.001,14105.5051529247,10092.6208867106,18346.9322304837,0.635,3535.70526460103,0,0,14436.0356936815,"S-C1",20,"Fcap_1.70_Besc_8000_sigmaR_0.216_SE_reference_AE_historical"
25,"S-C1__Fcap_1.80_Besc_5000_sigmaR_0.216_SE_reference_AE_historical",1.8,5000,"Short",2025,1000,0,0,12200.8605151769,10660.8908570464,14778.9017778279,0.076,7616.77696547129,7988.90133322667,0,11116.5393029155,"S-C1",25,"Fcap_1.80_Besc_5000_sigmaR_0.216_SE_reference_AE_historical"
25,"S-C1__Fcap_1.80_Besc_5000_sigmaR_0.216_SE_reference_AE_historical",1.8,5000,"Short",2026,1000,0,0,11059.3921251504,8684.20420991491,16005.1334139295,0.15,7153.68959111459,7968.60717074096,0,11965.6042408882,"S-C1",25,"Fcap_1.80_Besc_5000_sigmaR_0.216_SE_reference_AE_historical"
25,"S-C1__Fcap_1.80_Besc_5000_sigmaR_0.216_SE_reference_AE_historical",1.8,5000,"Short",2027,1000,0,0,11028.8577612554,8555.73183956781,15698.6195494729,0.178,6803.29110758775,7921.96030576899,0,11981.4773971277,"S-C1",25,"Fcap_1.80_Besc_5000_sigmaR_0.216_SE_reference_AE_historical"
25,"S-C1__Fcap_1.80_Besc_5000_sigmaR_0.216_SE_reference_AE_historical",1.8,5000,"Short",2028,1000,0,0,11008.5884259285,8532.54151067517,15335.5238778153,0.183,6839.3640715771,8079.13699594229,0,11911.3193229897,"S-C1",25,"Fcap_1.80_Besc_5000_sigmaR_0.216_SE_reference_AE_historical"
25,"S-C1__Fcap_1.80_Besc_5000_sigmaR_0.216_SE_reference_AE_historical",1.8,5000,"Short",2029,1000,0,0.003,10903.5872896055,8307.45331558796,15343.0444467318,0.185,6659.17784570436,7999.41986017876,0,12326.4954925903,"S-C1",25,"Fcap_1.80_Besc_5000_sigmaR_0.216_SE_reference_AE_historical"
25,"S-C1__Fcap_1.80_Besc_5000_sigmaR_0.216_SE_reference_AE_historical",1.8,5000,"Short",2030,1000,0,0.001,11014.5585250723,8519.65288298715,15190.7856550576,0.18,6655.10902358774,7863.13605724286,0,12466.2979124172,"S-C1",25,"Fcap_1.80_Besc_5000_sigmaR_0.216_SE_reference_AE_historical"
25,"S-C1__Fcap_1.80_Besc_5000_sigmaR_0.216_SE_reference_AE_historical",1.8,5000,"Short",2031,1000,0,0.001,10858.8699088609,8559.55939740498,14972.9008374094,0.178,6520.51374723334,7712.67611984339,0,12099.8528359063,"S-C1",25,"Fcap_1.80_Besc_5000_sigmaR_0.216_SE_reference_AE_historical"
25,"S-C1__Fcap_1.80_Besc_5000_sigmaR_0.216_SE_reference_AE_historical",1.8,5000,"Short",2032,1000,0,0.001,11004.6438382416,8546.31098800368,15152.1506181317,0.185,6716.98678323744,8035.85337075126,0,12172.5360065707,"S-C1",25,"Fcap_1.80_Besc_5000_sigmaR_0.216_SE_reference_AE_historical"
25,"S-C1__Fcap_1.80_Besc_5000_sigmaR_0.216_SE_reference_AE_historical",1.8,5000,"Short",2033,1000,0,0.001,11004.2323961712,8492.38565550405,15347.0764472403,0.167,6852.19490237187,7938.13101408768,0,12534.9866589868,"S-C1",25,"Fcap_1.80_Besc_5000_sigmaR_0.216_SE_reference_AE_historical"
25,"S-C1__Fcap_1.80_Besc_5000_sigmaR_0.216_SE_reference_AE_historical",1.8,5000,"Short",2034,1000,0,0.001,10982.2569629988,8605.23798389187,15336.757435955,0.158,6897.9125956706,8007.12586810661,0,12087.5793252844,"S-C1",25,"Fcap_1.80_Besc_5000_sigmaR_0.216_SE_reference_AE_historical"
25,"S-C1__Fcap_1.80_Besc_5000_sigmaR_0.216_SE_reference_AE_historical",1.8,5000,"Medium",2035,1000,0,0.002,10762.343889894,8509.66402026452,15469.7027908508,0.179,6622.83134730496,7827.26534422896,0,12418.4657861183,"S-C1",25,"Fcap_1.80_Besc_5000_sigmaR_0.216_SE_reference_AE_historical"
25,"S-C1__Fcap_1.80_Besc_5000_sigmaR_0.216_SE_reference_AE_historical",1.8,5000,"Medium",2036,1000,0,0.001,10940.4136690069,8542.75202917064,15431.1750329703,0.173,6637.04846504424,7900.74142781226,0,11965.8033461463,"S-C1",25,"Fcap_1.80_Besc_5000_sigmaR_0.216_SE_reference_AE_historical"
25,"S-C1__Fcap_1.80_Besc_5000_sigmaR_0.216_SE_reference_AE_historical",1.8,5000,"Medium",2037,1000,0,0.001,10865.6747651372,8642.02269762658,14728.7613371749,0.171,6653.91676244781,8039.35908448742,0,11924.8340666711,"S-C1",25,"Fcap_1.80_Besc_5000_sigmaR_0.216_SE_reference_AE_historical"
25,"S-C1__Fcap_1.80_Besc_5000_sigmaR_0.216_SE_reference_AE_historical",1.8,5000,"Medium",2038,1000,0,0.001,10836.5393765624,8568.14166929432,15263.6857543467,0.186,6636.48603230095,7958.03576265678,0,12045.0380114878,"S-C1",25,"Fcap_1.80_Besc_5000_sigmaR_0.216_SE_reference_AE_historical"
25,"S-C1__Fcap_1.80_Besc_5000_sigmaR_0.216_SE_reference_AE_historical",1.8,5000,"Medium",2039,1000,0,0.001,10958.1469684844,8570.74771483048,15174.4114959712,0.179,6756.79258307828,8003.79969301508,0,12071.0871720722,"S-C1",25,"Fcap_1.80_Besc_5000_sigmaR_0.216_SE_reference_AE_historical"
25,"S-C1__Fcap_1.80_Besc_5000_sigmaR_0.216_SE_reference_AE_historical",1.8,5000,"Medium",2040,1000,0,0.002,10961.3061578063,8627.92535524574,15593.1143242784,0.179,6681.72465519587,7878.61377998233,0,12308.9192475677,"S-C1",25,"Fcap_1.80_Besc_5000_sigmaR_0.216_SE_reference_AE_historical"
25,"S-C1__Fcap_1.80_Besc_5000_sigmaR_0.216_SE_reference_AE_historical",1.8,5000,"Medium",2041,1000,0,0.001,11013.4453515235,8623.45251177439,15333.6473424743,0.178,6856.81779345496,8172.38547718713,0,12290.5194869346,"S-C1",25,"Fcap_1.80_Besc_5000_sigmaR_0.216_SE_reference_AE_historical"
25,"S-C1__Fcap_1.80_Besc_5000_sigmaR_0.216_SE_reference_AE_historical",1.8,5000,"Medium",2042,1000,0,0.004,10981.3171910314,8499.87808454297,15315.7075194259,0.185,6659.43708980083,8034.56194676901,0,12282.7640173516,"S-C1",25,"Fcap_1.80_Besc_5000_sigmaR_0.216_SE_reference_AE_historical"
25,"S-C1__Fcap_1.80_Besc_5000_sigmaR_0.216_SE_reference_AE_historical",1.8,5000,"Medium",2043,1000,0,0.001,10767.8916690724,8646.96265066382,14849.8210273798,0.173,6630.03754746294,7927.84954106906,0,11881.0692803891,"S-C1",25,"Fcap_1.80_Besc_5000_sigmaR_0.216_SE_reference_AE_historical"
25,"S-C1__Fcap_1.80_Besc_5000_sigmaR_0.216_SE_reference_AE_historical",1.8,5000,"Medium",2044,1000,0,0.004,11023.6534678134,8486.96147431115,15105.4667885837,0.172,6801.23802633333,7970.08607381556,0,12165.9841739396,"S-C1",25,"Fcap_1.80_Besc_5000_sigmaR_0.216_SE_reference_AE_historical"
25,"S-C1__Fcap_1.80_Besc_5000_sigmaR_0.216_SE_reference_AE_historical",1.8,5000,"Long",2045,1000,0,0.001,10900.3837144442,8559.43215152076,15229.6513140833,0.177,6677.38275578277,7963.02899468748,0,12113.4145684716,"S-C1",25,"Fcap_1.80_Besc_5000_sigmaR_0.216_SE_reference_AE_historical"
25,"S-C1__Fcap_1.80_Besc_5000_sigmaR_0.216_SE_reference_AE_historical",1.8,5000,"Long",2046,1000,0,0.002,10952.2652669834,8589.3966779701,15378.5914979233,0.178,6766.21322693299,7864.32293654258,0,12380.7174135209,"S-C1",25,"Fcap_1.80_Besc_5000_sigmaR_0.216_SE_reference_AE_historical"
25,"S-C1__Fcap_1.80_Besc_5000_sigmaR_0.216_SE_reference_AE_historical",1.8,5000,"Long",2047,1000,0,0.001,10980.0620269642,8599.45736592849,15768.6749036789,0.158,7062.55384661934,8151.06446123824,0,12504.5103599627,"S-C1",25,"Fcap_1.80_Besc_5000_sigmaR_0.216_SE_reference_AE_historical"
25,"S-C1__Fcap_1.80_Besc_5000_sigmaR_0.216_SE_reference_AE_historical",1.8,5000,"Long",2048,1000,0,0.001,10989.7669401031,8510.06691358089,15400.6936221741,0.191,6727.95178038002,7992.09615524326,0,12185.4552108439,"S-C1",25,"Fcap_1.80_Besc_5000_sigmaR_0.216_SE_reference_AE_historical"
25,"S-C1__Fcap_1.80_Besc_5000_sigmaR_0.216_SE_reference_AE_historical",1.8,5000,"Long",2049,1000,0,0.001,10854.7887175253,8562.17176418463,15232.0068299703,0.181,6703.59249449953,7881.2792542876,0,12480.3406053715,"S-C1",25,"Fcap_1.80_Besc_5000_sigmaR_0.216_SE_reference_AE_historical"
25,"S-C1__Fcap_1.80_Besc_5000_sigmaR_0.216_SE_reference_AE_historical",1.8,5000,"Long",2050,1000,0,0.002,11013.8093833438,8490.45113234506,15615.4789803437,0.163,7084.75289584828,8192.7713056395,0,12643.1521921446,"S-C1",25,"Fcap_1.80_Besc_5000_sigmaR_0.216_SE_reference_AE_historical"
25,"S-C1__Fcap_1.80_Besc_5000_sigmaR_0.216_SE_reference_AE_historical",1.8,5000,"Long",2051,1000,0,0.002,10881.1196077014,8577.77081800813,15474.3138648092,0.183,6750.33215079134,7917.48245278095,0,12132.6714954633,"S-C1",25,"Fcap_1.80_Besc_5000_sigmaR_0.216_SE_reference_AE_historical"
25,"S-C1__Fcap_1.80_Besc_5000_sigmaR_0.216_SE_reference_AE_historical",1.8,5000,"Long",2052,1000,0,0,10950.6272618308,8642.90953417928,15566.9180656884,0.18,6817.76021513438,8005.26203715584,0,12235.6070658744,"S-C1",25,"Fcap_1.80_Besc_5000_sigmaR_0.216_SE_reference_AE_historical"
25,"S-C1__Fcap_1.80_Besc_5000_sigmaR_0.216_SE_reference_AE_historical",1.8,5000,"Long",2053,1000,0,0,10917.8386398767,8654.63342624667,15680.0064709038,0.165,6870.27165820251,7939.30949144397,0,12465.2411667163,"S-C1",25,"Fcap_1.80_Besc_5000_sigmaR_0.216_SE_reference_AE_historical"
25,"S-C1__Fcap_1.80_Besc_5000_sigmaR_0.216_SE_reference_AE_historical",1.8,5000,"Long",2054,1000,0,0.005,10907.6382559716,8532.96899254542,15625.8948458256,0.177,6663.31131534059,7840.40992206176,0,12117.1220918374,"S-C1",25,"Fcap_1.80_Besc_5000_sigmaR_0.216_SE_reference_AE_historical"
25,"S-C1__Fcap_1.80_Besc_5000_sigmaR_0.216_SE_reference_AE_historical",1.8,5000,"Full",2025,1000,0,0,12200.8605151769,10660.8908570464,14778.9017778279,0.076,7616.77696547129,7988.90133322667,0,11116.5393029155,"S-C1",25,"Fcap_1.80_Besc_5000_sigmaR_0.216_SE_reference_AE_historical"
25,"S-C1__Fcap_1.80_Besc_5000_sigmaR_0.216_SE_reference_AE_historical",1.8,5000,"Full",2026,1000,0,0,11059.3921251504,8684.20420991491,16005.1334139295,0.15,7153.68959111459,7968.60717074096,0,11965.6042408882,"S-C1",25,"Fcap_1.80_Besc_5000_sigmaR_0.216_SE_reference_AE_historical"
25,"S-C1__Fcap_1.80_Besc_5000_sigmaR_0.216_SE_reference_AE_historical",1.8,5000,"Full",2027,1000,0,0,11028.8577612554,8555.73183956781,15698.6195494729,0.178,6803.29110758775,7921.96030576899,0,11981.4773971277,"S-C1",25,"Fcap_1.80_Besc_5000_sigmaR_0.216_SE_reference_AE_historical"
25,"S-C1__Fcap_1.80_Besc_5000_sigmaR_0.216_SE_reference_AE_historical",1.8,5000,"Full",2028,1000,0,0,11008.5884259285,8532.54151067517,15335.5238778153,0.183,6839.3640715771,8079.13699594229,0,11911.3193229897,"S-C1",25,"Fcap_1.80_Besc_5000_sigmaR_0.216_SE_reference_AE_historical"
25,"S-C1__Fcap_1.80_Besc_5000_sigmaR_0.216_SE_reference_AE_historical",1.8,5000,"Full",2029,1000,0,0.003,10903.5872896055,8307.45331558796,15343.0444467318,0.185,6659.17784570436,7999.41986017876,0,12326.4954925903,"S-C1",25,"Fcap_1.80_Besc_5000_sigmaR_0.216_SE_reference_AE_historical"
25,"S-C1__Fcap_1.80_Besc_5000_sigmaR_0.216_SE_reference_AE_historical",1.8,5000,"Full",2030,1000,0,0.001,11014.5585250723,8519.65288298715,15190.7856550576,0.18,6655.10902358774,7863.13605724286,0,12466.2979124172,"S-C1",25,"Fcap_1.80_Besc_5000_sigmaR_0.216_SE_reference_AE_historical"
25,"S-C1__Fcap_1.80_Besc_5000_sigmaR_0.216_SE_reference_AE_historical",1.8,5000,"Full",2031,1000,0,0.001,10858.8699088609,8559.55939740498,14972.9008374094,0.178,6520.51374723334,7712.67611984339,0,12099.8528359063,"S-C1",25,"Fcap_1.80_Besc_5000_sigmaR_0.216_SE_reference_AE_historical"
25,"S-C1__Fcap_1.80_Besc_5000_sigmaR_0.216_SE_reference_AE_historical",1.8,5000,"Full",2032,1000,0,0.001,11004.6438382416,8546.31098800368,15152.1506181317,0.185,6716.98678323744,8035.85337075126,0,12172.5360065707,"S-C1",25,"Fcap_1.80_Besc_5000_sigmaR_0.216_SE_reference_AE_historical"
25,"S-C1__Fcap_1.80_Besc_5000_sigmaR_0.216_SE_reference_AE_historical",1.8,5000,"Full",2033,1000,0,0.001,11004.2323961712,8492.38565550405,15347.0764472403,0.167,6852.19490237187,7938.13101408768,0,12534.9866589868,"S-C1",25,"Fcap_1.80_Besc_5000_sigmaR_0.216_SE_reference_AE_historical"
25,"S-C1__Fcap_1.80_Besc_5000_sigmaR_0.216_SE_reference_AE_historical",1.8,5000,"Full",2034,1000,0,0.001,10982.2569629988,8605.23798389187,15336.757435955,0.158,6897.9125956706,8007.12586810661,0,12087.5793252844,"S-C1",25,"Fcap_1.80_Besc_5000_sigmaR_0.216_SE_reference_AE_historical"
25,"S-C1__Fcap_1.80_Besc_5000_sigmaR_0.216_SE_reference_AE_historical",1.8,5000,"Full",2035,1000,0,0.002,10762.343889894,8509.66402026452,15469.7027908508,0.179,6622.83134730496,7827.26534422896,0,12418.4657861183,"S-C1",25,"Fcap_1.80_Besc_5000_sigmaR_0.216_SE_reference_AE_historical"
25,"S-C1__Fcap_1.80_Besc_5000_sigmaR_0.216_SE_reference_AE_historical",1.8,5000,"Full",2036,1000,0,0.001,10940.4136690069,8542.75202917064,15431.1750329703,0.173,6637.04846504424,7900.74142781226,0,11965.8033461463,"S-C1",25,"Fcap_1.80_Besc_5000_sigmaR_0.216_SE_reference_AE_historical"
25,"S-C1__Fcap_1.80_Besc_5000_sigmaR_0.216_SE_reference_AE_historical",1.8,5000,"Full",2037,1000,0,0.001,10865.6747651372,8642.02269762658,14728.7613371749,0.171,6653.91676244781,8039.35908448742,0,11924.8340666711,"S-C1",25,"Fcap_1.80_Besc_5000_sigmaR_0.216_SE_reference_AE_historical"
25,"S-C1__Fcap_1.80_Besc_5000_sigmaR_0.216_SE_reference_AE_historical",1.8,5000,"Full",2038,1000,0,0.001,10836.5393765624,8568.14166929432,15263.6857543467,0.186,6636.48603230095,7958.03576265678,0,12045.0380114878,"S-C1",25,"Fcap_1.80_Besc_5000_sigmaR_0.216_SE_reference_AE_historical"
25,"S-C1__Fcap_1.80_Besc_5000_sigmaR_0.216_SE_reference_AE_historical",1.8,5000,"Full",2039,1000,0,0.001,10958.1469684844,8570.74771483048,15174.4114959712,0.179,6756.79258307828,8003.79969301508,0,12071.0871720722,"S-C1",25,"Fcap_1.80_Besc_5000_sigmaR_0.216_SE_reference_AE_historical"
25,"S-C1__Fcap_1.80_Besc_5000_sigmaR_0.216_SE_reference_AE_historical",1.8,5000,"Full",2040,1000,0,0.002,10961.3061578063,8627.92535524574,15593.1143242784,0.179,6681.72465519587,7878.61377998233,0,12308.9192475677,"S-C1",25,"Fcap_1.80_Besc_5000_sigmaR_0.216_SE_reference_AE_historical"
25,"S-C1__Fcap_1.80_Besc_5000_sigmaR_0.216_SE_reference_AE_historical",1.8,5000,"Full",2041,1000,0,0.001,11013.4453515235,8623.45251177439,15333.6473424743,0.178,6856.81779345496,8172.38547718713,0,12290.5194869346,"S-C1",25,"Fcap_1.80_Besc_5000_sigmaR_0.216_SE_reference_AE_historical"
25,"S-C1__Fcap_1.80_Besc_5000_sigmaR_0.216_SE_reference_AE_historical",1.8,5000,"Full",2042,1000,0,0.004,10981.3171910314,8499.87808454297,15315.7075194259,0.185,6659.43708980083,8034.56194676901,0,12282.7640173516,"S-C1",25,"Fcap_1.80_Besc_5000_sigmaR_0.216_SE_reference_AE_historical"
25,"S-C1__Fcap_1.80_Besc_5000_sigmaR_0.216_SE_reference_AE_historical",1.8,5000,"Full",2043,1000,0,0.001,10767.8916690724,8646.96265066382,14849.8210273798,0.173,6630.03754746294,7927.84954106906,0,11881.0692803891,"S-C1",25,"Fcap_1.80_Besc_5000_sigmaR_0.216_SE_reference_AE_historical"
25,"S-C1__Fcap_1.80_Besc_5000_sigmaR_0.216_SE_reference_AE_historical",1.8,5000,"Full",2044,1000,0,0.004,11023.6534678134,8486.96147431115,15105.4667885837,0.172,6801.23802633333,7970.08607381556,0,12165.9841739396,"S-C1",25,"Fcap_1.80_Besc_5000_sigmaR_0.216_SE_reference_AE_historical"
25,"S-C1__Fcap_1.80_Besc_5000_sigmaR_0.216_SE_reference_AE_historical",1.8,5000,"Full",2045,1000,0,0.001,10900.3837144442,8559.43215152076,15229.6513140833,0.177,6677.38275578277,7963.02899468748,0,12113.4145684716,"S-C1",25,"Fcap_1.80_Besc_5000_sigmaR_0.216_SE_reference_AE_historical"
25,"S-C1__Fcap_1.80_Besc_5000_sigmaR_0.216_SE_reference_AE_historical",1.8,5000,"Full",2046,1000,0,0.002,10952.2652669834,8589.3966779701,15378.5914979233,0.178,6766.21322693299,7864.32293654258,0,12380.7174135209,"S-C1",25,"Fcap_1.80_Besc_5000_sigmaR_0.216_SE_reference_AE_historical"
25,"S-C1__Fcap_1.80_Besc_5000_sigmaR_0.216_SE_reference_AE_historical",1.8,5000,"Full",2047,1000,0,0.001,10980.0620269642,8599.45736592849,15768.6749036789,0.158,7062.55384661934,8151.06446123824,0,12504.5103599627,"S-C1",25,"Fcap_1.80_Besc_5000_sigmaR_0.216_SE_reference_AE_historical"
25,"S-C1__Fcap_1.80_Besc_5000_sigmaR_0.216_SE_reference_AE_historical",1.8,5000,"Full",2048,1000,0,0.001,10989.7669401031,8510.06691358089,15400.6936221741,0.191,6727.95178038002,7992.09615524326,0,12185.4552108439,"S-C1",25,"Fcap_1.80_Besc_5000_sigmaR_0.216_SE_reference_AE_historical"
25,"S-C1__Fcap_1.80_Besc_5000_sigmaR_0.216_SE_reference_AE_historical",1.8,5000,"Full",2049,1000,0,0.001,10854.7887175253,8562.17176418463,15232.0068299703,0.181,6703.59249449953,7881.2792542876,0,12480.3406053715,"S-C1",25,"Fcap_1.80_Besc_5000_sigmaR_0.216_SE_reference_AE_historical"
25,"S-C1__Fcap_1.80_Besc_5000_sigmaR_0.216_SE_reference_AE_historical",1.8,5000,"Full",2050,1000,0,0.002,11013.8093833438,8490.45113234506,15615.4789803437,0.163,7084.75289584828,8192.7713056395,0,12643.1521921446,"S-C1",25,"Fcap_1.80_Besc_5000_sigmaR_0.216_SE_reference_AE_historical"
25,"S-C1__Fcap_1.80_Besc_5000_sigmaR_0.216_SE_reference_AE_historical",1.8,5000,"Full",2051,1000,0,0.002,10881.1196077014,8577.77081800813,15474.3138648092,0.183,6750.33215079134,7917.48245278095,0,12132.6714954633,"S-C1",25,"Fcap_1.80_Besc_5000_sigmaR_0.216_SE_reference_AE_historical"
25,"S-C1__Fcap_1.80_Besc_5000_sigmaR_0.216_SE_reference_AE_historical",1.8,5000,"Full",2052,1000,0,0,10950.6272618308,8642.90953417928,15566.9180656884,0.18,6817.76021513438,8005.26203715584,0,12235.6070658744,"S-C1",25,"Fcap_1.80_Besc_5000_sigmaR_0.216_SE_reference_AE_historical"
25,"S-C1__Fcap_1.80_Besc_5000_sigmaR_0.216_SE_reference_AE_historical",1.8,5000,"Full",2053,1000,0,0,10917.8386398767,8654.63342624667,15680.0064709038,0.165,6870.27165820251,7939.30949144397,0,12465.2411667163,"S-C1",25,"Fcap_1.80_Besc_5000_sigmaR_0.216_SE_reference_AE_historical"
25,"S-C1__Fcap_1.80_Besc_5000_sigmaR_0.216_SE_reference_AE_historical",1.8,5000,"Full",2054,1000,0,0.005,10907.6382559716,8532.96899254542,15625.8948458256,0.177,6663.31131534059,7840.40992206176,0,12117.1220918374,"S-C1",25,"Fcap_1.80_Besc_5000_sigmaR_0.216_SE_reference_AE_historical"
26,"S-C1__Fcap_1.80_Besc_6561_sigmaR_0.216_SE_reference_AE_historical",1.8,6561,"Short",2025,1000,0,0,13222.214281812,11372.4282681871,15500.1915180226,0.468,4206.87325724011,2299.77983606102,0,11051.9812538775,"S-C1",26,"Fcap_1.80_Besc_6561_sigmaR_0.216_SE_reference_AE_historical"
26,"S-C1__Fcap_1.80_Besc_6561_sigmaR_0.216_SE_reference_AE_historical",1.8,6561,"Short",2026,1000,0,0,12917.9282949515,10129.5338548668,17294.7641880234,0.359,5969.06017886871,7742.98834970378,0,12877.8630292576,"S-C1",26,"Fcap_1.80_Besc_6561_sigmaR_0.216_SE_reference_AE_historical"
26,"S-C1__Fcap_1.80_Besc_6561_sigmaR_0.216_SE_reference_AE_historical",1.8,6561,"Short",2027,1000,0,0,12575.0255296689,9463.26858080228,17120.8350142668,0.427,5116.79790548312,4170.34794248551,0,12833.4277374478,"S-C1",26,"Fcap_1.80_Besc_6561_sigmaR_0.216_SE_reference_AE_historical"
26,"S-C1__Fcap_1.80_Besc_6561_sigmaR_0.216_SE_reference_AE_historical",1.8,6561,"Short",2028,1000,0,0,12611.1102954147,9846.14076801595,16540.4028020377,0.393,5415.18371388766,4394.35542335682,0,13223.8074228612,"S-C1",26,"Fcap_1.80_Besc_6561_sigmaR_0.216_SE_reference_AE_historical"
26,"S-C1__Fcap_1.80_Besc_6561_sigmaR_0.216_SE_reference_AE_historical",1.8,6561,"Short",2029,1000,0.001,0.002,12555.3442983612,9264.50523841003,16919.7439739962,0.422,5052.89563105772,4023.85836630143,0,13354.3979150356,"S-C1",26,"Fcap_1.80_Besc_6561_sigmaR_0.216_SE_reference_AE_historical"
26,"S-C1__Fcap_1.80_Besc_6561_sigmaR_0.216_SE_reference_AE_historical",1.8,6561,"Short",2030,1000,0,0,12647.7913805075,9652.94262396599,16639.0696069225,0.42,5205.75052468964,3943.7343525409,0,14076.5532689041,"S-C1",26,"Fcap_1.80_Besc_6561_sigmaR_0.216_SE_reference_AE_historical"
26,"S-C1__Fcap_1.80_Besc_6561_sigmaR_0.216_SE_reference_AE_historical",1.8,6561,"Short",2031,1000,0,0.002,12553.7252866972,9503.71646979099,16599.5176372454,0.45,4921.27909617242,2916.69563992298,0,13301.4229023144,"S-C1",26,"Fcap_1.80_Besc_6561_sigmaR_0.216_SE_reference_AE_historical"
26,"S-C1__Fcap_1.80_Besc_6561_sigmaR_0.216_SE_reference_AE_historical",1.8,6561,"Short",2032,1000,0,0.003,12680.9590728069,9659.45503326008,16826.1663234102,0.432,5074.33151273432,3397.10523453227,0,13415.0242339899,"S-C1",26,"Fcap_1.80_Besc_6561_sigmaR_0.216_SE_reference_AE_historical"
26,"S-C1__Fcap_1.80_Besc_6561_sigmaR_0.216_SE_reference_AE_historical",1.8,6561,"Short",2033,1000,0,0,12703.7390121621,9599.89896965925,16987.0908958048,0.389,5369.96370400124,4100.7164630957,0,13633.5690757008,"S-C1",26,"Fcap_1.80_Besc_6561_sigmaR_0.216_SE_reference_AE_historical"
26,"S-C1__Fcap_1.80_Besc_6561_sigmaR_0.216_SE_reference_AE_historical",1.8,6561,"Short",2034,1000,0,0.001,12659.2566705503,9747.03869928422,16811.1238274712,0.418,5368.58188281664,4641.10465350643,0,13712.6866378984,"S-C1",26,"Fcap_1.80_Besc_6561_sigmaR_0.216_SE_reference_AE_historical"
26,"S-C1__Fcap_1.80_Besc_6561_sigmaR_0.216_SE_reference_AE_historical",1.8,6561,"Medium",2035,1000,0,0.003,12602.4597280779,9546.83062335513,16837.4147952155,0.441,5072.67330504588,3916.73726606934,0,13194.5778239769,"S-C1",26,"Fcap_1.80_Besc_6561_sigmaR_0.216_SE_reference_AE_historical"
26,"S-C1__Fcap_1.80_Besc_6561_sigmaR_0.216_SE_reference_AE_historical",1.8,6561,"Medium",2036,1000,0,0.001,12692.5356461169,9518.27477948712,16954.1569453926,0.429,5131.38105291742,3699.20106889095,0,13397.5961372124,"S-C1",26,"Fcap_1.80_Besc_6561_sigmaR_0.216_SE_reference_AE_historical"
26,"S-C1__Fcap_1.80_Besc_6561_sigmaR_0.216_SE_reference_AE_historical",1.8,6561,"Medium",2037,1000,0,0.002,12612.1580215418,9738.78154572011,16533.3836412247,0.431,4873.94368862637,3284.89845729776,0,12769.2186624166,"S-C1",26,"Fcap_1.80_Besc_6561_sigmaR_0.216_SE_reference_AE_historical"
26,"S-C1__Fcap_1.80_Besc_6561_sigmaR_0.216_SE_reference_AE_historical",1.8,6561,"Medium",2038,1000,0,0,12578.9029123688,9562.21531678602,16759.8150235391,0.417,5330.20404986183,4912.40074424365,0,13461.7392092874,"S-C1",26,"Fcap_1.80_Besc_6561_sigmaR_0.216_SE_reference_AE_historical"
26,"S-C1__Fcap_1.80_Besc_6561_sigmaR_0.216_SE_reference_AE_historical",1.8,6561,"Medium",2039,1000,0,0.001,12612.5891303425,9526.73425076531,16569.2481125532,0.443,5207.4478680319,3362.47492335329,0,13432.1771410926,"S-C1",26,"Fcap_1.80_Besc_6561_sigmaR_0.216_SE_reference_AE_historical"
26,"S-C1__Fcap_1.80_Besc_6561_sigmaR_0.216_SE_reference_AE_historical",1.8,6561,"Medium",2040,1000,0,0.001,12642.9062843498,9730.22908224282,16991.9998116855,0.418,5199.35520624469,4425.30050712096,0,13192.8033067915,"S-C1",26,"Fcap_1.80_Besc_6561_sigmaR_0.216_SE_reference_AE_historical"
26,"S-C1__Fcap_1.80_Besc_6561_sigmaR_0.216_SE_reference_AE_historical",1.8,6561,"Medium",2041,1000,0,0.003,12635.8248730506,9666.02300080662,16975.8690640568,0.41,5333.89719150106,4593.13925470459,0,13083.54897218,"S-C1",26,"Fcap_1.80_Besc_6561_sigmaR_0.216_SE_reference_AE_historical"
26,"S-C1__Fcap_1.80_Besc_6561_sigmaR_0.216_SE_reference_AE_historical",1.8,6561,"Medium",2042,1000,0,0.001,12658.3630745839,9450.20381419146,16743.3210805719,0.422,5164.92957966279,3982.446490355,0,13402.7894397813,"S-C1",26,"Fcap_1.80_Besc_6561_sigmaR_0.216_SE_reference_AE_historical"
26,"S-C1__Fcap_1.80_Besc_6561_sigmaR_0.216_SE_reference_AE_historical",1.8,6561,"Medium",2043,1000,0,0,12571.3064414143,9642.67848179305,16553.5848097336,0.429,5000.97779650091,3895.09017272228,0,12839.9118619216,"S-C1",26,"Fcap_1.80_Besc_6561_sigmaR_0.216_SE_reference_AE_historical"
26,"S-C1__Fcap_1.80_Besc_6561_sigmaR_0.216_SE_reference_AE_historical",1.8,6561,"Medium",2044,1000,0.001,0.002,12626.3520293274,9660.1820429943,16923.0439492148,0.416,5303.7475666111,3941.20733860363,0,13590.4646768207,"S-C1",26,"Fcap_1.80_Besc_6561_sigmaR_0.216_SE_reference_AE_historical"
26,"S-C1__Fcap_1.80_Besc_6561_sigmaR_0.216_SE_reference_AE_historical",1.8,6561,"Long",2045,1000,0,0.001,12563.5524992124,9547.56848967292,16689.0209171449,0.417,5258.21598263226,3907.63369584694,0,13847.0672389373,"S-C1",26,"Fcap_1.80_Besc_6561_sigmaR_0.216_SE_reference_AE_historical"
26,"S-C1__Fcap_1.80_Besc_6561_sigmaR_0.216_SE_reference_AE_historical",1.8,6561,"Long",2046,1000,0,0.003,12549.5960904337,9589.64948553754,17094.6866255715,0.427,5184.72611437695,4153.41029170451,0,13776.159775377,"S-C1",26,"Fcap_1.80_Besc_6561_sigmaR_0.216_SE_reference_AE_historical"
26,"S-C1__Fcap_1.80_Besc_6561_sigmaR_0.216_SE_reference_AE_historical",1.8,6561,"Long",2047,1000,0,0.002,12633.3715417067,9973.79052338359,17065.452657028,0.389,5403.35103711891,4409.96197313289,0,13888.2761452781,"S-C1",26,"Fcap_1.80_Besc_6561_sigmaR_0.216_SE_reference_AE_historical"
26,"S-C1__Fcap_1.80_Besc_6561_sigmaR_0.216_SE_reference_AE_historical",1.8,6561,"Long",2048,1000,0,0.001,12725.9684615876,9555.85303441805,16890.9372837011,0.405,5414.68789482568,4238.01652173143,0,13562.6623208314,"S-C1",26,"Fcap_1.80_Besc_6561_sigmaR_0.216_SE_reference_AE_historical"
26,"S-C1__Fcap_1.80_Besc_6561_sigmaR_0.216_SE_reference_AE_historical",1.8,6561,"Long",2049,1000,0,0,12477.7032280768,9580.2111325592,16882.5429542537,0.442,4892.24345278875,2693.65685853039,0,13338.0652748112,"S-C1",26,"Fcap_1.80_Besc_6561_sigmaR_0.216_SE_reference_AE_historical"
26,"S-C1__Fcap_1.80_Besc_6561_sigmaR_0.216_SE_reference_AE_historical",1.8,6561,"Long",2050,1000,0,0.002,12748.9625755926,9843.17576172329,17252.7856990446,0.4,5672.12082142445,5304.87620028711,0,14158.9730916586,"S-C1",26,"Fcap_1.80_Besc_6561_sigmaR_0.216_SE_reference_AE_historical"
26,"S-C1__Fcap_1.80_Besc_6561_sigmaR_0.216_SE_reference_AE_historical",1.8,6561,"Long",2051,1000,0,0.002,12664.2585217118,9515.10487456173,16900.911434465,0.409,5301.99515048982,4564.78867167443,0,13603.1706003328,"S-C1",26,"Fcap_1.80_Besc_6561_sigmaR_0.216_SE_reference_AE_historical"
26,"S-C1__Fcap_1.80_Besc_6561_sigmaR_0.216_SE_reference_AE_historical",1.8,6561,"Long",2052,1000,0,0.001,12630.9378202542,9783.17846487744,16849.2697609471,0.423,5428.51872975824,4620.01115576581,0,13658.2172149779,"S-C1",26,"Fcap_1.80_Besc_6561_sigmaR_0.216_SE_reference_AE_historical"
26,"S-C1__Fcap_1.80_Besc_6561_sigmaR_0.216_SE_reference_AE_historical",1.8,6561,"Long",2053,1000,0,0,12613.0128424637,9631.1497648058,17030.223710323,0.442,5108.00194864448,3471.78186176987,0,14049.4949159022,"S-C1",26,"Fcap_1.80_Besc_6561_sigmaR_0.216_SE_reference_AE_historical"
26,"S-C1__Fcap_1.80_Besc_6561_sigmaR_0.216_SE_reference_AE_historical",1.8,6561,"Long",2054,1000,0,0,12646.5648808856,9535.9801461293,17031.9839457453,0.408,5148.38944504359,4132.67754995323,0,12898.5114965683,"S-C1",26,"Fcap_1.80_Besc_6561_sigmaR_0.216_SE_reference_AE_historical"
26,"S-C1__Fcap_1.80_Besc_6561_sigmaR_0.216_SE_reference_AE_historical",1.8,6561,"Full",2025,1000,0,0,13222.214281812,11372.4282681871,15500.1915180226,0.468,4206.87325724011,2299.77983606102,0,11051.9812538775,"S-C1",26,"Fcap_1.80_Besc_6561_sigmaR_0.216_SE_reference_AE_historical"
26,"S-C1__Fcap_1.80_Besc_6561_sigmaR_0.216_SE_reference_AE_historical",1.8,6561,"Full",2026,1000,0,0,12917.9282949515,10129.5338548668,17294.7641880234,0.359,5969.06017886871,7742.98834970378,0,12877.8630292576,"S-C1",26,"Fcap_1.80_Besc_6561_sigmaR_0.216_SE_reference_AE_historical"
26,"S-C1__Fcap_1.80_Besc_6561_sigmaR_0.216_SE_reference_AE_historical",1.8,6561,"Full",2027,1000,0,0,12575.0255296689,9463.26858080228,17120.8350142668,0.427,5116.79790548312,4170.34794248551,0,12833.4277374478,"S-C1",26,"Fcap_1.80_Besc_6561_sigmaR_0.216_SE_reference_AE_historical"
26,"S-C1__Fcap_1.80_Besc_6561_sigmaR_0.216_SE_reference_AE_historical",1.8,6561,"Full",2028,1000,0,0,12611.1102954147,9846.14076801595,16540.4028020377,0.393,5415.18371388766,4394.35542335682,0,13223.8074228612,"S-C1",26,"Fcap_1.80_Besc_6561_sigmaR_0.216_SE_reference_AE_historical"
26,"S-C1__Fcap_1.80_Besc_6561_sigmaR_0.216_SE_reference_AE_historical",1.8,6561,"Full",2029,1000,0.001,0.002,12555.3442983612,9264.50523841003,16919.7439739962,0.422,5052.89563105772,4023.85836630143,0,13354.3979150356,"S-C1",26,"Fcap_1.80_Besc_6561_sigmaR_0.216_SE_reference_AE_historical"
26,"S-C1__Fcap_1.80_Besc_6561_sigmaR_0.216_SE_reference_AE_historical",1.8,6561,"Full",2030,1000,0,0,12647.7913805075,9652.94262396599,16639.0696069225,0.42,5205.75052468964,3943.7343525409,0,14076.5532689041,"S-C1",26,"Fcap_1.80_Besc_6561_sigmaR_0.216_SE_reference_AE_historical"
26,"S-C1__Fcap_1.80_Besc_6561_sigmaR_0.216_SE_reference_AE_historical",1.8,6561,"Full",2031,1000,0,0.002,12553.7252866972,9503.71646979099,16599.5176372454,0.45,4921.27909617242,2916.69563992298,0,13301.4229023144,"S-C1",26,"Fcap_1.80_Besc_6561_sigmaR_0.216_SE_reference_AE_historical"
26,"S-C1__Fcap_1.80_Besc_6561_sigmaR_0.216_SE_reference_AE_historical",1.8,6561,"Full",2032,1000,0,0.003,12680.9590728069,9659.45503326008,16826.1663234102,0.432,5074.33151273432,3397.10523453227,0,13415.0242339899,"S-C1",26,"Fcap_1.80_Besc_6561_sigmaR_0.216_SE_reference_AE_historical"
26,"S-C1__Fcap_1.80_Besc_6561_sigmaR_0.216_SE_reference_AE_historical",1.8,6561,"Full",2033,1000,0,0,12703.7390121621,9599.89896965925,16987.0908958048,0.389,5369.96370400124,4100.7164630957,0,13633.5690757008,"S-C1",26,"Fcap_1.80_Besc_6561_sigmaR_0.216_SE_reference_AE_historical"
26,"S-C1__Fcap_1.80_Besc_6561_sigmaR_0.216_SE_reference_AE_historical",1.8,6561,"Full",2034,1000,0,0.001,12659.2566705503,9747.03869928422,16811.1238274712,0.418,5368.58188281664,4641.10465350643,0,13712.6866378984,"S-C1",26,"Fcap_1.80_Besc_6561_sigmaR_0.216_SE_reference_AE_historical"
26,"S-C1__Fcap_1.80_Besc_6561_sigmaR_0.216_SE_reference_AE_historical",1.8,6561,"Full",2035,1000,0,0.003,12602.4597280779,9546.83062335513,16837.4147952155,0.441,5072.67330504588,3916.73726606934,0,13194.5778239769,"S-C1",26,"Fcap_1.80_Besc_6561_sigmaR_0.216_SE_reference_AE_historical"
26,"S-C1__Fcap_1.80_Besc_6561_sigmaR_0.216_SE_reference_AE_historical",1.8,6561,"Full",2036,1000,0,0.001,12692.5356461169,9518.27477948712,16954.1569453926,0.429,5131.38105291742,3699.20106889095,0,13397.5961372124,"S-C1",26,"Fcap_1.80_Besc_6561_sigmaR_0.216_SE_reference_AE_historical"
26,"S-C1__Fcap_1.80_Besc_6561_sigmaR_0.216_SE_reference_AE_historical",1.8,6561,"Full",2037,1000,0,0.002,12612.1580215418,9738.78154572011,16533.3836412247,0.431,4873.94368862637,3284.89845729776,0,12769.2186624166,"S-C1",26,"Fcap_1.80_Besc_6561_sigmaR_0.216_SE_reference_AE_historical"
26,"S-C1__Fcap_1.80_Besc_6561_sigmaR_0.216_SE_reference_AE_historical",1.8,6561,"Full",2038,1000,0,0,12578.9029123688,9562.21531678602,16759.8150235391,0.417,5330.20404986183,4912.40074424365,0,13461.7392092874,"S-C1",26,"Fcap_1.80_Besc_6561_sigmaR_0.216_SE_reference_AE_historical"
26,"S-C1__Fcap_1.80_Besc_6561_sigmaR_0.216_SE_reference_AE_historical",1.8,6561,"Full",2039,1000,0,0.001,12612.5891303425,9526.73425076531,16569.2481125532,0.443,5207.4478680319,3362.47492335329,0,13432.1771410926,"S-C1",26,"Fcap_1.80_Besc_6561_sigmaR_0.216_SE_reference_AE_historical"
26,"S-C1__Fcap_1.80_Besc_6561_sigmaR_0.216_SE_reference_AE_historical",1.8,6561,"Full",2040,1000,0,0.001,12642.9062843498,9730.22908224282,16991.9998116855,0.418,5199.35520624469,4425.30050712096,0,13192.8033067915,"S-C1",26,"Fcap_1.80_Besc_6561_sigmaR_0.216_SE_reference_AE_historical"
26,"S-C1__Fcap_1.80_Besc_6561_sigmaR_0.216_SE_reference_AE_historical",1.8,6561,"Full",2041,1000,0,0.003,12635.8248730506,9666.02300080662,16975.8690640568,0.41,5333.89719150106,4593.13925470459,0,13083.54897218,"S-C1",26,"Fcap_1.80_Besc_6561_sigmaR_0.216_SE_reference_AE_historical"
26,"S-C1__Fcap_1.80_Besc_6561_sigmaR_0.216_SE_reference_AE_historical",1.8,6561,"Full",2042,1000,0,0.001,12658.3630745839,9450.20381419146,16743.3210805719,0.422,5164.92957966279,3982.446490355,0,13402.7894397813,"S-C1",26,"Fcap_1.80_Besc_6561_sigmaR_0.216_SE_reference_AE_historical"
26,"S-C1__Fcap_1.80_Besc_6561_sigmaR_0.216_SE_reference_AE_historical",1.8,6561,"Full",2043,1000,0,0,12571.3064414143,9642.67848179305,16553.5848097336,0.429,5000.97779650091,3895.09017272228,0,12839.9118619216,"S-C1",26,"Fcap_1.80_Besc_6561_sigmaR_0.216_SE_reference_AE_historical"
26,"S-C1__Fcap_1.80_Besc_6561_sigmaR_0.216_SE_reference_AE_historical",1.8,6561,"Full",2044,1000,0.001,0.002,12626.3520293274,9660.1820429943,16923.0439492148,0.416,5303.7475666111,3941.20733860363,0,13590.4646768207,"S-C1",26,"Fcap_1.80_Besc_6561_sigmaR_0.216_SE_reference_AE_historical"
26,"S-C1__Fcap_1.80_Besc_6561_sigmaR_0.216_SE_reference_AE_historical",1.8,6561,"Full",2045,1000,0,0.001,12563.5524992124,9547.56848967292,16689.0209171449,0.417,5258.21598263226,3907.63369584694,0,13847.0672389373,"S-C1",26,"Fcap_1.80_Besc_6561_sigmaR_0.216_SE_reference_AE_historical"
26,"S-C1__Fcap_1.80_Besc_6561_sigmaR_0.216_SE_reference_AE_historical",1.8,6561,"Full",2046,1000,0,0.003,12549.5960904337,9589.64948553754,17094.6866255715,0.427,5184.72611437695,4153.41029170451,0,13776.159775377,"S-C1",26,"Fcap_1.80_Besc_6561_sigmaR_0.216_SE_reference_AE_historical"
26,"S-C1__Fcap_1.80_Besc_6561_sigmaR_0.216_SE_reference_AE_historical",1.8,6561,"Full",2047,1000,0,0.002,12633.3715417067,9973.79052338359,17065.452657028,0.389,5403.35103711891,4409.96197313289,0,13888.2761452781,"S-C1",26,"Fcap_1.80_Besc_6561_sigmaR_0.216_SE_reference_AE_historical"
26,"S-C1__Fcap_1.80_Besc_6561_sigmaR_0.216_SE_reference_AE_historical",1.8,6561,"Full",2048,1000,0,0.001,12725.9684615876,9555.85303441805,16890.9372837011,0.405,5414.68789482568,4238.01652173143,0,13562.6623208314,"S-C1",26,"Fcap_1.80_Besc_6561_sigmaR_0.216_SE_reference_AE_historical"
26,"S-C1__Fcap_1.80_Besc_6561_sigmaR_0.216_SE_reference_AE_historical",1.8,6561,"Full",2049,1000,0,0,12477.7032280768,9580.2111325592,16882.5429542537,0.442,4892.24345278875,2693.65685853039,0,13338.0652748112,"S-C1",26,"Fcap_1.80_Besc_6561_sigmaR_0.216_SE_reference_AE_historical"
26,"S-C1__Fcap_1.80_Besc_6561_sigmaR_0.216_SE_reference_AE_historical",1.8,6561,"Full",2050,1000,0,0.002,12748.9625755926,9843.17576172329,17252.7856990446,0.4,5672.12082142445,5304.87620028711,0,14158.9730916586,"S-C1",26,"Fcap_1.80_Besc_6561_sigmaR_0.216_SE_reference_AE_historical"
26,"S-C1__Fcap_1.80_Besc_6561_sigmaR_0.216_SE_reference_AE_historical",1.8,6561,"Full",2051,1000,0,0.002,12664.2585217118,9515.10487456173,16900.911434465,0.409,5301.99515048982,4564.78867167443,0,13603.1706003328,"S-C1",26,"Fcap_1.80_Besc_6561_sigmaR_0.216_SE_reference_AE_historical"
26,"S-C1__Fcap_1.80_Besc_6561_sigmaR_0.216_SE_reference_AE_historical",1.8,6561,"Full",2052,1000,0,0.001,12630.9378202542,9783.17846487744,16849.2697609471,0.423,5428.51872975824,4620.01115576581,0,13658.2172149779,"S-C1",26,"Fcap_1.80_Besc_6561_sigmaR_0.216_SE_reference_AE_historical"
26,"S-C1__Fcap_1.80_Besc_6561_sigmaR_0.216_SE_reference_AE_historical",1.8,6561,"Full",2053,1000,0,0,12613.0128424637,9631.1497648058,17030.223710323,0.442,5108.00194864448,3471.78186176987,0,14049.4949159022,"S-C1",26,"Fcap_1.80_Besc_6561_sigmaR_0.216_SE_reference_AE_historical"
26,"S-C1__Fcap_1.80_Besc_6561_sigmaR_0.216_SE_reference_AE_historical",1.8,6561,"Full",2054,1000,0,0,12646.5648808856,9535.9801461293,17031.9839457453,0.408,5148.38944504359,4132.67754995323,0,12898.5114965683,"S-C1",26,"Fcap_1.80_Besc_6561_sigmaR_0.216_SE_reference_AE_historical"
27,"S-C1__Fcap_1.80_Besc_7250_sigmaR_0.216_SE_reference_AE_historical",1.8,7250,"Short",2025,1000,0,0,13716.1254482733,12037.8098181468,16127.5228268667,0.681,2595.67394649458,0,0,10994.8489504322,"S-C1",27,"Fcap_1.80_Besc_7250_sigmaR_0.216_SE_reference_AE_historical"
27,"S-C1__Fcap_1.80_Besc_7250_sigmaR_0.216_SE_reference_AE_historical",1.8,7250,"Short",2026,1000,0,0,13669.8192319532,10869.506662883,17885.643845567,0.409,5610.15005908719,6237.56667657541,0,13053.2814326012,"S-C1",27,"Fcap_1.80_Besc_7250_sigmaR_0.216_SE_reference_AE_historical"
27,"S-C1__Fcap_1.80_Besc_7250_sigmaR_0.216_SE_reference_AE_historical",1.8,7250,"Short",2027,1000,0,0,13421.9105844649,9755.20245432083,17594.3516089128,0.557,4045.12417037396,0,0,13075.0584240172,"S-C1",27,"Fcap_1.80_Besc_7250_sigmaR_0.216_SE_reference_AE_historical"
27,"S-C1__Fcap_1.80_Besc_7250_sigmaR_0.216_SE_reference_AE_historical",1.8,7250,"Short",2028,1000,0,0,13407.1645076118,10497.7482292526,17124.3680992244,0.496,4940.25306456544,465.604211932005,0,14205.761560208,"S-C1",27,"Fcap_1.80_Besc_7250_sigmaR_0.216_SE_reference_AE_historical"
27,"S-C1__Fcap_1.80_Besc_7250_sigmaR_0.216_SE_reference_AE_historical",1.8,7250,"Short",2029,1000,0.001,0.002,13352.6704444948,9472.48955406356,17504.3537657354,0.536,4183.22076367112,0,0,14058.445125027,"S-C1",27,"Fcap_1.80_Besc_7250_sigmaR_0.216_SE_reference_AE_historical"
27,"S-C1__Fcap_1.80_Besc_7250_sigmaR_0.216_SE_reference_AE_historical",1.8,7250,"Short",2030,1000,0,0.003,13461.7292608202,9958.67852523696,17546.5274521827,0.531,4345.4730153563,0,0,14703.1534016875,"S-C1",27,"Fcap_1.80_Besc_7250_sigmaR_0.216_SE_reference_AE_historical"
27,"S-C1__Fcap_1.80_Besc_7250_sigmaR_0.216_SE_reference_AE_historical",1.8,7250,"Short",2031,1000,0,0.001,13359.0205277159,9851.21151992277,17521.4257399113,0.544,4175.83025522923,0,0,13996.8924779311,"S-C1",27,"Fcap_1.80_Besc_7250_sigmaR_0.216_SE_reference_AE_historical"
27,"S-C1__Fcap_1.80_Besc_7250_sigmaR_0.216_SE_reference_AE_historical",1.8,7250,"Short",2032,1000,0,0.004,13343.221283513,10007.0737468363,17499.4619188949,0.534,4441.48054699893,0,0,14185.3131783621,"S-C1",27,"Fcap_1.80_Besc_7250_sigmaR_0.216_SE_reference_AE_historical"
27,"S-C1__Fcap_1.80_Besc_7250_sigmaR_0.216_SE_reference_AE_historical",1.8,7250,"Short",2033,1000,0,0.004,13420.8363579374,9923.57076043457,17679.4789597876,0.519,4646.03351474358,0,0,15141.0782765241,"S-C1",27,"Fcap_1.80_Besc_7250_sigmaR_0.216_SE_reference_AE_historical"
27,"S-C1__Fcap_1.80_Besc_7250_sigmaR_0.216_SE_reference_AE_historical",1.8,7250,"Short",2034,1000,0,0.003,13415.0455213065,9775.78465721011,17762.0317643431,0.526,4682.57501293111,0,0,15083.5643283487,"S-C1",27,"Fcap_1.80_Besc_7250_sigmaR_0.216_SE_reference_AE_historical"
27,"S-C1__Fcap_1.80_Besc_7250_sigmaR_0.216_SE_reference_AE_historical",1.8,7250,"Medium",2035,1000,0.001,0.004,13359.0295832329,9662.05663907014,17637.9923017152,0.53,4371.89444704129,0,0,13931.4963988976,"S-C1",27,"Fcap_1.80_Besc_7250_sigmaR_0.216_SE_reference_AE_historical"
27,"S-C1__Fcap_1.80_Besc_7250_sigmaR_0.216_SE_reference_AE_historical",1.8,7250,"Medium",2036,1000,0,0.002,13302.8143179039,9900.83198024019,17397.2651613611,0.521,4474.15358012947,0,0,13844.4800598331,"S-C1",27,"Fcap_1.80_Besc_7250_sigmaR_0.216_SE_reference_AE_historical"
27,"S-C1__Fcap_1.80_Besc_7250_sigmaR_0.216_SE_reference_AE_historical",1.8,7250,"Medium",2037,1000,0,0.002,13268.734835133,10115.6882058765,17224.3217774372,0.564,4067.30669001474,0,0,13796.7160337265,"S-C1",27,"Fcap_1.80_Besc_7250_sigmaR_0.216_SE_reference_AE_historical"
27,"S-C1__Fcap_1.80_Besc_7250_sigmaR_0.216_SE_reference_AE_historical",1.8,7250,"Medium",2038,1000,0,0.002,13380.802012325,9874.88672338609,17372.727466231,0.514,4526.70670373266,0,0,14399.812750512,"S-C1",27,"Fcap_1.80_Besc_7250_sigmaR_0.216_SE_reference_AE_historical"
27,"S-C1__Fcap_1.80_Besc_7250_sigmaR_0.216_SE_reference_AE_historical",1.8,7250,"Medium",2039,1000,0,0.001,13353.4550088382,9678.62252140479,17263.169722272,0.523,4588.32287904936,0,0,14848.5015899995,"S-C1",27,"Fcap_1.80_Besc_7250_sigmaR_0.216_SE_reference_AE_historical"
27,"S-C1__Fcap_1.80_Besc_7250_sigmaR_0.216_SE_reference_AE_historical",1.8,7250,"Medium",2040,1000,0,0,13424.1237462464,10003.9536575894,17571.392142954,0.535,4300.45470960185,0,0,14106.3204335459,"S-C1",27,"Fcap_1.80_Besc_7250_sigmaR_0.216_SE_reference_AE_historical"
27,"S-C1__Fcap_1.80_Besc_7250_sigmaR_0.216_SE_reference_AE_historical",1.8,7250,"Medium",2041,1000,0,0.002,13483.5918577999,9882.20599473822,17649.7696204759,0.506,4642.72525458401,0,0,14274.4828289718,"S-C1",27,"Fcap_1.80_Besc_7250_sigmaR_0.216_SE_reference_AE_historical"
27,"S-C1__Fcap_1.80_Besc_7250_sigmaR_0.216_SE_reference_AE_historical",1.8,7250,"Medium",2042,1000,0,0.001,13400.0310369049,9804.57414231752,17400.7929612827,0.53,4503.83257495037,0,0,14540.8395475434,"S-C1",27,"Fcap_1.80_Besc_7250_sigmaR_0.216_SE_reference_AE_historical"
27,"S-C1__Fcap_1.80_Besc_7250_sigmaR_0.216_SE_reference_AE_historical",1.8,7250,"Medium",2043,1000,0,0.002,13261.242729471,9819.81304556023,17171.5570865187,0.542,4239.58620274054,0,0,14057.9290317003,"S-C1",27,"Fcap_1.80_Besc_7250_sigmaR_0.216_SE_reference_AE_historical"
27,"S-C1__Fcap_1.80_Besc_7250_sigmaR_0.216_SE_reference_AE_historical",1.8,7250,"Medium",2044,1000,0,0.002,13319.0943568633,9980.20257569839,17465.3889638221,0.504,4592.78505139119,0,0,14177.6814763709,"S-C1",27,"Fcap_1.80_Besc_7250_sigmaR_0.216_SE_reference_AE_historical"
27,"S-C1__Fcap_1.80_Besc_7250_sigmaR_0.216_SE_reference_AE_historical",1.8,7250,"Long",2045,1000,0,0.003,13344.3225405485,9914.23977670685,17387.3305839454,0.513,4647.62180360387,0,0,14906.3550980432,"S-C1",27,"Fcap_1.80_Besc_7250_sigmaR_0.216_SE_reference_AE_historical"
27,"S-C1__Fcap_1.80_Besc_7250_sigmaR_0.216_SE_reference_AE_historical",1.8,7250,"Long",2046,1000,0.001,0.003,13291.4956670488,9794.48417078013,17722.0238794186,0.539,4338.50251153464,0,0,14109.8299563724,"S-C1",27,"Fcap_1.80_Besc_7250_sigmaR_0.216_SE_reference_AE_historical"
27,"S-C1__Fcap_1.80_Besc_7250_sigmaR_0.216_SE_reference_AE_historical",1.8,7250,"Long",2047,1000,0,0.003,13368.9689706673,10262.229060351,17703.0609653954,0.498,4805.50059549863,268.712535085284,0,15038.5973133821,"S-C1",27,"Fcap_1.80_Besc_7250_sigmaR_0.216_SE_reference_AE_historical"
27,"S-C1__Fcap_1.80_Besc_7250_sigmaR_0.216_SE_reference_AE_historical",1.8,7250,"Long",2048,1000,0,0.003,13416.9813785533,9921.18327130928,17575.2993599131,0.519,4687.01441761996,0,0,14755.4568106838,"S-C1",27,"Fcap_1.80_Besc_7250_sigmaR_0.216_SE_reference_AE_historical"
27,"S-C1__Fcap_1.80_Besc_7250_sigmaR_0.216_SE_reference_AE_historical",1.8,7250,"Long",2049,1000,0,0.004,13300.1932412229,9829.31791982399,17462.485213784,0.546,4257.91220629847,0,0,13743.8916668448,"S-C1",27,"Fcap_1.80_Besc_7250_sigmaR_0.216_SE_reference_AE_historical"
27,"S-C1__Fcap_1.80_Besc_7250_sigmaR_0.216_SE_reference_AE_historical",1.8,7250,"Long",2050,1000,0,0.001,13480.6404428151,9991.74713481531,17720.1242801058,0.487,4950.57733937805,851.278681504597,0,14926.596780713,"S-C1",27,"Fcap_1.80_Besc_7250_sigmaR_0.216_SE_reference_AE_historical"
27,"S-C1__Fcap_1.80_Besc_7250_sigmaR_0.216_SE_reference_AE_historical",1.8,7250,"Long",2051,1000,0,0.003,13347.5190450301,9899.89632698304,17762.9856718674,0.525,4550.98175306153,0,0,14890.9194728059,"S-C1",27,"Fcap_1.80_Besc_7250_sigmaR_0.216_SE_reference_AE_historical"
27,"S-C1__Fcap_1.80_Besc_7250_sigmaR_0.216_SE_reference_AE_historical",1.8,7250,"Long",2052,1000,0,0.001,13356.804940275,10199.765403481,17388.6129074216,0.512,4768.87428745423,0,0,14960.0997888621,"S-C1",27,"Fcap_1.80_Besc_7250_sigmaR_0.216_SE_reference_AE_historical"
27,"S-C1__Fcap_1.80_Besc_7250_sigmaR_0.216_SE_reference_AE_historical",1.8,7250,"Long",2053,1000,0,0.001,13283.7104506658,9803.65274909764,17401.8985349195,0.526,4529.67571619054,0,0,14808.6007737972,"S-C1",27,"Fcap_1.80_Besc_7250_sigmaR_0.216_SE_reference_AE_historical"
27,"S-C1__Fcap_1.80_Besc_7250_sigmaR_0.216_SE_reference_AE_historical",1.8,7250,"Long",2054,1000,0,0.001,13356.0236287229,9870.79272799521,17693.144882192,0.523,4345.32623223804,0,0,13284.1541621925,"S-C1",27,"Fcap_1.80_Besc_7250_sigmaR_0.216_SE_reference_AE_historical"
27,"S-C1__Fcap_1.80_Besc_7250_sigmaR_0.216_SE_reference_AE_historical",1.8,7250,"Full",2025,1000,0,0,13716.1254482733,12037.8098181468,16127.5228268667,0.681,2595.67394649458,0,0,10994.8489504322,"S-C1",27,"Fcap_1.80_Besc_7250_sigmaR_0.216_SE_reference_AE_historical"
27,"S-C1__Fcap_1.80_Besc_7250_sigmaR_0.216_SE_reference_AE_historical",1.8,7250,"Full",2026,1000,0,0,13669.8192319532,10869.506662883,17885.643845567,0.409,5610.15005908719,6237.56667657541,0,13053.2814326012,"S-C1",27,"Fcap_1.80_Besc_7250_sigmaR_0.216_SE_reference_AE_historical"
27,"S-C1__Fcap_1.80_Besc_7250_sigmaR_0.216_SE_reference_AE_historical",1.8,7250,"Full",2027,1000,0,0,13421.9105844649,9755.20245432083,17594.3516089128,0.557,4045.12417037396,0,0,13075.0584240172,"S-C1",27,"Fcap_1.80_Besc_7250_sigmaR_0.216_SE_reference_AE_historical"
27,"S-C1__Fcap_1.80_Besc_7250_sigmaR_0.216_SE_reference_AE_historical",1.8,7250,"Full",2028,1000,0,0,13407.1645076118,10497.7482292526,17124.3680992244,0.496,4940.25306456544,465.604211932005,0,14205.761560208,"S-C1",27,"Fcap_1.80_Besc_7250_sigmaR_0.216_SE_reference_AE_historical"
27,"S-C1__Fcap_1.80_Besc_7250_sigmaR_0.216_SE_reference_AE_historical",1.8,7250,"Full",2029,1000,0.001,0.002,13352.6704444948,9472.48955406356,17504.3537657354,0.536,4183.22076367112,0,0,14058.445125027,"S-C1",27,"Fcap_1.80_Besc_7250_sigmaR_0.216_SE_reference_AE_historical"
27,"S-C1__Fcap_1.80_Besc_7250_sigmaR_0.216_SE_reference_AE_historical",1.8,7250,"Full",2030,1000,0,0.003,13461.7292608202,9958.67852523696,17546.5274521827,0.531,4345.4730153563,0,0,14703.1534016875,"S-C1",27,"Fcap_1.80_Besc_7250_sigmaR_0.216_SE_reference_AE_historical"
27,"S-C1__Fcap_1.80_Besc_7250_sigmaR_0.216_SE_reference_AE_historical",1.8,7250,"Full",2031,1000,0,0.001,13359.0205277159,9851.21151992277,17521.4257399113,0.544,4175.83025522923,0,0,13996.8924779311,"S-C1",27,"Fcap_1.80_Besc_7250_sigmaR_0.216_SE_reference_AE_historical"
27,"S-C1__Fcap_1.80_Besc_7250_sigmaR_0.216_SE_reference_AE_historical",1.8,7250,"Full",2032,1000,0,0.004,13343.221283513,10007.0737468363,17499.4619188949,0.534,4441.48054699893,0,0,14185.3131783621,"S-C1",27,"Fcap_1.80_Besc_7250_sigmaR_0.216_SE_reference_AE_historical"
27,"S-C1__Fcap_1.80_Besc_7250_sigmaR_0.216_SE_reference_AE_historical",1.8,7250,"Full",2033,1000,0,0.004,13420.8363579374,9923.57076043457,17679.4789597876,0.519,4646.03351474358,0,0,15141.0782765241,"S-C1",27,"Fcap_1.80_Besc_7250_sigmaR_0.216_SE_reference_AE_historical"
27,"S-C1__Fcap_1.80_Besc_7250_sigmaR_0.216_SE_reference_AE_historical",1.8,7250,"Full",2034,1000,0,0.003,13415.0455213065,9775.78465721011,17762.0317643431,0.526,4682.57501293111,0,0,15083.5643283487,"S-C1",27,"Fcap_1.80_Besc_7250_sigmaR_0.216_SE_reference_AE_historical"
27,"S-C1__Fcap_1.80_Besc_7250_sigmaR_0.216_SE_reference_AE_historical",1.8,7250,"Full",2035,1000,0.001,0.004,13359.0295832329,9662.05663907014,17637.9923017152,0.53,4371.89444704129,0,0,13931.4963988976,"S-C1",27,"Fcap_1.80_Besc_7250_sigmaR_0.216_SE_reference_AE_historical"
27,"S-C1__Fcap_1.80_Besc_7250_sigmaR_0.216_SE_reference_AE_historical",1.8,7250,"Full",2036,1000,0,0.002,13302.8143179039,9900.83198024019,17397.2651613611,0.521,4474.15358012947,0,0,13844.4800598331,"S-C1",27,"Fcap_1.80_Besc_7250_sigmaR_0.216_SE_reference_AE_historical"
27,"S-C1__Fcap_1.80_Besc_7250_sigmaR_0.216_SE_reference_AE_historical",1.8,7250,"Full",2037,1000,0,0.002,13268.734835133,10115.6882058765,17224.3217774372,0.564,4067.30669001474,0,0,13796.7160337265,"S-C1",27,"Fcap_1.80_Besc_7250_sigmaR_0.216_SE_reference_AE_historical"
27,"S-C1__Fcap_1.80_Besc_7250_sigmaR_0.216_SE_reference_AE_historical",1.8,7250,"Full",2038,1000,0,0.002,13380.802012325,9874.88672338609,17372.727466231,0.514,4526.70670373266,0,0,14399.812750512,"S-C1",27,"Fcap_1.80_Besc_7250_sigmaR_0.216_SE_reference_AE_historical"
27,"S-C1__Fcap_1.80_Besc_7250_sigmaR_0.216_SE_reference_AE_historical",1.8,7250,"Full",2039,1000,0,0.001,13353.4550088382,9678.62252140479,17263.169722272,0.523,4588.32287904936,0,0,14848.5015899995,"S-C1",27,"Fcap_1.80_Besc_7250_sigmaR_0.216_SE_reference_AE_historical"
27,"S-C1__Fcap_1.80_Besc_7250_sigmaR_0.216_SE_reference_AE_historical",1.8,7250,"Full",2040,1000,0,0,13424.1237462464,10003.9536575894,17571.392142954,0.535,4300.45470960185,0,0,14106.3204335459,"S-C1",27,"Fcap_1.80_Besc_7250_sigmaR_0.216_SE_reference_AE_historical"
27,"S-C1__Fcap_1.80_Besc_7250_sigmaR_0.216_SE_reference_AE_historical",1.8,7250,"Full",2041,1000,0,0.002,13483.5918577999,9882.20599473822,17649.7696204759,0.506,4642.72525458401,0,0,14274.4828289718,"S-C1",27,"Fcap_1.80_Besc_7250_sigmaR_0.216_SE_reference_AE_historical"
27,"S-C1__Fcap_1.80_Besc_7250_sigmaR_0.216_SE_reference_AE_historical",1.8,7250,"Full",2042,1000,0,0.001,13400.0310369049,9804.57414231752,17400.7929612827,0.53,4503.83257495037,0,0,14540.8395475434,"S-C1",27,"Fcap_1.80_Besc_7250_sigmaR_0.216_SE_reference_AE_historical"
27,"S-C1__Fcap_1.80_Besc_7250_sigmaR_0.216_SE_reference_AE_historical",1.8,7250,"Full",2043,1000,0,0.002,13261.242729471,9819.81304556023,17171.5570865187,0.542,4239.58620274054,0,0,14057.9290317003,"S-C1",27,"Fcap_1.80_Besc_7250_sigmaR_0.216_SE_reference_AE_historical"
27,"S-C1__Fcap_1.80_Besc_7250_sigmaR_0.216_SE_reference_AE_historical",1.8,7250,"Full",2044,1000,0,0.002,13319.0943568633,9980.20257569839,17465.3889638221,0.504,4592.78505139119,0,0,14177.6814763709,"S-C1",27,"Fcap_1.80_Besc_7250_sigmaR_0.216_SE_reference_AE_historical"
27,"S-C1__Fcap_1.80_Besc_7250_sigmaR_0.216_SE_reference_AE_historical",1.8,7250,"Full",2045,1000,0,0.003,13344.3225405485,9914.23977670685,17387.3305839454,0.513,4647.62180360387,0,0,14906.3550980432,"S-C1",27,"Fcap_1.80_Besc_7250_sigmaR_0.216_SE_reference_AE_historical"
27,"S-C1__Fcap_1.80_Besc_7250_sigmaR_0.216_SE_reference_AE_historical",1.8,7250,"Full",2046,1000,0.001,0.003,13291.4956670488,9794.48417078013,17722.0238794186,0.539,4338.50251153464,0,0,14109.8299563724,"S-C1",27,"Fcap_1.80_Besc_7250_sigmaR_0.216_SE_reference_AE_historical"
27,"S-C1__Fcap_1.80_Besc_7250_sigmaR_0.216_SE_reference_AE_historical",1.8,7250,"Full",2047,1000,0,0.003,13368.9689706673,10262.229060351,17703.0609653954,0.498,4805.50059549863,268.712535085284,0,15038.5973133821,"S-C1",27,"Fcap_1.80_Besc_7250_sigmaR_0.216_SE_reference_AE_historical"
27,"S-C1__Fcap_1.80_Besc_7250_sigmaR_0.216_SE_reference_AE_historical",1.8,7250,"Full",2048,1000,0,0.003,13416.9813785533,9921.18327130928,17575.2993599131,0.519,4687.01441761996,0,0,14755.4568106838,"S-C1",27,"Fcap_1.80_Besc_7250_sigmaR_0.216_SE_reference_AE_historical"
27,"S-C1__Fcap_1.80_Besc_7250_sigmaR_0.216_SE_reference_AE_historical",1.8,7250,"Full",2049,1000,0,0.004,13300.1932412229,9829.31791982399,17462.485213784,0.546,4257.91220629847,0,0,13743.8916668448,"S-C1",27,"Fcap_1.80_Besc_7250_sigmaR_0.216_SE_reference_AE_historical"
27,"S-C1__Fcap_1.80_Besc_7250_sigmaR_0.216_SE_reference_AE_historical",1.8,7250,"Full",2050,1000,0,0.001,13480.6404428151,9991.74713481531,17720.1242801058,0.487,4950.57733937805,851.278681504597,0,14926.596780713,"S-C1",27,"Fcap_1.80_Besc_7250_sigmaR_0.216_SE_reference_AE_historical"
27,"S-C1__Fcap_1.80_Besc_7250_sigmaR_0.216_SE_reference_AE_historical",1.8,7250,"Full",2051,1000,0,0.003,13347.5190450301,9899.89632698304,17762.9856718674,0.525,4550.98175306153,0,0,14890.9194728059,"S-C1",27,"Fcap_1.80_Besc_7250_sigmaR_0.216_SE_reference_AE_historical"
27,"S-C1__Fcap_1.80_Besc_7250_sigmaR_0.216_SE_reference_AE_historical",1.8,7250,"Full",2052,1000,0,0.001,13356.804940275,10199.765403481,17388.6129074216,0.512,4768.87428745423,0,0,14960.0997888621,"S-C1",27,"Fcap_1.80_Besc_7250_sigmaR_0.216_SE_reference_AE_historical"
27,"S-C1__Fcap_1.80_Besc_7250_sigmaR_0.216_SE_reference_AE_historical",1.8,7250,"Full",2053,1000,0,0.001,13283.7104506658,9803.65274909764,17401.8985349195,0.526,4529.67571619054,0,0,14808.6007737972,"S-C1",27,"Fcap_1.80_Besc_7250_sigmaR_0.216_SE_reference_AE_historical"
27,"S-C1__Fcap_1.80_Besc_7250_sigmaR_0.216_SE_reference_AE_historical",1.8,7250,"Full",2054,1000,0,0.001,13356.0236287229,9870.79272799521,17693.144882192,0.523,4345.32623223804,0,0,13284.1541621925,"S-C1",27,"Fcap_1.80_Besc_7250_sigmaR_0.216_SE_reference_AE_historical"
28,"S-C1__Fcap_1.80_Besc_8000_sigmaR_0.216_SE_reference_AE_historical",1.8,8000,"Short",2025,1000,0,0,13938.3260760007,12135.8179097045,16906.1309020338,0.824,1378.06919800025,0,0,10633.1607268358,"S-C1",28,"Fcap_1.80_Besc_8000_sigmaR_0.216_SE_reference_AE_historical"
28,"S-C1__Fcap_1.80_Besc_8000_sigmaR_0.216_SE_reference_AE_historical",1.8,8000,"Short",2026,1000,0,0,14471.1501854613,11361.2581120404,18684.4859580807,0.534,4506.11204640973,0,0,13464.0319818965,"S-C1",28,"Fcap_1.80_Besc_8000_sigmaR_0.216_SE_reference_AE_historical"
28,"S-C1__Fcap_1.80_Besc_8000_sigmaR_0.216_SE_reference_AE_historical",1.8,8000,"Short",2027,1000,0,0,14310.5381098082,10260.1681251161,18301.5840848531,0.64,3320.99714320379,0,0,13256.3040790887,"S-C1",28,"Fcap_1.80_Besc_8000_sigmaR_0.216_SE_reference_AE_historical"
28,"S-C1__Fcap_1.80_Besc_8000_sigmaR_0.216_SE_reference_AE_historical",1.8,8000,"Short",2028,1000,0,0,14092.3393552738,10831.5457090536,17970.676661959,0.601,4094.41201243678,0,0,15144.7428130076,"S-C1",28,"Fcap_1.80_Besc_8000_sigmaR_0.216_SE_reference_AE_historical"
28,"S-C1__Fcap_1.80_Besc_8000_sigmaR_0.216_SE_reference_AE_historical",1.8,8000,"Short",2029,1000,0.001,0.002,14028.0152034053,9979.76532394977,18162.6973102198,0.637,3596.77534335752,0,0,15359.9571902815,"S-C1",28,"Fcap_1.80_Besc_8000_sigmaR_0.216_SE_reference_AE_historical"
28,"S-C1__Fcap_1.80_Besc_8000_sigmaR_0.216_SE_reference_AE_historical",1.8,8000,"Short",2030,1000,0,0.002,14209.6596464303,10329.7636599739,18046.823823405,0.634,3493.77624020006,0,0,15026.1614605131,"S-C1",28,"Fcap_1.80_Besc_8000_sigmaR_0.216_SE_reference_AE_historical"
28,"S-C1__Fcap_1.80_Besc_8000_sigmaR_0.216_SE_reference_AE_historical",1.8,8000,"Short",2031,1000,0,0,14080.2868330283,10179.7595385312,18009.9010150231,0.649,3377.98580983414,0,0,14696.5352006228,"S-C1",28,"Fcap_1.80_Besc_8000_sigmaR_0.216_SE_reference_AE_historical"
28,"S-C1__Fcap_1.80_Besc_8000_sigmaR_0.216_SE_reference_AE_historical",1.8,8000,"Short",2032,1000,0,0.001,14143.582919661,10244.332247227,18087.3773235733,0.635,3673.02802173171,0,0,14895.0252010234,"S-C1",28,"Fcap_1.80_Besc_8000_sigmaR_0.216_SE_reference_AE_historical"
28,"S-C1__Fcap_1.80_Besc_8000_sigmaR_0.216_SE_reference_AE_historical",1.8,8000,"Short",2033,1000,0,0,14177.3742627489,10195.5731134661,18304.0907340272,0.628,3744.57820444986,0,0,15848.1298238137,"S-C1",28,"Fcap_1.80_Besc_8000_sigmaR_0.216_SE_reference_AE_historical"
28,"S-C1__Fcap_1.80_Besc_8000_sigmaR_0.216_SE_reference_AE_historical",1.8,8000,"Short",2034,1000,0,0,14145.0376543633,10146.4034921598,18448.2340408844,0.62,3913.15116361852,0,0,15677.9122592039,"S-C1",28,"Fcap_1.80_Besc_8000_sigmaR_0.216_SE_reference_AE_historical"
28,"S-C1__Fcap_1.80_Besc_8000_sigmaR_0.216_SE_reference_AE_historical",1.8,8000,"Medium",2035,1000,0,0.003,14060.1505209857,10013.3293942309,18424.6385043689,0.628,3546.07481642491,0,0,14782.533916588,"S-C1",28,"Fcap_1.80_Besc_8000_sigmaR_0.216_SE_reference_AE_historical"
28,"S-C1__Fcap_1.80_Besc_8000_sigmaR_0.216_SE_reference_AE_historical",1.8,8000,"Medium",2036,1000,0,0.001,13987.3450762878,10155.5142952151,18104.7695862009,0.62,3870.55633579075,0,0,15583.2565298268,"S-C1",28,"Fcap_1.80_Besc_8000_sigmaR_0.216_SE_reference_AE_historical"
28,"S-C1__Fcap_1.80_Besc_8000_sigmaR_0.216_SE_reference_AE_historical",1.8,8000,"Medium",2037,1000,0,0.002,13978.2854533195,10185.6488341458,17939.6968417331,0.669,3166.2758233322,0,0,13646.2749884662,"S-C1",28,"Fcap_1.80_Besc_8000_sigmaR_0.216_SE_reference_AE_historical"
28,"S-C1__Fcap_1.80_Besc_8000_sigmaR_0.216_SE_reference_AE_historical",1.8,8000,"Medium",2038,1000,0,0.001,14107.9286312495,10354.9917414965,18191.9130336059,0.64,3575.55973409437,0,0,15313.1139590408,"S-C1",28,"Fcap_1.80_Besc_8000_sigmaR_0.216_SE_reference_AE_historical"
28,"S-C1__Fcap_1.80_Besc_8000_sigmaR_0.216_SE_reference_AE_historical",1.8,8000,"Medium",2039,1000,0,0.002,14090.5780357726,10004.9042185764,17993.9332027604,0.627,3799.60154058855,0,0,16063.8106337208,"S-C1",28,"Fcap_1.80_Besc_8000_sigmaR_0.216_SE_reference_AE_historical"
28,"S-C1__Fcap_1.80_Besc_8000_sigmaR_0.216_SE_reference_AE_historical",1.8,8000,"Medium",2040,1000,0,0.003,14050.8542709805,10156.3171615692,18443.1902681892,0.655,3567.7386303304,0,0,16702.2472358942,"S-C1",28,"Fcap_1.80_Besc_8000_sigmaR_0.216_SE_reference_AE_historical"
28,"S-C1__Fcap_1.80_Besc_8000_sigmaR_0.216_SE_reference_AE_historical",1.8,8000,"Medium",2041,1000,0,0.004,14091.8882430702,10186.2563712461,18412.7820462609,0.612,3907.79861437723,0,0,15923.1186382524,"S-C1",28,"Fcap_1.80_Besc_8000_sigmaR_0.216_SE_reference_AE_historical"
28,"S-C1__Fcap_1.80_Besc_8000_sigmaR_0.216_SE_reference_AE_historical",1.8,8000,"Medium",2042,1000,0,0,14067.14685148,9936.29843606536,18179.4714589678,0.637,3805.98003511099,0,0,15728.7607314627,"S-C1",28,"Fcap_1.80_Besc_8000_sigmaR_0.216_SE_reference_AE_historical"
28,"S-C1__Fcap_1.80_Besc_8000_sigmaR_0.216_SE_reference_AE_historical",1.8,8000,"Medium",2043,1000,0,0.003,13890.6509468213,10164.8957947631,18009.2241851933,0.676,3366.96572592605,0,0,15447.7506615325,"S-C1",28,"Fcap_1.80_Besc_8000_sigmaR_0.216_SE_reference_AE_historical"
28,"S-C1__Fcap_1.80_Besc_8000_sigmaR_0.216_SE_reference_AE_historical",1.8,8000,"Medium",2044,1000,0,0.003,13992.7649995066,10136.3608662268,18486.7030232734,0.623,3861.37014875539,0,0,15643.020752226,"S-C1",28,"Fcap_1.80_Besc_8000_sigmaR_0.216_SE_reference_AE_historical"
28,"S-C1__Fcap_1.80_Besc_8000_sigmaR_0.216_SE_reference_AE_historical",1.8,8000,"Long",2045,1000,0,0.002,13967.4153859659,10054.1911940968,18068.1947287984,0.624,3910.72462359058,0,0,15159.4274764187,"S-C1",28,"Fcap_1.80_Besc_8000_sigmaR_0.216_SE_reference_AE_historical"
28,"S-C1__Fcap_1.80_Besc_8000_sigmaR_0.216_SE_reference_AE_historical",1.8,8000,"Long",2046,1000,0.001,0.002,13989.1706913404,10285.4986871311,18079.1111672637,0.642,3681.20299507167,0,0,15138.625084249,"S-C1",28,"Fcap_1.80_Besc_8000_sigmaR_0.216_SE_reference_AE_historical"
28,"S-C1__Fcap_1.80_Besc_8000_sigmaR_0.216_SE_reference_AE_historical",1.8,8000,"Long",2047,1000,0,0.001,14141.4392013113,10599.9822573325,18316.0506646033,0.635,3715.68695370267,0,0,15341.59858575,"S-C1",28,"Fcap_1.80_Besc_8000_sigmaR_0.216_SE_reference_AE_historical"
28,"S-C1__Fcap_1.80_Besc_8000_sigmaR_0.216_SE_reference_AE_historical",1.8,8000,"Long",2048,1000,0,0.004,14169.4399208915,10092.0779549872,18599.6043242099,0.607,3916.5538802711,0,0,15724.9055068024,"S-C1",28,"Fcap_1.80_Besc_8000_sigmaR_0.216_SE_reference_AE_historical"
28,"S-C1__Fcap_1.80_Besc_8000_sigmaR_0.216_SE_reference_AE_historical",1.8,8000,"Long",2049,1000,0,0.002,14021.8256108544,10318.4709555611,18120.3961353772,0.65,3479.79861139009,0,0,14385.6500326707,"S-C1",28,"Fcap_1.80_Besc_8000_sigmaR_0.216_SE_reference_AE_historical"
28,"S-C1__Fcap_1.80_Besc_8000_sigmaR_0.216_SE_reference_AE_historical",1.8,8000,"Long",2050,1000,0,0,14237.8657546701,10370.4165529545,18173.3242212743,0.597,4092.54689008319,0,0,16864.1555544462,"S-C1",28,"Fcap_1.80_Besc_8000_sigmaR_0.216_SE_reference_AE_historical"
28,"S-C1__Fcap_1.80_Besc_8000_sigmaR_0.216_SE_reference_AE_historical",1.8,8000,"Long",2051,1000,0,0.004,14088.4635961492,10177.531534059,18072.7392729635,0.616,3898.06002746408,0,0,15610.4898726954,"S-C1",28,"Fcap_1.80_Besc_8000_sigmaR_0.216_SE_reference_AE_historical"
28,"S-C1__Fcap_1.80_Besc_8000_sigmaR_0.216_SE_reference_AE_historical",1.8,8000,"Long",2052,1000,0,0,13977.4575840018,10207.2919684382,18099.740116607,0.611,4036.56804893495,0,0,15922.9787078373,"S-C1",28,"Fcap_1.80_Besc_8000_sigmaR_0.216_SE_reference_AE_historical"
28,"S-C1__Fcap_1.80_Besc_8000_sigmaR_0.216_SE_reference_AE_historical",1.8,8000,"Long",2053,1000,0,0.002,14012.7747795179,10084.9525120599,18340.6501770378,0.631,3630.83013284551,0,0,14850.4846822999,"S-C1",28,"Fcap_1.80_Besc_8000_sigmaR_0.216_SE_reference_AE_historical"
28,"S-C1__Fcap_1.80_Besc_8000_sigmaR_0.216_SE_reference_AE_historical",1.8,8000,"Long",2054,1000,0,0.001,14113.7525695082,10117.687549561,18245.718346373,0.636,3592.28831492299,0,0,14762.5946003659,"S-C1",28,"Fcap_1.80_Besc_8000_sigmaR_0.216_SE_reference_AE_historical"
28,"S-C1__Fcap_1.80_Besc_8000_sigmaR_0.216_SE_reference_AE_historical",1.8,8000,"Full",2025,1000,0,0,13938.3260760007,12135.8179097045,16906.1309020338,0.824,1378.06919800025,0,0,10633.1607268358,"S-C1",28,"Fcap_1.80_Besc_8000_sigmaR_0.216_SE_reference_AE_historical"
28,"S-C1__Fcap_1.80_Besc_8000_sigmaR_0.216_SE_reference_AE_historical",1.8,8000,"Full",2026,1000,0,0,14471.1501854613,11361.2581120404,18684.4859580807,0.534,4506.11204640973,0,0,13464.0319818965,"S-C1",28,"Fcap_1.80_Besc_8000_sigmaR_0.216_SE_reference_AE_historical"
28,"S-C1__Fcap_1.80_Besc_8000_sigmaR_0.216_SE_reference_AE_historical",1.8,8000,"Full",2027,1000,0,0,14310.5381098082,10260.1681251161,18301.5840848531,0.64,3320.99714320379,0,0,13256.3040790887,"S-C1",28,"Fcap_1.80_Besc_8000_sigmaR_0.216_SE_reference_AE_historical"
28,"S-C1__Fcap_1.80_Besc_8000_sigmaR_0.216_SE_reference_AE_historical",1.8,8000,"Full",2028,1000,0,0,14092.3393552738,10831.5457090536,17970.676661959,0.601,4094.41201243678,0,0,15144.7428130076,"S-C1",28,"Fcap_1.80_Besc_8000_sigmaR_0.216_SE_reference_AE_historical"
28,"S-C1__Fcap_1.80_Besc_8000_sigmaR_0.216_SE_reference_AE_historical",1.8,8000,"Full",2029,1000,0.001,0.002,14028.0152034053,9979.76532394977,18162.6973102198,0.637,3596.77534335752,0,0,15359.9571902815,"S-C1",28,"Fcap_1.80_Besc_8000_sigmaR_0.216_SE_reference_AE_historical"
28,"S-C1__Fcap_1.80_Besc_8000_sigmaR_0.216_SE_reference_AE_historical",1.8,8000,"Full",2030,1000,0,0.002,14209.6596464303,10329.7636599739,18046.823823405,0.634,3493.77624020006,0,0,15026.1614605131,"S-C1",28,"Fcap_1.80_Besc_8000_sigmaR_0.216_SE_reference_AE_historical"
28,"S-C1__Fcap_1.80_Besc_8000_sigmaR_0.216_SE_reference_AE_historical",1.8,8000,"Full",2031,1000,0,0,14080.2868330283,10179.7595385312,18009.9010150231,0.649,3377.98580983414,0,0,14696.5352006228,"S-C1",28,"Fcap_1.80_Besc_8000_sigmaR_0.216_SE_reference_AE_historical"
28,"S-C1__Fcap_1.80_Besc_8000_sigmaR_0.216_SE_reference_AE_historical",1.8,8000,"Full",2032,1000,0,0.001,14143.582919661,10244.332247227,18087.3773235733,0.635,3673.02802173171,0,0,14895.0252010234,"S-C1",28,"Fcap_1.80_Besc_8000_sigmaR_0.216_SE_reference_AE_historical"
28,"S-C1__Fcap_1.80_Besc_8000_sigmaR_0.216_SE_reference_AE_historical",1.8,8000,"Full",2033,1000,0,0,14177.3742627489,10195.5731134661,18304.0907340272,0.628,3744.57820444986,0,0,15848.1298238137,"S-C1",28,"Fcap_1.80_Besc_8000_sigmaR_0.216_SE_reference_AE_historical"
28,"S-C1__Fcap_1.80_Besc_8000_sigmaR_0.216_SE_reference_AE_historical",1.8,8000,"Full",2034,1000,0,0,14145.0376543633,10146.4034921598,18448.2340408844,0.62,3913.15116361852,0,0,15677.9122592039,"S-C1",28,"Fcap_1.80_Besc_8000_sigmaR_0.216_SE_reference_AE_historical"
28,"S-C1__Fcap_1.80_Besc_8000_sigmaR_0.216_SE_reference_AE_historical",1.8,8000,"Full",2035,1000,0,0.003,14060.1505209857,10013.3293942309,18424.6385043689,0.628,3546.07481642491,0,0,14782.533916588,"S-C1",28,"Fcap_1.80_Besc_8000_sigmaR_0.216_SE_reference_AE_historical"
28,"S-C1__Fcap_1.80_Besc_8000_sigmaR_0.216_SE_reference_AE_historical",1.8,8000,"Full",2036,1000,0,0.001,13987.3450762878,10155.5142952151,18104.7695862009,0.62,3870.55633579075,0,0,15583.2565298268,"S-C1",28,"Fcap_1.80_Besc_8000_sigmaR_0.216_SE_reference_AE_historical"
28,"S-C1__Fcap_1.80_Besc_8000_sigmaR_0.216_SE_reference_AE_historical",1.8,8000,"Full",2037,1000,0,0.002,13978.2854533195,10185.6488341458,17939.6968417331,0.669,3166.2758233322,0,0,13646.2749884662,"S-C1",28,"Fcap_1.80_Besc_8000_sigmaR_0.216_SE_reference_AE_historical"
28,"S-C1__Fcap_1.80_Besc_8000_sigmaR_0.216_SE_reference_AE_historical",1.8,8000,"Full",2038,1000,0,0.001,14107.9286312495,10354.9917414965,18191.9130336059,0.64,3575.55973409437,0,0,15313.1139590408,"S-C1",28,"Fcap_1.80_Besc_8000_sigmaR_0.216_SE_reference_AE_historical"
28,"S-C1__Fcap_1.80_Besc_8000_sigmaR_0.216_SE_reference_AE_historical",1.8,8000,"Full",2039,1000,0,0.002,14090.5780357726,10004.9042185764,17993.9332027604,0.627,3799.60154058855,0,0,16063.8106337208,"S-C1",28,"Fcap_1.80_Besc_8000_sigmaR_0.216_SE_reference_AE_historical"
28,"S-C1__Fcap_1.80_Besc_8000_sigmaR_0.216_SE_reference_AE_historical",1.8,8000,"Full",2040,1000,0,0.003,14050.8542709805,10156.3171615692,18443.1902681892,0.655,3567.7386303304,0,0,16702.2472358942,"S-C1",28,"Fcap_1.80_Besc_8000_sigmaR_0.216_SE_reference_AE_historical"
28,"S-C1__Fcap_1.80_Besc_8000_sigmaR_0.216_SE_reference_AE_historical",1.8,8000,"Full",2041,1000,0,0.004,14091.8882430702,10186.2563712461,18412.7820462609,0.612,3907.79861437723,0,0,15923.1186382524,"S-C1",28,"Fcap_1.80_Besc_8000_sigmaR_0.216_SE_reference_AE_historical"
28,"S-C1__Fcap_1.80_Besc_8000_sigmaR_0.216_SE_reference_AE_historical",1.8,8000,"Full",2042,1000,0,0,14067.14685148,9936.29843606536,18179.4714589678,0.637,3805.98003511099,0,0,15728.7607314627,"S-C1",28,"Fcap_1.80_Besc_8000_sigmaR_0.216_SE_reference_AE_historical"
28,"S-C1__Fcap_1.80_Besc_8000_sigmaR_0.216_SE_reference_AE_historical",1.8,8000,"Full",2043,1000,0,0.003,13890.6509468213,10164.8957947631,18009.2241851933,0.676,3366.96572592605,0,0,15447.7506615325,"S-C1",28,"Fcap_1.80_Besc_8000_sigmaR_0.216_SE_reference_AE_historical"
28,"S-C1__Fcap_1.80_Besc_8000_sigmaR_0.216_SE_reference_AE_historical",1.8,8000,"Full",2044,1000,0,0.003,13992.7649995066,10136.3608662268,18486.7030232734,0.623,3861.37014875539,0,0,15643.020752226,"S-C1",28,"Fcap_1.80_Besc_8000_sigmaR_0.216_SE_reference_AE_historical"
28,"S-C1__Fcap_1.80_Besc_8000_sigmaR_0.216_SE_reference_AE_historical",1.8,8000,"Full",2045,1000,0,0.002,13967.4153859659,10054.1911940968,18068.1947287984,0.624,3910.72462359058,0,0,15159.4274764187,"S-C1",28,"Fcap_1.80_Besc_8000_sigmaR_0.216_SE_reference_AE_historical"
28,"S-C1__Fcap_1.80_Besc_8000_sigmaR_0.216_SE_reference_AE_historical",1.8,8000,"Full",2046,1000,0.001,0.002,13989.1706913404,10285.4986871311,18079.1111672637,0.642,3681.20299507167,0,0,15138.625084249,"S-C1",28,"Fcap_1.80_Besc_8000_sigmaR_0.216_SE_reference_AE_historical"
28,"S-C1__Fcap_1.80_Besc_8000_sigmaR_0.216_SE_reference_AE_historical",1.8,8000,"Full",2047,1000,0,0.001,14141.4392013113,10599.9822573325,18316.0506646033,0.635,3715.68695370267,0,0,15341.59858575,"S-C1",28,"Fcap_1.80_Besc_8000_sigmaR_0.216_SE_reference_AE_historical"
28,"S-C1__Fcap_1.80_Besc_8000_sigmaR_0.216_SE_reference_AE_historical",1.8,8000,"Full",2048,1000,0,0.004,14169.4399208915,10092.0779549872,18599.6043242099,0.607,3916.5538802711,0,0,15724.9055068024,"S-C1",28,"Fcap_1.80_Besc_8000_sigmaR_0.216_SE_reference_AE_historical"
28,"S-C1__Fcap_1.80_Besc_8000_sigmaR_0.216_SE_reference_AE_historical",1.8,8000,"Full",2049,1000,0,0.002,14021.8256108544,10318.4709555611,18120.3961353772,0.65,3479.79861139009,0,0,14385.6500326707,"S-C1",28,"Fcap_1.80_Besc_8000_sigmaR_0.216_SE_reference_AE_historical"
28,"S-C1__Fcap_1.80_Besc_8000_sigmaR_0.216_SE_reference_AE_historical",1.8,8000,"Full",2050,1000,0,0,14237.8657546701,10370.4165529545,18173.3242212743,0.597,4092.54689008319,0,0,16864.1555544462,"S-C1",28,"Fcap_1.80_Besc_8000_sigmaR_0.216_SE_reference_AE_historical"
28,"S-C1__Fcap_1.80_Besc_8000_sigmaR_0.216_SE_reference_AE_historical",1.8,8000,"Full",2051,1000,0,0.004,14088.4635961492,10177.531534059,18072.7392729635,0.616,3898.06002746408,0,0,15610.4898726954,"S-C1",28,"Fcap_1.80_Besc_8000_sigmaR_0.216_SE_reference_AE_historical"
28,"S-C1__Fcap_1.80_Besc_8000_sigmaR_0.216_SE_reference_AE_historical",1.8,8000,"Full",2052,1000,0,0,13977.4575840018,10207.2919684382,18099.740116607,0.611,4036.56804893495,0,0,15922.9787078373,"S-C1",28,"Fcap_1.80_Besc_8000_sigmaR_0.216_SE_reference_AE_historical"
28,"S-C1__Fcap_1.80_Besc_8000_sigmaR_0.216_SE_reference_AE_historical",1.8,8000,"Full",2053,1000,0,0.002,14012.7747795179,10084.9525120599,18340.6501770378,0.631,3630.83013284551,0,0,14850.4846822999,"S-C1",28,"Fcap_1.80_Besc_8000_sigmaR_0.216_SE_reference_AE_historical"
28,"S-C1__Fcap_1.80_Besc_8000_sigmaR_0.216_SE_reference_AE_historical",1.8,8000,"Full",2054,1000,0,0.001,14113.7525695082,10117.687549561,18245.718346373,0.636,3592.28831492299,0,0,14762.5946003659,"S-C1",28,"Fcap_1.80_Besc_8000_sigmaR_0.216_SE_reference_AE_historical"
