test,statistic,p_value
Ljung-Box lag 1,0.5449530881237428,0.46038722399507737
Ljung-Box lag 3,3.453506226709318,0.32684245967624137
Ljung-Box lag 5,7.656318520305249,0.17622145420933255
Shapiro-Wilk normality,0.9463141986135988,0.08006538823003628
