parameter,estimate,se,z,p_value
ar1,0.11708832704408723,0.16470298623615037,0.710905914457474,0.4771425406956254
intercept,-2.13968789312699e-4,0.05155103121377637,-0.004150620933757743,0.9966882931480356
