test,statistic,p_value
Runs test,-1.6909988539863081,0.09083702152945598
