model,logLik,AIC,delta_AIC
Beverton-Holt,36.4186532657292,-68.8373065314584,0.07742198318443627
Segmented,36.457364257321416,-68.91472851464283,0
