"scenario_number","scenario_id","Fcap","Besc","horizon","year","n","P_Blim","P_Bpa","SSB_median","SSB_p05","SSB_p95","P_closed","mean_catch","median_catch","p05_catch","p95_catch"
1,"Fcap_1.00_Besc_5000_sigmaR_0.216_SE_reference_AE_historical",1,5000,"Short",2025,1000,0,0,13461.1740187955,11765.5424273062,16590.2228827037,0.076,5137.14247096805,5336.16919203574,0,7510.54123082857
1,"Fcap_1.00_Besc_5000_sigmaR_0.216_SE_reference_AE_historical",1,5000,"Short",2026,1000,0,0,13183.5386992124,9752.40784609051,19019.4865934504,0.136,4980.42376564098,5371.3003859172,0,8202.79768129147
1,"Fcap_1.00_Besc_5000_sigmaR_0.216_SE_reference_AE_historical",1,5000,"Short",2027,1000,0,0,13263.0929795102,9634.2961740922,19114.5987882575,0.143,4956.7892842948,5465.50875260083,0,8056.83846644006
1,"Fcap_1.00_Besc_5000_sigmaR_0.216_SE_reference_AE_historical",1,5000,"Short",2028,1000,0,0,13345.0482808742,9698.77253277184,18730.7912739674,0.14,4964.53065461663,5474.15076523496,0,7981.3153061462
1,"Fcap_1.00_Besc_5000_sigmaR_0.216_SE_reference_AE_historical",1,5000,"Short",2029,1000,0,0,13176.4428229391,9406.18716241083,18564.081247378,0.161,4860.37606792453,5397.84196088789,0,8044.3004279684
1,"Fcap_1.00_Besc_5000_sigmaR_0.216_SE_reference_AE_historical",1,5000,"Short",2030,1000,0,0,13130.9850175324,9538.25148928302,18975.4298749739,0.144,4824.64115149207,5292.10546500305,0,8002.93519315418
1,"Fcap_1.00_Besc_5000_sigmaR_0.216_SE_reference_AE_historical",1,5000,"Short",2031,1000,0,0,13074.50965672,9787.30110957259,18513.5276242326,0.147,4707.8584965248,5183.38845383786,0,7748.66422795427
1,"Fcap_1.00_Besc_5000_sigmaR_0.216_SE_reference_AE_historical",1,5000,"Short",2032,1000,0,0.001,13316.5029633557,9559.50420475474,18414.6912428851,0.146,4772.41081549143,5260.95018102271,0,7833.97667288402
1,"Fcap_1.00_Besc_5000_sigmaR_0.216_SE_reference_AE_historical",1,5000,"Short",2033,1000,0,0.001,13220.3886438899,9785.495737926,18832.1333007054,0.116,4937.84812983155,5237.90991387846,0,8016.95116608272
1,"Fcap_1.00_Besc_5000_sigmaR_0.216_SE_reference_AE_historical",1,5000,"Short",2034,1000,0,0.001,13317.1941611624,9815.34386068157,18803.8740238332,0.129,4934.11742143331,5279.88869656648,0,7913.77839285804
1,"Fcap_1.00_Besc_5000_sigmaR_0.216_SE_reference_AE_historical",1,5000,"Medium",2035,1000,0,0,13160.3395690106,9802.7624639005,18701.4508261113,0.139,4758.55550771981,5221.51576698027,0,7805.95545677119
1,"Fcap_1.00_Besc_5000_sigmaR_0.216_SE_reference_AE_historical",1,5000,"Medium",2036,1000,0,0,13158.126077369,9722.88697810082,18396.9525910624,0.126,4874.38128885265,5254.1525676202,0,7704.51057781776
1,"Fcap_1.00_Besc_5000_sigmaR_0.216_SE_reference_AE_historical",1,5000,"Medium",2037,1000,0,0.001,13173.0244392486,9777.82386656834,18023.4486916816,0.131,4781.99820618932,5282.3473007586,0,7621.42988397064
1,"Fcap_1.00_Besc_5000_sigmaR_0.216_SE_reference_AE_historical",1,5000,"Medium",2038,1000,0,0,13147.9871377421,9631.27831650453,18651.1892369555,0.146,4744.03547879748,5208.85048150366,0,7929.09553626659
1,"Fcap_1.00_Besc_5000_sigmaR_0.216_SE_reference_AE_historical",1,5000,"Medium",2039,1000,0,0,13298.8036380156,9623.68156453605,18734.6006068385,0.139,4826.06177770582,5292.56389127557,0,7917.95704842829
1,"Fcap_1.00_Besc_5000_sigmaR_0.216_SE_reference_AE_historical",1,5000,"Medium",2040,1000,0,0,13128.5518395323,9845.71647245785,18928.6176741977,0.131,4878.85840723105,5314.35601736465,0,7822.72303872487
1,"Fcap_1.00_Besc_5000_sigmaR_0.216_SE_reference_AE_historical",1,5000,"Medium",2041,1000,0,0,13256.833590248,9643.59100927522,18997.4622080233,0.142,4857.24740345504,5326.43035363195,0,8033.29131599629
1,"Fcap_1.00_Besc_5000_sigmaR_0.216_SE_reference_AE_historical",1,5000,"Medium",2042,1000,0,0,13273.9859836979,9637.77493506748,18681.3990026224,0.148,4828.30943965017,5342.91439988133,0,7823.55365030858
1,"Fcap_1.00_Besc_5000_sigmaR_0.216_SE_reference_AE_historical",1,5000,"Medium",2043,1000,0,0.001,13086.6335726381,9752.81528874641,18306.7623100657,0.134,4817.26993875042,5234.79261815319,0,7687.56873325292
1,"Fcap_1.00_Besc_5000_sigmaR_0.216_SE_reference_AE_historical",1,5000,"Medium",2044,1000,0,0,13132.4919427861,9700.22177408536,18688.3446970772,0.135,4789.54937860132,5229.46561636755,0,7776.86768927097
1,"Fcap_1.00_Besc_5000_sigmaR_0.216_SE_reference_AE_historical",1,5000,"Long",2045,1000,0,0,13229.9197249753,9791.10166219384,18847.6302030268,0.121,4928.64095250935,5348.06629252084,0,7803.38788236656
1,"Fcap_1.00_Besc_5000_sigmaR_0.216_SE_reference_AE_historical",1,5000,"Long",2046,1000,0,0,13176.5043408472,9679.79012481475,18636.4803842592,0.14,4799.54025861843,5178.54064442236,0,7956.12753744948
1,"Fcap_1.00_Besc_5000_sigmaR_0.216_SE_reference_AE_historical",1,5000,"Long",2047,1000,0,0,13350.8141682809,9836.08954846143,19325.1524815234,0.128,4922.05860847702,5264.17912491629,0,8037.67777546658
1,"Fcap_1.00_Besc_5000_sigmaR_0.216_SE_reference_AE_historical",1,5000,"Long",2048,1000,0,0,13367.8487897112,9543.7999588407,19008.4774087182,0.142,4833.5338530098,5305.29292332579,0,8014.62692476599
1,"Fcap_1.00_Besc_5000_sigmaR_0.216_SE_reference_AE_historical",1,5000,"Long",2049,1000,0,0,13197.7271384734,9781.68888123659,18845.1185186817,0.148,4736.88890692191,5207.44035429692,0,7938.62435656744
1,"Fcap_1.00_Besc_5000_sigmaR_0.216_SE_reference_AE_historical",1,5000,"Long",2050,1000,0,0.001,13533.4070665265,9711.88781664745,19448.0528181048,0.127,4984.87734614878,5375.65164042382,0,8091.00933404381
1,"Fcap_1.00_Besc_5000_sigmaR_0.216_SE_reference_AE_historical",1,5000,"Long",2051,1000,0,0,13366.3101142439,9697.12286342171,18943.4763794889,0.137,4894.79427496092,5266.99284418237,0,8044.19563085845
1,"Fcap_1.00_Besc_5000_sigmaR_0.216_SE_reference_AE_historical",1,5000,"Long",2052,1000,0,0,13350.7125338881,9828.56565851944,18812.0347095188,0.131,4893.75008094348,5318.41773758971,0,7937.91096940624
1,"Fcap_1.00_Besc_5000_sigmaR_0.216_SE_reference_AE_historical",1,5000,"Long",2053,1000,0,0.001,13169.4932453192,9822.14496251912,19326.5133551685,0.121,4954.37906848582,5286.66477094745,0,8214.16097612895
1,"Fcap_1.00_Besc_5000_sigmaR_0.216_SE_reference_AE_historical",1,5000,"Long",2054,1000,0,0.001,13172.8137732717,9646.97415724801,18756.0957454588,0.133,4791.02985558623,5182.09289022878,0,7734.31820841864
1,"Fcap_1.00_Besc_5000_sigmaR_0.216_SE_reference_AE_historical",1,5000,"Full",2025,1000,0,0,13461.1740187955,11765.5424273062,16590.2228827037,0.076,5137.14247096805,5336.16919203574,0,7510.54123082857
1,"Fcap_1.00_Besc_5000_sigmaR_0.216_SE_reference_AE_historical",1,5000,"Full",2026,1000,0,0,13183.5386992124,9752.40784609051,19019.4865934504,0.136,4980.42376564098,5371.3003859172,0,8202.79768129147
1,"Fcap_1.00_Besc_5000_sigmaR_0.216_SE_reference_AE_historical",1,5000,"Full",2027,1000,0,0,13263.0929795102,9634.2961740922,19114.5987882575,0.143,4956.7892842948,5465.50875260083,0,8056.83846644006
1,"Fcap_1.00_Besc_5000_sigmaR_0.216_SE_reference_AE_historical",1,5000,"Full",2028,1000,0,0,13345.0482808742,9698.77253277184,18730.7912739674,0.14,4964.53065461663,5474.15076523496,0,7981.3153061462
1,"Fcap_1.00_Besc_5000_sigmaR_0.216_SE_reference_AE_historical",1,5000,"Full",2029,1000,0,0,13176.4428229391,9406.18716241083,18564.081247378,0.161,4860.37606792453,5397.84196088789,0,8044.3004279684
1,"Fcap_1.00_Besc_5000_sigmaR_0.216_SE_reference_AE_historical",1,5000,"Full",2030,1000,0,0,13130.9850175324,9538.25148928302,18975.4298749739,0.144,4824.64115149207,5292.10546500305,0,8002.93519315418
1,"Fcap_1.00_Besc_5000_sigmaR_0.216_SE_reference_AE_historical",1,5000,"Full",2031,1000,0,0,13074.50965672,9787.30110957259,18513.5276242326,0.147,4707.8584965248,5183.38845383786,0,7748.66422795427
1,"Fcap_1.00_Besc_5000_sigmaR_0.216_SE_reference_AE_historical",1,5000,"Full",2032,1000,0,0.001,13316.5029633557,9559.50420475474,18414.6912428851,0.146,4772.41081549143,5260.95018102271,0,7833.97667288402
1,"Fcap_1.00_Besc_5000_sigmaR_0.216_SE_reference_AE_historical",1,5000,"Full",2033,1000,0,0.001,13220.3886438899,9785.495737926,18832.1333007054,0.116,4937.84812983155,5237.90991387846,0,8016.95116608272
1,"Fcap_1.00_Besc_5000_sigmaR_0.216_SE_reference_AE_historical",1,5000,"Full",2034,1000,0,0.001,13317.1941611624,9815.34386068157,18803.8740238332,0.129,4934.11742143331,5279.88869656648,0,7913.77839285804
1,"Fcap_1.00_Besc_5000_sigmaR_0.216_SE_reference_AE_historical",1,5000,"Full",2035,1000,0,0,13160.3395690106,9802.7624639005,18701.4508261113,0.139,4758.55550771981,5221.51576698027,0,7805.95545677119
1,"Fcap_1.00_Besc_5000_sigmaR_0.216_SE_reference_AE_historical",1,5000,"Full",2036,1000,0,0,13158.126077369,9722.88697810082,18396.9525910624,0.126,4874.38128885265,5254.1525676202,0,7704.51057781776
1,"Fcap_1.00_Besc_5000_sigmaR_0.216_SE_reference_AE_historical",1,5000,"Full",2037,1000,0,0.001,13173.0244392486,9777.82386656834,18023.4486916816,0.131,4781.99820618932,5282.3473007586,0,7621.42988397064
1,"Fcap_1.00_Besc_5000_sigmaR_0.216_SE_reference_AE_historical",1,5000,"Full",2038,1000,0,0,13147.9871377421,9631.27831650453,18651.1892369555,0.146,4744.03547879748,5208.85048150366,0,7929.09553626659
1,"Fcap_1.00_Besc_5000_sigmaR_0.216_SE_reference_AE_historical",1,5000,"Full",2039,1000,0,0,13298.8036380156,9623.68156453605,18734.6006068385,0.139,4826.06177770582,5292.56389127557,0,7917.95704842829
1,"Fcap_1.00_Besc_5000_sigmaR_0.216_SE_reference_AE_historical",1,5000,"Full",2040,1000,0,0,13128.5518395323,9845.71647245785,18928.6176741977,0.131,4878.85840723105,5314.35601736465,0,7822.72303872487
1,"Fcap_1.00_Besc_5000_sigmaR_0.216_SE_reference_AE_historical",1,5000,"Full",2041,1000,0,0,13256.833590248,9643.59100927522,18997.4622080233,0.142,4857.24740345504,5326.43035363195,0,8033.29131599629
1,"Fcap_1.00_Besc_5000_sigmaR_0.216_SE_reference_AE_historical",1,5000,"Full",2042,1000,0,0,13273.9859836979,9637.77493506748,18681.3990026224,0.148,4828.30943965017,5342.91439988133,0,7823.55365030858
1,"Fcap_1.00_Besc_5000_sigmaR_0.216_SE_reference_AE_historical",1,5000,"Full",2043,1000,0,0.001,13086.6335726381,9752.81528874641,18306.7623100657,0.134,4817.26993875042,5234.79261815319,0,7687.56873325292
1,"Fcap_1.00_Besc_5000_sigmaR_0.216_SE_reference_AE_historical",1,5000,"Full",2044,1000,0,0,13132.4919427861,9700.22177408536,18688.3446970772,0.135,4789.54937860132,5229.46561636755,0,7776.86768927097
1,"Fcap_1.00_Besc_5000_sigmaR_0.216_SE_reference_AE_historical",1,5000,"Full",2045,1000,0,0,13229.9197249753,9791.10166219384,18847.6302030268,0.121,4928.64095250935,5348.06629252084,0,7803.38788236656
1,"Fcap_1.00_Besc_5000_sigmaR_0.216_SE_reference_AE_historical",1,5000,"Full",2046,1000,0,0,13176.5043408472,9679.79012481475,18636.4803842592,0.14,4799.54025861843,5178.54064442236,0,7956.12753744948
1,"Fcap_1.00_Besc_5000_sigmaR_0.216_SE_reference_AE_historical",1,5000,"Full",2047,1000,0,0,13350.8141682809,9836.08954846143,19325.1524815234,0.128,4922.05860847702,5264.17912491629,0,8037.67777546658
1,"Fcap_1.00_Besc_5000_sigmaR_0.216_SE_reference_AE_historical",1,5000,"Full",2048,1000,0,0,13367.8487897112,9543.7999588407,19008.4774087182,0.142,4833.5338530098,5305.29292332579,0,8014.62692476599
1,"Fcap_1.00_Besc_5000_sigmaR_0.216_SE_reference_AE_historical",1,5000,"Full",2049,1000,0,0,13197.7271384734,9781.68888123659,18845.1185186817,0.148,4736.88890692191,5207.44035429692,0,7938.62435656744
1,"Fcap_1.00_Besc_5000_sigmaR_0.216_SE_reference_AE_historical",1,5000,"Full",2050,1000,0,0.001,13533.4070665265,9711.88781664745,19448.0528181048,0.127,4984.87734614878,5375.65164042382,0,8091.00933404381
1,"Fcap_1.00_Besc_5000_sigmaR_0.216_SE_reference_AE_historical",1,5000,"Full",2051,1000,0,0,13366.3101142439,9697.12286342171,18943.4763794889,0.137,4894.79427496092,5266.99284418237,0,8044.19563085845
1,"Fcap_1.00_Besc_5000_sigmaR_0.216_SE_reference_AE_historical",1,5000,"Full",2052,1000,0,0,13350.7125338881,9828.56565851944,18812.0347095188,0.131,4893.75008094348,5318.41773758971,0,7937.91096940624
1,"Fcap_1.00_Besc_5000_sigmaR_0.216_SE_reference_AE_historical",1,5000,"Full",2053,1000,0,0.001,13169.4932453192,9822.14496251912,19326.5133551685,0.121,4954.37906848582,5286.66477094745,0,8214.16097612895
1,"Fcap_1.00_Besc_5000_sigmaR_0.216_SE_reference_AE_historical",1,5000,"Full",2054,1000,0,0.001,13172.8137732717,9646.97415724801,18756.0957454588,0.133,4791.02985558623,5182.09289022878,0,7734.31820841864
2,"Fcap_1.00_Besc_6561_sigmaR_0.216_SE_reference_AE_historical",1,6561,"Short",2025,1000,0,0,13809.2076163942,12135.7199592735,16692.0280900331,0.468,2977.86650727095,2299.66984691636,0,7496.6560397662
2,"Fcap_1.00_Besc_6561_sigmaR_0.216_SE_reference_AE_historical",1,6561,"Short",2026,1000,0,0,14234.3871945091,10676.9297955306,19687.7863987207,0.352,4188.401887298,5530.86032716884,0,8547.40527133128
2,"Fcap_1.00_Besc_6561_sigmaR_0.216_SE_reference_AE_historical",1,6561,"Short",2027,1000,0,0,14084.1066826984,10306.5313939644,19856.7908502593,0.401,3804.06639919575,5161.5231198222,0,8531.74449853477
2,"Fcap_1.00_Besc_6561_sigmaR_0.216_SE_reference_AE_historical",1,6561,"Short",2028,1000,0,0,14151.3586869619,10458.3171885701,19240.2169819758,0.364,4139.77112193488,5331.58329354187,0,9169.83618169529
2,"Fcap_1.00_Besc_6561_sigmaR_0.216_SE_reference_AE_historical",1,6561,"Short",2029,1000,0,0.001,14014.7358760575,10089.427906418,19375.5307705935,0.405,3813.91636723148,5138.06180511467,0,8584.12312532637
2,"Fcap_1.00_Besc_6561_sigmaR_0.216_SE_reference_AE_historical",1,6561,"Short",2030,1000,0,0,13964.4098696332,10259.5053153221,19543.3941519147,0.405,3865.54989134872,4961.20636306565,0,9196.96629295971
2,"Fcap_1.00_Besc_6561_sigmaR_0.216_SE_reference_AE_historical",1,6561,"Short",2031,1000,0,0,13946.6430336345,10276.6390678417,19020.0182135459,0.405,3676.26802394914,4821.06797727805,0,8541.53787761348
2,"Fcap_1.00_Besc_6561_sigmaR_0.216_SE_reference_AE_historical",1,6561,"Short",2032,1000,0,0,14072.9209902206,10235.4562102989,19218.569455283,0.389,3754.46243116458,4863.65560660299,0,8322.45490263069
2,"Fcap_1.00_Besc_6561_sigmaR_0.216_SE_reference_AE_historical",1,6561,"Short",2033,1000,0,0,14077.3133390974,10470.5030966852,19624.0742190798,0.364,4002.75442722149,5010.25349528318,0,8890.61035800129
2,"Fcap_1.00_Besc_6561_sigmaR_0.216_SE_reference_AE_historical",1,6561,"Short",2034,1000,0,0,14125.9391285879,10374.2166191801,19640.4617361764,0.393,3869.06731657502,4963.22669070898,0,8625.65135002394
2,"Fcap_1.00_Besc_6561_sigmaR_0.216_SE_reference_AE_historical",1,6561,"Medium",2035,1000,0,0,13982.939511585,10321.4489155958,19451.1322144431,0.386,3782.25898584022,4953.83527152121,0,8559.54405982558
2,"Fcap_1.00_Besc_6561_sigmaR_0.216_SE_reference_AE_historical",1,6561,"Medium",2036,1000,0,0,13973.6212900873,10423.4191428186,19473.4818243255,0.401,3646.99883052151,4902.72321706773,0,8172.62451876179
2,"Fcap_1.00_Besc_6561_sigmaR_0.216_SE_reference_AE_historical",1,6561,"Medium",2037,1000,0,0.001,14010.2065611696,10662.6616769139,18902.7410786989,0.376,3800.44031845998,5024.9597186273,0,8028.08983616769
2,"Fcap_1.00_Besc_6561_sigmaR_0.216_SE_reference_AE_historical",1,6561,"Medium",2038,1000,0,0,13896.7854856566,10340.3085411289,19403.4404446178,0.403,3728.9625095144,4872.0467650563,0,8650.67039098452
2,"Fcap_1.00_Besc_6561_sigmaR_0.216_SE_reference_AE_historical",1,6561,"Medium",2039,1000,0,0,14109.2215864186,10233.3614760289,19434.610562244,0.39,3822.0081806645,5012.31445474601,0,8545.92588048929
2,"Fcap_1.00_Besc_6561_sigmaR_0.216_SE_reference_AE_historical",1,6561,"Medium",2040,1000,0,0,14006.9776793412,10562.3183431029,19499.2700635859,0.362,3943.18973953907,5080.91825061117,0,8628.3031987612
2,"Fcap_1.00_Besc_6561_sigmaR_0.216_SE_reference_AE_historical",1,6561,"Medium",2041,1000,0,0,14132.5159725736,10368.8354773907,19386.9773587037,0.375,3939.9024479538,5047.67531329958,0,8338.01865925523
2,"Fcap_1.00_Besc_6561_sigmaR_0.216_SE_reference_AE_historical",1,6561,"Medium",2042,1000,0,0,14037.0135623326,10283.3610500918,19408.6625419427,0.393,3802.16672149215,4948.75964035194,0,8481.89379108377
2,"Fcap_1.00_Besc_6561_sigmaR_0.216_SE_reference_AE_historical",1,6561,"Medium",2043,1000,0,0,13914.0361432348,10376.3118551199,18860.4778270276,0.393,3717.09345156716,4938.46453996126,0,8249.77893550247
2,"Fcap_1.00_Besc_6561_sigmaR_0.216_SE_reference_AE_historical",1,6561,"Medium",2044,1000,0,0.001,13941.0408302471,10491.9260564854,19536.8120141809,0.376,3891.36390929258,5042.3788620193,0,8453.97588891664
2,"Fcap_1.00_Besc_6561_sigmaR_0.216_SE_reference_AE_historical",1,6561,"Long",2045,1000,0,0,13974.3871483491,10455.3291308031,19247.7021228191,0.391,3870.02159873907,5071.01444209388,0,8411.89293643319
2,"Fcap_1.00_Besc_6561_sigmaR_0.216_SE_reference_AE_historical",1,6561,"Long",2046,1000,0,0,14014.7966364564,10341.2845132677,19435.8344231479,0.394,3804.31142963425,5053.71278201704,0,8671.33274734752
2,"Fcap_1.00_Besc_6561_sigmaR_0.216_SE_reference_AE_historical",1,6561,"Long",2047,1000,0,0,14145.8619338583,10693.9497665541,20154.1382729952,0.369,3960.65414089901,5097.4649515758,0,8730.49677949745
2,"Fcap_1.00_Besc_6561_sigmaR_0.216_SE_reference_AE_historical",1,6561,"Long",2048,1000,0,0,14190.9442254868,10178.5859584679,19498.6777729229,0.377,3949.63499698233,5069.24098333522,0,8526.16656707773
2,"Fcap_1.00_Besc_6561_sigmaR_0.216_SE_reference_AE_historical",1,6561,"Long",2049,1000,0,0,13845.9156352818,10440.2565938699,19466.5775473223,0.399,3731.05246204403,4850.42348440662,0,8494.23080531536
2,"Fcap_1.00_Besc_6561_sigmaR_0.216_SE_reference_AE_historical",1,6561,"Long",2050,1000,0,0,14238.4834396858,10493.6691046538,19902.64701741,0.358,4147.38468225643,5284.60350862514,0,8923.56523495087
2,"Fcap_1.00_Besc_6561_sigmaR_0.216_SE_reference_AE_historical",1,6561,"Long",2051,1000,0,0,14035.9597191016,10402.9854742509,19600.8645551085,0.384,3837.16794598901,4954.39493627986,0,8546.29817645171
2,"Fcap_1.00_Besc_6561_sigmaR_0.216_SE_reference_AE_historical",1,6561,"Long",2052,1000,0,0,14019.4445947007,10496.6625878321,19729.9075859495,0.375,3973.63335799051,5087.49412302064,0,8674.1401118921
2,"Fcap_1.00_Besc_6561_sigmaR_0.216_SE_reference_AE_historical",1,6561,"Long",2053,1000,0,0,14003.1142395778,10474.5461474816,19873.273267618,0.387,3816.15876256556,4951.8848142457,0,8886.73711883618
2,"Fcap_1.00_Besc_6561_sigmaR_0.216_SE_reference_AE_historical",1,6561,"Long",2054,1000,0,0,14087.926700481,10285.5241305795,19490.4930796783,0.374,3806.85649823982,4976.55117509775,0,8299.90659034603
2,"Fcap_1.00_Besc_6561_sigmaR_0.216_SE_reference_AE_historical",1,6561,"Full",2025,1000,0,0,13809.2076163942,12135.7199592735,16692.0280900331,0.468,2977.86650727095,2299.66984691636,0,7496.6560397662
2,"Fcap_1.00_Besc_6561_sigmaR_0.216_SE_reference_AE_historical",1,6561,"Full",2026,1000,0,0,14234.3871945091,10676.9297955306,19687.7863987207,0.352,4188.401887298,5530.86032716884,0,8547.40527133128
2,"Fcap_1.00_Besc_6561_sigmaR_0.216_SE_reference_AE_historical",1,6561,"Full",2027,1000,0,0,14084.1066826984,10306.5313939644,19856.7908502593,0.401,3804.06639919575,5161.5231198222,0,8531.74449853477
2,"Fcap_1.00_Besc_6561_sigmaR_0.216_SE_reference_AE_historical",1,6561,"Full",2028,1000,0,0,14151.3586869619,10458.3171885701,19240.2169819758,0.364,4139.77112193488,5331.58329354187,0,9169.83618169529
2,"Fcap_1.00_Besc_6561_sigmaR_0.216_SE_reference_AE_historical",1,6561,"Full",2029,1000,0,0.001,14014.7358760575,10089.427906418,19375.5307705935,0.405,3813.91636723148,5138.06180511467,0,8584.12312532637
2,"Fcap_1.00_Besc_6561_sigmaR_0.216_SE_reference_AE_historical",1,6561,"Full",2030,1000,0,0,13964.4098696332,10259.5053153221,19543.3941519147,0.405,3865.54989134872,4961.20636306565,0,9196.96629295971
2,"Fcap_1.00_Besc_6561_sigmaR_0.216_SE_reference_AE_historical",1,6561,"Full",2031,1000,0,0,13946.6430336345,10276.6390678417,19020.0182135459,0.405,3676.26802394914,4821.06797727805,0,8541.53787761348
2,"Fcap_1.00_Besc_6561_sigmaR_0.216_SE_reference_AE_historical",1,6561,"Full",2032,1000,0,0,14072.9209902206,10235.4562102989,19218.569455283,0.389,3754.46243116458,4863.65560660299,0,8322.45490263069
2,"Fcap_1.00_Besc_6561_sigmaR_0.216_SE_reference_AE_historical",1,6561,"Full",2033,1000,0,0,14077.3133390974,10470.5030966852,19624.0742190798,0.364,4002.75442722149,5010.25349528318,0,8890.61035800129
2,"Fcap_1.00_Besc_6561_sigmaR_0.216_SE_reference_AE_historical",1,6561,"Full",2034,1000,0,0,14125.9391285879,10374.2166191801,19640.4617361764,0.393,3869.06731657502,4963.22669070898,0,8625.65135002394
2,"Fcap_1.00_Besc_6561_sigmaR_0.216_SE_reference_AE_historical",1,6561,"Full",2035,1000,0,0,13982.939511585,10321.4489155958,19451.1322144431,0.386,3782.25898584022,4953.83527152121,0,8559.54405982558
2,"Fcap_1.00_Besc_6561_sigmaR_0.216_SE_reference_AE_historical",1,6561,"Full",2036,1000,0,0,13973.6212900873,10423.4191428186,19473.4818243255,0.401,3646.99883052151,4902.72321706773,0,8172.62451876179
2,"Fcap_1.00_Besc_6561_sigmaR_0.216_SE_reference_AE_historical",1,6561,"Full",2037,1000,0,0.001,14010.2065611696,10662.6616769139,18902.7410786989,0.376,3800.44031845998,5024.9597186273,0,8028.08983616769
2,"Fcap_1.00_Besc_6561_sigmaR_0.216_SE_reference_AE_historical",1,6561,"Full",2038,1000,0,0,13896.7854856566,10340.3085411289,19403.4404446178,0.403,3728.9625095144,4872.0467650563,0,8650.67039098452
2,"Fcap_1.00_Besc_6561_sigmaR_0.216_SE_reference_AE_historical",1,6561,"Full",2039,1000,0,0,14109.2215864186,10233.3614760289,19434.610562244,0.39,3822.0081806645,5012.31445474601,0,8545.92588048929
2,"Fcap_1.00_Besc_6561_sigmaR_0.216_SE_reference_AE_historical",1,6561,"Full",2040,1000,0,0,14006.9776793412,10562.3183431029,19499.2700635859,0.362,3943.18973953907,5080.91825061117,0,8628.3031987612
2,"Fcap_1.00_Besc_6561_sigmaR_0.216_SE_reference_AE_historical",1,6561,"Full",2041,1000,0,0,14132.5159725736,10368.8354773907,19386.9773587037,0.375,3939.9024479538,5047.67531329958,0,8338.01865925523
2,"Fcap_1.00_Besc_6561_sigmaR_0.216_SE_reference_AE_historical",1,6561,"Full",2042,1000,0,0,14037.0135623326,10283.3610500918,19408.6625419427,0.393,3802.16672149215,4948.75964035194,0,8481.89379108377
2,"Fcap_1.00_Besc_6561_sigmaR_0.216_SE_reference_AE_historical",1,6561,"Full",2043,1000,0,0,13914.0361432348,10376.3118551199,18860.4778270276,0.393,3717.09345156716,4938.46453996126,0,8249.77893550247
2,"Fcap_1.00_Besc_6561_sigmaR_0.216_SE_reference_AE_historical",1,6561,"Full",2044,1000,0,0.001,13941.0408302471,10491.9260564854,19536.8120141809,0.376,3891.36390929258,5042.3788620193,0,8453.97588891664
2,"Fcap_1.00_Besc_6561_sigmaR_0.216_SE_reference_AE_historical",1,6561,"Full",2045,1000,0,0,13974.3871483491,10455.3291308031,19247.7021228191,0.391,3870.02159873907,5071.01444209388,0,8411.89293643319
2,"Fcap_1.00_Besc_6561_sigmaR_0.216_SE_reference_AE_historical",1,6561,"Full",2046,1000,0,0,14014.7966364564,10341.2845132677,19435.8344231479,0.394,3804.31142963425,5053.71278201704,0,8671.33274734752
2,"Fcap_1.00_Besc_6561_sigmaR_0.216_SE_reference_AE_historical",1,6561,"Full",2047,1000,0,0,14145.8619338583,10693.9497665541,20154.1382729952,0.369,3960.65414089901,5097.4649515758,0,8730.49677949745
2,"Fcap_1.00_Besc_6561_sigmaR_0.216_SE_reference_AE_historical",1,6561,"Full",2048,1000,0,0,14190.9442254868,10178.5859584679,19498.6777729229,0.377,3949.63499698233,5069.24098333522,0,8526.16656707773
2,"Fcap_1.00_Besc_6561_sigmaR_0.216_SE_reference_AE_historical",1,6561,"Full",2049,1000,0,0,13845.9156352818,10440.2565938699,19466.5775473223,0.399,3731.05246204403,4850.42348440662,0,8494.23080531536
2,"Fcap_1.00_Besc_6561_sigmaR_0.216_SE_reference_AE_historical",1,6561,"Full",2050,1000,0,0,14238.4834396858,10493.6691046538,19902.64701741,0.358,4147.38468225643,5284.60350862514,0,8923.56523495087
2,"Fcap_1.00_Besc_6561_sigmaR_0.216_SE_reference_AE_historical",1,6561,"Full",2051,1000,0,0,14035.9597191016,10402.9854742509,19600.8645551085,0.384,3837.16794598901,4954.39493627986,0,8546.29817645171
2,"Fcap_1.00_Besc_6561_sigmaR_0.216_SE_reference_AE_historical",1,6561,"Full",2052,1000,0,0,14019.4445947007,10496.6625878321,19729.9075859495,0.375,3973.63335799051,5087.49412302064,0,8674.1401118921
2,"Fcap_1.00_Besc_6561_sigmaR_0.216_SE_reference_AE_historical",1,6561,"Full",2053,1000,0,0,14003.1142395778,10474.5461474816,19873.273267618,0.387,3816.15876256556,4951.8848142457,0,8886.73711883618
2,"Fcap_1.00_Besc_6561_sigmaR_0.216_SE_reference_AE_historical",1,6561,"Full",2054,1000,0,0,14087.926700481,10285.5241305795,19490.4930796783,0.374,3806.85649823982,4976.55117509775,0,8299.90659034603
3,"Fcap_1.00_Besc_7250_sigmaR_0.216_SE_reference_AE_historical",1,7250,"Short",2025,1000,0,0,13950.3522735477,12135.8179097045,17060.2105948754,0.681,1852.64380941404,0,0,7467.93752900586
3,"Fcap_1.00_Besc_7250_sigmaR_0.216_SE_reference_AE_historical",1,7250,"Short",2026,1000,0,0,14723.8745339563,11328.6306542113,20097.9147229744,0.403,3961.32106538002,5467.61927195171,0,8738.43059695363
3,"Fcap_1.00_Besc_7250_sigmaR_0.216_SE_reference_AE_historical",1,7250,"Short",2027,1000,0,0,14528.8363912767,10448.8412021254,20146.4813552314,0.525,3087.04622459499,0,0,8623.0826024599
3,"Fcap_1.00_Besc_7250_sigmaR_0.216_SE_reference_AE_historical",1,7250,"Short",2028,1000,0,0,14658.8085786037,10839.1429194946,19475.6809847199,0.483,3787.78968328835,1946.55998773541,0,10037.0885712671
3,"Fcap_1.00_Besc_7250_sigmaR_0.216_SE_reference_AE_historical",1,7250,"Short",2029,1000,0,0.003,14403.3710800759,10228.3087644548,19478.8178416161,0.508,3346.79974045479,0,0,9535.71388005237
3,"Fcap_1.00_Besc_7250_sigmaR_0.216_SE_reference_AE_historical",1,7250,"Short",2030,1000,0,0,14419.3865223627,10366.1373891408,19976.5064014154,0.52,3278.1685653154,0,0,9307.76798778666
3,"Fcap_1.00_Besc_7250_sigmaR_0.216_SE_reference_AE_historical",1,7250,"Short",2031,1000,0,0,14358.2488117313,10488.4473604994,19326.0863324762,0.517,3219.85751913132,0,0,9419.74243650968
3,"Fcap_1.00_Besc_7250_sigmaR_0.216_SE_reference_AE_historical",1,7250,"Short",2032,1000,0,0,14485.4425763584,10460.536740048,19657.4892746224,0.52,3312.51617460306,0,0,9720.33052693635
3,"Fcap_1.00_Besc_7250_sigmaR_0.216_SE_reference_AE_historical",1,7250,"Short",2033,1000,0,0.002,14491.2486922892,10590.1503778746,19759.0470131171,0.494,3483.53159915959,650.559224669699,0,10387.0363402059
3,"Fcap_1.00_Besc_7250_sigmaR_0.216_SE_reference_AE_historical",1,7250,"Short",2034,1000,0,0.001,14540.1283584721,10659.7451192036,20019.9690332653,0.509,3423.00354170269,0,0,9990.21123615778
3,"Fcap_1.00_Besc_7250_sigmaR_0.216_SE_reference_AE_historical",1,7250,"Medium",2035,1000,0,0.001,14392.8826058169,10530.3735876194,19971.4065586899,0.511,3297.57255120397,0,0,9165.53127835183
3,"Fcap_1.00_Besc_7250_sigmaR_0.216_SE_reference_AE_historical",1,7250,"Medium",2036,1000,0,0,14438.5545291746,10503.7407595358,19591.7022021622,0.496,3356.36548264219,156.895999208499,0,9638.09142793786
3,"Fcap_1.00_Besc_7250_sigmaR_0.216_SE_reference_AE_historical",1,7250,"Medium",2037,1000,0,0.001,14404.6960986985,10717.0431741276,19292.5783535957,0.526,3068.07604692356,0,0,8594.0037726483
3,"Fcap_1.00_Besc_7250_sigmaR_0.216_SE_reference_AE_historical",1,7250,"Medium",2038,1000,0,0,14329.9679690024,10532.1163407863,19754.8218363389,0.49,3438.25004852872,863.502572791942,0,9586.45555104305
3,"Fcap_1.00_Besc_7250_sigmaR_0.216_SE_reference_AE_historical",1,7250,"Medium",2039,1000,0,0,14441.3681790663,10222.2107787646,19661.9696081161,0.507,3427.91248707574,0,0,9636.42606476774
3,"Fcap_1.00_Besc_7250_sigmaR_0.216_SE_reference_AE_historical",1,7250,"Medium",2040,1000,0,0.001,14387.1771750179,10655.1998581844,20086.1365929439,0.508,3240.68111750599,0,0,8996.57464159727
3,"Fcap_1.00_Besc_7250_sigmaR_0.216_SE_reference_AE_historical",1,7250,"Medium",2041,1000,0,0.001,14528.1511803707,10562.6239736995,19651.6226891762,0.491,3430.80775526176,901.0609621553,0,9304.23439289947
3,"Fcap_1.00_Besc_7250_sigmaR_0.216_SE_reference_AE_historical",1,7250,"Medium",2042,1000,0,0,14476.2956432928,10407.2446895203,19774.1938428962,0.494,3415.13637577982,727.898103101167,0,9566.50027780573
3,"Fcap_1.00_Besc_7250_sigmaR_0.216_SE_reference_AE_historical",1,7250,"Medium",2043,1000,0,0,14359.9425216348,10500.8982201343,19352.5188443982,0.512,3197.1758494354,0,0,9020.58189468694
3,"Fcap_1.00_Besc_7250_sigmaR_0.216_SE_reference_AE_historical",1,7250,"Medium",2044,1000,0,0.001,14442.7703001026,10560.5950861291,19763.9059677448,0.484,3385.86359457893,1104.84851964677,0,8858.90065613788
3,"Fcap_1.00_Besc_7250_sigmaR_0.216_SE_reference_AE_historical",1,7250,"Long",2045,1000,0,0,14354.7404665171,10651.7615345184,19673.7445452129,0.498,3481.79211510313,514.137028179194,0,9605.01652953729
3,"Fcap_1.00_Besc_7250_sigmaR_0.216_SE_reference_AE_historical",1,7250,"Long",2046,1000,0,0.003,14395.2729524846,10500.5654457614,19583.4053822639,0.514,3249.26904421041,0,0,8863.91025916642
3,"Fcap_1.00_Besc_7250_sigmaR_0.216_SE_reference_AE_historical",1,7250,"Long",2047,1000,0,0.002,14612.4412552819,11049.1235265857,20446.9048045791,0.491,3553.68400250433,1904.13660541799,0,10270.1174933898
3,"Fcap_1.00_Besc_7250_sigmaR_0.216_SE_reference_AE_historical",1,7250,"Long",2048,1000,0,0.001,14544.9839083097,10343.5687601242,19902.075303733,0.487,3550.40455045221,2049.63066186643,0,9538.59600722194
3,"Fcap_1.00_Besc_7250_sigmaR_0.216_SE_reference_AE_historical",1,7250,"Long",2049,1000,0,0.003,14274.5515544898,10490.0083576731,19780.0587784794,0.527,3112.71444693952,0,0,8738.02900371943
3,"Fcap_1.00_Besc_7250_sigmaR_0.216_SE_reference_AE_historical",1,7250,"Long",2050,1000,0,0,14698.9041094841,10560.2992184838,20234.3837890827,0.477,3633.54542482673,3520.9308339639,0,9353.18030019436
3,"Fcap_1.00_Besc_7250_sigmaR_0.216_SE_reference_AE_historical",1,7250,"Long",2051,1000,0,0,14505.7375918619,10649.6059971079,20058.9861263251,0.499,3392.28120734742,153.674389368448,0,9204.20207444064
3,"Fcap_1.00_Besc_7250_sigmaR_0.216_SE_reference_AE_historical",1,7250,"Long",2052,1000,0,0,14449.4679817774,10682.0303788352,20161.5714040905,0.484,3614.59539014145,3361.68733472786,0,10282.1266710592
3,"Fcap_1.00_Besc_7250_sigmaR_0.216_SE_reference_AE_historical",1,7250,"Long",2053,1000,0,0.001,14371.9474053382,10467.4638284183,20201.4991755125,0.515,3310.61948775059,0,0,9411.13873398949
3,"Fcap_1.00_Besc_7250_sigmaR_0.216_SE_reference_AE_historical",1,7250,"Long",2054,1000,0,0,14415.9050302468,10466.2723960851,19825.1115666259,0.482,3334.47494093258,1269.62883618561,0,8574.35844637656
3,"Fcap_1.00_Besc_7250_sigmaR_0.216_SE_reference_AE_historical",1,7250,"Full",2025,1000,0,0,13950.3522735477,12135.8179097045,17060.2105948754,0.681,1852.64380941404,0,0,7467.93752900586
3,"Fcap_1.00_Besc_7250_sigmaR_0.216_SE_reference_AE_historical",1,7250,"Full",2026,1000,0,0,14723.8745339563,11328.6306542113,20097.9147229744,0.403,3961.32106538002,5467.61927195171,0,8738.43059695363
3,"Fcap_1.00_Besc_7250_sigmaR_0.216_SE_reference_AE_historical",1,7250,"Full",2027,1000,0,0,14528.8363912767,10448.8412021254,20146.4813552314,0.525,3087.04622459499,0,0,8623.0826024599
3,"Fcap_1.00_Besc_7250_sigmaR_0.216_SE_reference_AE_historical",1,7250,"Full",2028,1000,0,0,14658.8085786037,10839.1429194946,19475.6809847199,0.483,3787.78968328835,1946.55998773541,0,10037.0885712671
3,"Fcap_1.00_Besc_7250_sigmaR_0.216_SE_reference_AE_historical",1,7250,"Full",2029,1000,0,0.003,14403.3710800759,10228.3087644548,19478.8178416161,0.508,3346.79974045479,0,0,9535.71388005237
3,"Fcap_1.00_Besc_7250_sigmaR_0.216_SE_reference_AE_historical",1,7250,"Full",2030,1000,0,0,14419.3865223627,10366.1373891408,19976.5064014154,0.52,3278.1685653154,0,0,9307.76798778666
3,"Fcap_1.00_Besc_7250_sigmaR_0.216_SE_reference_AE_historical",1,7250,"Full",2031,1000,0,0,14358.2488117313,10488.4473604994,19326.0863324762,0.517,3219.85751913132,0,0,9419.74243650968
3,"Fcap_1.00_Besc_7250_sigmaR_0.216_SE_reference_AE_historical",1,7250,"Full",2032,1000,0,0,14485.4425763584,10460.536740048,19657.4892746224,0.52,3312.51617460306,0,0,9720.33052693635
3,"Fcap_1.00_Besc_7250_sigmaR_0.216_SE_reference_AE_historical",1,7250,"Full",2033,1000,0,0.002,14491.2486922892,10590.1503778746,19759.0470131171,0.494,3483.53159915959,650.559224669699,0,10387.0363402059
3,"Fcap_1.00_Besc_7250_sigmaR_0.216_SE_reference_AE_historical",1,7250,"Full",2034,1000,0,0.001,14540.1283584721,10659.7451192036,20019.9690332653,0.509,3423.00354170269,0,0,9990.21123615778
3,"Fcap_1.00_Besc_7250_sigmaR_0.216_SE_reference_AE_historical",1,7250,"Full",2035,1000,0,0.001,14392.8826058169,10530.3735876194,19971.4065586899,0.511,3297.57255120397,0,0,9165.53127835183
3,"Fcap_1.00_Besc_7250_sigmaR_0.216_SE_reference_AE_historical",1,7250,"Full",2036,1000,0,0,14438.5545291746,10503.7407595358,19591.7022021622,0.496,3356.36548264219,156.895999208499,0,9638.09142793786
3,"Fcap_1.00_Besc_7250_sigmaR_0.216_SE_reference_AE_historical",1,7250,"Full",2037,1000,0,0.001,14404.6960986985,10717.0431741276,19292.5783535957,0.526,3068.07604692356,0,0,8594.0037726483
3,"Fcap_1.00_Besc_7250_sigmaR_0.216_SE_reference_AE_historical",1,7250,"Full",2038,1000,0,0,14329.9679690024,10532.1163407863,19754.8218363389,0.49,3438.25004852872,863.502572791942,0,9586.45555104305
3,"Fcap_1.00_Besc_7250_sigmaR_0.216_SE_reference_AE_historical",1,7250,"Full",2039,1000,0,0,14441.3681790663,10222.2107787646,19661.9696081161,0.507,3427.91248707574,0,0,9636.42606476774
3,"Fcap_1.00_Besc_7250_sigmaR_0.216_SE_reference_AE_historical",1,7250,"Full",2040,1000,0,0.001,14387.1771750179,10655.1998581844,20086.1365929439,0.508,3240.68111750599,0,0,8996.57464159727
3,"Fcap_1.00_Besc_7250_sigmaR_0.216_SE_reference_AE_historical",1,7250,"Full",2041,1000,0,0.001,14528.1511803707,10562.6239736995,19651.6226891762,0.491,3430.80775526176,901.0609621553,0,9304.23439289947
3,"Fcap_1.00_Besc_7250_sigmaR_0.216_SE_reference_AE_historical",1,7250,"Full",2042,1000,0,0,14476.2956432928,10407.2446895203,19774.1938428962,0.494,3415.13637577982,727.898103101167,0,9566.50027780573
3,"Fcap_1.00_Besc_7250_sigmaR_0.216_SE_reference_AE_historical",1,7250,"Full",2043,1000,0,0,14359.9425216348,10500.8982201343,19352.5188443982,0.512,3197.1758494354,0,0,9020.58189468694
3,"Fcap_1.00_Besc_7250_sigmaR_0.216_SE_reference_AE_historical",1,7250,"Full",2044,1000,0,0.001,14442.7703001026,10560.5950861291,19763.9059677448,0.484,3385.86359457893,1104.84851964677,0,8858.90065613788
3,"Fcap_1.00_Besc_7250_sigmaR_0.216_SE_reference_AE_historical",1,7250,"Full",2045,1000,0,0,14354.7404665171,10651.7615345184,19673.7445452129,0.498,3481.79211510313,514.137028179194,0,9605.01652953729
3,"Fcap_1.00_Besc_7250_sigmaR_0.216_SE_reference_AE_historical",1,7250,"Full",2046,1000,0,0.003,14395.2729524846,10500.5654457614,19583.4053822639,0.514,3249.26904421041,0,0,8863.91025916642
3,"Fcap_1.00_Besc_7250_sigmaR_0.216_SE_reference_AE_historical",1,7250,"Full",2047,1000,0,0.002,14612.4412552819,11049.1235265857,20446.9048045791,0.491,3553.68400250433,1904.13660541799,0,10270.1174933898
3,"Fcap_1.00_Besc_7250_sigmaR_0.216_SE_reference_AE_historical",1,7250,"Full",2048,1000,0,0.001,14544.9839083097,10343.5687601242,19902.075303733,0.487,3550.40455045221,2049.63066186643,0,9538.59600722194
3,"Fcap_1.00_Besc_7250_sigmaR_0.216_SE_reference_AE_historical",1,7250,"Full",2049,1000,0,0.003,14274.5515544898,10490.0083576731,19780.0587784794,0.527,3112.71444693952,0,0,8738.02900371943
3,"Fcap_1.00_Besc_7250_sigmaR_0.216_SE_reference_AE_historical",1,7250,"Full",2050,1000,0,0,14698.9041094841,10560.2992184838,20234.3837890827,0.477,3633.54542482673,3520.9308339639,0,9353.18030019436
3,"Fcap_1.00_Besc_7250_sigmaR_0.216_SE_reference_AE_historical",1,7250,"Full",2051,1000,0,0,14505.7375918619,10649.6059971079,20058.9861263251,0.499,3392.28120734742,153.674389368448,0,9204.20207444064
3,"Fcap_1.00_Besc_7250_sigmaR_0.216_SE_reference_AE_historical",1,7250,"Full",2052,1000,0,0,14449.4679817774,10682.0303788352,20161.5714040905,0.484,3614.59539014145,3361.68733472786,0,10282.1266710592
3,"Fcap_1.00_Besc_7250_sigmaR_0.216_SE_reference_AE_historical",1,7250,"Full",2053,1000,0,0.001,14371.9474053382,10467.4638284183,20201.4991755125,0.515,3310.61948775059,0,0,9411.13873398949
3,"Fcap_1.00_Besc_7250_sigmaR_0.216_SE_reference_AE_historical",1,7250,"Full",2054,1000,0,0,14415.9050302468,10466.2723960851,19825.1115666259,0.482,3334.47494093258,1269.62883618561,0,8574.35844637656
4,"Fcap_1.00_Besc_8000_sigmaR_0.216_SE_reference_AE_historical",1,8000,"Short",2025,1000,0,0,14013.9318439866,12305.2280290798,17214.2312451144,0.824,1033.58239475576,0,0,7316.92725200509
4,"Fcap_1.00_Besc_8000_sigmaR_0.216_SE_reference_AE_historical",1,8000,"Short",2026,1000,0,0,15225.91312212,11584.6296922827,20463.0781415461,0.528,3243.9178262077,0,0,9004.9919232953
4,"Fcap_1.00_Besc_8000_sigmaR_0.216_SE_reference_AE_historical",1,8000,"Short",2027,1000,0,0,15065.8503505445,10741.9014848371,20560.7049137631,0.632,2501.54419488423,0,0,8690.20085479331
4,"Fcap_1.00_Besc_8000_sigmaR_0.216_SE_reference_AE_historical",1,8000,"Short",2028,1000,0,0,15131.4824867433,11158.6327290427,20023.2799530844,0.598,3304.31148609354,0,0,12972.190665403
4,"Fcap_1.00_Besc_8000_sigmaR_0.216_SE_reference_AE_historical",1,8000,"Short",2029,1000,0,0.004,14779.2381277749,10296.8133911613,20024.9341836369,0.64,2864.42018523013,0,0,11078.3501324055
4,"Fcap_1.00_Besc_8000_sigmaR_0.216_SE_reference_AE_historical",1,8000,"Short",2030,1000,0,0,14819.4736208056,10550.7093946912,20109.2898474307,0.634,2804.75343161413,0,0,10599.3539140921
4,"Fcap_1.00_Besc_8000_sigmaR_0.216_SE_reference_AE_historical",1,8000,"Short",2031,1000,0,0,14748.6297717767,10705.2791738611,19751.7402851226,0.653,2679.49636329009,0,0,11312.6512570469
4,"Fcap_1.00_Besc_8000_sigmaR_0.216_SE_reference_AE_historical",1,8000,"Short",2032,1000,0,0,14867.1428921174,10526.5016984041,19961.4220608799,0.632,2801.27811252176,0,0,10794.0153039389
4,"Fcap_1.00_Besc_8000_sigmaR_0.216_SE_reference_AE_historical",1,8000,"Short",2033,1000,0,0.002,14950.7168369651,10743.0906377204,20283.4525979302,0.617,3044.63893624007,0,0,12942.7520345071
4,"Fcap_1.00_Besc_8000_sigmaR_0.216_SE_reference_AE_historical",1,8000,"Short",2034,1000,0,0,14922.2050141201,10754.1970019632,20447.22156094,0.631,2933.37943172089,0,0,11893.2333159311
4,"Fcap_1.00_Besc_8000_sigmaR_0.216_SE_reference_AE_historical",1,8000,"Medium",2035,1000,0,0.001,14858.0607075383,10369.457320119,20325.5028579881,0.612,2898.93672246086,0,0,11700.3043822378
4,"Fcap_1.00_Besc_8000_sigmaR_0.216_SE_reference_AE_historical",1,8000,"Medium",2036,1000,0,0,14938.0199536858,10386.841506299,19809.6889066344,0.619,2891.67235330797,0,0,12075.8705376459
4,"Fcap_1.00_Besc_8000_sigmaR_0.216_SE_reference_AE_historical",1,8000,"Medium",2037,1000,0,0.001,14792.6613899026,10763.0467855208,19624.463359835,0.649,2545.33639485079,0,0,9898.37098110898
4,"Fcap_1.00_Besc_8000_sigmaR_0.216_SE_reference_AE_historical",1,8000,"Medium",2038,1000,0,0.001,14792.1120902074,10786.9435913896,20365.3661350533,0.634,2788.77012686497,0,0,10581.743184184
4,"Fcap_1.00_Besc_8000_sigmaR_0.216_SE_reference_AE_historical",1,8000,"Medium",2039,1000,0,0,14983.9505044826,10745.9516437682,20053.0365034032,0.625,2864.65405395695,0,0,11879.9669054268
4,"Fcap_1.00_Besc_8000_sigmaR_0.216_SE_reference_AE_historical",1,8000,"Medium",2040,1000,0,0,14907.2763644749,10835.7510358955,20574.1748789844,0.636,2783.75321510684,0,0,12269.9956265798
4,"Fcap_1.00_Besc_8000_sigmaR_0.216_SE_reference_AE_historical",1,8000,"Medium",2041,1000,0,0.001,15031.6202248926,10498.3696757272,20027.9459062655,0.596,3047.94360668034,0,0,11859.2013510599
4,"Fcap_1.00_Besc_8000_sigmaR_0.216_SE_reference_AE_historical",1,8000,"Medium",2042,1000,0,0,14971.9721878577,10410.0728399061,20168.3393440828,0.621,2866.78474554389,0,0,10925.9329950548
4,"Fcap_1.00_Besc_8000_sigmaR_0.216_SE_reference_AE_historical",1,8000,"Medium",2043,1000,0,0.001,14799.5986375827,10724.8881716158,19693.2996193602,0.654,2650.61121570633,0,0,12057.3146598817
4,"Fcap_1.00_Besc_8000_sigmaR_0.216_SE_reference_AE_historical",1,8000,"Medium",2044,1000,0,0.001,14901.5752704441,10625.0337990111,20259.9480301685,0.618,2942.15461030609,0,0,11546.4754667064
4,"Fcap_1.00_Besc_8000_sigmaR_0.216_SE_reference_AE_historical",1,8000,"Long",2045,1000,0,0,14837.2813717127,10529.586280047,20237.0978444109,0.618,2955.86261022542,0,0,12575.9088957614
4,"Fcap_1.00_Besc_8000_sigmaR_0.216_SE_reference_AE_historical",1,8000,"Long",2046,1000,0,0.002,14869.2631725977,10772.2845442234,19919.7409563008,0.629,2783.11241882982,0,0,10775.2155714563
4,"Fcap_1.00_Besc_8000_sigmaR_0.216_SE_reference_AE_historical",1,8000,"Long",2047,1000,0,0.002,14971.4041582596,11210.3445161217,20921.4933632936,0.607,2980.74505981185,0,0,11966.9078508312
4,"Fcap_1.00_Besc_8000_sigmaR_0.216_SE_reference_AE_historical",1,8000,"Long",2048,1000,0,0.001,15131.6298898253,10810.2822292314,20400.5216682604,0.613,2973.57761511516,0,0,11791.1339089748
4,"Fcap_1.00_Besc_8000_sigmaR_0.216_SE_reference_AE_historical",1,8000,"Long",2049,1000,0,0.001,14670.8363581929,10718.2319076779,20249.9707097911,0.64,2676.8340282526,0,0,9827.85832388544
4,"Fcap_1.00_Besc_8000_sigmaR_0.216_SE_reference_AE_historical",1,8000,"Long",2050,1000,0,0,15182.5341951155,10879.1251737799,20955.9404668806,0.579,3257.68734834729,0,0,12798.7676492
4,"Fcap_1.00_Besc_8000_sigmaR_0.216_SE_reference_AE_historical",1,8000,"Long",2051,1000,0,0,14919.0341510871,10761.4372663253,20336.0540276795,0.613,2988.81233750575,0,0,11909.6695704705
4,"Fcap_1.00_Besc_8000_sigmaR_0.216_SE_reference_AE_historical",1,8000,"Long",2052,1000,0,0,14945.0371416065,10742.2338787394,20482.298179309,0.608,3016.39532653811,0,0,11440.5796160312
4,"Fcap_1.00_Besc_8000_sigmaR_0.216_SE_reference_AE_historical",1,8000,"Long",2053,1000,0,0.001,14909.8302670661,10635.7574434115,20750.1710427314,0.617,2897.09551169481,0,0,11311.7353245317
4,"Fcap_1.00_Besc_8000_sigmaR_0.216_SE_reference_AE_historical",1,8000,"Long",2054,1000,0,0,14888.9304117406,10642.6191809131,20265.2493183672,0.623,2745.3006486128,0,0,9812.16121508592
4,"Fcap_1.00_Besc_8000_sigmaR_0.216_SE_reference_AE_historical",1,8000,"Full",2025,1000,0,0,14013.9318439866,12305.2280290798,17214.2312451144,0.824,1033.58239475576,0,0,7316.92725200509
4,"Fcap_1.00_Besc_8000_sigmaR_0.216_SE_reference_AE_historical",1,8000,"Full",2026,1000,0,0,15225.91312212,11584.6296922827,20463.0781415461,0.528,3243.9178262077,0,0,9004.9919232953
4,"Fcap_1.00_Besc_8000_sigmaR_0.216_SE_reference_AE_historical",1,8000,"Full",2027,1000,0,0,15065.8503505445,10741.9014848371,20560.7049137631,0.632,2501.54419488423,0,0,8690.20085479331
4,"Fcap_1.00_Besc_8000_sigmaR_0.216_SE_reference_AE_historical",1,8000,"Full",2028,1000,0,0,15131.4824867433,11158.6327290427,20023.2799530844,0.598,3304.31148609354,0,0,12972.190665403
4,"Fcap_1.00_Besc_8000_sigmaR_0.216_SE_reference_AE_historical",1,8000,"Full",2029,1000,0,0.004,14779.2381277749,10296.8133911613,20024.9341836369,0.64,2864.42018523013,0,0,11078.3501324055
4,"Fcap_1.00_Besc_8000_sigmaR_0.216_SE_reference_AE_historical",1,8000,"Full",2030,1000,0,0,14819.4736208056,10550.7093946912,20109.2898474307,0.634,2804.75343161413,0,0,10599.3539140921
4,"Fcap_1.00_Besc_8000_sigmaR_0.216_SE_reference_AE_historical",1,8000,"Full",2031,1000,0,0,14748.6297717767,10705.2791738611,19751.7402851226,0.653,2679.49636329009,0,0,11312.6512570469
4,"Fcap_1.00_Besc_8000_sigmaR_0.216_SE_reference_AE_historical",1,8000,"Full",2032,1000,0,0,14867.1428921174,10526.5016984041,19961.4220608799,0.632,2801.27811252176,0,0,10794.0153039389
4,"Fcap_1.00_Besc_8000_sigmaR_0.216_SE_reference_AE_historical",1,8000,"Full",2033,1000,0,0.002,14950.7168369651,10743.0906377204,20283.4525979302,0.617,3044.63893624007,0,0,12942.7520345071
4,"Fcap_1.00_Besc_8000_sigmaR_0.216_SE_reference_AE_historical",1,8000,"Full",2034,1000,0,0,14922.2050141201,10754.1970019632,20447.22156094,0.631,2933.37943172089,0,0,11893.2333159311
4,"Fcap_1.00_Besc_8000_sigmaR_0.216_SE_reference_AE_historical",1,8000,"Full",2035,1000,0,0.001,14858.0607075383,10369.457320119,20325.5028579881,0.612,2898.93672246086,0,0,11700.3043822378
4,"Fcap_1.00_Besc_8000_sigmaR_0.216_SE_reference_AE_historical",1,8000,"Full",2036,1000,0,0,14938.0199536858,10386.841506299,19809.6889066344,0.619,2891.67235330797,0,0,12075.8705376459
4,"Fcap_1.00_Besc_8000_sigmaR_0.216_SE_reference_AE_historical",1,8000,"Full",2037,1000,0,0.001,14792.6613899026,10763.0467855208,19624.463359835,0.649,2545.33639485079,0,0,9898.37098110898
4,"Fcap_1.00_Besc_8000_sigmaR_0.216_SE_reference_AE_historical",1,8000,"Full",2038,1000,0,0.001,14792.1120902074,10786.9435913896,20365.3661350533,0.634,2788.77012686497,0,0,10581.743184184
4,"Fcap_1.00_Besc_8000_sigmaR_0.216_SE_reference_AE_historical",1,8000,"Full",2039,1000,0,0,14983.9505044826,10745.9516437682,20053.0365034032,0.625,2864.65405395695,0,0,11879.9669054268
4,"Fcap_1.00_Besc_8000_sigmaR_0.216_SE_reference_AE_historical",1,8000,"Full",2040,1000,0,0,14907.2763644749,10835.7510358955,20574.1748789844,0.636,2783.75321510684,0,0,12269.9956265798
4,"Fcap_1.00_Besc_8000_sigmaR_0.216_SE_reference_AE_historical",1,8000,"Full",2041,1000,0,0.001,15031.6202248926,10498.3696757272,20027.9459062655,0.596,3047.94360668034,0,0,11859.2013510599
4,"Fcap_1.00_Besc_8000_sigmaR_0.216_SE_reference_AE_historical",1,8000,"Full",2042,1000,0,0,14971.9721878577,10410.0728399061,20168.3393440828,0.621,2866.78474554389,0,0,10925.9329950548
4,"Fcap_1.00_Besc_8000_sigmaR_0.216_SE_reference_AE_historical",1,8000,"Full",2043,1000,0,0.001,14799.5986375827,10724.8881716158,19693.2996193602,0.654,2650.61121570633,0,0,12057.3146598817
4,"Fcap_1.00_Besc_8000_sigmaR_0.216_SE_reference_AE_historical",1,8000,"Full",2044,1000,0,0.001,14901.5752704441,10625.0337990111,20259.9480301685,0.618,2942.15461030609,0,0,11546.4754667064
4,"Fcap_1.00_Besc_8000_sigmaR_0.216_SE_reference_AE_historical",1,8000,"Full",2045,1000,0,0,14837.2813717127,10529.586280047,20237.0978444109,0.618,2955.86261022542,0,0,12575.9088957614
4,"Fcap_1.00_Besc_8000_sigmaR_0.216_SE_reference_AE_historical",1,8000,"Full",2046,1000,0,0.002,14869.2631725977,10772.2845442234,19919.7409563008,0.629,2783.11241882982,0,0,10775.2155714563
4,"Fcap_1.00_Besc_8000_sigmaR_0.216_SE_reference_AE_historical",1,8000,"Full",2047,1000,0,0.002,14971.4041582596,11210.3445161217,20921.4933632936,0.607,2980.74505981185,0,0,11966.9078508312
4,"Fcap_1.00_Besc_8000_sigmaR_0.216_SE_reference_AE_historical",1,8000,"Full",2048,1000,0,0.001,15131.6298898253,10810.2822292314,20400.5216682604,0.613,2973.57761511516,0,0,11791.1339089748
4,"Fcap_1.00_Besc_8000_sigmaR_0.216_SE_reference_AE_historical",1,8000,"Full",2049,1000,0,0.001,14670.8363581929,10718.2319076779,20249.9707097911,0.64,2676.8340282526,0,0,9827.85832388544
4,"Fcap_1.00_Besc_8000_sigmaR_0.216_SE_reference_AE_historical",1,8000,"Full",2050,1000,0,0,15182.5341951155,10879.1251737799,20955.9404668806,0.579,3257.68734834729,0,0,12798.7676492
4,"Fcap_1.00_Besc_8000_sigmaR_0.216_SE_reference_AE_historical",1,8000,"Full",2051,1000,0,0,14919.0341510871,10761.4372663253,20336.0540276795,0.613,2988.81233750575,0,0,11909.6695704705
4,"Fcap_1.00_Besc_8000_sigmaR_0.216_SE_reference_AE_historical",1,8000,"Full",2052,1000,0,0,14945.0371416065,10742.2338787394,20482.298179309,0.608,3016.39532653811,0,0,11440.5796160312
4,"Fcap_1.00_Besc_8000_sigmaR_0.216_SE_reference_AE_historical",1,8000,"Full",2053,1000,0,0.001,14909.8302670661,10635.7574434115,20750.1710427314,0.617,2897.09551169481,0,0,11311.7353245317
4,"Fcap_1.00_Besc_8000_sigmaR_0.216_SE_reference_AE_historical",1,8000,"Full",2054,1000,0,0,14888.9304117406,10642.6191809131,20265.2493183672,0.623,2745.3006486128,0,0,9812.16121508592
5,"Fcap_1.25_Besc_5000_sigmaR_0.216_SE_reference_AE_historical",1.25,5000,"Short",2025,1000,0,0,13329.5251431797,11672.8421752146,16415.8149464677,0.076,6025.76000803237,6279.64778985462,0,8803.02402855261
5,"Fcap_1.25_Besc_5000_sigmaR_0.216_SE_reference_AE_historical",1.25,5000,"Short",2026,1000,0,0,12729.8354387627,9428.53697059434,18481.4400422443,0.172,5426.33416648908,6074.88367389921,0,9268.80573684271
5,"Fcap_1.25_Besc_5000_sigmaR_0.216_SE_reference_AE_historical",1.25,5000,"Short",2027,1000,0,0,12891.7716243313,9400.39772902951,18574.7789051967,0.165,5509.40280976162,6205.98739597566,0,9370.12269301394
5,"Fcap_1.25_Besc_5000_sigmaR_0.216_SE_reference_AE_historical",1.25,5000,"Short",2028,1000,0,0,12899.407484811,9378.04018504033,18162.3542385773,0.18,5414.34504999362,6158.89871229933,0,9103.65503380346
5,"Fcap_1.25_Besc_5000_sigmaR_0.216_SE_reference_AE_historical",1.25,5000,"Short",2029,1000,0,0.001,12728.7940487769,9227.28774512378,18118.0585062468,0.183,5352.14324283085,6086.18674688068,0,9208.16219809352
5,"Fcap_1.25_Besc_5000_sigmaR_0.216_SE_reference_AE_historical",1.25,5000,"Short",2030,1000,0,0,12724.2528557841,9350.90660130459,18315.0786552355,0.174,5293.3648999565,5954.61445291724,0,9122.27882080976
5,"Fcap_1.25_Besc_5000_sigmaR_0.216_SE_reference_AE_historical",1.25,5000,"Short",2031,1000,0,0,12680.7415720336,9481.01804826698,17894.8412025049,0.182,5164.43718704123,5880.78765026011,0,8880.07618205988
5,"Fcap_1.25_Besc_5000_sigmaR_0.216_SE_reference_AE_historical",1.25,5000,"Short",2032,1000,0,0.001,12886.004801638,9416.60237874124,17955.076869575,0.182,5303.04211587444,6046.13475680166,0,8936.27261442053
5,"Fcap_1.25_Besc_5000_sigmaR_0.216_SE_reference_AE_historical",1.25,5000,"Short",2033,1000,0,0.001,12875.0399305103,9460.57588158538,18367.3559245717,0.154,5421.20944825522,5930.44071947241,0,9111.45517614378
5,"Fcap_1.25_Besc_5000_sigmaR_0.216_SE_reference_AE_historical",1.25,5000,"Short",2034,1000,0,0.002,12959.7212749846,9614.76997246301,18088.4131132877,0.155,5431.3183646655,5965.83953633625,0,9044.36928485445
5,"Fcap_1.25_Besc_5000_sigmaR_0.216_SE_reference_AE_historical",1.25,5000,"Medium",2035,1000,0,0,12767.1212349902,9497.52282097701,18091.6000195232,0.169,5264.61586226013,5941.39472944362,0,8935.15628934855
5,"Fcap_1.25_Besc_5000_sigmaR_0.216_SE_reference_AE_historical",1.25,5000,"Medium",2036,1000,0,0,12765.2407821258,9504.64085013775,17992.680646462,0.167,5304.92096583955,5942.99294761888,0,8810.07910764843
5,"Fcap_1.25_Besc_5000_sigmaR_0.216_SE_reference_AE_historical",1.25,5000,"Medium",2037,1000,0,0.001,12844.62715591,9630.38052714586,17417.7101237151,0.17,5274.11905207959,6030.69787558851,0,8796.80734742779
5,"Fcap_1.25_Besc_5000_sigmaR_0.216_SE_reference_AE_historical",1.25,5000,"Medium",2038,1000,0,0,12733.1955426661,9386.67777454823,18072.7546532751,0.176,5255.44987980188,5933.30913246079,0,9017.23973469276
5,"Fcap_1.25_Besc_5000_sigmaR_0.216_SE_reference_AE_historical",1.25,5000,"Medium",2039,1000,0,0,12906.0419955066,9369.26572685763,18044.5746159276,0.178,5317.6967329698,5996.17405839016,0,9008.35023539259
5,"Fcap_1.25_Besc_5000_sigmaR_0.216_SE_reference_AE_historical",1.25,5000,"Medium",2040,1000,0,0,12772.3932813778,9658.56549156824,18336.5041755933,0.162,5324.34189537618,6027.8124561218,0,8994.11003015566
5,"Fcap_1.25_Besc_5000_sigmaR_0.216_SE_reference_AE_historical",1.25,5000,"Medium",2041,1000,0,0,12832.3310913468,9486.93148381982,18346.803690216,0.172,5386.21619141049,6012.47696827239,0,9060.07648722437
5,"Fcap_1.25_Besc_5000_sigmaR_0.216_SE_reference_AE_historical",1.25,5000,"Medium",2042,1000,0,0.001,12857.8309766812,9418.10514253053,18138.245660769,0.185,5261.8842694982,6013.96724163367,0,9015.57292783743
5,"Fcap_1.25_Besc_5000_sigmaR_0.216_SE_reference_AE_historical",1.25,5000,"Medium",2043,1000,0,0.001,12652.2537601144,9535.96072035797,17699.3266580458,0.163,5282.26415764103,5912.10386554477,0,8843.78098790337
5,"Fcap_1.25_Besc_5000_sigmaR_0.216_SE_reference_AE_historical",1.25,5000,"Medium",2044,1000,0,0,12780.6233049232,9418.90844822351,18144.3691642575,0.166,5306.88707973096,5950.69464149094,0,8884.17516857079
5,"Fcap_1.25_Besc_5000_sigmaR_0.216_SE_reference_AE_historical",1.25,5000,"Long",2045,1000,0,0,12871.6898085816,9470.57438708816,18165.2824046544,0.161,5374.52041185561,6015.55754386951,0,8925.64370949593
5,"Fcap_1.25_Besc_5000_sigmaR_0.216_SE_reference_AE_historical",1.25,5000,"Long",2046,1000,0,0,12741.031539825,9518.63965387342,18202.5043616725,0.172,5291.96644244223,5890.10454494053,0,9026.67832234628
5,"Fcap_1.25_Besc_5000_sigmaR_0.216_SE_reference_AE_historical",1.25,5000,"Long",2047,1000,0,0,12938.1402405637,9645.01841582068,18831.1545482537,0.16,5479.81885163315,6046.66579409974,0,9179.52958050964
5,"Fcap_1.25_Besc_5000_sigmaR_0.216_SE_reference_AE_historical",1.25,5000,"Long",2048,1000,0,0,12941.7847019243,9324.79665101772,18352.9918185345,0.174,5307.06376664208,6011.12248856804,0,9077.57147148971
5,"Fcap_1.25_Besc_5000_sigmaR_0.216_SE_reference_AE_historical",1.25,5000,"Long",2049,1000,0,0,12746.4923662542,9472.15300530327,18321.9032912738,0.191,5227.72928186544,5924.56501965718,0,9150.22427707217
5,"Fcap_1.25_Besc_5000_sigmaR_0.216_SE_reference_AE_historical",1.25,5000,"Long",2050,1000,0,0.001,13099.0290417292,9380.32439634254,18925.5909913216,0.15,5541.74639073423,6149.92235994527,0,9204.70292255336
5,"Fcap_1.25_Besc_5000_sigmaR_0.216_SE_reference_AE_historical",1.25,5000,"Long",2051,1000,0,0,12918.0369397841,9384.61872580393,18362.3946177719,0.154,5373.64012379437,5976.63238568391,0,9077.48052325466
5,"Fcap_1.25_Besc_5000_sigmaR_0.216_SE_reference_AE_historical",1.25,5000,"Long",2052,1000,0,0,12933.8191898754,9523.07879210286,18418.1533018764,0.161,5401.68039344117,6070.77166021731,0,9067.75570461082
5,"Fcap_1.25_Besc_5000_sigmaR_0.216_SE_reference_AE_historical",1.25,5000,"Long",2053,1000,0,0.001,12803.599063501,9479.58744559093,18627.5712486388,0.161,5405.74978831442,5966.23934074995,0,9263.240206252
5,"Fcap_1.25_Besc_5000_sigmaR_0.216_SE_reference_AE_historical",1.25,5000,"Long",2054,1000,0,0.003,12749.4865203494,9298.80455211338,18090.5074269856,0.17,5278.63745231271,5908.62785555394,0,8829.22537093348
5,"Fcap_1.25_Besc_5000_sigmaR_0.216_SE_reference_AE_historical",1.25,5000,"Full",2025,1000,0,0,13329.5251431797,11672.8421752146,16415.8149464677,0.076,6025.76000803237,6279.64778985462,0,8803.02402855261
5,"Fcap_1.25_Besc_5000_sigmaR_0.216_SE_reference_AE_historical",1.25,5000,"Full",2026,1000,0,0,12729.8354387627,9428.53697059434,18481.4400422443,0.172,5426.33416648908,6074.88367389921,0,9268.80573684271
5,"Fcap_1.25_Besc_5000_sigmaR_0.216_SE_reference_AE_historical",1.25,5000,"Full",2027,1000,0,0,12891.7716243313,9400.39772902951,18574.7789051967,0.165,5509.40280976162,6205.98739597566,0,9370.12269301394
5,"Fcap_1.25_Besc_5000_sigmaR_0.216_SE_reference_AE_historical",1.25,5000,"Full",2028,1000,0,0,12899.407484811,9378.04018504033,18162.3542385773,0.18,5414.34504999362,6158.89871229933,0,9103.65503380346
5,"Fcap_1.25_Besc_5000_sigmaR_0.216_SE_reference_AE_historical",1.25,5000,"Full",2029,1000,0,0.001,12728.7940487769,9227.28774512378,18118.0585062468,0.183,5352.14324283085,6086.18674688068,0,9208.16219809352
5,"Fcap_1.25_Besc_5000_sigmaR_0.216_SE_reference_AE_historical",1.25,5000,"Full",2030,1000,0,0,12724.2528557841,9350.90660130459,18315.0786552355,0.174,5293.3648999565,5954.61445291724,0,9122.27882080976
5,"Fcap_1.25_Besc_5000_sigmaR_0.216_SE_reference_AE_historical",1.25,5000,"Full",2031,1000,0,0,12680.7415720336,9481.01804826698,17894.8412025049,0.182,5164.43718704123,5880.78765026011,0,8880.07618205988
5,"Fcap_1.25_Besc_5000_sigmaR_0.216_SE_reference_AE_historical",1.25,5000,"Full",2032,1000,0,0.001,12886.004801638,9416.60237874124,17955.076869575,0.182,5303.04211587444,6046.13475680166,0,8936.27261442053
5,"Fcap_1.25_Besc_5000_sigmaR_0.216_SE_reference_AE_historical",1.25,5000,"Full",2033,1000,0,0.001,12875.0399305103,9460.57588158538,18367.3559245717,0.154,5421.20944825522,5930.44071947241,0,9111.45517614378
5,"Fcap_1.25_Besc_5000_sigmaR_0.216_SE_reference_AE_historical",1.25,5000,"Full",2034,1000,0,0.002,12959.7212749846,9614.76997246301,18088.4131132877,0.155,5431.3183646655,5965.83953633625,0,9044.36928485445
5,"Fcap_1.25_Besc_5000_sigmaR_0.216_SE_reference_AE_historical",1.25,5000,"Full",2035,1000,0,0,12767.1212349902,9497.52282097701,18091.6000195232,0.169,5264.61586226013,5941.39472944362,0,8935.15628934855
5,"Fcap_1.25_Besc_5000_sigmaR_0.216_SE_reference_AE_historical",1.25,5000,"Full",2036,1000,0,0,12765.2407821258,9504.64085013775,17992.680646462,0.167,5304.92096583955,5942.99294761888,0,8810.07910764843
5,"Fcap_1.25_Besc_5000_sigmaR_0.216_SE_reference_AE_historical",1.25,5000,"Full",2037,1000,0,0.001,12844.62715591,9630.38052714586,17417.7101237151,0.17,5274.11905207959,6030.69787558851,0,8796.80734742779
5,"Fcap_1.25_Besc_5000_sigmaR_0.216_SE_reference_AE_historical",1.25,5000,"Full",2038,1000,0,0,12733.1955426661,9386.67777454823,18072.7546532751,0.176,5255.44987980188,5933.30913246079,0,9017.23973469276
5,"Fcap_1.25_Besc_5000_sigmaR_0.216_SE_reference_AE_historical",1.25,5000,"Full",2039,1000,0,0,12906.0419955066,9369.26572685763,18044.5746159276,0.178,5317.6967329698,5996.17405839016,0,9008.35023539259
5,"Fcap_1.25_Besc_5000_sigmaR_0.216_SE_reference_AE_historical",1.25,5000,"Full",2040,1000,0,0,12772.3932813778,9658.56549156824,18336.5041755933,0.162,5324.34189537618,6027.8124561218,0,8994.11003015566
5,"Fcap_1.25_Besc_5000_sigmaR_0.216_SE_reference_AE_historical",1.25,5000,"Full",2041,1000,0,0,12832.3310913468,9486.93148381982,18346.803690216,0.172,5386.21619141049,6012.47696827239,0,9060.07648722437
5,"Fcap_1.25_Besc_5000_sigmaR_0.216_SE_reference_AE_historical",1.25,5000,"Full",2042,1000,0,0.001,12857.8309766812,9418.10514253053,18138.245660769,0.185,5261.8842694982,6013.96724163367,0,9015.57292783743
5,"Fcap_1.25_Besc_5000_sigmaR_0.216_SE_reference_AE_historical",1.25,5000,"Full",2043,1000,0,0.001,12652.2537601144,9535.96072035797,17699.3266580458,0.163,5282.26415764103,5912.10386554477,0,8843.78098790337
5,"Fcap_1.25_Besc_5000_sigmaR_0.216_SE_reference_AE_historical",1.25,5000,"Full",2044,1000,0,0,12780.6233049232,9418.90844822351,18144.3691642575,0.166,5306.88707973096,5950.69464149094,0,8884.17516857079
5,"Fcap_1.25_Besc_5000_sigmaR_0.216_SE_reference_AE_historical",1.25,5000,"Full",2045,1000,0,0,12871.6898085816,9470.57438708816,18165.2824046544,0.161,5374.52041185561,6015.55754386951,0,8925.64370949593
5,"Fcap_1.25_Besc_5000_sigmaR_0.216_SE_reference_AE_historical",1.25,5000,"Full",2046,1000,0,0,12741.031539825,9518.63965387342,18202.5043616725,0.172,5291.96644244223,5890.10454494053,0,9026.67832234628
5,"Fcap_1.25_Besc_5000_sigmaR_0.216_SE_reference_AE_historical",1.25,5000,"Full",2047,1000,0,0,12938.1402405637,9645.01841582068,18831.1545482537,0.16,5479.81885163315,6046.66579409974,0,9179.52958050964
5,"Fcap_1.25_Besc_5000_sigmaR_0.216_SE_reference_AE_historical",1.25,5000,"Full",2048,1000,0,0,12941.7847019243,9324.79665101772,18352.9918185345,0.174,5307.06376664208,6011.12248856804,0,9077.57147148971
5,"Fcap_1.25_Besc_5000_sigmaR_0.216_SE_reference_AE_historical",1.25,5000,"Full",2049,1000,0,0,12746.4923662542,9472.15300530327,18321.9032912738,0.191,5227.72928186544,5924.56501965718,0,9150.22427707217
5,"Fcap_1.25_Besc_5000_sigmaR_0.216_SE_reference_AE_historical",1.25,5000,"Full",2050,1000,0,0.001,13099.0290417292,9380.32439634254,18925.5909913216,0.15,5541.74639073423,6149.92235994527,0,9204.70292255336
5,"Fcap_1.25_Besc_5000_sigmaR_0.216_SE_reference_AE_historical",1.25,5000,"Full",2051,1000,0,0,12918.0369397841,9384.61872580393,18362.3946177719,0.154,5373.64012379437,5976.63238568391,0,9077.48052325466
5,"Fcap_1.25_Besc_5000_sigmaR_0.216_SE_reference_AE_historical",1.25,5000,"Full",2052,1000,0,0,12933.8191898754,9523.07879210286,18418.1533018764,0.161,5401.68039344117,6070.77166021731,0,9067.75570461082
5,"Fcap_1.25_Besc_5000_sigmaR_0.216_SE_reference_AE_historical",1.25,5000,"Full",2053,1000,0,0.001,12803.599063501,9479.58744559093,18627.5712486388,0.161,5405.74978831442,5966.23934074995,0,9263.240206252
5,"Fcap_1.25_Besc_5000_sigmaR_0.216_SE_reference_AE_historical",1.25,5000,"Full",2054,1000,0,0.003,12749.4865203494,9298.80455211338,18090.5074269856,0.17,5278.63745231271,5908.62785555394,0,8829.22537093348
6,"Fcap_1.25_Besc_6561_sigmaR_0.216_SE_reference_AE_historical",1.25,6561,"Short",2025,1000,0,0,13750.636974971,12102.5300681059,16542.1765322115,0.468,3438.01410754309,2299.74739334399,0,8775.42797416036
6,"Fcap_1.25_Besc_6561_sigmaR_0.216_SE_reference_AE_historical",1.25,6561,"Short",2026,1000,0,0,14019.2505756022,10392.3003079365,19391.4072063431,0.388,4570.1078729843,6221.33158097495,0,9885.94327314081
6,"Fcap_1.25_Besc_6561_sigmaR_0.216_SE_reference_AE_historical",1.25,6561,"Short",2027,1000,0,0,13812.5908774697,10035.9983612277,19490.1297408383,0.425,4160.79528446557,5368.16518696544,0,9886.72998276475
6,"Fcap_1.25_Besc_6561_sigmaR_0.216_SE_reference_AE_historical",1.25,6561,"Short",2028,1000,0,0,13951.1588404287,10216.075768645,18671.4440829622,0.407,4521.1417594883,5803.62433625804,0,10331.5941019991
6,"Fcap_1.25_Besc_6561_sigmaR_0.216_SE_reference_AE_historical",1.25,6561,"Short",2029,1000,0.001,0.003,13757.4733384893,9793.1463218161,18958.4755687021,0.437,4160.33579677835,5455.81536355844,0,10040.4455208325
6,"Fcap_1.25_Besc_6561_sigmaR_0.216_SE_reference_AE_historical",1.25,6561,"Short",2030,1000,0,0,13775.0511803545,9885.9066194167,19020.2032605952,0.432,4290.36205491724,5434.17267558817,0,10411.5278969605
6,"Fcap_1.25_Besc_6561_sigmaR_0.216_SE_reference_AE_historical",1.25,6561,"Short",2031,1000,0,0.001,13695.0977421962,9936.33210114456,18763.1448016359,0.442,4002.22787539361,4496.15387017607,0,9889.2444916745
6,"Fcap_1.25_Besc_6561_sigmaR_0.216_SE_reference_AE_historical",1.25,6561,"Short",2032,1000,0,0.002,13813.0173196718,9992.32167831371,18982.4741791648,0.433,4090.00769106561,5017.58800039086,0,9797.70319060693
6,"Fcap_1.25_Besc_6561_sigmaR_0.216_SE_reference_AE_historical",1.25,6561,"Short",2033,1000,0,0.001,13836.4907018307,10149.2713759538,19306.7957107156,0.408,4396.32856743523,5542.40313512992,0,10513.3748315586
6,"Fcap_1.25_Besc_6561_sigmaR_0.216_SE_reference_AE_historical",1.25,6561,"Short",2034,1000,0,0,13807.8214721057,10007.0571226737,19162.782715076,0.424,4364.27562091259,5674.66544039156,0,10064.0988820751
6,"Fcap_1.25_Besc_6561_sigmaR_0.216_SE_reference_AE_historical",1.25,6561,"Medium",2035,1000,0,0.002,13739.7745491893,10037.9687197203,18973.0009522149,0.444,4093.32977488709,5444.64873754444,0,10021.5226333282
6,"Fcap_1.25_Besc_6561_sigmaR_0.216_SE_reference_AE_historical",1.25,6561,"Medium",2036,1000,0,0,13778.5828853541,10153.0761009839,19147.8423079742,0.433,4108.97637461677,5426.38091769462,0,9726.0015775019
6,"Fcap_1.25_Besc_6561_sigmaR_0.216_SE_reference_AE_historical",1.25,6561,"Medium",2037,1000,0,0.001,13737.2199889063,10178.9132507512,18607.3427490709,0.42,4128.35476211425,5468.54644029988,0,9414.54573613215
6,"Fcap_1.25_Besc_6561_sigmaR_0.216_SE_reference_AE_historical",1.25,6561,"Medium",2038,1000,0,0.002,13701.9535509668,9967.34557747901,19068.2640462091,0.436,4171.54530349681,5457.59469188599,0,10029.9413317851
6,"Fcap_1.25_Besc_6561_sigmaR_0.216_SE_reference_AE_historical",1.25,6561,"Medium",2039,1000,0,0,13831.9966302734,9963.92045457598,19005.5659829965,0.441,4174.68001339991,5418.68041026741,0,9865.09028419044
6,"Fcap_1.25_Besc_6561_sigmaR_0.216_SE_reference_AE_historical",1.25,6561,"Medium",2040,1000,0,0,13791.3991452849,10312.5030353945,19212.256386698,0.418,4264.17906436401,5642.14182553058,0,9949.90028548852
6,"Fcap_1.25_Besc_6561_sigmaR_0.216_SE_reference_AE_historical",1.25,6561,"Medium",2041,1000,0,0.001,13896.190866614,10006.7553464034,18909.9988612489,0.415,4355.58709529467,5803.23212048475,0,9754.16958063849
6,"Fcap_1.25_Besc_6561_sigmaR_0.216_SE_reference_AE_historical",1.25,6561,"Medium",2042,1000,0,0.001,13695.5322640958,9960.96587687676,18983.3598909233,0.43,4206.6029451874,5380.41065604854,0,9740.84317010331
6,"Fcap_1.25_Besc_6561_sigmaR_0.216_SE_reference_AE_historical",1.25,6561,"Medium",2043,1000,0,0,13569.3234690507,10042.3709530329,18524.0618712408,0.434,4107.97573240825,5471.93796638508,0,9483.84128544232
6,"Fcap_1.25_Besc_6561_sigmaR_0.216_SE_reference_AE_historical",1.25,6561,"Medium",2044,1000,0.001,0.002,13706.4616741063,10133.773590292,19019.2550347619,0.426,4227.7427041849,5394.00893219682,0,9845.73591378659
6,"Fcap_1.25_Besc_6561_sigmaR_0.216_SE_reference_AE_historical",1.25,6561,"Long",2045,1000,0,0.001,13752.3813324975,10107.6593675887,18854.4986518318,0.421,4300.70648934885,5571.96282078479,0,10004.7579497686
6,"Fcap_1.25_Besc_6561_sigmaR_0.216_SE_reference_AE_historical",1.25,6561,"Long",2046,1000,0,0.002,13742.7404370482,10021.2490613613,19121.832881586,0.438,4156.06300435884,5443.72852865385,0,10013.1975929529
6,"Fcap_1.25_Besc_6561_sigmaR_0.216_SE_reference_AE_historical",1.25,6561,"Long",2047,1000,0,0,13956.7438059369,10392.786256154,19868.0124040377,0.403,4383.27315777154,5671.32711648339,0,10089.5236226092
6,"Fcap_1.25_Besc_6561_sigmaR_0.216_SE_reference_AE_historical",1.25,6561,"Long",2048,1000,0,0.002,13921.7129802206,9867.96722652733,19148.3714928377,0.409,4430.45477258284,5757.723055862,0,9897.89097906751
6,"Fcap_1.25_Besc_6561_sigmaR_0.216_SE_reference_AE_historical",1.25,6561,"Long",2049,1000,0,0,13575.3813216017,10041.2946601146,19038.9540901846,0.444,4009.81484606122,4729.58222107502,0,9945.48707866591
6,"Fcap_1.25_Besc_6561_sigmaR_0.216_SE_reference_AE_historical",1.25,6561,"Long",2050,1000,0,0.003,13912.3354285375,10216.3877438445,19234.5150900689,0.385,4629.18958073282,5966.7270124683,0,10587.3985063944
6,"Fcap_1.25_Besc_6561_sigmaR_0.216_SE_reference_AE_historical",1.25,6561,"Long",2051,1000,0,0.001,13733.1977176407,10029.7467855404,19212.1210218168,0.434,4231.26790083595,5477.84728021751,0,9995.29688387654
6,"Fcap_1.25_Besc_6561_sigmaR_0.216_SE_reference_AE_historical",1.25,6561,"Long",2052,1000,0,0,13796.5191564554,10256.7275554913,19275.1039608332,0.402,4431.74874848269,5759.14798975341,0,10050.6554803777
6,"Fcap_1.25_Besc_6561_sigmaR_0.216_SE_reference_AE_historical",1.25,6561,"Long",2053,1000,0,0.001,13776.9952886491,10079.0043775182,19249.4774324032,0.437,4118.80303228226,5105.42921398805,0,10244.967817926
6,"Fcap_1.25_Besc_6561_sigmaR_0.216_SE_reference_AE_historical",1.25,6561,"Long",2054,1000,0,0,13829.8200438716,10057.4726445659,19092.3734211767,0.411,4215.24119484351,5571.01506178479,0,9667.652630689
6,"Fcap_1.25_Besc_6561_sigmaR_0.216_SE_reference_AE_historical",1.25,6561,"Full",2025,1000,0,0,13750.636974971,12102.5300681059,16542.1765322115,0.468,3438.01410754309,2299.74739334399,0,8775.42797416036
6,"Fcap_1.25_Besc_6561_sigmaR_0.216_SE_reference_AE_historical",1.25,6561,"Full",2026,1000,0,0,14019.2505756022,10392.3003079365,19391.4072063431,0.388,4570.1078729843,6221.33158097495,0,9885.94327314081
6,"Fcap_1.25_Besc_6561_sigmaR_0.216_SE_reference_AE_historical",1.25,6561,"Full",2027,1000,0,0,13812.5908774697,10035.9983612277,19490.1297408383,0.425,4160.79528446557,5368.16518696544,0,9886.72998276475
6,"Fcap_1.25_Besc_6561_sigmaR_0.216_SE_reference_AE_historical",1.25,6561,"Full",2028,1000,0,0,13951.1588404287,10216.075768645,18671.4440829622,0.407,4521.1417594883,5803.62433625804,0,10331.5941019991
6,"Fcap_1.25_Besc_6561_sigmaR_0.216_SE_reference_AE_historical",1.25,6561,"Full",2029,1000,0.001,0.003,13757.4733384893,9793.1463218161,18958.4755687021,0.437,4160.33579677835,5455.81536355844,0,10040.4455208325
6,"Fcap_1.25_Besc_6561_sigmaR_0.216_SE_reference_AE_historical",1.25,6561,"Full",2030,1000,0,0,13775.0511803545,9885.9066194167,19020.2032605952,0.432,4290.36205491724,5434.17267558817,0,10411.5278969605
6,"Fcap_1.25_Besc_6561_sigmaR_0.216_SE_reference_AE_historical",1.25,6561,"Full",2031,1000,0,0.001,13695.0977421962,9936.33210114456,18763.1448016359,0.442,4002.22787539361,4496.15387017607,0,9889.2444916745
6,"Fcap_1.25_Besc_6561_sigmaR_0.216_SE_reference_AE_historical",1.25,6561,"Full",2032,1000,0,0.002,13813.0173196718,9992.32167831371,18982.4741791648,0.433,4090.00769106561,5017.58800039086,0,9797.70319060693
6,"Fcap_1.25_Besc_6561_sigmaR_0.216_SE_reference_AE_historical",1.25,6561,"Full",2033,1000,0,0.001,13836.4907018307,10149.2713759538,19306.7957107156,0.408,4396.32856743523,5542.40313512992,0,10513.3748315586
6,"Fcap_1.25_Besc_6561_sigmaR_0.216_SE_reference_AE_historical",1.25,6561,"Full",2034,1000,0,0,13807.8214721057,10007.0571226737,19162.782715076,0.424,4364.27562091259,5674.66544039156,0,10064.0988820751
6,"Fcap_1.25_Besc_6561_sigmaR_0.216_SE_reference_AE_historical",1.25,6561,"Full",2035,1000,0,0.002,13739.7745491893,10037.9687197203,18973.0009522149,0.444,4093.32977488709,5444.64873754444,0,10021.5226333282
6,"Fcap_1.25_Besc_6561_sigmaR_0.216_SE_reference_AE_historical",1.25,6561,"Full",2036,1000,0,0,13778.5828853541,10153.0761009839,19147.8423079742,0.433,4108.97637461677,5426.38091769462,0,9726.0015775019
6,"Fcap_1.25_Besc_6561_sigmaR_0.216_SE_reference_AE_historical",1.25,6561,"Full",2037,1000,0,0.001,13737.2199889063,10178.9132507512,18607.3427490709,0.42,4128.35476211425,5468.54644029988,0,9414.54573613215
6,"Fcap_1.25_Besc_6561_sigmaR_0.216_SE_reference_AE_historical",1.25,6561,"Full",2038,1000,0,0.002,13701.9535509668,9967.34557747901,19068.2640462091,0.436,4171.54530349681,5457.59469188599,0,10029.9413317851
6,"Fcap_1.25_Besc_6561_sigmaR_0.216_SE_reference_AE_historical",1.25,6561,"Full",2039,1000,0,0,13831.9966302734,9963.92045457598,19005.5659829965,0.441,4174.68001339991,5418.68041026741,0,9865.09028419044
6,"Fcap_1.25_Besc_6561_sigmaR_0.216_SE_reference_AE_historical",1.25,6561,"Full",2040,1000,0,0,13791.3991452849,10312.5030353945,19212.256386698,0.418,4264.17906436401,5642.14182553058,0,9949.90028548852
6,"Fcap_1.25_Besc_6561_sigmaR_0.216_SE_reference_AE_historical",1.25,6561,"Full",2041,1000,0,0.001,13896.190866614,10006.7553464034,18909.9988612489,0.415,4355.58709529467,5803.23212048475,0,9754.16958063849
6,"Fcap_1.25_Besc_6561_sigmaR_0.216_SE_reference_AE_historical",1.25,6561,"Full",2042,1000,0,0.001,13695.5322640958,9960.96587687676,18983.3598909233,0.43,4206.6029451874,5380.41065604854,0,9740.84317010331
6,"Fcap_1.25_Besc_6561_sigmaR_0.216_SE_reference_AE_historical",1.25,6561,"Full",2043,1000,0,0,13569.3234690507,10042.3709530329,18524.0618712408,0.434,4107.97573240825,5471.93796638508,0,9483.84128544232
6,"Fcap_1.25_Besc_6561_sigmaR_0.216_SE_reference_AE_historical",1.25,6561,"Full",2044,1000,0.001,0.002,13706.4616741063,10133.773590292,19019.2550347619,0.426,4227.7427041849,5394.00893219682,0,9845.73591378659
6,"Fcap_1.25_Besc_6561_sigmaR_0.216_SE_reference_AE_historical",1.25,6561,"Full",2045,1000,0,0.001,13752.3813324975,10107.6593675887,18854.4986518318,0.421,4300.70648934885,5571.96282078479,0,10004.7579497686
6,"Fcap_1.25_Besc_6561_sigmaR_0.216_SE_reference_AE_historical",1.25,6561,"Full",2046,1000,0,0.002,13742.7404370482,10021.2490613613,19121.832881586,0.438,4156.06300435884,5443.72852865385,0,10013.1975929529
6,"Fcap_1.25_Besc_6561_sigmaR_0.216_SE_reference_AE_historical",1.25,6561,"Full",2047,1000,0,0,13956.7438059369,10392.786256154,19868.0124040377,0.403,4383.27315777154,5671.32711648339,0,10089.5236226092
6,"Fcap_1.25_Besc_6561_sigmaR_0.216_SE_reference_AE_historical",1.25,6561,"Full",2048,1000,0,0.002,13921.7129802206,9867.96722652733,19148.3714928377,0.409,4430.45477258284,5757.723055862,0,9897.89097906751
6,"Fcap_1.25_Besc_6561_sigmaR_0.216_SE_reference_AE_historical",1.25,6561,"Full",2049,1000,0,0,13575.3813216017,10041.2946601146,19038.9540901846,0.444,4009.81484606122,4729.58222107502,0,9945.48707866591
6,"Fcap_1.25_Besc_6561_sigmaR_0.216_SE_reference_AE_historical",1.25,6561,"Full",2050,1000,0,0.003,13912.3354285375,10216.3877438445,19234.5150900689,0.385,4629.18958073282,5966.7270124683,0,10587.3985063944
6,"Fcap_1.25_Besc_6561_sigmaR_0.216_SE_reference_AE_historical",1.25,6561,"Full",2051,1000,0,0.001,13733.1977176407,10029.7467855404,19212.1210218168,0.434,4231.26790083595,5477.84728021751,0,9995.29688387654
6,"Fcap_1.25_Besc_6561_sigmaR_0.216_SE_reference_AE_historical",1.25,6561,"Full",2052,1000,0,0,13796.5191564554,10256.7275554913,19275.1039608332,0.402,4431.74874848269,5759.14798975341,0,10050.6554803777
6,"Fcap_1.25_Besc_6561_sigmaR_0.216_SE_reference_AE_historical",1.25,6561,"Full",2053,1000,0,0.001,13776.9952886491,10079.0043775182,19249.4774324032,0.437,4118.80303228226,5105.42921398805,0,10244.967817926
6,"Fcap_1.25_Besc_6561_sigmaR_0.216_SE_reference_AE_historical",1.25,6561,"Full",2054,1000,0,0,13829.8200438716,10057.4726445659,19092.3734211767,0.411,4215.24119484351,5571.01506178479,0,9667.652630689
7,"Fcap_1.25_Besc_7250_sigmaR_0.216_SE_reference_AE_historical",1.25,7250,"Short",2025,1000,0,0,13945.3192434632,12135.8179097045,16889.1894160076,0.681,2130.9755806367,0,0,8736.35174754149
7,"Fcap_1.25_Besc_7250_sigmaR_0.216_SE_reference_AE_historical",1.25,7250,"Short",2026,1000,0,0,14546.7153461572,11214.1153829652,19781.8567182362,0.423,4455.49358950509,6062.43674197908,0,10138.1577022517
7,"Fcap_1.25_Besc_7250_sigmaR_0.216_SE_reference_AE_historical",1.25,7250,"Short",2027,1000,0,0,14214.2249987725,10158.808470415,19815.2845613607,0.564,3305.11981290203,0,0,9994.94147005004
7,"Fcap_1.25_Besc_7250_sigmaR_0.216_SE_reference_AE_historical",1.25,7250,"Short",2028,1000,0,0,14460.2490145891,10801.4163798456,19120.5109487748,0.501,4184.82778225217,0,0,11599.675664005
7,"Fcap_1.25_Besc_7250_sigmaR_0.216_SE_reference_AE_historical",1.25,7250,"Short",2029,1000,0.001,0.004,14145.6730201262,9822.41661405796,19135.9994611258,0.538,3611.01525161425,0,0,11040.062431
7,"Fcap_1.25_Besc_7250_sigmaR_0.216_SE_reference_AE_historical",1.25,7250,"Short",2030,1000,0,0.001,14165.7932887198,10073.1117847013,19637.8434875947,0.545,3635.93563637214,0,0,10999.6956068252
7,"Fcap_1.25_Besc_7250_sigmaR_0.216_SE_reference_AE_historical",1.25,7250,"Short",2031,1000,0,0,14148.2313050783,10019.9393145177,19063.7543422928,0.548,3545.1271890159,0,0,11134.2907407993
7,"Fcap_1.25_Besc_7250_sigmaR_0.216_SE_reference_AE_historical",1.25,7250,"Short",2032,1000,0,0.002,14294.7456238756,10144.8464539751,19444.1076881811,0.547,3696.83003134297,0,0,11614.8828578962
7,"Fcap_1.25_Besc_7250_sigmaR_0.216_SE_reference_AE_historical",1.25,7250,"Short",2033,1000,0,0.004,14315.2604177035,10049.2368702955,19465.032516921,0.525,3912.82430874908,0,0,12993.4753076607
7,"Fcap_1.25_Besc_7250_sigmaR_0.216_SE_reference_AE_historical",1.25,7250,"Short",2034,1000,0,0.002,14314.4477976138,10228.7573491663,19585.1910822329,0.535,3850.7693305288,0,0,12378.8933381605
7,"Fcap_1.25_Besc_7250_sigmaR_0.216_SE_reference_AE_historical",1.25,7250,"Medium",2035,1000,0,0.005,14135.9952050898,10150.9022409478,19576.7194054755,0.533,3705.73392764748,0,0,10484.3877447636
7,"Fcap_1.25_Besc_7250_sigmaR_0.216_SE_reference_AE_historical",1.25,7250,"Medium",2036,1000,0,0,14177.7844062233,10141.4932157417,19344.690338419,0.542,3663.10924939003,0,0,10882.605943625
7,"Fcap_1.25_Besc_7250_sigmaR_0.216_SE_reference_AE_historical",1.25,7250,"Medium",2037,1000,0,0.002,14160.7457912923,10393.0237325637,18818.555071494,0.553,3420.43863068509,0,0,10036.8828777361
7,"Fcap_1.25_Besc_7250_sigmaR_0.216_SE_reference_AE_historical",1.25,7250,"Medium",2038,1000,0,0.001,14123.1818307479,10155.5725947462,19330.2464733076,0.511,3921.48683905974,0,0,11224.9652696403
7,"Fcap_1.25_Besc_7250_sigmaR_0.216_SE_reference_AE_historical",1.25,7250,"Medium",2039,1000,0,0.001,14231.4818951056,9769.93989793792,19164.8907144417,0.531,3829.32263160494,0,0,11309.4440690178
7,"Fcap_1.25_Besc_7250_sigmaR_0.216_SE_reference_AE_historical",1.25,7250,"Medium",2040,1000,0,0.001,14125.6460082046,10332.8020668114,19568.2969604588,0.543,3528.76063610433,0,0,10521.8932114191
7,"Fcap_1.25_Besc_7250_sigmaR_0.216_SE_reference_AE_historical",1.25,7250,"Medium",2041,1000,0,0.003,14337.1829080856,10364.3582446217,19219.5042159886,0.52,3870.4193014633,0,0,11117.0644819063
7,"Fcap_1.25_Besc_7250_sigmaR_0.216_SE_reference_AE_historical",1.25,7250,"Medium",2042,1000,0,0,14246.6672004315,9961.72743719836,19277.3537881226,0.539,3753.42834455878,0,0,11251.1961959665
7,"Fcap_1.25_Besc_7250_sigmaR_0.216_SE_reference_AE_historical",1.25,7250,"Medium",2043,1000,0,0.002,14189.6556728664,9996.26184722673,19055.293030979,0.544,3628.36100198195,0,0,11107.2600541323
7,"Fcap_1.25_Besc_7250_sigmaR_0.216_SE_reference_AE_historical",1.25,7250,"Medium",2044,1000,0.001,0.002,14143.1408161687,10222.6848555898,19321.1592113788,0.527,3761.57577206945,0,0,10687.7974893346
7,"Fcap_1.25_Besc_7250_sigmaR_0.216_SE_reference_AE_historical",1.25,7250,"Long",2045,1000,0,0.003,14125.4843888693,10125.109135665,19297.9949175875,0.523,3886.90651644084,0,0,12099.5176648984
7,"Fcap_1.25_Besc_7250_sigmaR_0.216_SE_reference_AE_historical",1.25,7250,"Long",2046,1000,0.001,0.003,14119.7872842961,10158.5643083936,19162.4679756589,0.538,3578.47425800383,0,0,10187.1707423884
7,"Fcap_1.25_Besc_7250_sigmaR_0.216_SE_reference_AE_historical",1.25,7250,"Long",2047,1000,0,0.004,14294.8762505934,10746.8179107632,20021.7451338594,0.515,3952.97967130818,0,0,12353.540919157
7,"Fcap_1.25_Besc_7250_sigmaR_0.216_SE_reference_AE_historical",1.25,7250,"Long",2048,1000,0,0.003,14307.6100771639,10026.2366788127,19674.5051400855,0.52,3982.50720150752,0,0,11652.0525233281
7,"Fcap_1.25_Besc_7250_sigmaR_0.216_SE_reference_AE_historical",1.25,7250,"Long",2049,1000,0.001,0.004,13987.213614888,10213.5903043159,19664.442540969,0.561,3451.36413506237,0,0,10464.7071743139
7,"Fcap_1.25_Besc_7250_sigmaR_0.216_SE_reference_AE_historical",1.25,7250,"Long",2050,1000,0,0.003,14397.2760975849,10361.4955803342,19967.6653410091,0.491,4205.3735269507,2312.19331290322,0,11797.5272339166
7,"Fcap_1.25_Besc_7250_sigmaR_0.216_SE_reference_AE_historical",1.25,7250,"Long",2051,1000,0,0.002,14162.917851785,10186.0572405408,19831.4684954798,0.54,3707.36581318724,0,0,10774.264509767
7,"Fcap_1.25_Besc_7250_sigmaR_0.216_SE_reference_AE_historical",1.25,7250,"Long",2052,1000,0,0,14121.7256014472,10463.1817819812,19741.6249798461,0.509,4031.44622723664,0,0,11576.8618768274
7,"Fcap_1.25_Besc_7250_sigmaR_0.216_SE_reference_AE_historical",1.25,7250,"Long",2053,1000,0,0.001,14200.1725436761,10180.3245662808,19892.4295935483,0.544,3667.1566866469,0,0,10962.3162112884
7,"Fcap_1.25_Besc_7250_sigmaR_0.216_SE_reference_AE_historical",1.25,7250,"Long",2054,1000,0,0,14210.774149701,10201.8952740715,19501.2233486339,0.525,3610.48658456561,0,0,9959.73027326926
7,"Fcap_1.25_Besc_7250_sigmaR_0.216_SE_reference_AE_historical",1.25,7250,"Full",2025,1000,0,0,13945.3192434632,12135.8179097045,16889.1894160076,0.681,2130.9755806367,0,0,8736.35174754149
7,"Fcap_1.25_Besc_7250_sigmaR_0.216_SE_reference_AE_historical",1.25,7250,"Full",2026,1000,0,0,14546.7153461572,11214.1153829652,19781.8567182362,0.423,4455.49358950509,6062.43674197908,0,10138.1577022517
7,"Fcap_1.25_Besc_7250_sigmaR_0.216_SE_reference_AE_historical",1.25,7250,"Full",2027,1000,0,0,14214.2249987725,10158.808470415,19815.2845613607,0.564,3305.11981290203,0,0,9994.94147005004
7,"Fcap_1.25_Besc_7250_sigmaR_0.216_SE_reference_AE_historical",1.25,7250,"Full",2028,1000,0,0,14460.2490145891,10801.4163798456,19120.5109487748,0.501,4184.82778225217,0,0,11599.675664005
7,"Fcap_1.25_Besc_7250_sigmaR_0.216_SE_reference_AE_historical",1.25,7250,"Full",2029,1000,0.001,0.004,14145.6730201262,9822.41661405796,19135.9994611258,0.538,3611.01525161425,0,0,11040.062431
7,"Fcap_1.25_Besc_7250_sigmaR_0.216_SE_reference_AE_historical",1.25,7250,"Full",2030,1000,0,0.001,14165.7932887198,10073.1117847013,19637.8434875947,0.545,3635.93563637214,0,0,10999.6956068252
7,"Fcap_1.25_Besc_7250_sigmaR_0.216_SE_reference_AE_historical",1.25,7250,"Full",2031,1000,0,0,14148.2313050783,10019.9393145177,19063.7543422928,0.548,3545.1271890159,0,0,11134.2907407993
7,"Fcap_1.25_Besc_7250_sigmaR_0.216_SE_reference_AE_historical",1.25,7250,"Full",2032,1000,0,0.002,14294.7456238756,10144.8464539751,19444.1076881811,0.547,3696.83003134297,0,0,11614.8828578962
7,"Fcap_1.25_Besc_7250_sigmaR_0.216_SE_reference_AE_historical",1.25,7250,"Full",2033,1000,0,0.004,14315.2604177035,10049.2368702955,19465.032516921,0.525,3912.82430874908,0,0,12993.4753076607
7,"Fcap_1.25_Besc_7250_sigmaR_0.216_SE_reference_AE_historical",1.25,7250,"Full",2034,1000,0,0.002,14314.4477976138,10228.7573491663,19585.1910822329,0.535,3850.7693305288,0,0,12378.8933381605
7,"Fcap_1.25_Besc_7250_sigmaR_0.216_SE_reference_AE_historical",1.25,7250,"Full",2035,1000,0,0.005,14135.9952050898,10150.9022409478,19576.7194054755,0.533,3705.73392764748,0,0,10484.3877447636
7,"Fcap_1.25_Besc_7250_sigmaR_0.216_SE_reference_AE_historical",1.25,7250,"Full",2036,1000,0,0,14177.7844062233,10141.4932157417,19344.690338419,0.542,3663.10924939003,0,0,10882.605943625
7,"Fcap_1.25_Besc_7250_sigmaR_0.216_SE_reference_AE_historical",1.25,7250,"Full",2037,1000,0,0.002,14160.7457912923,10393.0237325637,18818.555071494,0.553,3420.43863068509,0,0,10036.8828777361
7,"Fcap_1.25_Besc_7250_sigmaR_0.216_SE_reference_AE_historical",1.25,7250,"Full",2038,1000,0,0.001,14123.1818307479,10155.5725947462,19330.2464733076,0.511,3921.48683905974,0,0,11224.9652696403
7,"Fcap_1.25_Besc_7250_sigmaR_0.216_SE_reference_AE_historical",1.25,7250,"Full",2039,1000,0,0.001,14231.4818951056,9769.93989793792,19164.8907144417,0.531,3829.32263160494,0,0,11309.4440690178
7,"Fcap_1.25_Besc_7250_sigmaR_0.216_SE_reference_AE_historical",1.25,7250,"Full",2040,1000,0,0.001,14125.6460082046,10332.8020668114,19568.2969604588,0.543,3528.76063610433,0,0,10521.8932114191
7,"Fcap_1.25_Besc_7250_sigmaR_0.216_SE_reference_AE_historical",1.25,7250,"Full",2041,1000,0,0.003,14337.1829080856,10364.3582446217,19219.5042159886,0.52,3870.4193014633,0,0,11117.0644819063
7,"Fcap_1.25_Besc_7250_sigmaR_0.216_SE_reference_AE_historical",1.25,7250,"Full",2042,1000,0,0,14246.6672004315,9961.72743719836,19277.3537881226,0.539,3753.42834455878,0,0,11251.1961959665
7,"Fcap_1.25_Besc_7250_sigmaR_0.216_SE_reference_AE_historical",1.25,7250,"Full",2043,1000,0,0.002,14189.6556728664,9996.26184722673,19055.293030979,0.544,3628.36100198195,0,0,11107.2600541323
7,"Fcap_1.25_Besc_7250_sigmaR_0.216_SE_reference_AE_historical",1.25,7250,"Full",2044,1000,0.001,0.002,14143.1408161687,10222.6848555898,19321.1592113788,0.527,3761.57577206945,0,0,10687.7974893346
7,"Fcap_1.25_Besc_7250_sigmaR_0.216_SE_reference_AE_historical",1.25,7250,"Full",2045,1000,0,0.003,14125.4843888693,10125.109135665,19297.9949175875,0.523,3886.90651644084,0,0,12099.5176648984
7,"Fcap_1.25_Besc_7250_sigmaR_0.216_SE_reference_AE_historical",1.25,7250,"Full",2046,1000,0.001,0.003,14119.7872842961,10158.5643083936,19162.4679756589,0.538,3578.47425800383,0,0,10187.1707423884
7,"Fcap_1.25_Besc_7250_sigmaR_0.216_SE_reference_AE_historical",1.25,7250,"Full",2047,1000,0,0.004,14294.8762505934,10746.8179107632,20021.7451338594,0.515,3952.97967130818,0,0,12353.540919157
7,"Fcap_1.25_Besc_7250_sigmaR_0.216_SE_reference_AE_historical",1.25,7250,"Full",2048,1000,0,0.003,14307.6100771639,10026.2366788127,19674.5051400855,0.52,3982.50720150752,0,0,11652.0525233281
7,"Fcap_1.25_Besc_7250_sigmaR_0.216_SE_reference_AE_historical",1.25,7250,"Full",2049,1000,0.001,0.004,13987.213614888,10213.5903043159,19664.442540969,0.561,3451.36413506237,0,0,10464.7071743139
7,"Fcap_1.25_Besc_7250_sigmaR_0.216_SE_reference_AE_historical",1.25,7250,"Full",2050,1000,0,0.003,14397.2760975849,10361.4955803342,19967.6653410091,0.491,4205.3735269507,2312.19331290322,0,11797.5272339166
7,"Fcap_1.25_Besc_7250_sigmaR_0.216_SE_reference_AE_historical",1.25,7250,"Full",2051,1000,0,0.002,14162.917851785,10186.0572405408,19831.4684954798,0.54,3707.36581318724,0,0,10774.264509767
7,"Fcap_1.25_Besc_7250_sigmaR_0.216_SE_reference_AE_historical",1.25,7250,"Full",2052,1000,0,0,14121.7256014472,10463.1817819812,19741.6249798461,0.509,4031.44622723664,0,0,11576.8618768274
7,"Fcap_1.25_Besc_7250_sigmaR_0.216_SE_reference_AE_historical",1.25,7250,"Full",2053,1000,0,0.001,14200.1725436761,10180.3245662808,19892.4295935483,0.544,3667.1566866469,0,0,10962.3162112884
7,"Fcap_1.25_Besc_7250_sigmaR_0.216_SE_reference_AE_historical",1.25,7250,"Full",2054,1000,0,0,14210.774149701,10201.8952740715,19501.2233486339,0.525,3610.48658456561,0,0,9959.73027326926
8,"Fcap_1.25_Besc_8000_sigmaR_0.216_SE_reference_AE_historical",1.25,8000,"Short",2025,1000,0,0,14013.9318439866,12182.3938598328,17213.1452128972,0.824,1168.63129209798,0,0,8507.82863318057
8,"Fcap_1.25_Besc_8000_sigmaR_0.216_SE_reference_AE_historical",1.25,8000,"Short",2026,1000,0,0,15162.866629285,11500.4366661743,20180.7442737753,0.542,3644.19412039802,0,0,10433.0166783944
8,"Fcap_1.25_Besc_8000_sigmaR_0.216_SE_reference_AE_historical",1.25,8000,"Short",2027,1000,0,0,14868.9186607907,10498.336922976,20227.1377908184,0.65,2729.67680101275,0,0,9993.80820158426
8,"Fcap_1.25_Besc_8000_sigmaR_0.216_SE_reference_AE_historical",1.25,8000,"Short",2028,1000,0,0,14931.9569834606,11085.1604110472,19650.638735391,0.612,3646.04824709457,0,0,14148.8568552791
8,"Fcap_1.25_Besc_8000_sigmaR_0.216_SE_reference_AE_historical",1.25,8000,"Short",2029,1000,0.001,0.004,14605.158366125,9842.94738273494,19895.8798082019,0.647,3171.94152646637,0,0,13633.0270421405
8,"Fcap_1.25_Besc_8000_sigmaR_0.216_SE_reference_AE_historical",1.25,8000,"Short",2030,1000,0,0.002,14731.3854206356,10242.0984977288,19770.8171063699,0.648,3101.1868599438,0,0,12357.9296188594
8,"Fcap_1.25_Besc_8000_sigmaR_0.216_SE_reference_AE_historical",1.25,8000,"Short",2031,1000,0,0,14551.6664838348,10233.0889629355,19631.8492790565,0.669,2952.7712270928,0,0,12545.0472313398
8,"Fcap_1.25_Besc_8000_sigmaR_0.216_SE_reference_AE_historical",1.25,8000,"Short",2032,1000,0,0.002,14721.1925432901,10297.7686373256,19657.255623921,0.647,3186.02092000243,0,0,12683.4322918505
8,"Fcap_1.25_Besc_8000_sigmaR_0.216_SE_reference_AE_historical",1.25,8000,"Short",2033,1000,0,0.002,14648.2280086139,10215.0514163203,19906.985722409,0.633,3380.87708618462,0,0,15343.0187060854
8,"Fcap_1.25_Besc_8000_sigmaR_0.216_SE_reference_AE_historical",1.25,8000,"Short",2034,1000,0,0,14802.3699156281,10280.0306476875,20228.882368484,0.641,3342.96358265131,0,0,14114.7712141873
8,"Fcap_1.25_Besc_8000_sigmaR_0.216_SE_reference_AE_historical",1.25,8000,"Medium",2035,1000,0,0.003,14677.6044461344,10071.3710428015,20004.9877610899,0.641,3172.10819491218,0,0,14263.2925778944
8,"Fcap_1.25_Besc_8000_sigmaR_0.216_SE_reference_AE_historical",1.25,8000,"Medium",2036,1000,0,0,14715.9622997583,10151.7871607796,19590.4349772067,0.634,3336.13895246363,0,0,13958.6664662241
8,"Fcap_1.25_Besc_8000_sigmaR_0.216_SE_reference_AE_historical",1.25,8000,"Medium",2037,1000,0,0.002,14544.4926586076,10310.144401007,19187.4078428217,0.67,2802.03103982351,0,0,11375.50603761
8,"Fcap_1.25_Besc_8000_sigmaR_0.216_SE_reference_AE_historical",1.25,8000,"Medium",2038,1000,0,0.003,14648.3197277796,10381.0305544275,20021.4514211,0.653,3175.38624253109,0,0,12854.7906318475
8,"Fcap_1.25_Besc_8000_sigmaR_0.216_SE_reference_AE_historical",1.25,8000,"Medium",2039,1000,0,0.003,14783.6367303814,10287.8026996924,19502.3483003744,0.648,3218.58600074438,0,0,14705.039096304
8,"Fcap_1.25_Besc_8000_sigmaR_0.216_SE_reference_AE_historical",1.25,8000,"Medium",2040,1000,0,0.002,14696.8863725509,10448.43945267,20211.3645849011,0.648,3166.7634446086,0,0,15025.2701009722
8,"Fcap_1.25_Besc_8000_sigmaR_0.216_SE_reference_AE_historical",1.25,8000,"Medium",2041,1000,0,0.004,14812.3089486687,10170.9927391201,19504.3625936603,0.621,3436.19439990457,0,0,14365.9788238517
8,"Fcap_1.25_Besc_8000_sigmaR_0.216_SE_reference_AE_historical",1.25,8000,"Medium",2042,1000,0,0.001,14740.1766476074,10119.4449778853,19909.94810446,0.64,3222.96259696986,0,0,13672.1180535803
8,"Fcap_1.25_Besc_8000_sigmaR_0.216_SE_reference_AE_historical",1.25,8000,"Medium",2043,1000,0,0.004,14509.2996489035,10403.9903894479,19451.0697234232,0.679,2930.69752882784,0,0,14050.7151649213
8,"Fcap_1.25_Besc_8000_sigmaR_0.216_SE_reference_AE_historical",1.25,8000,"Medium",2044,1000,0,0.001,14683.8036115144,10228.6445489513,19910.2979471177,0.631,3379.60279017967,0,0,14239.226050457
8,"Fcap_1.25_Besc_8000_sigmaR_0.216_SE_reference_AE_historical",1.25,8000,"Long",2045,1000,0,0.003,14627.9562696116,10022.612606334,19825.3820951362,0.64,3395.05047602703,0,0,14891.6464634677
8,"Fcap_1.25_Besc_8000_sigmaR_0.216_SE_reference_AE_historical",1.25,8000,"Long",2046,1000,0.001,0.002,14591.9590431688,10388.1826694679,19725.0053728682,0.661,3096.00088433351,0,0,12675.5814855967
8,"Fcap_1.25_Besc_8000_sigmaR_0.216_SE_reference_AE_historical",1.25,8000,"Long",2047,1000,0,0.003,14768.4858766747,10969.8549063686,20379.9788924303,0.634,3301.17843697885,0,0,14508.4031182543
8,"Fcap_1.25_Besc_8000_sigmaR_0.216_SE_reference_AE_historical",1.25,8000,"Long",2048,1000,0,0.004,14875.8352331295,10360.5259382477,20237.0175319085,0.626,3429.26471791279,0,0,14757.9816620988
8,"Fcap_1.25_Besc_8000_sigmaR_0.216_SE_reference_AE_historical",1.25,8000,"Long",2049,1000,0,0.002,14516.342622432,10335.0415312812,20017.9582442992,0.658,3013.68671923947,0,0,11639.6964435833
8,"Fcap_1.25_Besc_8000_sigmaR_0.216_SE_reference_AE_historical",1.25,8000,"Long",2050,1000,0,0,14953.1328153279,10459.8148693103,20411.4588533174,0.613,3557.75879774962,0,0,14790.4011153578
8,"Fcap_1.25_Besc_8000_sigmaR_0.216_SE_reference_AE_historical",1.25,8000,"Long",2051,1000,0,0.003,14773.1244825855,10346.6252134605,19940.2234811775,0.628,3351.16805860854,0,0,14296.3811177941
8,"Fcap_1.25_Besc_8000_sigmaR_0.216_SE_reference_AE_historical",1.25,8000,"Long",2052,1000,0,0.002,14791.5528231002,10419.3747121813,20118.7046460014,0.623,3435.07602936806,0,0,13568.7844818032
8,"Fcap_1.25_Besc_8000_sigmaR_0.216_SE_reference_AE_historical",1.25,8000,"Long",2053,1000,0,0.001,14646.437158416,10186.300633042,20100.9589686933,0.649,3183.30135058135,0,0,13917.7466126418
8,"Fcap_1.25_Besc_8000_sigmaR_0.216_SE_reference_AE_historical",1.25,8000,"Long",2054,1000,0,0.001,14744.9150199724,10195.2728673292,20064.7985180899,0.636,3081.8851020347,0,0,11492.0723875114
8,"Fcap_1.25_Besc_8000_sigmaR_0.216_SE_reference_AE_historical",1.25,8000,"Full",2025,1000,0,0,14013.9318439866,12182.3938598328,17213.1452128972,0.824,1168.63129209798,0,0,8507.82863318057
8,"Fcap_1.25_Besc_8000_sigmaR_0.216_SE_reference_AE_historical",1.25,8000,"Full",2026,1000,0,0,15162.866629285,11500.4366661743,20180.7442737753,0.542,3644.19412039802,0,0,10433.0166783944
8,"Fcap_1.25_Besc_8000_sigmaR_0.216_SE_reference_AE_historical",1.25,8000,"Full",2027,1000,0,0,14868.9186607907,10498.336922976,20227.1377908184,0.65,2729.67680101275,0,0,9993.80820158426
8,"Fcap_1.25_Besc_8000_sigmaR_0.216_SE_reference_AE_historical",1.25,8000,"Full",2028,1000,0,0,14931.9569834606,11085.1604110472,19650.638735391,0.612,3646.04824709457,0,0,14148.8568552791
8,"Fcap_1.25_Besc_8000_sigmaR_0.216_SE_reference_AE_historical",1.25,8000,"Full",2029,1000,0.001,0.004,14605.158366125,9842.94738273494,19895.8798082019,0.647,3171.94152646637,0,0,13633.0270421405
8,"Fcap_1.25_Besc_8000_sigmaR_0.216_SE_reference_AE_historical",1.25,8000,"Full",2030,1000,0,0.002,14731.3854206356,10242.0984977288,19770.8171063699,0.648,3101.1868599438,0,0,12357.9296188594
8,"Fcap_1.25_Besc_8000_sigmaR_0.216_SE_reference_AE_historical",1.25,8000,"Full",2031,1000,0,0,14551.6664838348,10233.0889629355,19631.8492790565,0.669,2952.7712270928,0,0,12545.0472313398
8,"Fcap_1.25_Besc_8000_sigmaR_0.216_SE_reference_AE_historical",1.25,8000,"Full",2032,1000,0,0.002,14721.1925432901,10297.7686373256,19657.255623921,0.647,3186.02092000243,0,0,12683.4322918505
8,"Fcap_1.25_Besc_8000_sigmaR_0.216_SE_reference_AE_historical",1.25,8000,"Full",2033,1000,0,0.002,14648.2280086139,10215.0514163203,19906.985722409,0.633,3380.87708618462,0,0,15343.0187060854
8,"Fcap_1.25_Besc_8000_sigmaR_0.216_SE_reference_AE_historical",1.25,8000,"Full",2034,1000,0,0,14802.3699156281,10280.0306476875,20228.882368484,0.641,3342.96358265131,0,0,14114.7712141873
8,"Fcap_1.25_Besc_8000_sigmaR_0.216_SE_reference_AE_historical",1.25,8000,"Full",2035,1000,0,0.003,14677.6044461344,10071.3710428015,20004.9877610899,0.641,3172.10819491218,0,0,14263.2925778944
8,"Fcap_1.25_Besc_8000_sigmaR_0.216_SE_reference_AE_historical",1.25,8000,"Full",2036,1000,0,0,14715.9622997583,10151.7871607796,19590.4349772067,0.634,3336.13895246363,0,0,13958.6664662241
8,"Fcap_1.25_Besc_8000_sigmaR_0.216_SE_reference_AE_historical",1.25,8000,"Full",2037,1000,0,0.002,14544.4926586076,10310.144401007,19187.4078428217,0.67,2802.03103982351,0,0,11375.50603761
8,"Fcap_1.25_Besc_8000_sigmaR_0.216_SE_reference_AE_historical",1.25,8000,"Full",2038,1000,0,0.003,14648.3197277796,10381.0305544275,20021.4514211,0.653,3175.38624253109,0,0,12854.7906318475
8,"Fcap_1.25_Besc_8000_sigmaR_0.216_SE_reference_AE_historical",1.25,8000,"Full",2039,1000,0,0.003,14783.6367303814,10287.8026996924,19502.3483003744,0.648,3218.58600074438,0,0,14705.039096304
8,"Fcap_1.25_Besc_8000_sigmaR_0.216_SE_reference_AE_historical",1.25,8000,"Full",2040,1000,0,0.002,14696.8863725509,10448.43945267,20211.3645849011,0.648,3166.7634446086,0,0,15025.2701009722
8,"Fcap_1.25_Besc_8000_sigmaR_0.216_SE_reference_AE_historical",1.25,8000,"Full",2041,1000,0,0.004,14812.3089486687,10170.9927391201,19504.3625936603,0.621,3436.19439990457,0,0,14365.9788238517
8,"Fcap_1.25_Besc_8000_sigmaR_0.216_SE_reference_AE_historical",1.25,8000,"Full",2042,1000,0,0.001,14740.1766476074,10119.4449778853,19909.94810446,0.64,3222.96259696986,0,0,13672.1180535803
8,"Fcap_1.25_Besc_8000_sigmaR_0.216_SE_reference_AE_historical",1.25,8000,"Full",2043,1000,0,0.004,14509.2996489035,10403.9903894479,19451.0697234232,0.679,2930.69752882784,0,0,14050.7151649213
8,"Fcap_1.25_Besc_8000_sigmaR_0.216_SE_reference_AE_historical",1.25,8000,"Full",2044,1000,0,0.001,14683.8036115144,10228.6445489513,19910.2979471177,0.631,3379.60279017967,0,0,14239.226050457
8,"Fcap_1.25_Besc_8000_sigmaR_0.216_SE_reference_AE_historical",1.25,8000,"Full",2045,1000,0,0.003,14627.9562696116,10022.612606334,19825.3820951362,0.64,3395.05047602703,0,0,14891.6464634677
8,"Fcap_1.25_Besc_8000_sigmaR_0.216_SE_reference_AE_historical",1.25,8000,"Full",2046,1000,0.001,0.002,14591.9590431688,10388.1826694679,19725.0053728682,0.661,3096.00088433351,0,0,12675.5814855967
8,"Fcap_1.25_Besc_8000_sigmaR_0.216_SE_reference_AE_historical",1.25,8000,"Full",2047,1000,0,0.003,14768.4858766747,10969.8549063686,20379.9788924303,0.634,3301.17843697885,0,0,14508.4031182543
8,"Fcap_1.25_Besc_8000_sigmaR_0.216_SE_reference_AE_historical",1.25,8000,"Full",2048,1000,0,0.004,14875.8352331295,10360.5259382477,20237.0175319085,0.626,3429.26471791279,0,0,14757.9816620988
8,"Fcap_1.25_Besc_8000_sigmaR_0.216_SE_reference_AE_historical",1.25,8000,"Full",2049,1000,0,0.002,14516.342622432,10335.0415312812,20017.9582442992,0.658,3013.68671923947,0,0,11639.6964435833
8,"Fcap_1.25_Besc_8000_sigmaR_0.216_SE_reference_AE_historical",1.25,8000,"Full",2050,1000,0,0,14953.1328153279,10459.8148693103,20411.4588533174,0.613,3557.75879774962,0,0,14790.4011153578
8,"Fcap_1.25_Besc_8000_sigmaR_0.216_SE_reference_AE_historical",1.25,8000,"Full",2051,1000,0,0.003,14773.1244825855,10346.6252134605,19940.2234811775,0.628,3351.16805860854,0,0,14296.3811177941
8,"Fcap_1.25_Besc_8000_sigmaR_0.216_SE_reference_AE_historical",1.25,8000,"Full",2052,1000,0,0.002,14791.5528231002,10419.3747121813,20118.7046460014,0.623,3435.07602936806,0,0,13568.7844818032
8,"Fcap_1.25_Besc_8000_sigmaR_0.216_SE_reference_AE_historical",1.25,8000,"Full",2053,1000,0,0.001,14646.437158416,10186.300633042,20100.9589686933,0.649,3183.30135058135,0,0,13917.7466126418
8,"Fcap_1.25_Besc_8000_sigmaR_0.216_SE_reference_AE_historical",1.25,8000,"Full",2054,1000,0,0.001,14744.9150199724,10195.2728673292,20064.7985180899,0.636,3081.8851020347,0,0,11492.0723875114
9,"Fcap_1.50_Besc_5000_sigmaR_0.216_SE_reference_AE_historical",1.5,5000,"Short",2025,1000,0,0,13241.7576101165,11613.5180917445,16262.1531515619,0.076,6805.00880868886,7114.21276009681,0,9924.92042081593
9,"Fcap_1.50_Besc_5000_sigmaR_0.216_SE_reference_AE_historical",1.5,5000,"Short",2026,1000,0,0,12416.3765493394,9202.81861999985,17960.1108366313,0.208,5661.4291975637,6575.85803239694,0,10147.9349881926
9,"Fcap_1.50_Besc_5000_sigmaR_0.216_SE_reference_AE_historical",1.5,5000,"Short",2027,1000,0,0,12681.9278811505,9279.90473230534,18259.2738277901,0.198,5918.45797490578,6867.56874823849,0,10427.2454118529
9,"Fcap_1.50_Besc_5000_sigmaR_0.216_SE_reference_AE_historical",1.5,5000,"Short",2028,1000,0,0,12569.8900488375,9191.20107205193,17589.8177323081,0.209,5747.2400597706,6790.52766002915,0,10078.0004217771
9,"Fcap_1.50_Besc_5000_sigmaR_0.216_SE_reference_AE_historical",1.5,5000,"Short",2029,1000,0,0.003,12516.281358713,9096.46043354373,17749.1743052553,0.219,5686.49687371029,6767.1976311335,0,10287.9227122414
9,"Fcap_1.50_Besc_5000_sigmaR_0.216_SE_reference_AE_historical",1.5,5000,"Short",2030,1000,0,0.003,12418.1122789874,9103.26313372031,17813.8278661779,0.217,5617.89056673575,6546.34191178687,0,10222.7057290851
9,"Fcap_1.50_Besc_5000_sigmaR_0.216_SE_reference_AE_historical",1.5,5000,"Short",2031,1000,0,0,12408.9487668638,9238.60882352562,17407.8444041011,0.21,5566.98516945233,6505.65386368312,0,9831.89046756929
9,"Fcap_1.50_Besc_5000_sigmaR_0.216_SE_reference_AE_historical",1.5,5000,"Short",2032,1000,0,0.001,12582.3647250925,9103.73043125133,17477.5422707292,0.203,5714.75199016032,6626.12257567493,0,10047.4043131868
9,"Fcap_1.50_Besc_5000_sigmaR_0.216_SE_reference_AE_historical",1.5,5000,"Short",2033,1000,0.001,0.001,12554.5248487404,9223.41572387789,17882.3078334119,0.187,5761.24686324684,6512.89369668632,0,10152.9616846137
9,"Fcap_1.50_Besc_5000_sigmaR_0.216_SE_reference_AE_historical",1.5,5000,"Short",2034,1000,0,0.002,12602.5980549783,9386.30931672032,17915.0747659458,0.184,5834.48554705481,6553.18890757167,0,10049.8385608869
9,"Fcap_1.50_Besc_5000_sigmaR_0.216_SE_reference_AE_historical",1.5,5000,"Medium",2035,1000,0,0.001,12431.1029778482,9255.18157399565,17737.3031761153,0.209,5582.53690131957,6497.13055525555,0,10085.6464252241
9,"Fcap_1.50_Besc_5000_sigmaR_0.216_SE_reference_AE_historical",1.5,5000,"Medium",2036,1000,0,0.001,12459.8997747409,9223.80906925894,17483.4917105157,0.19,5718.45666455548,6585.83200487745,0,9778.05216928227
9,"Fcap_1.50_Besc_5000_sigmaR_0.216_SE_reference_AE_historical",1.5,5000,"Medium",2037,1000,0,0.001,12431.2900850661,9349.05841724035,17043.5471192237,0.203,5579.25055919885,6623.96315222045,0,9757.90447597799
9,"Fcap_1.50_Besc_5000_sigmaR_0.216_SE_reference_AE_historical",1.5,5000,"Medium",2038,1000,0,0,12396.6357057188,9203.79706774549,17752.9340033243,0.204,5640.04433741528,6601.42713095297,0,9904.86555466781
9,"Fcap_1.50_Besc_5000_sigmaR_0.216_SE_reference_AE_historical",1.5,5000,"Medium",2039,1000,0,0,12587.9071886288,9185.29422420957,17457.9693929943,0.208,5652.29188874369,6600.7413300596,0,10026.9782838491
9,"Fcap_1.50_Besc_5000_sigmaR_0.216_SE_reference_AE_historical",1.5,5000,"Medium",2040,1000,0,0,12474.9587918389,9458.47528588084,17985.3969101502,0.191,5712.75886137897,6678.9914388582,0,9916.33208175564
9,"Fcap_1.50_Besc_5000_sigmaR_0.216_SE_reference_AE_historical",1.5,5000,"Medium",2041,1000,0,0,12594.613481591,9240.5640992835,17832.8658752251,0.202,5734.52701938355,6633.62191165816,0,9978.26213554001
9,"Fcap_1.50_Besc_5000_sigmaR_0.216_SE_reference_AE_historical",1.5,5000,"Medium",2042,1000,0,0.002,12593.3108573017,9256.16320086949,17637.1176594159,0.211,5651.98247164137,6642.32798695831,0,10239.0471814723
9,"Fcap_1.50_Besc_5000_sigmaR_0.216_SE_reference_AE_historical",1.5,5000,"Medium",2043,1000,0,0.002,12405.8141655419,9288.97955144612,17119.914779936,0.197,5593.52316150443,6541.92517847405,0,9861.92924705853
9,"Fcap_1.50_Besc_5000_sigmaR_0.216_SE_reference_AE_historical",1.5,5000,"Medium",2044,1000,0,0,12457.2398745958,9286.61091926722,17739.0170098422,0.182,5751.05831330376,6597.08473083968,0,10077.7720466737
9,"Fcap_1.50_Besc_5000_sigmaR_0.216_SE_reference_AE_historical",1.5,5000,"Long",2045,1000,0,0.001,12495.4662328311,9201.05602406026,17703.0898685063,0.204,5627.58774242132,6600.154515768,0,9809.80591153983
9,"Fcap_1.50_Besc_5000_sigmaR_0.216_SE_reference_AE_historical",1.5,5000,"Long",2046,1000,0,0,12537.6121039683,9314.70458113661,17806.1686757318,0.188,5773.99524258422,6499.44090741585,0,10103.0087732133
9,"Fcap_1.50_Besc_5000_sigmaR_0.216_SE_reference_AE_historical",1.5,5000,"Long",2047,1000,0,0.001,12678.0750413612,9385.40200844465,18217.175612052,0.183,5895.83541262599,6656.3463118101,0,10226.3039048676
9,"Fcap_1.50_Besc_5000_sigmaR_0.216_SE_reference_AE_historical",1.5,5000,"Long",2048,1000,0,0.001,12614.9243146233,9160.89061199439,17922.5057825977,0.202,5673.62017011713,6586.95669058759,0,9955.40699786795
9,"Fcap_1.50_Besc_5000_sigmaR_0.216_SE_reference_AE_historical",1.5,5000,"Long",2049,1000,0,0,12484.7386706411,9173.81365683877,17850.4551194152,0.212,5637.7888478522,6522.65636730558,0,10017.6585772934
9,"Fcap_1.50_Besc_5000_sigmaR_0.216_SE_reference_AE_historical",1.5,5000,"Long",2050,1000,0,0.001,12766.0713460546,9204.88538602622,18375.2356033756,0.188,5924.06973175824,6765.54629015478,0,10302.045188772
9,"Fcap_1.50_Besc_5000_sigmaR_0.216_SE_reference_AE_historical",1.5,5000,"Long",2051,1000,0,0.001,12484.226301996,9193.00877631757,17972.9496203776,0.193,5795.33242506371,6583.55834642734,0,10107.7962896556
9,"Fcap_1.50_Besc_5000_sigmaR_0.216_SE_reference_AE_historical",1.5,5000,"Long",2052,1000,0,0,12581.8508744664,9259.71366423317,18070.9026525368,0.204,5699.68784501647,6690.30178595683,0,10086.5675774412
9,"Fcap_1.50_Besc_5000_sigmaR_0.216_SE_reference_AE_historical",1.5,5000,"Long",2053,1000,0,0.001,12497.9974644757,9397.8463140723,18223.552862907,0.188,5817.03267356728,6592.04848681964,0,10352.7261122033
9,"Fcap_1.50_Besc_5000_sigmaR_0.216_SE_reference_AE_historical",1.5,5000,"Long",2054,1000,0.001,0.002,12453.0342884927,9126.58337766089,17783.6201412747,0.206,5656.40659723587,6640.9754235874,0,9868.26590169171
9,"Fcap_1.50_Besc_5000_sigmaR_0.216_SE_reference_AE_historical",1.5,5000,"Full",2025,1000,0,0,13241.7576101165,11613.5180917445,16262.1531515619,0.076,6805.00880868886,7114.21276009681,0,9924.92042081593
9,"Fcap_1.50_Besc_5000_sigmaR_0.216_SE_reference_AE_historical",1.5,5000,"Full",2026,1000,0,0,12416.3765493394,9202.81861999985,17960.1108366313,0.208,5661.4291975637,6575.85803239694,0,10147.9349881926
9,"Fcap_1.50_Besc_5000_sigmaR_0.216_SE_reference_AE_historical",1.5,5000,"Full",2027,1000,0,0,12681.9278811505,9279.90473230534,18259.2738277901,0.198,5918.45797490578,6867.56874823849,0,10427.2454118529
9,"Fcap_1.50_Besc_5000_sigmaR_0.216_SE_reference_AE_historical",1.5,5000,"Full",2028,1000,0,0,12569.8900488375,9191.20107205193,17589.8177323081,0.209,5747.2400597706,6790.52766002915,0,10078.0004217771
9,"Fcap_1.50_Besc_5000_sigmaR_0.216_SE_reference_AE_historical",1.5,5000,"Full",2029,1000,0,0.003,12516.281358713,9096.46043354373,17749.1743052553,0.219,5686.49687371029,6767.1976311335,0,10287.9227122414
9,"Fcap_1.50_Besc_5000_sigmaR_0.216_SE_reference_AE_historical",1.5,5000,"Full",2030,1000,0,0.003,12418.1122789874,9103.26313372031,17813.8278661779,0.217,5617.89056673575,6546.34191178687,0,10222.7057290851
9,"Fcap_1.50_Besc_5000_sigmaR_0.216_SE_reference_AE_historical",1.5,5000,"Full",2031,1000,0,0,12408.9487668638,9238.60882352562,17407.8444041011,0.21,5566.98516945233,6505.65386368312,0,9831.89046756929
9,"Fcap_1.50_Besc_5000_sigmaR_0.216_SE_reference_AE_historical",1.5,5000,"Full",2032,1000,0,0.001,12582.3647250925,9103.73043125133,17477.5422707292,0.203,5714.75199016032,6626.12257567493,0,10047.4043131868
9,"Fcap_1.50_Besc_5000_sigmaR_0.216_SE_reference_AE_historical",1.5,5000,"Full",2033,1000,0.001,0.001,12554.5248487404,9223.41572387789,17882.3078334119,0.187,5761.24686324684,6512.89369668632,0,10152.9616846137
9,"Fcap_1.50_Besc_5000_sigmaR_0.216_SE_reference_AE_historical",1.5,5000,"Full",2034,1000,0,0.002,12602.5980549783,9386.30931672032,17915.0747659458,0.184,5834.48554705481,6553.18890757167,0,10049.8385608869
9,"Fcap_1.50_Besc_5000_sigmaR_0.216_SE_reference_AE_historical",1.5,5000,"Full",2035,1000,0,0.001,12431.1029778482,9255.18157399565,17737.3031761153,0.209,5582.53690131957,6497.13055525555,0,10085.6464252241
9,"Fcap_1.50_Besc_5000_sigmaR_0.216_SE_reference_AE_historical",1.5,5000,"Full",2036,1000,0,0.001,12459.8997747409,9223.80906925894,17483.4917105157,0.19,5718.45666455548,6585.83200487745,0,9778.05216928227
9,"Fcap_1.50_Besc_5000_sigmaR_0.216_SE_reference_AE_historical",1.5,5000,"Full",2037,1000,0,0.001,12431.2900850661,9349.05841724035,17043.5471192237,0.203,5579.25055919885,6623.96315222045,0,9757.90447597799
9,"Fcap_1.50_Besc_5000_sigmaR_0.216_SE_reference_AE_historical",1.5,5000,"Full",2038,1000,0,0,12396.6357057188,9203.79706774549,17752.9340033243,0.204,5640.04433741528,6601.42713095297,0,9904.86555466781
9,"Fcap_1.50_Besc_5000_sigmaR_0.216_SE_reference_AE_historical",1.5,5000,"Full",2039,1000,0,0,12587.9071886288,9185.29422420957,17457.9693929943,0.208,5652.29188874369,6600.7413300596,0,10026.9782838491
9,"Fcap_1.50_Besc_5000_sigmaR_0.216_SE_reference_AE_historical",1.5,5000,"Full",2040,1000,0,0,12474.9587918389,9458.47528588084,17985.3969101502,0.191,5712.75886137897,6678.9914388582,0,9916.33208175564
9,"Fcap_1.50_Besc_5000_sigmaR_0.216_SE_reference_AE_historical",1.5,5000,"Full",2041,1000,0,0,12594.613481591,9240.5640992835,17832.8658752251,0.202,5734.52701938355,6633.62191165816,0,9978.26213554001
9,"Fcap_1.50_Besc_5000_sigmaR_0.216_SE_reference_AE_historical",1.5,5000,"Full",2042,1000,0,0.002,12593.3108573017,9256.16320086949,17637.1176594159,0.211,5651.98247164137,6642.32798695831,0,10239.0471814723
9,"Fcap_1.50_Besc_5000_sigmaR_0.216_SE_reference_AE_historical",1.5,5000,"Full",2043,1000,0,0.002,12405.8141655419,9288.97955144612,17119.914779936,0.197,5593.52316150443,6541.92517847405,0,9861.92924705853
9,"Fcap_1.50_Besc_5000_sigmaR_0.216_SE_reference_AE_historical",1.5,5000,"Full",2044,1000,0,0,12457.2398745958,9286.61091926722,17739.0170098422,0.182,5751.05831330376,6597.08473083968,0,10077.7720466737
9,"Fcap_1.50_Besc_5000_sigmaR_0.216_SE_reference_AE_historical",1.5,5000,"Full",2045,1000,0,0.001,12495.4662328311,9201.05602406026,17703.0898685063,0.204,5627.58774242132,6600.154515768,0,9809.80591153983
9,"Fcap_1.50_Besc_5000_sigmaR_0.216_SE_reference_AE_historical",1.5,5000,"Full",2046,1000,0,0,12537.6121039683,9314.70458113661,17806.1686757318,0.188,5773.99524258422,6499.44090741585,0,10103.0087732133
9,"Fcap_1.50_Besc_5000_sigmaR_0.216_SE_reference_AE_historical",1.5,5000,"Full",2047,1000,0,0.001,12678.0750413612,9385.40200844465,18217.175612052,0.183,5895.83541262599,6656.3463118101,0,10226.3039048676
9,"Fcap_1.50_Besc_5000_sigmaR_0.216_SE_reference_AE_historical",1.5,5000,"Full",2048,1000,0,0.001,12614.9243146233,9160.89061199439,17922.5057825977,0.202,5673.62017011713,6586.95669058759,0,9955.40699786795
9,"Fcap_1.50_Besc_5000_sigmaR_0.216_SE_reference_AE_historical",1.5,5000,"Full",2049,1000,0,0,12484.7386706411,9173.81365683877,17850.4551194152,0.212,5637.7888478522,6522.65636730558,0,10017.6585772934
9,"Fcap_1.50_Besc_5000_sigmaR_0.216_SE_reference_AE_historical",1.5,5000,"Full",2050,1000,0,0.001,12766.0713460546,9204.88538602622,18375.2356033756,0.188,5924.06973175824,6765.54629015478,0,10302.045188772
9,"Fcap_1.50_Besc_5000_sigmaR_0.216_SE_reference_AE_historical",1.5,5000,"Full",2051,1000,0,0.001,12484.226301996,9193.00877631757,17972.9496203776,0.193,5795.33242506371,6583.55834642734,0,10107.7962896556
9,"Fcap_1.50_Besc_5000_sigmaR_0.216_SE_reference_AE_historical",1.5,5000,"Full",2052,1000,0,0,12581.8508744664,9259.71366423317,18070.9026525368,0.204,5699.68784501647,6690.30178595683,0,10086.5675774412
9,"Fcap_1.50_Besc_5000_sigmaR_0.216_SE_reference_AE_historical",1.5,5000,"Full",2053,1000,0,0.001,12497.9974644757,9397.8463140723,18223.552862907,0.188,5817.03267356728,6592.04848681964,0,10352.7261122033
9,"Fcap_1.50_Besc_5000_sigmaR_0.216_SE_reference_AE_historical",1.5,5000,"Full",2054,1000,0.001,0.002,12453.0342884927,9126.58337766089,17783.6201412747,0.206,5656.40659723587,6640.9754235874,0,9868.26590169171
10,"Fcap_1.50_Besc_6561_sigmaR_0.216_SE_reference_AE_historical",1.5,6561,"Short",2025,1000,0,0,13716.1254482733,12102.5300681059,16404.2938774546,0.468,3821.93282381895,2299.74817697053,0,9890.15991798232
10,"Fcap_1.50_Besc_6561_sigmaR_0.216_SE_reference_AE_historical",1.5,6561,"Short",2026,1000,0,0,13887.6239818508,10276.8929337481,19033.5098576704,0.412,4878.88436206182,6581.87767098988,0,11080.9741086589
10,"Fcap_1.50_Besc_6561_sigmaR_0.216_SE_reference_AE_historical",1.5,6561,"Short",2027,1000,0,0.001,13622.0182514769,9732.56384305692,19290.4870422888,0.452,4428.13105180371,3959.58252456024,0,11050.9488599057
10,"Fcap_1.50_Besc_6561_sigmaR_0.216_SE_reference_AE_historical",1.5,6561,"Short",2028,1000,0,0,13729.205490312,9997.43684693142,18361.1707373981,0.429,4848.62580686652,5822.38863771828,0,11297.5149073213
10,"Fcap_1.50_Besc_6561_sigmaR_0.216_SE_reference_AE_historical",1.5,6561,"Short",2029,1000,0.001,0.003,13593.4588578257,9431.83554184609,18720.1815667201,0.46,4406.21915998089,3804.03502655658,0,11180.575306059
10,"Fcap_1.50_Besc_6561_sigmaR_0.216_SE_reference_AE_historical",1.5,6561,"Short",2030,1000,0,0.001,13560.2296597477,9652.96929560318,18814.0986225028,0.447,4650.24484612371,5160.01247482556,0,11819.8919168661
10,"Fcap_1.50_Besc_6561_sigmaR_0.216_SE_reference_AE_historical",1.5,6561,"Short",2031,1000,0,0.003,13444.8916911356,9596.81227503152,18496.4655525313,0.477,4277.32488334678,2375.6130499074,0,11157.1900180784
10,"Fcap_1.50_Besc_6561_sigmaR_0.216_SE_reference_AE_historical",1.5,6561,"Short",2032,1000,0,0.004,13605.0541059221,9750.33729968538,18775.9141022342,0.469,4414.58397426993,2926.05869570024,0,11134.6590177392
10,"Fcap_1.50_Besc_6561_sigmaR_0.216_SE_reference_AE_historical",1.5,6561,"Short",2033,1000,0,0.002,13731.6116910517,9763.82286999161,18996.6514197924,0.44,4688.2522524559,5327.35426905051,0,11805.5530476892
10,"Fcap_1.50_Besc_6561_sigmaR_0.216_SE_reference_AE_historical",1.5,6561,"Short",2034,1000,0,0.002,13599.6415030955,9804.70636212467,18683.8734956924,0.448,4812.4757732501,6083.28314229781,0,11506.5932543255
10,"Fcap_1.50_Besc_6561_sigmaR_0.216_SE_reference_AE_historical",1.5,6561,"Medium",2035,1000,0,0.004,13460.9798905816,9803.28195749272,18553.9094434816,0.478,4383.72576591346,2954.65814921879,0,10932.9504592398
10,"Fcap_1.50_Besc_6561_sigmaR_0.216_SE_reference_AE_historical",1.5,6561,"Medium",2036,1000,0,0.001,13533.486009351,9863.77070542432,18962.1978325704,0.459,4481.30876261347,4688.73998638319,0,11206.929896775
10,"Fcap_1.50_Besc_6561_sigmaR_0.216_SE_reference_AE_historical",1.5,6561,"Medium",2037,1000,0,0.004,13518.9607471583,9741.1271176014,18214.3759609133,0.457,4362.77657952478,3998.923044505,0,10734.8794184677
10,"Fcap_1.50_Besc_6561_sigmaR_0.216_SE_reference_AE_historical",1.5,6561,"Medium",2038,1000,0,0.001,13387.9528222808,9727.96961626577,18660.2951255505,0.451,4615.91783937738,5449.03161816655,0,11412.8792383479
10,"Fcap_1.50_Besc_6561_sigmaR_0.216_SE_reference_AE_historical",1.5,6561,"Medium",2039,1000,0,0.001,13575.9605918533,9684.14433663782,18527.04704645,0.473,4487.21660365673,4354.62858189412,0,11215.4378396977
10,"Fcap_1.50_Besc_6561_sigmaR_0.216_SE_reference_AE_historical",1.5,6561,"Medium",2040,1000,0,0.002,13561.68734193,9871.79071223291,18950.9517599403,0.437,4649.65405598087,6023.8448823624,0,11148.5702380002
10,"Fcap_1.50_Besc_6561_sigmaR_0.216_SE_reference_AE_historical",1.5,6561,"Medium",2041,1000,0,0.001,13624.2900828565,9687.47335986657,18555.2948712726,0.447,4660.48995116595,5146.96338583562,0,11311.6773771276
10,"Fcap_1.50_Besc_6561_sigmaR_0.216_SE_reference_AE_historical",1.5,6561,"Medium",2042,1000,0,0.002,13518.0651301259,9640.34265351237,18701.3395402924,0.45,4536.15972460311,4522.75422439323,0,11101.5129971517
10,"Fcap_1.50_Besc_6561_sigmaR_0.216_SE_reference_AE_historical",1.5,6561,"Medium",2043,1000,0,0,13428.8819006012,9748.7671874502,18315.2382364714,0.458,4405.45457933467,5224.98740792113,0,10873.6376432384
10,"Fcap_1.50_Besc_6561_sigmaR_0.216_SE_reference_AE_historical",1.5,6561,"Medium",2044,1000,0.001,0.002,13488.9326748159,9866.5741693763,18680.2313912258,0.457,4569.38700594806,4963.69783309518,0,11235.3915722018
10,"Fcap_1.50_Besc_6561_sigmaR_0.216_SE_reference_AE_historical",1.5,6561,"Long",2045,1000,0,0.001,13520.838186331,9789.0159836268,18552.5339573825,0.441,4672.62791059795,5261.4258081649,0,11649.1064137789
10,"Fcap_1.50_Besc_6561_sigmaR_0.216_SE_reference_AE_historical",1.5,6561,"Long",2046,1000,0.002,0.004,13519.4667232371,9744.61833143409,18592.5100874725,0.463,4487.48764182075,4350.57754222074,0,11370.5128338719
10,"Fcap_1.50_Besc_6561_sigmaR_0.216_SE_reference_AE_historical",1.5,6561,"Long",2047,1000,0,0.003,13613.3987960462,10089.079320167,19250.2499560513,0.438,4711.14103167937,5561.08812736128,0,11373.6587228093
10,"Fcap_1.50_Besc_6561_sigmaR_0.216_SE_reference_AE_historical",1.5,6561,"Long",2048,1000,0,0.003,13696.5986998219,9676.37520733381,18888.1258092079,0.433,4745.37233818489,5883.87502469244,0,11351.8235630681
10,"Fcap_1.50_Besc_6561_sigmaR_0.216_SE_reference_AE_historical",1.5,6561,"Long",2049,1000,0,0,13345.6500537286,9717.40347189719,18806.7040632093,0.482,4230.79879365795,1247.05671200844,0,11241.1590458074
10,"Fcap_1.50_Besc_6561_sigmaR_0.216_SE_reference_AE_historical",1.5,6561,"Long",2050,1000,0,0.003,13722.9111938865,10006.347563998,19215.8142580291,0.423,5000.56086422512,6511.55338301271,0,11992.6770544814
10,"Fcap_1.50_Besc_6561_sigmaR_0.216_SE_reference_AE_historical",1.5,6561,"Long",2051,1000,0,0.007,13505.5255541875,9632.82949984604,19019.2841487884,0.463,4560.55255573763,5037.87413160391,0,11616.938775678
10,"Fcap_1.50_Besc_6561_sigmaR_0.216_SE_reference_AE_historical",1.5,6561,"Long",2052,1000,0,0.002,13592.5496435764,9898.69769962131,19138.6049543676,0.439,4691.52835310859,5280.74473256221,0,11735.0336818616
10,"Fcap_1.50_Besc_6561_sigmaR_0.216_SE_reference_AE_historical",1.5,6561,"Long",2053,1000,0,0.003,13520.8125190609,9829.08204445708,19074.6248677069,0.477,4467.11215825685,2643.54199882274,0,11620.1315631608
10,"Fcap_1.50_Besc_6561_sigmaR_0.216_SE_reference_AE_historical",1.5,6561,"Long",2054,1000,0,0.001,13600.7861359308,9536.53740607298,18641.7515595161,0.438,4546.8410493991,5061.77931820757,0,10932.0401573123
10,"Fcap_1.50_Besc_6561_sigmaR_0.216_SE_reference_AE_historical",1.5,6561,"Full",2025,1000,0,0,13716.1254482733,12102.5300681059,16404.2938774546,0.468,3821.93282381895,2299.74817697053,0,9890.15991798232
10,"Fcap_1.50_Besc_6561_sigmaR_0.216_SE_reference_AE_historical",1.5,6561,"Full",2026,1000,0,0,13887.6239818508,10276.8929337481,19033.5098576704,0.412,4878.88436206182,6581.87767098988,0,11080.9741086589
10,"Fcap_1.50_Besc_6561_sigmaR_0.216_SE_reference_AE_historical",1.5,6561,"Full",2027,1000,0,0.001,13622.0182514769,9732.56384305692,19290.4870422888,0.452,4428.13105180371,3959.58252456024,0,11050.9488599057
10,"Fcap_1.50_Besc_6561_sigmaR_0.216_SE_reference_AE_historical",1.5,6561,"Full",2028,1000,0,0,13729.205490312,9997.43684693142,18361.1707373981,0.429,4848.62580686652,5822.38863771828,0,11297.5149073213
10,"Fcap_1.50_Besc_6561_sigmaR_0.216_SE_reference_AE_historical",1.5,6561,"Full",2029,1000,0.001,0.003,13593.4588578257,9431.83554184609,18720.1815667201,0.46,4406.21915998089,3804.03502655658,0,11180.575306059
10,"Fcap_1.50_Besc_6561_sigmaR_0.216_SE_reference_AE_historical",1.5,6561,"Full",2030,1000,0,0.001,13560.2296597477,9652.96929560318,18814.0986225028,0.447,4650.24484612371,5160.01247482556,0,11819.8919168661
10,"Fcap_1.50_Besc_6561_sigmaR_0.216_SE_reference_AE_historical",1.5,6561,"Full",2031,1000,0,0.003,13444.8916911356,9596.81227503152,18496.4655525313,0.477,4277.32488334678,2375.6130499074,0,11157.1900180784
10,"Fcap_1.50_Besc_6561_sigmaR_0.216_SE_reference_AE_historical",1.5,6561,"Full",2032,1000,0,0.004,13605.0541059221,9750.33729968538,18775.9141022342,0.469,4414.58397426993,2926.05869570024,0,11134.6590177392
10,"Fcap_1.50_Besc_6561_sigmaR_0.216_SE_reference_AE_historical",1.5,6561,"Full",2033,1000,0,0.002,13731.6116910517,9763.82286999161,18996.6514197924,0.44,4688.2522524559,5327.35426905051,0,11805.5530476892
10,"Fcap_1.50_Besc_6561_sigmaR_0.216_SE_reference_AE_historical",1.5,6561,"Full",2034,1000,0,0.002,13599.6415030955,9804.70636212467,18683.8734956924,0.448,4812.4757732501,6083.28314229781,0,11506.5932543255
10,"Fcap_1.50_Besc_6561_sigmaR_0.216_SE_reference_AE_historical",1.5,6561,"Full",2035,1000,0,0.004,13460.9798905816,9803.28195749272,18553.9094434816,0.478,4383.72576591346,2954.65814921879,0,10932.9504592398
10,"Fcap_1.50_Besc_6561_sigmaR_0.216_SE_reference_AE_historical",1.5,6561,"Full",2036,1000,0,0.001,13533.486009351,9863.77070542432,18962.1978325704,0.459,4481.30876261347,4688.73998638319,0,11206.929896775
10,"Fcap_1.50_Besc_6561_sigmaR_0.216_SE_reference_AE_historical",1.5,6561,"Full",2037,1000,0,0.004,13518.9607471583,9741.1271176014,18214.3759609133,0.457,4362.77657952478,3998.923044505,0,10734.8794184677
10,"Fcap_1.50_Besc_6561_sigmaR_0.216_SE_reference_AE_historical",1.5,6561,"Full",2038,1000,0,0.001,13387.9528222808,9727.96961626577,18660.2951255505,0.451,4615.91783937738,5449.03161816655,0,11412.8792383479
10,"Fcap_1.50_Besc_6561_sigmaR_0.216_SE_reference_AE_historical",1.5,6561,"Full",2039,1000,0,0.001,13575.9605918533,9684.14433663782,18527.04704645,0.473,4487.21660365673,4354.62858189412,0,11215.4378396977
10,"Fcap_1.50_Besc_6561_sigmaR_0.216_SE_reference_AE_historical",1.5,6561,"Full",2040,1000,0,0.002,13561.68734193,9871.79071223291,18950.9517599403,0.437,4649.65405598087,6023.8448823624,0,11148.5702380002
10,"Fcap_1.50_Besc_6561_sigmaR_0.216_SE_reference_AE_historical",1.5,6561,"Full",2041,1000,0,0.001,13624.2900828565,9687.47335986657,18555.2948712726,0.447,4660.48995116595,5146.96338583562,0,11311.6773771276
10,"Fcap_1.50_Besc_6561_sigmaR_0.216_SE_reference_AE_historical",1.5,6561,"Full",2042,1000,0,0.002,13518.0651301259,9640.34265351237,18701.3395402924,0.45,4536.15972460311,4522.75422439323,0,11101.5129971517
10,"Fcap_1.50_Besc_6561_sigmaR_0.216_SE_reference_AE_historical",1.5,6561,"Full",2043,1000,0,0,13428.8819006012,9748.7671874502,18315.2382364714,0.458,4405.45457933467,5224.98740792113,0,10873.6376432384
10,"Fcap_1.50_Besc_6561_sigmaR_0.216_SE_reference_AE_historical",1.5,6561,"Full",2044,1000,0.001,0.002,13488.9326748159,9866.5741693763,18680.2313912258,0.457,4569.38700594806,4963.69783309518,0,11235.3915722018
10,"Fcap_1.50_Besc_6561_sigmaR_0.216_SE_reference_AE_historical",1.5,6561,"Full",2045,1000,0,0.001,13520.838186331,9789.0159836268,18552.5339573825,0.441,4672.62791059795,5261.4258081649,0,11649.1064137789
10,"Fcap_1.50_Besc_6561_sigmaR_0.216_SE_reference_AE_historical",1.5,6561,"Full",2046,1000,0.002,0.004,13519.4667232371,9744.61833143409,18592.5100874725,0.463,4487.48764182075,4350.57754222074,0,11370.5128338719
10,"Fcap_1.50_Besc_6561_sigmaR_0.216_SE_reference_AE_historical",1.5,6561,"Full",2047,1000,0,0.003,13613.3987960462,10089.079320167,19250.2499560513,0.438,4711.14103167937,5561.08812736128,0,11373.6587228093
10,"Fcap_1.50_Besc_6561_sigmaR_0.216_SE_reference_AE_historical",1.5,6561,"Full",2048,1000,0,0.003,13696.5986998219,9676.37520733381,18888.1258092079,0.433,4745.37233818489,5883.87502469244,0,11351.8235630681
10,"Fcap_1.50_Besc_6561_sigmaR_0.216_SE_reference_AE_historical",1.5,6561,"Full",2049,1000,0,0,13345.6500537286,9717.40347189719,18806.7040632093,0.482,4230.79879365795,1247.05671200844,0,11241.1590458074
10,"Fcap_1.50_Besc_6561_sigmaR_0.216_SE_reference_AE_historical",1.5,6561,"Full",2050,1000,0,0.003,13722.9111938865,10006.347563998,19215.8142580291,0.423,5000.56086422512,6511.55338301271,0,11992.6770544814
10,"Fcap_1.50_Besc_6561_sigmaR_0.216_SE_reference_AE_historical",1.5,6561,"Full",2051,1000,0,0.007,13505.5255541875,9632.82949984604,19019.2841487884,0.463,4560.55255573763,5037.87413160391,0,11616.938775678
10,"Fcap_1.50_Besc_6561_sigmaR_0.216_SE_reference_AE_historical",1.5,6561,"Full",2052,1000,0,0.002,13592.5496435764,9898.69769962131,19138.6049543676,0.439,4691.52835310859,5280.74473256221,0,11735.0336818616
10,"Fcap_1.50_Besc_6561_sigmaR_0.216_SE_reference_AE_historical",1.5,6561,"Full",2053,1000,0,0.003,13520.8125190609,9829.08204445708,19074.6248677069,0.477,4467.11215825685,2643.54199882274,0,11620.1315631608
10,"Fcap_1.50_Besc_6561_sigmaR_0.216_SE_reference_AE_historical",1.5,6561,"Full",2054,1000,0,0.001,13600.7861359308,9536.53740607298,18641.7515595161,0.438,4546.8410493991,5061.77931820757,0,10932.0401573123
11,"Fcap_1.50_Besc_7250_sigmaR_0.216_SE_reference_AE_historical",1.5,7250,"Short",2025,1000,0,0,13931.3329085382,12135.8179097045,16832.2843978441,0.681,2365.40924344293,0,0,9844.02974058931
11,"Fcap_1.50_Besc_7250_sigmaR_0.216_SE_reference_AE_historical",1.5,7250,"Short",2026,1000,0,0,14461.3526455406,11017.8812329428,19552.6883627051,0.437,4808.24650179846,5281.43479832724,0,11302.8430503534
11,"Fcap_1.50_Besc_7250_sigmaR_0.216_SE_reference_AE_historical",1.5,7250,"Short",2027,1000,0,0,14029.4151911178,9867.37535851692,19521.6224131898,0.591,3468.42518459726,0,0,11229.5459027151
11,"Fcap_1.50_Besc_7250_sigmaR_0.216_SE_reference_AE_historical",1.5,7250,"Short",2028,1000,0,0,14283.5119455168,10564.3327647899,18878.3693837417,0.515,4506.17272438425,0,0,12948.8029916055
11,"Fcap_1.50_Besc_7250_sigmaR_0.216_SE_reference_AE_historical",1.5,7250,"Short",2029,1000,0.002,0.004,13967.3728702719,9539.11816583298,18982.794598891,0.57,3824.51432139849,0,0,12227.8973787638
11,"Fcap_1.50_Besc_7250_sigmaR_0.216_SE_reference_AE_historical",1.5,7250,"Short",2030,1000,0,0.003,14064.1076967556,9823.74924116616,19384.2142881327,0.566,3936.65444769189,0,0,12322.5512280019
11,"Fcap_1.50_Besc_7250_sigmaR_0.216_SE_reference_AE_historical",1.5,7250,"Short",2031,1000,0,0.001,13943.8079052334,9693.41094394132,18982.9926525219,0.566,3819.02696907719,0,0,12353.686939349
11,"Fcap_1.50_Besc_7250_sigmaR_0.216_SE_reference_AE_historical",1.5,7250,"Short",2032,1000,0,0.005,14132.4918695994,10031.5529664522,19222.5791572145,0.573,3996.9753460944,0,0,13784.3738766013
11,"Fcap_1.50_Besc_7250_sigmaR_0.216_SE_reference_AE_historical",1.5,7250,"Short",2033,1000,0.002,0.008,14118.1683248428,9788.75211403188,19195.4059599802,0.542,4284.94019769908,0,0,15320.7846860815
11,"Fcap_1.50_Besc_7250_sigmaR_0.216_SE_reference_AE_historical",1.5,7250,"Short",2034,1000,0,0.005,14153.798095046,9789.67475786383,19292.4502966367,0.556,4162.19137565382,0,0,13416.4777162577
11,"Fcap_1.50_Besc_7250_sigmaR_0.216_SE_reference_AE_historical",1.5,7250,"Medium",2035,1000,0,0.008,13968.5124502012,9755.26885178274,19399.1018468505,0.562,4027.17433571134,0,0,12561.3623567973
11,"Fcap_1.50_Besc_7250_sigmaR_0.216_SE_reference_AE_historical",1.5,7250,"Medium",2036,1000,0,0.003,13957.0484554289,9819.97853258542,19232.5330524851,0.563,4009.09724244484,0,0,12121.4701526189
11,"Fcap_1.50_Besc_7250_sigmaR_0.216_SE_reference_AE_historical",1.5,7250,"Medium",2037,1000,0.001,0.003,14017.3010528011,9981.5348073377,18621.5375636112,0.581,3734.7350064529,0,0,11790.4416987075
11,"Fcap_1.50_Besc_7250_sigmaR_0.216_SE_reference_AE_historical",1.5,7250,"Medium",2038,1000,0,0.004,13925.9474361663,9821.99192998415,18960.925022759,0.545,4193.38703920752,0,0,13616.3080842925
11,"Fcap_1.50_Besc_7250_sigmaR_0.216_SE_reference_AE_historical",1.5,7250,"Medium",2039,1000,0,0.004,14021.988191161,9470.34944778661,18771.2504327862,0.559,4211.43561044601,0,0,14308.1841630706
11,"Fcap_1.50_Besc_7250_sigmaR_0.216_SE_reference_AE_historical",1.5,7250,"Medium",2040,1000,0,0.003,13937.1743080413,9847.2118859367,19049.7339311572,0.573,3834.14704741154,0,0,12064.955231171
11,"Fcap_1.50_Besc_7250_sigmaR_0.216_SE_reference_AE_historical",1.5,7250,"Medium",2041,1000,0,0.005,14121.2901655881,9936.96429939882,18960.3498001194,0.535,4267.28523328111,0,0,12630.5294323288
11,"Fcap_1.50_Besc_7250_sigmaR_0.216_SE_reference_AE_historical",1.5,7250,"Medium",2042,1000,0,0.001,14076.7288251459,9523.13517957223,18786.4661821267,0.571,4001.49843737371,0,0,12585.5078363759
11,"Fcap_1.50_Besc_7250_sigmaR_0.216_SE_reference_AE_historical",1.5,7250,"Medium",2043,1000,0,0.003,13890.3089675917,9575.63959052656,18733.6170860455,0.567,3974.44379781286,0,0,12337.8630463904
11,"Fcap_1.50_Besc_7250_sigmaR_0.216_SE_reference_AE_historical",1.5,7250,"Medium",2044,1000,0.001,0.006,13933.6287554243,9766.91133327553,19064.9233013414,0.558,4068.67863894296,0,0,12267.7915342066
11,"Fcap_1.50_Besc_7250_sigmaR_0.216_SE_reference_AE_historical",1.5,7250,"Long",2045,1000,0.001,0.005,13964.0754703929,9790.11885161952,19095.64001401,0.549,4263.09421849438,0,0,14296.8161644915
11,"Fcap_1.50_Besc_7250_sigmaR_0.216_SE_reference_AE_historical",1.5,7250,"Long",2046,1000,0.003,0.004,13995.6033303878,9723.06956368099,18975.0566909687,0.57,3842.18691647421,0,0,11744.0558157219
11,"Fcap_1.50_Besc_7250_sigmaR_0.216_SE_reference_AE_historical",1.5,7250,"Long",2047,1000,0.001,0.005,14109.6869690352,10391.485052947,19620.4081862836,0.525,4405.60671266226,0,0,14261.8991185406
11,"Fcap_1.50_Besc_7250_sigmaR_0.216_SE_reference_AE_historical",1.5,7250,"Long",2048,1000,0.001,0.004,14177.9593256454,9595.62371264276,19158.6840181778,0.548,4252.69049567764,0,0,13074.0840992113
11,"Fcap_1.50_Besc_7250_sigmaR_0.216_SE_reference_AE_historical",1.5,7250,"Long",2049,1000,0.003,0.006,13830.5541171402,9701.83244568191,19357.4010984304,0.587,3802.79445191653,0,0,11910.6031322993
11,"Fcap_1.50_Besc_7250_sigmaR_0.216_SE_reference_AE_historical",1.5,7250,"Long",2050,1000,0,0.005,14238.9594152081,9935.39048471818,19641.636508247,0.514,4488.49599293221,0,0,13366.496300699
11,"Fcap_1.50_Besc_7250_sigmaR_0.216_SE_reference_AE_historical",1.5,7250,"Long",2051,1000,0,0.007,14019.8866348817,9822.0931356483,19181.948951037,0.545,4110.15889057707,0,0,12289.2073980821
11,"Fcap_1.50_Besc_7250_sigmaR_0.216_SE_reference_AE_historical",1.5,7250,"Long",2052,1000,0,0.002,14044.3291556206,9999.84415021159,19368.2875826051,0.534,4319.92876941647,0,0,13193.9225434635
11,"Fcap_1.50_Besc_7250_sigmaR_0.216_SE_reference_AE_historical",1.5,7250,"Long",2053,1000,0,0.001,13976.9876269995,9643.60657294276,19734.4493089644,0.564,4003.23420202615,0,0,12739.7257178055
11,"Fcap_1.50_Besc_7250_sigmaR_0.216_SE_reference_AE_historical",1.5,7250,"Long",2054,1000,0,0.002,13976.1852372748,9835.84055949487,19141.9039461363,0.546,3934.40568295292,0,0,11429.2793464738
11,"Fcap_1.50_Besc_7250_sigmaR_0.216_SE_reference_AE_historical",1.5,7250,"Full",2025,1000,0,0,13931.3329085382,12135.8179097045,16832.2843978441,0.681,2365.40924344293,0,0,9844.02974058931
11,"Fcap_1.50_Besc_7250_sigmaR_0.216_SE_reference_AE_historical",1.5,7250,"Full",2026,1000,0,0,14461.3526455406,11017.8812329428,19552.6883627051,0.437,4808.24650179846,5281.43479832724,0,11302.8430503534
11,"Fcap_1.50_Besc_7250_sigmaR_0.216_SE_reference_AE_historical",1.5,7250,"Full",2027,1000,0,0,14029.4151911178,9867.37535851692,19521.6224131898,0.591,3468.42518459726,0,0,11229.5459027151
11,"Fcap_1.50_Besc_7250_sigmaR_0.216_SE_reference_AE_historical",1.5,7250,"Full",2028,1000,0,0,14283.5119455168,10564.3327647899,18878.3693837417,0.515,4506.17272438425,0,0,12948.8029916055
11,"Fcap_1.50_Besc_7250_sigmaR_0.216_SE_reference_AE_historical",1.5,7250,"Full",2029,1000,0.002,0.004,13967.3728702719,9539.11816583298,18982.794598891,0.57,3824.51432139849,0,0,12227.8973787638
11,"Fcap_1.50_Besc_7250_sigmaR_0.216_SE_reference_AE_historical",1.5,7250,"Full",2030,1000,0,0.003,14064.1076967556,9823.74924116616,19384.2142881327,0.566,3936.65444769189,0,0,12322.5512280019
11,"Fcap_1.50_Besc_7250_sigmaR_0.216_SE_reference_AE_historical",1.5,7250,"Full",2031,1000,0,0.001,13943.8079052334,9693.41094394132,18982.9926525219,0.566,3819.02696907719,0,0,12353.686939349
11,"Fcap_1.50_Besc_7250_sigmaR_0.216_SE_reference_AE_historical",1.5,7250,"Full",2032,1000,0,0.005,14132.4918695994,10031.5529664522,19222.5791572145,0.573,3996.9753460944,0,0,13784.3738766013
11,"Fcap_1.50_Besc_7250_sigmaR_0.216_SE_reference_AE_historical",1.5,7250,"Full",2033,1000,0.002,0.008,14118.1683248428,9788.75211403188,19195.4059599802,0.542,4284.94019769908,0,0,15320.7846860815
11,"Fcap_1.50_Besc_7250_sigmaR_0.216_SE_reference_AE_historical",1.5,7250,"Full",2034,1000,0,0.005,14153.798095046,9789.67475786383,19292.4502966367,0.556,4162.19137565382,0,0,13416.4777162577
11,"Fcap_1.50_Besc_7250_sigmaR_0.216_SE_reference_AE_historical",1.5,7250,"Full",2035,1000,0,0.008,13968.5124502012,9755.26885178274,19399.1018468505,0.562,4027.17433571134,0,0,12561.3623567973
11,"Fcap_1.50_Besc_7250_sigmaR_0.216_SE_reference_AE_historical",1.5,7250,"Full",2036,1000,0,0.003,13957.0484554289,9819.97853258542,19232.5330524851,0.563,4009.09724244484,0,0,12121.4701526189
11,"Fcap_1.50_Besc_7250_sigmaR_0.216_SE_reference_AE_historical",1.5,7250,"Full",2037,1000,0.001,0.003,14017.3010528011,9981.5348073377,18621.5375636112,0.581,3734.7350064529,0,0,11790.4416987075
11,"Fcap_1.50_Besc_7250_sigmaR_0.216_SE_reference_AE_historical",1.5,7250,"Full",2038,1000,0,0.004,13925.9474361663,9821.99192998415,18960.925022759,0.545,4193.38703920752,0,0,13616.3080842925
11,"Fcap_1.50_Besc_7250_sigmaR_0.216_SE_reference_AE_historical",1.5,7250,"Full",2039,1000,0,0.004,14021.988191161,9470.34944778661,18771.2504327862,0.559,4211.43561044601,0,0,14308.1841630706
11,"Fcap_1.50_Besc_7250_sigmaR_0.216_SE_reference_AE_historical",1.5,7250,"Full",2040,1000,0,0.003,13937.1743080413,9847.2118859367,19049.7339311572,0.573,3834.14704741154,0,0,12064.955231171
11,"Fcap_1.50_Besc_7250_sigmaR_0.216_SE_reference_AE_historical",1.5,7250,"Full",2041,1000,0,0.005,14121.2901655881,9936.96429939882,18960.3498001194,0.535,4267.28523328111,0,0,12630.5294323288
11,"Fcap_1.50_Besc_7250_sigmaR_0.216_SE_reference_AE_historical",1.5,7250,"Full",2042,1000,0,0.001,14076.7288251459,9523.13517957223,18786.4661821267,0.571,4001.49843737371,0,0,12585.5078363759
11,"Fcap_1.50_Besc_7250_sigmaR_0.216_SE_reference_AE_historical",1.5,7250,"Full",2043,1000,0,0.003,13890.3089675917,9575.63959052656,18733.6170860455,0.567,3974.44379781286,0,0,12337.8630463904
11,"Fcap_1.50_Besc_7250_sigmaR_0.216_SE_reference_AE_historical",1.5,7250,"Full",2044,1000,0.001,0.006,13933.6287554243,9766.91133327553,19064.9233013414,0.558,4068.67863894296,0,0,12267.7915342066
11,"Fcap_1.50_Besc_7250_sigmaR_0.216_SE_reference_AE_historical",1.5,7250,"Full",2045,1000,0.001,0.005,13964.0754703929,9790.11885161952,19095.64001401,0.549,4263.09421849438,0,0,14296.8161644915
11,"Fcap_1.50_Besc_7250_sigmaR_0.216_SE_reference_AE_historical",1.5,7250,"Full",2046,1000,0.003,0.004,13995.6033303878,9723.06956368099,18975.0566909687,0.57,3842.18691647421,0,0,11744.0558157219
11,"Fcap_1.50_Besc_7250_sigmaR_0.216_SE_reference_AE_historical",1.5,7250,"Full",2047,1000,0.001,0.005,14109.6869690352,10391.485052947,19620.4081862836,0.525,4405.60671266226,0,0,14261.8991185406
11,"Fcap_1.50_Besc_7250_sigmaR_0.216_SE_reference_AE_historical",1.5,7250,"Full",2048,1000,0.001,0.004,14177.9593256454,9595.62371264276,19158.6840181778,0.548,4252.69049567764,0,0,13074.0840992113
11,"Fcap_1.50_Besc_7250_sigmaR_0.216_SE_reference_AE_historical",1.5,7250,"Full",2049,1000,0.003,0.006,13830.5541171402,9701.83244568191,19357.4010984304,0.587,3802.79445191653,0,0,11910.6031322993
11,"Fcap_1.50_Besc_7250_sigmaR_0.216_SE_reference_AE_historical",1.5,7250,"Full",2050,1000,0,0.005,14238.9594152081,9935.39048471818,19641.636508247,0.514,4488.49599293221,0,0,13366.496300699
11,"Fcap_1.50_Besc_7250_sigmaR_0.216_SE_reference_AE_historical",1.5,7250,"Full",2051,1000,0,0.007,14019.8866348817,9822.0931356483,19181.948951037,0.545,4110.15889057707,0,0,12289.2073980821
11,"Fcap_1.50_Besc_7250_sigmaR_0.216_SE_reference_AE_historical",1.5,7250,"Full",2052,1000,0,0.002,14044.3291556206,9999.84415021159,19368.2875826051,0.534,4319.92876941647,0,0,13193.9225434635
11,"Fcap_1.50_Besc_7250_sigmaR_0.216_SE_reference_AE_historical",1.5,7250,"Full",2053,1000,0,0.001,13976.9876269995,9643.60657294276,19734.4493089644,0.564,4003.23420202615,0,0,12739.7257178055
11,"Fcap_1.50_Besc_7250_sigmaR_0.216_SE_reference_AE_historical",1.5,7250,"Full",2054,1000,0,0.002,13976.1852372748,9835.84055949487,19141.9039461363,0.546,3934.40568295292,0,0,11429.2793464738
12,"Fcap_1.50_Besc_8000_sigmaR_0.216_SE_reference_AE_historical",1.5,8000,"Short",2025,1000,0,0,14013.9318439866,12135.8179097045,17141.9553855522,0.824,1276.67618993145,0,0,9543.2571618717
12,"Fcap_1.50_Besc_8000_sigmaR_0.216_SE_reference_AE_historical",1.5,8000,"Short",2026,1000,0,0,15142.3290739095,11362.7938076009,20079.8723751334,0.547,3987.57352918926,0,0,11697.2783669397
12,"Fcap_1.50_Besc_8000_sigmaR_0.216_SE_reference_AE_historical",1.5,8000,"Short",2027,1000,0,0,14753.0133308047,10266.6191629492,19935.0059395161,0.67,2870.64011383699,0,0,11156.2159482329
12,"Fcap_1.50_Besc_8000_sigmaR_0.216_SE_reference_AE_historical",1.5,8000,"Short",2028,1000,0,0,14767.5627822892,11113.5699291094,19486.6219384495,0.624,3919.36604007947,0,0,15339.1991607317
12,"Fcap_1.50_Besc_8000_sigmaR_0.216_SE_reference_AE_historical",1.5,8000,"Short",2029,1000,0.001,0.006,14444.2046975399,9574.97214403731,19664.1076102056,0.662,3424.84606877843,0,0,14489.8426725172
12,"Fcap_1.50_Besc_8000_sigmaR_0.216_SE_reference_AE_historical",1.5,8000,"Short",2030,1000,0,0.006,14605.1151908043,9958.44009098545,19544.2118425568,0.658,3342.34620747483,0,0,14089.1340288493
12,"Fcap_1.50_Besc_8000_sigmaR_0.216_SE_reference_AE_historical",1.5,8000,"Short",2031,1000,0,0.001,14445.3743352794,9909.87773470424,19323.1429200069,0.687,3169.06265875665,0,0,13749.3244926048
12,"Fcap_1.50_Besc_8000_sigmaR_0.216_SE_reference_AE_historical",1.5,8000,"Short",2032,1000,0,0.004,14606.0128276795,10157.7073245096,19436.6597919743,0.652,3528.1088197608,0,0,13850.7762138781
12,"Fcap_1.50_Besc_8000_sigmaR_0.216_SE_reference_AE_historical",1.5,8000,"Short",2033,1000,0,0.006,14448.4979034322,9963.69715200675,19538.5471493074,0.655,3615.24520234026,0,0,17441.9026825647
12,"Fcap_1.50_Besc_8000_sigmaR_0.216_SE_reference_AE_historical",1.5,8000,"Short",2034,1000,0,0.003,14611.230635937,9856.36769533404,20084.3527395678,0.649,3670.62653305189,0,0,15834.2070457998
12,"Fcap_1.50_Besc_8000_sigmaR_0.216_SE_reference_AE_historical",1.5,8000,"Medium",2035,1000,0.001,0.008,14511.6743084776,9589.54579649861,19615.6491443326,0.654,3474.9796244994,0,0,14794.2100864838
12,"Fcap_1.50_Besc_8000_sigmaR_0.216_SE_reference_AE_historical",1.5,8000,"Medium",2036,1000,0,0.003,14611.1438755477,9789.5318102464,19347.4948959936,0.651,3630.45438353839,0,0,16805.439093225
12,"Fcap_1.50_Besc_8000_sigmaR_0.216_SE_reference_AE_historical",1.5,8000,"Medium",2037,1000,0,0.004,14409.7203487621,9795.40976155778,18913.0752871987,0.682,3103.8814955898,0,0,12877.4478708322
12,"Fcap_1.50_Besc_8000_sigmaR_0.216_SE_reference_AE_historical",1.5,8000,"Medium",2038,1000,0.001,0.006,14487.2003950912,10073.5679284776,19619.6782921026,0.662,3508.72565285203,0,0,15078.8892864538
12,"Fcap_1.50_Besc_8000_sigmaR_0.216_SE_reference_AE_historical",1.5,8000,"Medium",2039,1000,0,0.005,14627.6209375604,9718.39436856737,18989.1495213237,0.669,3447.60870188065,0,0,16266.1430245518
12,"Fcap_1.50_Besc_8000_sigmaR_0.216_SE_reference_AE_historical",1.5,8000,"Medium",2040,1000,0,0.005,14544.0456696824,10027.3944756252,20056.3356465672,0.674,3403.3411044363,0,0,17301.5578758809
12,"Fcap_1.50_Besc_8000_sigmaR_0.216_SE_reference_AE_historical",1.5,8000,"Medium",2041,1000,0,0.007,14645.8628956333,9774.08592069514,19699.1640469238,0.635,3820.2072033236,0,0,16112.9304970915
12,"Fcap_1.50_Besc_8000_sigmaR_0.216_SE_reference_AE_historical",1.5,8000,"Medium",2042,1000,0,0.002,14585.2193364558,9520.4278861547,19562.6134686102,0.664,3508.9675720702,0,0,16574.5232951265
12,"Fcap_1.50_Besc_8000_sigmaR_0.216_SE_reference_AE_historical",1.5,8000,"Medium",2043,1000,0,0.005,14411.5130862976,9939.39136553086,19430.1343483915,0.689,3246.52081157139,0,0,16318.6640480383
12,"Fcap_1.50_Besc_8000_sigmaR_0.216_SE_reference_AE_historical",1.5,8000,"Medium",2044,1000,0,0.004,14498.5077421648,9874.26606251091,19878.7973450972,0.651,3696.45164337827,0,0,16213.091678317
12,"Fcap_1.50_Besc_8000_sigmaR_0.216_SE_reference_AE_historical",1.5,8000,"Long",2045,1000,0,0.005,14486.8122167431,9627.44087142208,19356.0024910985,0.654,3722.45143190994,0,0,17221.1644373582
12,"Fcap_1.50_Besc_8000_sigmaR_0.216_SE_reference_AE_historical",1.5,8000,"Long",2046,1000,0.002,0.005,14487.015025889,9991.2476644152,19552.237052795,0.668,3413.2840015193,0,0,13764.696880314
12,"Fcap_1.50_Besc_8000_sigmaR_0.216_SE_reference_AE_historical",1.5,8000,"Long",2047,1000,0.001,0.004,14628.8205599596,10548.0049152003,19782.07089567,0.65,3599.24138602783,0,0,16321.2996483651
12,"Fcap_1.50_Besc_8000_sigmaR_0.216_SE_reference_AE_historical",1.5,8000,"Long",2048,1000,0,0.006,14655.5028623156,9871.26694773471,19983.0745314039,0.64,3669.13449045133,0,0,16680.1321565437
12,"Fcap_1.50_Besc_8000_sigmaR_0.216_SE_reference_AE_historical",1.5,8000,"Long",2049,1000,0.001,0.005,14300.2698284482,10150.5818405783,19673.4551039196,0.664,3385.64925184206,0,0,13493.2545758978
12,"Fcap_1.50_Besc_8000_sigmaR_0.216_SE_reference_AE_historical",1.5,8000,"Long",2050,1000,0,0.003,14718.7225673983,10207.5399677294,19917.6806116109,0.638,3781.61524993522,0,0,17129.9466356341
12,"Fcap_1.50_Besc_8000_sigmaR_0.216_SE_reference_AE_historical",1.5,8000,"Long",2051,1000,0,0.008,14643.1990556064,10169.0017689913,19763.6654603941,0.653,3675.88331749228,0,0,16072.7362533194
12,"Fcap_1.50_Besc_8000_sigmaR_0.216_SE_reference_AE_historical",1.5,8000,"Long",2052,1000,0,0.003,14575.0001318116,9968.11839495541,19737.087479102,0.636,3796.00283477863,0,0,16168.26192492
12,"Fcap_1.50_Besc_8000_sigmaR_0.216_SE_reference_AE_historical",1.5,8000,"Long",2053,1000,0,0.003,14446.08957959,9529.59378193412,19912.9697582081,0.666,3507.77532618904,0,0,15613.5251713531
12,"Fcap_1.50_Besc_8000_sigmaR_0.216_SE_reference_AE_historical",1.5,8000,"Long",2054,1000,0,0.002,14589.3375960492,9781.43401779814,19678.500948902,0.664,3295.46656488872,0,0,12882.3495276872
12,"Fcap_1.50_Besc_8000_sigmaR_0.216_SE_reference_AE_historical",1.5,8000,"Full",2025,1000,0,0,14013.9318439866,12135.8179097045,17141.9553855522,0.824,1276.67618993145,0,0,9543.2571618717
12,"Fcap_1.50_Besc_8000_sigmaR_0.216_SE_reference_AE_historical",1.5,8000,"Full",2026,1000,0,0,15142.3290739095,11362.7938076009,20079.8723751334,0.547,3987.57352918926,0,0,11697.2783669397
12,"Fcap_1.50_Besc_8000_sigmaR_0.216_SE_reference_AE_historical",1.5,8000,"Full",2027,1000,0,0,14753.0133308047,10266.6191629492,19935.0059395161,0.67,2870.64011383699,0,0,11156.2159482329
12,"Fcap_1.50_Besc_8000_sigmaR_0.216_SE_reference_AE_historical",1.5,8000,"Full",2028,1000,0,0,14767.5627822892,11113.5699291094,19486.6219384495,0.624,3919.36604007947,0,0,15339.1991607317
12,"Fcap_1.50_Besc_8000_sigmaR_0.216_SE_reference_AE_historical",1.5,8000,"Full",2029,1000,0.001,0.006,14444.2046975399,9574.97214403731,19664.1076102056,0.662,3424.84606877843,0,0,14489.8426725172
12,"Fcap_1.50_Besc_8000_sigmaR_0.216_SE_reference_AE_historical",1.5,8000,"Full",2030,1000,0,0.006,14605.1151908043,9958.44009098545,19544.2118425568,0.658,3342.34620747483,0,0,14089.1340288493
12,"Fcap_1.50_Besc_8000_sigmaR_0.216_SE_reference_AE_historical",1.5,8000,"Full",2031,1000,0,0.001,14445.3743352794,9909.87773470424,19323.1429200069,0.687,3169.06265875665,0,0,13749.3244926048
12,"Fcap_1.50_Besc_8000_sigmaR_0.216_SE_reference_AE_historical",1.5,8000,"Full",2032,1000,0,0.004,14606.0128276795,10157.7073245096,19436.6597919743,0.652,3528.1088197608,0,0,13850.7762138781
12,"Fcap_1.50_Besc_8000_sigmaR_0.216_SE_reference_AE_historical",1.5,8000,"Full",2033,1000,0,0.006,14448.4979034322,9963.69715200675,19538.5471493074,0.655,3615.24520234026,0,0,17441.9026825647
12,"Fcap_1.50_Besc_8000_sigmaR_0.216_SE_reference_AE_historical",1.5,8000,"Full",2034,1000,0,0.003,14611.230635937,9856.36769533404,20084.3527395678,0.649,3670.62653305189,0,0,15834.2070457998
12,"Fcap_1.50_Besc_8000_sigmaR_0.216_SE_reference_AE_historical",1.5,8000,"Full",2035,1000,0.001,0.008,14511.6743084776,9589.54579649861,19615.6491443326,0.654,3474.9796244994,0,0,14794.2100864838
12,"Fcap_1.50_Besc_8000_sigmaR_0.216_SE_reference_AE_historical",1.5,8000,"Full",2036,1000,0,0.003,14611.1438755477,9789.5318102464,19347.4948959936,0.651,3630.45438353839,0,0,16805.439093225
12,"Fcap_1.50_Besc_8000_sigmaR_0.216_SE_reference_AE_historical",1.5,8000,"Full",2037,1000,0,0.004,14409.7203487621,9795.40976155778,18913.0752871987,0.682,3103.8814955898,0,0,12877.4478708322
12,"Fcap_1.50_Besc_8000_sigmaR_0.216_SE_reference_AE_historical",1.5,8000,"Full",2038,1000,0.001,0.006,14487.2003950912,10073.5679284776,19619.6782921026,0.662,3508.72565285203,0,0,15078.8892864538
12,"Fcap_1.50_Besc_8000_sigmaR_0.216_SE_reference_AE_historical",1.5,8000,"Full",2039,1000,0,0.005,14627.6209375604,9718.39436856737,18989.1495213237,0.669,3447.60870188065,0,0,16266.1430245518
12,"Fcap_1.50_Besc_8000_sigmaR_0.216_SE_reference_AE_historical",1.5,8000,"Full",2040,1000,0,0.005,14544.0456696824,10027.3944756252,20056.3356465672,0.674,3403.3411044363,0,0,17301.5578758809
12,"Fcap_1.50_Besc_8000_sigmaR_0.216_SE_reference_AE_historical",1.5,8000,"Full",2041,1000,0,0.007,14645.8628956333,9774.08592069514,19699.1640469238,0.635,3820.2072033236,0,0,16112.9304970915
12,"Fcap_1.50_Besc_8000_sigmaR_0.216_SE_reference_AE_historical",1.5,8000,"Full",2042,1000,0,0.002,14585.2193364558,9520.4278861547,19562.6134686102,0.664,3508.9675720702,0,0,16574.5232951265
12,"Fcap_1.50_Besc_8000_sigmaR_0.216_SE_reference_AE_historical",1.5,8000,"Full",2043,1000,0,0.005,14411.5130862976,9939.39136553086,19430.1343483915,0.689,3246.52081157139,0,0,16318.6640480383
12,"Fcap_1.50_Besc_8000_sigmaR_0.216_SE_reference_AE_historical",1.5,8000,"Full",2044,1000,0,0.004,14498.5077421648,9874.26606251091,19878.7973450972,0.651,3696.45164337827,0,0,16213.091678317
12,"Fcap_1.50_Besc_8000_sigmaR_0.216_SE_reference_AE_historical",1.5,8000,"Full",2045,1000,0,0.005,14486.8122167431,9627.44087142208,19356.0024910985,0.654,3722.45143190994,0,0,17221.1644373582
12,"Fcap_1.50_Besc_8000_sigmaR_0.216_SE_reference_AE_historical",1.5,8000,"Full",2046,1000,0.002,0.005,14487.015025889,9991.2476644152,19552.237052795,0.668,3413.2840015193,0,0,13764.696880314
12,"Fcap_1.50_Besc_8000_sigmaR_0.216_SE_reference_AE_historical",1.5,8000,"Full",2047,1000,0.001,0.004,14628.8205599596,10548.0049152003,19782.07089567,0.65,3599.24138602783,0,0,16321.2996483651
12,"Fcap_1.50_Besc_8000_sigmaR_0.216_SE_reference_AE_historical",1.5,8000,"Full",2048,1000,0,0.006,14655.5028623156,9871.26694773471,19983.0745314039,0.64,3669.13449045133,0,0,16680.1321565437
12,"Fcap_1.50_Besc_8000_sigmaR_0.216_SE_reference_AE_historical",1.5,8000,"Full",2049,1000,0.001,0.005,14300.2698284482,10150.5818405783,19673.4551039196,0.664,3385.64925184206,0,0,13493.2545758978
12,"Fcap_1.50_Besc_8000_sigmaR_0.216_SE_reference_AE_historical",1.5,8000,"Full",2050,1000,0,0.003,14718.7225673983,10207.5399677294,19917.6806116109,0.638,3781.61524993522,0,0,17129.9466356341
12,"Fcap_1.50_Besc_8000_sigmaR_0.216_SE_reference_AE_historical",1.5,8000,"Full",2051,1000,0,0.008,14643.1990556064,10169.0017689913,19763.6654603941,0.653,3675.88331749228,0,0,16072.7362533194
12,"Fcap_1.50_Besc_8000_sigmaR_0.216_SE_reference_AE_historical",1.5,8000,"Full",2052,1000,0,0.003,14575.0001318116,9968.11839495541,19737.087479102,0.636,3796.00283477863,0,0,16168.26192492
12,"Fcap_1.50_Besc_8000_sigmaR_0.216_SE_reference_AE_historical",1.5,8000,"Full",2053,1000,0,0.003,14446.08957959,9529.59378193412,19912.9697582081,0.666,3507.77532618904,0,0,15613.5251713531
12,"Fcap_1.50_Besc_8000_sigmaR_0.216_SE_reference_AE_historical",1.5,8000,"Full",2054,1000,0,0.002,14589.3375960492,9781.43401779814,19678.500948902,0.664,3295.46656488872,0,0,12882.3495276872
13,"Fcap_1.60_Besc_5000_sigmaR_0.216_SE_reference_AE_historical",1.6,5000,"Short",2025,1000,0,0,13209.8970705285,11581.5035917453,16206.0409397577,0.076,7089.46915174568,7422.8272398701,0,10341.917260323
13,"Fcap_1.60_Besc_5000_sigmaR_0.216_SE_reference_AE_historical",1.6,5000,"Short",2026,1000,0,0,12309.1752245622,9089.53647398223,17744.989571623,0.227,5685.36893389261,6749.71969621334,0,10482.8520368796
13,"Fcap_1.60_Besc_5000_sigmaR_0.216_SE_reference_AE_historical",1.6,5000,"Short",2027,1000,0,0,12635.8573441523,9208.73704200076,18095.3788526326,0.205,6096.73040627339,7118.23323236199,0,10856.3307597911
13,"Fcap_1.60_Besc_5000_sigmaR_0.216_SE_reference_AE_historical",1.6,5000,"Short",2028,1000,0,0,12496.9731154198,9070.03431810694,17372.7396186114,0.229,5815.62222944969,7021.67561874886,0,10424.197919455
13,"Fcap_1.60_Besc_5000_sigmaR_0.216_SE_reference_AE_historical",1.6,5000,"Short",2029,1000,0,0.004,12441.970571318,9065.10091923311,17606.7784244276,0.23,5835.71276912077,6975.57829998049,0,10646.1531339271
13,"Fcap_1.60_Besc_5000_sigmaR_0.216_SE_reference_AE_historical",1.6,5000,"Short",2030,1000,0,0.003,12384.5296319727,9058.73233452759,17601.2665041557,0.232,5720.87940712526,6764.72235781801,0,10529.0394757965
13,"Fcap_1.60_Besc_5000_sigmaR_0.216_SE_reference_AE_historical",1.6,5000,"Short",2031,1000,0,0,12286.0850413273,9141.5555955215,17228.3648236616,0.216,5701.86206245451,6725.26748638357,0,10184.6462867046
13,"Fcap_1.60_Besc_5000_sigmaR_0.216_SE_reference_AE_historical",1.6,5000,"Short",2032,1000,0,0.001,12484.5005703367,9014.59193447429,17319.8445700207,0.217,5833.15361082086,6852.29281358222,0,10326.0358107894
13,"Fcap_1.60_Besc_5000_sigmaR_0.216_SE_reference_AE_historical",1.6,5000,"Short",2033,1000,0.001,0.001,12438.5875503131,9152.00306129351,17710.3592809536,0.201,5891.8267599468,6739.69037702832,0,10504.033150683
13,"Fcap_1.60_Besc_5000_sigmaR_0.216_SE_reference_AE_historical",1.6,5000,"Short",2034,1000,0,0.002,12517.8857228989,9325.56985537989,17679.7689735503,0.202,5921.32197458924,6744.5881399432,0,10357.4918283779
13,"Fcap_1.60_Besc_5000_sigmaR_0.216_SE_reference_AE_historical",1.6,5000,"Medium",2035,1000,0,0.001,12326.4803674247,9146.77219775264,17698.553983192,0.223,5715.642054449,6753.25382531341,0,10529.9402641562
13,"Fcap_1.60_Besc_5000_sigmaR_0.216_SE_reference_AE_historical",1.6,5000,"Medium",2036,1000,0,0.001,12311.348407842,9213.7236444535,17545.7206476462,0.202,5821.41124542589,6807.36918400231,0,10163.7845492517
13,"Fcap_1.60_Besc_5000_sigmaR_0.216_SE_reference_AE_historical",1.6,5000,"Medium",2037,1000,0,0.001,12322.6069261687,9295.93847417941,16889.6776118239,0.222,5697.29339256649,6819.53137099225,0,10193.100824098
13,"Fcap_1.60_Besc_5000_sigmaR_0.216_SE_reference_AE_historical",1.6,5000,"Medium",2038,1000,0,0,12307.7420389883,9087.76717903032,17582.3509139151,0.219,5780.37060538067,6818.26275176845,0,10346.6405663791
13,"Fcap_1.60_Besc_5000_sigmaR_0.216_SE_reference_AE_historical",1.6,5000,"Medium",2039,1000,0,0,12474.1233540453,9105.74298606343,17329.3079948229,0.224,5766.80192977009,6803.48040854008,0,10377.3484885535
13,"Fcap_1.60_Besc_5000_sigmaR_0.216_SE_reference_AE_historical",1.6,5000,"Medium",2040,1000,0,0,12376.4829302747,9359.40571328491,17818.797244871,0.208,5809.27518251304,6900.80910386791,0,10259.5822111603
13,"Fcap_1.60_Besc_5000_sigmaR_0.216_SE_reference_AE_historical",1.6,5000,"Medium",2041,1000,0,0.001,12552.4139248017,9176.66365774174,17668.7178122457,0.214,5861.44507445128,6835.81812805392,0,10306.5105396799
13,"Fcap_1.60_Besc_5000_sigmaR_0.216_SE_reference_AE_historical",1.6,5000,"Medium",2042,1000,0,0.002,12461.7948194029,9160.76632327122,17557.9146652555,0.218,5804.79503405081,6837.65440342263,0,10630.2954686682
13,"Fcap_1.60_Besc_5000_sigmaR_0.216_SE_reference_AE_historical",1.6,5000,"Medium",2043,1000,0,0.002,12262.5987109657,9179.211388709,16969.7890782914,0.213,5721.44279622807,6742.86126477626,0,10186.102556937
13,"Fcap_1.60_Besc_5000_sigmaR_0.216_SE_reference_AE_historical",1.6,5000,"Medium",2044,1000,0,0.001,12355.7801773356,9297.88635624418,17579.1903944588,0.197,5867.408408712,6813.89880584633,0,10410.2362989966
13,"Fcap_1.60_Besc_5000_sigmaR_0.216_SE_reference_AE_historical",1.6,5000,"Long",2045,1000,0,0.002,12369.8588726582,9145.66779507786,17571.5399895136,0.223,5758.35636514837,6824.38744230168,0,10254.144205472
13,"Fcap_1.60_Besc_5000_sigmaR_0.216_SE_reference_AE_historical",1.6,5000,"Long",2046,1000,0,0.001,12420.5238364156,9158.10808300715,17593.1027474503,0.2,5909.06936559231,6739.74833732581,0,10537.7702836429
13,"Fcap_1.60_Besc_5000_sigmaR_0.216_SE_reference_AE_historical",1.6,5000,"Long",2047,1000,0,0.001,12546.3692734857,9282.1805760002,18114.6723022317,0.19,6044.18132829594,6895.29905751179,0,10679.7890842618
13,"Fcap_1.60_Besc_5000_sigmaR_0.216_SE_reference_AE_historical",1.6,5000,"Long",2048,1000,0,0.001,12521.5627037559,9081.24849245996,17720.0827735239,0.215,5811.3364381144,6836.88124085427,0,10277.7579919616
13,"Fcap_1.60_Besc_5000_sigmaR_0.216_SE_reference_AE_historical",1.6,5000,"Long",2049,1000,0,0.001,12378.4322909265,9116.57338597208,17684.4572489454,0.222,5740.04264080589,6739.47443315441,0,10527.0932368797
13,"Fcap_1.60_Besc_5000_sigmaR_0.216_SE_reference_AE_historical",1.6,5000,"Long",2050,1000,0,0.001,12639.2616332142,9152.95573509603,18153.6619955606,0.192,6079.46210940314,6967.37995550449,0,10752.0804032693
13,"Fcap_1.60_Besc_5000_sigmaR_0.216_SE_reference_AE_historical",1.6,5000,"Long",2051,1000,0,0.001,12375.3772379717,9111.08237240027,17887.3028710279,0.205,5920.90369030307,6779.21512294589,0,10508.9941896823
13,"Fcap_1.60_Besc_5000_sigmaR_0.216_SE_reference_AE_historical",1.6,5000,"Long",2052,1000,0,0,12492.94490409,9207.08563387432,17947.3085656142,0.214,5819.76511405921,6903.26250435775,0,10497.3555541991
13,"Fcap_1.60_Besc_5000_sigmaR_0.216_SE_reference_AE_historical",1.6,5000,"Long",2053,1000,0,0.001,12339.7112364607,9344.8766959896,18089.6042829928,0.192,5962.35917734951,6800.21783740428,0,10684.1502558397
13,"Fcap_1.60_Besc_5000_sigmaR_0.216_SE_reference_AE_historical",1.6,5000,"Long",2054,1000,0.001,0.003,12405.5494669239,9015.76963988893,17628.1746409874,0.213,5750.7251288998,6838.56471751025,0,10239.2191719609
13,"Fcap_1.60_Besc_5000_sigmaR_0.216_SE_reference_AE_historical",1.6,5000,"Full",2025,1000,0,0,13209.8970705285,11581.5035917453,16206.0409397577,0.076,7089.46915174568,7422.8272398701,0,10341.917260323
13,"Fcap_1.60_Besc_5000_sigmaR_0.216_SE_reference_AE_historical",1.6,5000,"Full",2026,1000,0,0,12309.1752245622,9089.53647398223,17744.989571623,0.227,5685.36893389261,6749.71969621334,0,10482.8520368796
13,"Fcap_1.60_Besc_5000_sigmaR_0.216_SE_reference_AE_historical",1.6,5000,"Full",2027,1000,0,0,12635.8573441523,9208.73704200076,18095.3788526326,0.205,6096.73040627339,7118.23323236199,0,10856.3307597911
13,"Fcap_1.60_Besc_5000_sigmaR_0.216_SE_reference_AE_historical",1.6,5000,"Full",2028,1000,0,0,12496.9731154198,9070.03431810694,17372.7396186114,0.229,5815.62222944969,7021.67561874886,0,10424.197919455
13,"Fcap_1.60_Besc_5000_sigmaR_0.216_SE_reference_AE_historical",1.6,5000,"Full",2029,1000,0,0.004,12441.970571318,9065.10091923311,17606.7784244276,0.23,5835.71276912077,6975.57829998049,0,10646.1531339271
13,"Fcap_1.60_Besc_5000_sigmaR_0.216_SE_reference_AE_historical",1.6,5000,"Full",2030,1000,0,0.003,12384.5296319727,9058.73233452759,17601.2665041557,0.232,5720.87940712526,6764.72235781801,0,10529.0394757965
13,"Fcap_1.60_Besc_5000_sigmaR_0.216_SE_reference_AE_historical",1.6,5000,"Full",2031,1000,0,0,12286.0850413273,9141.5555955215,17228.3648236616,0.216,5701.86206245451,6725.26748638357,0,10184.6462867046
13,"Fcap_1.60_Besc_5000_sigmaR_0.216_SE_reference_AE_historical",1.6,5000,"Full",2032,1000,0,0.001,12484.5005703367,9014.59193447429,17319.8445700207,0.217,5833.15361082086,6852.29281358222,0,10326.0358107894
13,"Fcap_1.60_Besc_5000_sigmaR_0.216_SE_reference_AE_historical",1.6,5000,"Full",2033,1000,0.001,0.001,12438.5875503131,9152.00306129351,17710.3592809536,0.201,5891.8267599468,6739.69037702832,0,10504.033150683
13,"Fcap_1.60_Besc_5000_sigmaR_0.216_SE_reference_AE_historical",1.6,5000,"Full",2034,1000,0,0.002,12517.8857228989,9325.56985537989,17679.7689735503,0.202,5921.32197458924,6744.5881399432,0,10357.4918283779
13,"Fcap_1.60_Besc_5000_sigmaR_0.216_SE_reference_AE_historical",1.6,5000,"Full",2035,1000,0,0.001,12326.4803674247,9146.77219775264,17698.553983192,0.223,5715.642054449,6753.25382531341,0,10529.9402641562
13,"Fcap_1.60_Besc_5000_sigmaR_0.216_SE_reference_AE_historical",1.6,5000,"Full",2036,1000,0,0.001,12311.348407842,9213.7236444535,17545.7206476462,0.202,5821.41124542589,6807.36918400231,0,10163.7845492517
13,"Fcap_1.60_Besc_5000_sigmaR_0.216_SE_reference_AE_historical",1.6,5000,"Full",2037,1000,0,0.001,12322.6069261687,9295.93847417941,16889.6776118239,0.222,5697.29339256649,6819.53137099225,0,10193.100824098
13,"Fcap_1.60_Besc_5000_sigmaR_0.216_SE_reference_AE_historical",1.6,5000,"Full",2038,1000,0,0,12307.7420389883,9087.76717903032,17582.3509139151,0.219,5780.37060538067,6818.26275176845,0,10346.6405663791
13,"Fcap_1.60_Besc_5000_sigmaR_0.216_SE_reference_AE_historical",1.6,5000,"Full",2039,1000,0,0,12474.1233540453,9105.74298606343,17329.3079948229,0.224,5766.80192977009,6803.48040854008,0,10377.3484885535
13,"Fcap_1.60_Besc_5000_sigmaR_0.216_SE_reference_AE_historical",1.6,5000,"Full",2040,1000,0,0,12376.4829302747,9359.40571328491,17818.797244871,0.208,5809.27518251304,6900.80910386791,0,10259.5822111603
13,"Fcap_1.60_Besc_5000_sigmaR_0.216_SE_reference_AE_historical",1.6,5000,"Full",2041,1000,0,0.001,12552.4139248017,9176.66365774174,17668.7178122457,0.214,5861.44507445128,6835.81812805392,0,10306.5105396799
13,"Fcap_1.60_Besc_5000_sigmaR_0.216_SE_reference_AE_historical",1.6,5000,"Full",2042,1000,0,0.002,12461.7948194029,9160.76632327122,17557.9146652555,0.218,5804.79503405081,6837.65440342263,0,10630.2954686682
13,"Fcap_1.60_Besc_5000_sigmaR_0.216_SE_reference_AE_historical",1.6,5000,"Full",2043,1000,0,0.002,12262.5987109657,9179.211388709,16969.7890782914,0.213,5721.44279622807,6742.86126477626,0,10186.102556937
13,"Fcap_1.60_Besc_5000_sigmaR_0.216_SE_reference_AE_historical",1.6,5000,"Full",2044,1000,0,0.001,12355.7801773356,9297.88635624418,17579.1903944588,0.197,5867.408408712,6813.89880584633,0,10410.2362989966
13,"Fcap_1.60_Besc_5000_sigmaR_0.216_SE_reference_AE_historical",1.6,5000,"Full",2045,1000,0,0.002,12369.8588726582,9145.66779507786,17571.5399895136,0.223,5758.35636514837,6824.38744230168,0,10254.144205472
13,"Fcap_1.60_Besc_5000_sigmaR_0.216_SE_reference_AE_historical",1.6,5000,"Full",2046,1000,0,0.001,12420.5238364156,9158.10808300715,17593.1027474503,0.2,5909.06936559231,6739.74833732581,0,10537.7702836429
13,"Fcap_1.60_Besc_5000_sigmaR_0.216_SE_reference_AE_historical",1.6,5000,"Full",2047,1000,0,0.001,12546.3692734857,9282.1805760002,18114.6723022317,0.19,6044.18132829594,6895.29905751179,0,10679.7890842618
13,"Fcap_1.60_Besc_5000_sigmaR_0.216_SE_reference_AE_historical",1.6,5000,"Full",2048,1000,0,0.001,12521.5627037559,9081.24849245996,17720.0827735239,0.215,5811.3364381144,6836.88124085427,0,10277.7579919616
13,"Fcap_1.60_Besc_5000_sigmaR_0.216_SE_reference_AE_historical",1.6,5000,"Full",2049,1000,0,0.001,12378.4322909265,9116.57338597208,17684.4572489454,0.222,5740.04264080589,6739.47443315441,0,10527.0932368797
13,"Fcap_1.60_Besc_5000_sigmaR_0.216_SE_reference_AE_historical",1.6,5000,"Full",2050,1000,0,0.001,12639.2616332142,9152.95573509603,18153.6619955606,0.192,6079.46210940314,6967.37995550449,0,10752.0804032693
13,"Fcap_1.60_Besc_5000_sigmaR_0.216_SE_reference_AE_historical",1.6,5000,"Full",2051,1000,0,0.001,12375.3772379717,9111.08237240027,17887.3028710279,0.205,5920.90369030307,6779.21512294589,0,10508.9941896823
13,"Fcap_1.60_Besc_5000_sigmaR_0.216_SE_reference_AE_historical",1.6,5000,"Full",2052,1000,0,0,12492.94490409,9207.08563387432,17947.3085656142,0.214,5819.76511405921,6903.26250435775,0,10497.3555541991
13,"Fcap_1.60_Besc_5000_sigmaR_0.216_SE_reference_AE_historical",1.6,5000,"Full",2053,1000,0,0.001,12339.7112364607,9344.8766959896,18089.6042829928,0.192,5962.35917734951,6800.21783740428,0,10684.1502558397
13,"Fcap_1.60_Besc_5000_sigmaR_0.216_SE_reference_AE_historical",1.6,5000,"Full",2054,1000,0.001,0.003,12405.5494669239,9015.76963988893,17628.1746409874,0.213,5750.7251288998,6838.56471751025,0,10239.2191719609
14,"Fcap_1.60_Besc_6561_sigmaR_0.216_SE_reference_AE_historical",1.6,6561,"Short",2025,1000,0,0,13716.1254482733,12102.5300681059,16404.2959174842,0.468,3958.51536585808,2299.74817674236,0,10290.6499309301
14,"Fcap_1.60_Besc_6561_sigmaR_0.216_SE_reference_AE_historical",1.6,6561,"Short",2026,1000,0,0,13819.5761985026,10196.3689588591,18963.3550398474,0.423,4979.0777239632,6600.96848756481,0,11520.9115865732
14,"Fcap_1.60_Besc_6561_sigmaR_0.216_SE_reference_AE_historical",1.6,6561,"Short",2027,1000,0,0.001,13527.964546319,9652.89982932137,19130.1422032449,0.464,4531.21319055304,3596.91943840391,0,11627.9437676192
14,"Fcap_1.60_Besc_6561_sigmaR_0.216_SE_reference_AE_historical",1.6,6561,"Short",2028,1000,0,0,13682.2568828362,9928.28775349409,18304.2135595018,0.437,4956.59723254158,5309.10975680865,0,11636.9260741382
14,"Fcap_1.60_Besc_6561_sigmaR_0.216_SE_reference_AE_historical",1.6,6561,"Short",2029,1000,0.002,0.003,13524.2575041505,9362.43980892298,18610.5596597148,0.469,4471.28558730187,2790.46358130129,0,11720.2612865425
14,"Fcap_1.60_Besc_6561_sigmaR_0.216_SE_reference_AE_historical",1.6,6561,"Short",2030,1000,0,0.003,13522.1299137687,9583.87946068438,18612.6906094799,0.449,4798.08063581684,4828.54511194753,0,12352.018591468
14,"Fcap_1.60_Besc_6561_sigmaR_0.216_SE_reference_AE_historical",1.6,6561,"Short",2031,1000,0,0.004,13373.5400906517,9523.88751721423,18450.2724991676,0.494,4364.01672388861,1113.49547225708,0,11651.5405766258
14,"Fcap_1.60_Besc_6561_sigmaR_0.216_SE_reference_AE_historical",1.6,6561,"Short",2032,1000,0,0.004,13526.0863270473,9636.41265685054,18635.0925803513,0.477,4546.97548076181,2114.22678831769,0,11772.4303959093
14,"Fcap_1.60_Besc_6561_sigmaR_0.216_SE_reference_AE_historical",1.6,6561,"Short",2033,1000,0,0.002,13648.8805867869,9618.52977295819,18840.8630522045,0.453,4830.98650882728,5102.72770242514,0,12364.0101288755
14,"Fcap_1.60_Besc_6561_sigmaR_0.216_SE_reference_AE_historical",1.6,6561,"Short",2034,1000,0,0.002,13554.0218009544,9584.92701228871,18680.6135574647,0.453,4960.06949983216,6012.49924109841,0,12150.0957543048
14,"Fcap_1.60_Besc_6561_sigmaR_0.216_SE_reference_AE_historical",1.6,6561,"Medium",2035,1000,0,0.005,13374.7835788675,9608.65860317,18506.232579671,0.49,4491.01820748144,1804.11942671372,0,11410.76956797
14,"Fcap_1.60_Besc_6561_sigmaR_0.216_SE_reference_AE_historical",1.6,6561,"Medium",2036,1000,0,0.002,13464.3805232128,9672.7189071454,18939.7660594801,0.471,4592.77261575383,3829.79186624742,0,11624.0812576361
14,"Fcap_1.60_Besc_6561_sigmaR_0.216_SE_reference_AE_historical",1.6,6561,"Medium",2037,1000,0.001,0.004,13461.2544001422,9717.34226032627,18150.3246990147,0.475,4457.70459699135,2769.90798572948,0,11250.0268670913
14,"Fcap_1.60_Besc_6561_sigmaR_0.216_SE_reference_AE_historical",1.6,6561,"Medium",2038,1000,0,0.001,13315.2375843088,9656.7443364641,18540.9593235211,0.461,4744.81473981923,5133.44161845046,0,11976.5479944742
14,"Fcap_1.60_Besc_6561_sigmaR_0.216_SE_reference_AE_historical",1.6,6561,"Medium",2039,1000,0,0.003,13536.800612743,9482.30062567007,18398.3329720333,0.472,4603.31186489336,3224.18232540776,0,11527.8872656677
14,"Fcap_1.60_Besc_6561_sigmaR_0.216_SE_reference_AE_historical",1.6,6561,"Medium",2040,1000,0,0.002,13476.4814385007,9722.97462642648,18757.0562591238,0.449,4824.6636351389,5998.01578321818,0,11596.6281932178
14,"Fcap_1.60_Besc_6561_sigmaR_0.216_SE_reference_AE_historical",1.6,6561,"Medium",2041,1000,0,0.002,13522.0208473981,9477.63272138953,18335.4019332385,0.452,4787.4041008987,4261.143997676,0,11938.3394323964
14,"Fcap_1.60_Besc_6561_sigmaR_0.216_SE_reference_AE_historical",1.6,6561,"Medium",2042,1000,0,0.004,13432.8475687722,9389.98973862575,18543.9873481702,0.466,4623.79272713576,3210.07515174522,0,11696.5183387119
14,"Fcap_1.60_Besc_6561_sigmaR_0.216_SE_reference_AE_historical",1.6,6561,"Medium",2043,1000,0,0,13356.1945435284,9608.30046123245,18261.5612557944,0.467,4517.12985196863,3929.4378118617,0,11436.879537936
14,"Fcap_1.60_Besc_6561_sigmaR_0.216_SE_reference_AE_historical",1.6,6561,"Medium",2044,1000,0.001,0.002,13374.483945327,9732.68530467361,18656.0812285932,0.472,4704.82836747432,4057.27425554586,0,11754.3480259085
14,"Fcap_1.60_Besc_6561_sigmaR_0.216_SE_reference_AE_historical",1.6,6561,"Long",2045,1000,0,0.003,13398.2153319699,9604.76363413961,18440.3423423088,0.453,4781.46727718082,4572.33679323619,0,12163.9622446553
14,"Fcap_1.60_Besc_6561_sigmaR_0.216_SE_reference_AE_historical",1.6,6561,"Long",2046,1000,0.002,0.007,13419.855620194,9577.0299406717,18466.6079344276,0.473,4613.96372382827,3313.46221169866,0,11849.5676866097
14,"Fcap_1.60_Besc_6561_sigmaR_0.216_SE_reference_AE_historical",1.6,6561,"Long",2047,1000,0,0.003,13564.235399357,9975.83366888828,19052.4360373195,0.457,4826.75814332791,5227.62086650638,0,11932.0613437891
14,"Fcap_1.60_Besc_6561_sigmaR_0.216_SE_reference_AE_historical",1.6,6561,"Long",2048,1000,0.001,0.004,13660.0923412644,9614.33353019347,18830.081289816,0.454,4863.9768752316,5110.46977194722,0,12074.8343237831
14,"Fcap_1.60_Besc_6561_sigmaR_0.216_SE_reference_AE_historical",1.6,6561,"Long",2049,1000,0,0.001,13254.5770259391,9566.7516932658,18691.6140259727,0.5,4362.73132298106,13.8622458070164,0,11891.405412962
14,"Fcap_1.60_Besc_6561_sigmaR_0.216_SE_reference_AE_historical",1.6,6561,"Long",2050,1000,0.002,0.004,13556.9909000728,9861.77318392954,19106.9831222804,0.431,5143.5385784739,6418.21325911187,0,12779.0546580615
14,"Fcap_1.60_Besc_6561_sigmaR_0.216_SE_reference_AE_historical",1.6,6561,"Long",2051,1000,0,0.007,13408.0931193528,9459.63591350019,18876.2821253395,0.47,4718.67525601624,4254.82025869142,0,12155.4366796392
14,"Fcap_1.60_Besc_6561_sigmaR_0.216_SE_reference_AE_historical",1.6,6561,"Long",2052,1000,0,0.002,13503.6963192034,9767.83822397791,18994.3333843132,0.456,4782.07886511938,4190.25214686949,0,12197.3616174809
14,"Fcap_1.60_Besc_6561_sigmaR_0.216_SE_reference_AE_historical",1.6,6561,"Long",2053,1000,0,0.003,13449.8220845378,9739.06853992013,19045.5375969899,0.486,4654.17932195563,2369.11966473377,0,12382.702028978
14,"Fcap_1.60_Besc_6561_sigmaR_0.216_SE_reference_AE_historical",1.6,6561,"Long",2054,1000,0,0.003,13557.7454960489,9436.4222388085,18527.9162003883,0.456,4602.27494230917,4075.18834802318,0,11351.7794723411
14,"Fcap_1.60_Besc_6561_sigmaR_0.216_SE_reference_AE_historical",1.6,6561,"Full",2025,1000,0,0,13716.1254482733,12102.5300681059,16404.2959174842,0.468,3958.51536585808,2299.74817674236,0,10290.6499309301
14,"Fcap_1.60_Besc_6561_sigmaR_0.216_SE_reference_AE_historical",1.6,6561,"Full",2026,1000,0,0,13819.5761985026,10196.3689588591,18963.3550398474,0.423,4979.0777239632,6600.96848756481,0,11520.9115865732
14,"Fcap_1.60_Besc_6561_sigmaR_0.216_SE_reference_AE_historical",1.6,6561,"Full",2027,1000,0,0.001,13527.964546319,9652.89982932137,19130.1422032449,0.464,4531.21319055304,3596.91943840391,0,11627.9437676192
14,"Fcap_1.60_Besc_6561_sigmaR_0.216_SE_reference_AE_historical",1.6,6561,"Full",2028,1000,0,0,13682.2568828362,9928.28775349409,18304.2135595018,0.437,4956.59723254158,5309.10975680865,0,11636.9260741382
14,"Fcap_1.60_Besc_6561_sigmaR_0.216_SE_reference_AE_historical",1.6,6561,"Full",2029,1000,0.002,0.003,13524.2575041505,9362.43980892298,18610.5596597148,0.469,4471.28558730187,2790.46358130129,0,11720.2612865425
14,"Fcap_1.60_Besc_6561_sigmaR_0.216_SE_reference_AE_historical",1.6,6561,"Full",2030,1000,0,0.003,13522.1299137687,9583.87946068438,18612.6906094799,0.449,4798.08063581684,4828.54511194753,0,12352.018591468
14,"Fcap_1.60_Besc_6561_sigmaR_0.216_SE_reference_AE_historical",1.6,6561,"Full",2031,1000,0,0.004,13373.5400906517,9523.88751721423,18450.2724991676,0.494,4364.01672388861,1113.49547225708,0,11651.5405766258
14,"Fcap_1.60_Besc_6561_sigmaR_0.216_SE_reference_AE_historical",1.6,6561,"Full",2032,1000,0,0.004,13526.0863270473,9636.41265685054,18635.0925803513,0.477,4546.97548076181,2114.22678831769,0,11772.4303959093
14,"Fcap_1.60_Besc_6561_sigmaR_0.216_SE_reference_AE_historical",1.6,6561,"Full",2033,1000,0,0.002,13648.8805867869,9618.52977295819,18840.8630522045,0.453,4830.98650882728,5102.72770242514,0,12364.0101288755
14,"Fcap_1.60_Besc_6561_sigmaR_0.216_SE_reference_AE_historical",1.6,6561,"Full",2034,1000,0,0.002,13554.0218009544,9584.92701228871,18680.6135574647,0.453,4960.06949983216,6012.49924109841,0,12150.0957543048
14,"Fcap_1.60_Besc_6561_sigmaR_0.216_SE_reference_AE_historical",1.6,6561,"Full",2035,1000,0,0.005,13374.7835788675,9608.65860317,18506.232579671,0.49,4491.01820748144,1804.11942671372,0,11410.76956797
14,"Fcap_1.60_Besc_6561_sigmaR_0.216_SE_reference_AE_historical",1.6,6561,"Full",2036,1000,0,0.002,13464.3805232128,9672.7189071454,18939.7660594801,0.471,4592.77261575383,3829.79186624742,0,11624.0812576361
14,"Fcap_1.60_Besc_6561_sigmaR_0.216_SE_reference_AE_historical",1.6,6561,"Full",2037,1000,0.001,0.004,13461.2544001422,9717.34226032627,18150.3246990147,0.475,4457.70459699135,2769.90798572948,0,11250.0268670913
14,"Fcap_1.60_Besc_6561_sigmaR_0.216_SE_reference_AE_historical",1.6,6561,"Full",2038,1000,0,0.001,13315.2375843088,9656.7443364641,18540.9593235211,0.461,4744.81473981923,5133.44161845046,0,11976.5479944742
14,"Fcap_1.60_Besc_6561_sigmaR_0.216_SE_reference_AE_historical",1.6,6561,"Full",2039,1000,0,0.003,13536.800612743,9482.30062567007,18398.3329720333,0.472,4603.31186489336,3224.18232540776,0,11527.8872656677
14,"Fcap_1.60_Besc_6561_sigmaR_0.216_SE_reference_AE_historical",1.6,6561,"Full",2040,1000,0,0.002,13476.4814385007,9722.97462642648,18757.0562591238,0.449,4824.6636351389,5998.01578321818,0,11596.6281932178
14,"Fcap_1.60_Besc_6561_sigmaR_0.216_SE_reference_AE_historical",1.6,6561,"Full",2041,1000,0,0.002,13522.0208473981,9477.63272138953,18335.4019332385,0.452,4787.4041008987,4261.143997676,0,11938.3394323964
14,"Fcap_1.60_Besc_6561_sigmaR_0.216_SE_reference_AE_historical",1.6,6561,"Full",2042,1000,0,0.004,13432.8475687722,9389.98973862575,18543.9873481702,0.466,4623.79272713576,3210.07515174522,0,11696.5183387119
14,"Fcap_1.60_Besc_6561_sigmaR_0.216_SE_reference_AE_historical",1.6,6561,"Full",2043,1000,0,0,13356.1945435284,9608.30046123245,18261.5612557944,0.467,4517.12985196863,3929.4378118617,0,11436.879537936
14,"Fcap_1.60_Besc_6561_sigmaR_0.216_SE_reference_AE_historical",1.6,6561,"Full",2044,1000,0.001,0.002,13374.483945327,9732.68530467361,18656.0812285932,0.472,4704.82836747432,4057.27425554586,0,11754.3480259085
14,"Fcap_1.60_Besc_6561_sigmaR_0.216_SE_reference_AE_historical",1.6,6561,"Full",2045,1000,0,0.003,13398.2153319699,9604.76363413961,18440.3423423088,0.453,4781.46727718082,4572.33679323619,0,12163.9622446553
14,"Fcap_1.60_Besc_6561_sigmaR_0.216_SE_reference_AE_historical",1.6,6561,"Full",2046,1000,0.002,0.007,13419.855620194,9577.0299406717,18466.6079344276,0.473,4613.96372382827,3313.46221169866,0,11849.5676866097
14,"Fcap_1.60_Besc_6561_sigmaR_0.216_SE_reference_AE_historical",1.6,6561,"Full",2047,1000,0,0.003,13564.235399357,9975.83366888828,19052.4360373195,0.457,4826.75814332791,5227.62086650638,0,11932.0613437891
14,"Fcap_1.60_Besc_6561_sigmaR_0.216_SE_reference_AE_historical",1.6,6561,"Full",2048,1000,0.001,0.004,13660.0923412644,9614.33353019347,18830.081289816,0.454,4863.9768752316,5110.46977194722,0,12074.8343237831
14,"Fcap_1.60_Besc_6561_sigmaR_0.216_SE_reference_AE_historical",1.6,6561,"Full",2049,1000,0,0.001,13254.5770259391,9566.7516932658,18691.6140259727,0.5,4362.73132298106,13.8622458070164,0,11891.405412962
14,"Fcap_1.60_Besc_6561_sigmaR_0.216_SE_reference_AE_historical",1.6,6561,"Full",2050,1000,0.002,0.004,13556.9909000728,9861.77318392954,19106.9831222804,0.431,5143.5385784739,6418.21325911187,0,12779.0546580615
14,"Fcap_1.60_Besc_6561_sigmaR_0.216_SE_reference_AE_historical",1.6,6561,"Full",2051,1000,0,0.007,13408.0931193528,9459.63591350019,18876.2821253395,0.47,4718.67525601624,4254.82025869142,0,12155.4366796392
14,"Fcap_1.60_Besc_6561_sigmaR_0.216_SE_reference_AE_historical",1.6,6561,"Full",2052,1000,0,0.002,13503.6963192034,9767.83822397791,18994.3333843132,0.456,4782.07886511938,4190.25214686949,0,12197.3616174809
14,"Fcap_1.60_Besc_6561_sigmaR_0.216_SE_reference_AE_historical",1.6,6561,"Full",2053,1000,0,0.003,13449.8220845378,9739.06853992013,19045.5375969899,0.486,4654.17932195563,2369.11966473377,0,12382.702028978
14,"Fcap_1.60_Besc_6561_sigmaR_0.216_SE_reference_AE_historical",1.6,6561,"Full",2054,1000,0,0.003,13557.7454960489,9436.4222388085,18527.9162003883,0.456,4602.27494230917,4075.18834802318,0,11351.7794723411
15,"Fcap_1.60_Besc_7250_sigmaR_0.216_SE_reference_AE_historical",1.6,7250,"Short",2025,1000,0,0,13931.3329085382,12135.8179097045,16802.2327580182,0.681,2447.87068437251,0,0,10247.1751245849
15,"Fcap_1.60_Besc_7250_sigmaR_0.216_SE_reference_AE_historical",1.6,7250,"Short",2026,1000,0,0,14425.3120676952,10966.6640381379,19419.407201823,0.441,4920.89838925323,5125.20283805871,0,11666.8128291759
15,"Fcap_1.60_Besc_7250_sigmaR_0.216_SE_reference_AE_historical",1.6,7250,"Short",2027,1000,0,0,13961.1560919817,9735.59706331427,19318.6179048736,0.6,3546.16303759676,0,0,11724.2106531543
15,"Fcap_1.60_Besc_7250_sigmaR_0.216_SE_reference_AE_historical",1.6,7250,"Short",2028,1000,0,0,14218.2526335753,10528.2774585181,18753.396430245,0.518,4592.00191770977,0,0,13436.5026177014
15,"Fcap_1.60_Besc_7250_sigmaR_0.216_SE_reference_AE_historical",1.6,7250,"Short",2029,1000,0.003,0.004,13922.0323101121,9429.77771866411,18980.3467802754,0.574,3928.38781182744,0,0,12646.5542224769
15,"Fcap_1.60_Besc_7250_sigmaR_0.216_SE_reference_AE_historical",1.6,7250,"Short",2030,1000,0,0.003,14007.9753948109,9745.56122150232,19351.9793494505,0.572,4033.81689797997,0,0,12832.807948111
15,"Fcap_1.60_Besc_7250_sigmaR_0.216_SE_reference_AE_historical",1.6,7250,"Short",2031,1000,0,0.002,13885.8949557274,9556.73816797943,18888.6653236928,0.579,3909.98271239996,0,0,12990.5877054095
15,"Fcap_1.60_Besc_7250_sigmaR_0.216_SE_reference_AE_historical",1.6,7250,"Short",2032,1000,0,0.007,14022.0753953137,9941.99609796955,19108.8165334947,0.573,4162.03197264003,0,0,14355.1870482145
15,"Fcap_1.60_Besc_7250_sigmaR_0.216_SE_reference_AE_historical",1.6,7250,"Short",2033,1000,0.002,0.01,14005.7888742481,9564.31240821533,19039.6832801722,0.554,4384.8554147182,0,0,15394.4972945799
15,"Fcap_1.60_Besc_7250_sigmaR_0.216_SE_reference_AE_historical",1.6,7250,"Short",2034,1000,0,0.007,14089.807169349,9651.85799340916,19357.6799084657,0.566,4280.70282208573,0,0,14073.8850489768
15,"Fcap_1.60_Besc_7250_sigmaR_0.216_SE_reference_AE_historical",1.6,7250,"Medium",2035,1000,0,0.009,13917.1646280988,9629.08220664716,19238.7275496959,0.576,4137.85716506078,0,0,13113.9458414859
15,"Fcap_1.60_Besc_7250_sigmaR_0.216_SE_reference_AE_historical",1.6,7250,"Medium",2036,1000,0,0.006,13826.0458159624,9680.76183701806,19148.656368905,0.564,4211.51856346028,0,0,12963.8555721893
15,"Fcap_1.60_Besc_7250_sigmaR_0.216_SE_reference_AE_historical",1.6,7250,"Medium",2037,1000,0.001,0.006,13903.918519716,9760.74012940019,18594.881788476,0.599,3781.2273212024,0,0,12110.8704792161
15,"Fcap_1.60_Besc_7250_sigmaR_0.216_SE_reference_AE_historical",1.6,7250,"Medium",2038,1000,0.001,0.004,13874.4070664177,9675.17237462161,18903.2711307332,0.555,4327.73002217396,0,0,14591.271309974
15,"Fcap_1.60_Besc_7250_sigmaR_0.216_SE_reference_AE_historical",1.6,7250,"Medium",2039,1000,0.001,0.007,13940.7599625366,9429.04891312561,18606.2740615808,0.561,4358.93838266972,0,0,14928.4724929232
15,"Fcap_1.60_Besc_7250_sigmaR_0.216_SE_reference_AE_historical",1.6,7250,"Medium",2040,1000,0,0.003,13963.570259942,9690.37366404577,19052.5049301014,0.578,3983.20758027011,0,0,12742.7389821329
15,"Fcap_1.60_Besc_7250_sigmaR_0.216_SE_reference_AE_historical",1.6,7250,"Medium",2041,1000,0.001,0.006,14001.2177921972,9628.27781745302,18805.632561817,0.548,4398.41043616694,0,0,13514.4132822843
15,"Fcap_1.60_Besc_7250_sigmaR_0.216_SE_reference_AE_historical",1.6,7250,"Medium",2042,1000,0,0.003,14025.2531552386,9495.49644163499,18705.0919918939,0.581,4083.98047678115,0,0,13148.9285130736
15,"Fcap_1.60_Besc_7250_sigmaR_0.216_SE_reference_AE_historical",1.6,7250,"Medium",2043,1000,0,0.003,13791.2956102159,9448.76892202305,18620.6056200648,0.576,4126.68362984019,0,0,14332.9795365361
15,"Fcap_1.60_Besc_7250_sigmaR_0.216_SE_reference_AE_historical",1.6,7250,"Medium",2044,1000,0.001,0.009,13900.4236748365,9622.43756630464,18996.8330225913,0.564,4163.08455335549,0,0,12815.1190221168
15,"Fcap_1.60_Besc_7250_sigmaR_0.216_SE_reference_AE_historical",1.6,7250,"Long",2045,1000,0.001,0.006,13920.1321388724,9603.55199169676,18971.3001286629,0.55,4445.97369036613,0,0,15338.0886274825
15,"Fcap_1.60_Besc_7250_sigmaR_0.216_SE_reference_AE_historical",1.6,7250,"Long",2046,1000,0.003,0.006,13922.9348797903,9583.69515545181,18883.1678518893,0.585,3934.2849515889,0,0,12402.9865063485
15,"Fcap_1.60_Besc_7250_sigmaR_0.216_SE_reference_AE_historical",1.6,7250,"Long",2047,1000,0.003,0.005,14032.6888784768,10245.9561512726,19493.8201836098,0.535,4512.47280648071,0,0,15074.2201115865
15,"Fcap_1.60_Besc_7250_sigmaR_0.216_SE_reference_AE_historical",1.6,7250,"Long",2048,1000,0.002,0.005,14074.9672493241,9587.33539619021,19121.8225229871,0.557,4391.33692103821,0,0,14003.3195613363
15,"Fcap_1.60_Besc_7250_sigmaR_0.216_SE_reference_AE_historical",1.6,7250,"Long",2049,1000,0.003,0.007,13749.6897921694,9613.61027067406,19243.3240462097,0.599,3910.92527010716,0,0,12475.9680078991
15,"Fcap_1.60_Besc_7250_sigmaR_0.216_SE_reference_AE_historical",1.6,7250,"Long",2050,1000,0.002,0.006,14178.1059110122,9731.7434165927,19594.9233488094,0.524,4601.97675814854,0,0,14035.7823264843
15,"Fcap_1.60_Besc_7250_sigmaR_0.216_SE_reference_AE_historical",1.6,7250,"Long",2051,1000,0,0.008,13991.7328236678,9649.52022238352,19154.2062760573,0.559,4175.01926875253,0,0,13118.1094367256
15,"Fcap_1.60_Besc_7250_sigmaR_0.216_SE_reference_AE_historical",1.6,7250,"Long",2052,1000,0,0.004,14023.0519592953,9778.77414702043,19234.0387112074,0.544,4484.9313765397,0,0,13884.4135546521
15,"Fcap_1.60_Besc_7250_sigmaR_0.216_SE_reference_AE_historical",1.6,7250,"Long",2053,1000,0,0.002,13877.2866384704,9585.64699970144,19519.7868391252,0.581,4077.58059184681,0,0,13353.5802645713
15,"Fcap_1.60_Besc_7250_sigmaR_0.216_SE_reference_AE_historical",1.6,7250,"Long",2054,1000,0,0.003,13929.3065879279,9611.13546228404,19093.3032179847,0.553,4082.33477987248,0,0,12044.1170549381
15,"Fcap_1.60_Besc_7250_sigmaR_0.216_SE_reference_AE_historical",1.6,7250,"Full",2025,1000,0,0,13931.3329085382,12135.8179097045,16802.2327580182,0.681,2447.87068437251,0,0,10247.1751245849
15,"Fcap_1.60_Besc_7250_sigmaR_0.216_SE_reference_AE_historical",1.6,7250,"Full",2026,1000,0,0,14425.3120676952,10966.6640381379,19419.407201823,0.441,4920.89838925323,5125.20283805871,0,11666.8128291759
15,"Fcap_1.60_Besc_7250_sigmaR_0.216_SE_reference_AE_historical",1.6,7250,"Full",2027,1000,0,0,13961.1560919817,9735.59706331427,19318.6179048736,0.6,3546.16303759676,0,0,11724.2106531543
15,"Fcap_1.60_Besc_7250_sigmaR_0.216_SE_reference_AE_historical",1.6,7250,"Full",2028,1000,0,0,14218.2526335753,10528.2774585181,18753.396430245,0.518,4592.00191770977,0,0,13436.5026177014
15,"Fcap_1.60_Besc_7250_sigmaR_0.216_SE_reference_AE_historical",1.6,7250,"Full",2029,1000,0.003,0.004,13922.0323101121,9429.77771866411,18980.3467802754,0.574,3928.38781182744,0,0,12646.5542224769
15,"Fcap_1.60_Besc_7250_sigmaR_0.216_SE_reference_AE_historical",1.6,7250,"Full",2030,1000,0,0.003,14007.9753948109,9745.56122150232,19351.9793494505,0.572,4033.81689797997,0,0,12832.807948111
15,"Fcap_1.60_Besc_7250_sigmaR_0.216_SE_reference_AE_historical",1.6,7250,"Full",2031,1000,0,0.002,13885.8949557274,9556.73816797943,18888.6653236928,0.579,3909.98271239996,0,0,12990.5877054095
15,"Fcap_1.60_Besc_7250_sigmaR_0.216_SE_reference_AE_historical",1.6,7250,"Full",2032,1000,0,0.007,14022.0753953137,9941.99609796955,19108.8165334947,0.573,4162.03197264003,0,0,14355.1870482145
15,"Fcap_1.60_Besc_7250_sigmaR_0.216_SE_reference_AE_historical",1.6,7250,"Full",2033,1000,0.002,0.01,14005.7888742481,9564.31240821533,19039.6832801722,0.554,4384.8554147182,0,0,15394.4972945799
15,"Fcap_1.60_Besc_7250_sigmaR_0.216_SE_reference_AE_historical",1.6,7250,"Full",2034,1000,0,0.007,14089.807169349,9651.85799340916,19357.6799084657,0.566,4280.70282208573,0,0,14073.8850489768
15,"Fcap_1.60_Besc_7250_sigmaR_0.216_SE_reference_AE_historical",1.6,7250,"Full",2035,1000,0,0.009,13917.1646280988,9629.08220664716,19238.7275496959,0.576,4137.85716506078,0,0,13113.9458414859
15,"Fcap_1.60_Besc_7250_sigmaR_0.216_SE_reference_AE_historical",1.6,7250,"Full",2036,1000,0,0.006,13826.0458159624,9680.76183701806,19148.656368905,0.564,4211.51856346028,0,0,12963.8555721893
15,"Fcap_1.60_Besc_7250_sigmaR_0.216_SE_reference_AE_historical",1.6,7250,"Full",2037,1000,0.001,0.006,13903.918519716,9760.74012940019,18594.881788476,0.599,3781.2273212024,0,0,12110.8704792161
15,"Fcap_1.60_Besc_7250_sigmaR_0.216_SE_reference_AE_historical",1.6,7250,"Full",2038,1000,0.001,0.004,13874.4070664177,9675.17237462161,18903.2711307332,0.555,4327.73002217396,0,0,14591.271309974
15,"Fcap_1.60_Besc_7250_sigmaR_0.216_SE_reference_AE_historical",1.6,7250,"Full",2039,1000,0.001,0.007,13940.7599625366,9429.04891312561,18606.2740615808,0.561,4358.93838266972,0,0,14928.4724929232
15,"Fcap_1.60_Besc_7250_sigmaR_0.216_SE_reference_AE_historical",1.6,7250,"Full",2040,1000,0,0.003,13963.570259942,9690.37366404577,19052.5049301014,0.578,3983.20758027011,0,0,12742.7389821329
15,"Fcap_1.60_Besc_7250_sigmaR_0.216_SE_reference_AE_historical",1.6,7250,"Full",2041,1000,0.001,0.006,14001.2177921972,9628.27781745302,18805.632561817,0.548,4398.41043616694,0,0,13514.4132822843
15,"Fcap_1.60_Besc_7250_sigmaR_0.216_SE_reference_AE_historical",1.6,7250,"Full",2042,1000,0,0.003,14025.2531552386,9495.49644163499,18705.0919918939,0.581,4083.98047678115,0,0,13148.9285130736
15,"Fcap_1.60_Besc_7250_sigmaR_0.216_SE_reference_AE_historical",1.6,7250,"Full",2043,1000,0,0.003,13791.2956102159,9448.76892202305,18620.6056200648,0.576,4126.68362984019,0,0,14332.9795365361
15,"Fcap_1.60_Besc_7250_sigmaR_0.216_SE_reference_AE_historical",1.6,7250,"Full",2044,1000,0.001,0.009,13900.4236748365,9622.43756630464,18996.8330225913,0.564,4163.08455335549,0,0,12815.1190221168
15,"Fcap_1.60_Besc_7250_sigmaR_0.216_SE_reference_AE_historical",1.6,7250,"Full",2045,1000,0.001,0.006,13920.1321388724,9603.55199169676,18971.3001286629,0.55,4445.97369036613,0,0,15338.0886274825
15,"Fcap_1.60_Besc_7250_sigmaR_0.216_SE_reference_AE_historical",1.6,7250,"Full",2046,1000,0.003,0.006,13922.9348797903,9583.69515545181,18883.1678518893,0.585,3934.2849515889,0,0,12402.9865063485
15,"Fcap_1.60_Besc_7250_sigmaR_0.216_SE_reference_AE_historical",1.6,7250,"Full",2047,1000,0.003,0.005,14032.6888784768,10245.9561512726,19493.8201836098,0.535,4512.47280648071,0,0,15074.2201115865
15,"Fcap_1.60_Besc_7250_sigmaR_0.216_SE_reference_AE_historical",1.6,7250,"Full",2048,1000,0.002,0.005,14074.9672493241,9587.33539619021,19121.8225229871,0.557,4391.33692103821,0,0,14003.3195613363
15,"Fcap_1.60_Besc_7250_sigmaR_0.216_SE_reference_AE_historical",1.6,7250,"Full",2049,1000,0.003,0.007,13749.6897921694,9613.61027067406,19243.3240462097,0.599,3910.92527010716,0,0,12475.9680078991
15,"Fcap_1.60_Besc_7250_sigmaR_0.216_SE_reference_AE_historical",1.6,7250,"Full",2050,1000,0.002,0.006,14178.1059110122,9731.7434165927,19594.9233488094,0.524,4601.97675814854,0,0,14035.7823264843
15,"Fcap_1.60_Besc_7250_sigmaR_0.216_SE_reference_AE_historical",1.6,7250,"Full",2051,1000,0,0.008,13991.7328236678,9649.52022238352,19154.2062760573,0.559,4175.01926875253,0,0,13118.1094367256
15,"Fcap_1.60_Besc_7250_sigmaR_0.216_SE_reference_AE_historical",1.6,7250,"Full",2052,1000,0,0.004,14023.0519592953,9778.77414702043,19234.0387112074,0.544,4484.9313765397,0,0,13884.4135546521
15,"Fcap_1.60_Besc_7250_sigmaR_0.216_SE_reference_AE_historical",1.6,7250,"Full",2053,1000,0,0.002,13877.2866384704,9585.64699970144,19519.7868391252,0.581,4077.58059184681,0,0,13353.5802645713
15,"Fcap_1.60_Besc_7250_sigmaR_0.216_SE_reference_AE_historical",1.6,7250,"Full",2054,1000,0,0.003,13929.3065879279,9611.13546228404,19093.3032179847,0.553,4082.33477987248,0,0,12044.1170549381
16,"Fcap_1.60_Besc_8000_sigmaR_0.216_SE_reference_AE_historical",1.6,8000,"Short",2025,1000,0,0,14013.9318439866,12135.8179097045,17112.7079068182,0.824,1313.68672895193,0,0,9948.91439753906
16,"Fcap_1.60_Besc_8000_sigmaR_0.216_SE_reference_AE_historical",1.6,8000,"Short",2026,1000,0,0,15134.0116702852,11330.4039767066,20079.8723751334,0.549,4108.15631436135,0,0,12176.9338900713
16,"Fcap_1.60_Besc_8000_sigmaR_0.216_SE_reference_AE_historical",1.6,8000,"Short",2027,1000,0,0,14712.7953958538,10167.0010995206,19761.9061846432,0.673,2936.73254868998,0,0,11601.9235893942
16,"Fcap_1.60_Besc_8000_sigmaR_0.216_SE_reference_AE_historical",1.6,8000,"Short",2028,1000,0,0,14747.1767887971,10988.8475800389,19445.7230915695,0.626,4013.22341252794,0,0,15847.3081014395
16,"Fcap_1.60_Besc_8000_sigmaR_0.216_SE_reference_AE_historical",1.6,8000,"Short",2029,1000,0.002,0.007,14433.4474177972,9336.06060944719,19583.6364581236,0.671,3516.59762002509,0,0,15017.3824293467
16,"Fcap_1.60_Besc_8000_sigmaR_0.216_SE_reference_AE_historical",1.6,8000,"Short",2030,1000,0,0.006,14584.5993526282,9842.41717208966,19547.4642103387,0.666,3426.63632026785,0,0,14773.6205991106
16,"Fcap_1.60_Besc_8000_sigmaR_0.216_SE_reference_AE_historical",1.6,8000,"Short",2031,1000,0,0.002,14409.7368542195,9686.25333470233,19205.2530314523,0.696,3249.92137646022,0,0,14333.6389939864
16,"Fcap_1.60_Besc_8000_sigmaR_0.216_SE_reference_AE_historical",1.6,8000,"Short",2032,1000,0,0.007,14551.6944798076,10084.7158259804,19419.9297533828,0.657,3626.8839960385,0,0,14434.0604878989
16,"Fcap_1.60_Besc_8000_sigmaR_0.216_SE_reference_AE_historical",1.6,8000,"Short",2033,1000,0,0.007,14408.7076394536,9888.77261436424,19444.049589945,0.663,3701.04404486359,0,0,17792.3057387281
16,"Fcap_1.60_Besc_8000_sigmaR_0.216_SE_reference_AE_historical",1.6,8000,"Short",2034,1000,0,0.005,14555.7806155459,9714.60438537409,19877.1194369119,0.655,3785.68180952714,0,0,16890.7027481656
16,"Fcap_1.60_Besc_8000_sigmaR_0.216_SE_reference_AE_historical",1.6,8000,"Medium",2035,1000,0.001,0.014,14372.7660022573,9422.65973516448,19465.2507732934,0.655,3594.22031627343,0,0,15392.6208141939
16,"Fcap_1.60_Besc_8000_sigmaR_0.216_SE_reference_AE_historical",1.6,8000,"Medium",2036,1000,0,0.006,14502.976455224,9787.95987443642,19244.2022414327,0.66,3721.6038657273,0,0,17668.4646102678
16,"Fcap_1.60_Besc_8000_sigmaR_0.216_SE_reference_AE_historical",1.6,8000,"Medium",2037,1000,0.001,0.007,14331.4422656885,9599.6640066504,18941.4845973695,0.69,3188.98045841072,0,0,13606.3999738949
16,"Fcap_1.60_Besc_8000_sigmaR_0.216_SE_reference_AE_historical",1.6,8000,"Medium",2038,1000,0.001,0.007,14430.3055849897,9894.07363488813,19486.2836522057,0.67,3619.71755135506,0,0,16055.3675872902
16,"Fcap_1.60_Besc_8000_sigmaR_0.216_SE_reference_AE_historical",1.6,8000,"Medium",2039,1000,0.002,0.009,14577.9351745591,9499.95047587341,18934.8207272942,0.67,3539.47613729556,0,0,16989.1259172089
16,"Fcap_1.60_Besc_8000_sigmaR_0.216_SE_reference_AE_historical",1.6,8000,"Medium",2040,1000,0.001,0.006,14530.262198098,9707.16924527365,19906.5492816606,0.68,3509.57799638279,0,0,18084.4490509757
16,"Fcap_1.60_Besc_8000_sigmaR_0.216_SE_reference_AE_historical",1.6,8000,"Medium",2041,1000,0.001,0.011,14532.0782879872,9727.07636032762,19673.8255878536,0.643,3938.74731720939,0,0,16702.0537228538
16,"Fcap_1.60_Besc_8000_sigmaR_0.216_SE_reference_AE_historical",1.6,8000,"Medium",2042,1000,0,0.004,14480.6803953913,9291.37363600033,19382.3043599428,0.669,3631.22705921588,0,0,16509.5035769106
16,"Fcap_1.60_Besc_8000_sigmaR_0.216_SE_reference_AE_historical",1.6,8000,"Medium",2043,1000,0.002,0.005,14338.4723663095,9639.59015452603,19364.2775409889,0.701,3300.71474097191,0,0,17003.8992644587
16,"Fcap_1.60_Besc_8000_sigmaR_0.216_SE_reference_AE_historical",1.6,8000,"Medium",2044,1000,0,0.006,14432.7782849081,9870.5182242302,19717.5615483001,0.655,3810.36157740002,0,0,16844.6541082664
16,"Fcap_1.60_Besc_8000_sigmaR_0.216_SE_reference_AE_historical",1.6,8000,"Long",2045,1000,0,0.006,14392.4641365012,9542.19200808352,19183.6669519849,0.659,3839.30050697356,0,0,18054.2451791622
16,"Fcap_1.60_Besc_8000_sigmaR_0.216_SE_reference_AE_historical",1.6,8000,"Long",2046,1000,0.002,0.008,14386.9918816993,9772.24210805347,19427.9203240661,0.669,3561.54671347824,0,0,14570.942435245
16,"Fcap_1.60_Besc_8000_sigmaR_0.216_SE_reference_AE_historical",1.6,8000,"Long",2047,1000,0.002,0.007,14520.1806368073,10392.7059628767,19700.8471171494,0.667,3649.38271369996,0,0,16887.7011823199
16,"Fcap_1.60_Besc_8000_sigmaR_0.216_SE_reference_AE_historical",1.6,8000,"Long",2048,1000,0.001,0.007,14611.4259851071,9658.65031133853,19943.4434696344,0.645,3763.98481717963,0,0,17270.3526411311
16,"Fcap_1.60_Besc_8000_sigmaR_0.216_SE_reference_AE_historical",1.6,8000,"Long",2049,1000,0.001,0.006,14226.1324540962,10057.7579841215,19738.7331022943,0.673,3466.51557632048,0,0,14016.1754754035
16,"Fcap_1.60_Besc_8000_sigmaR_0.216_SE_reference_AE_historical",1.6,8000,"Long",2050,1000,0,0.005,14657.1113330628,10004.1776075913,19753.0089111041,0.639,3948.74638959844,0,0,17965.1012583494
16,"Fcap_1.60_Besc_8000_sigmaR_0.216_SE_reference_AE_historical",1.6,8000,"Long",2051,1000,0.001,0.009,14528.2972731147,9934.59842773685,19664.625964292,0.653,3793.56634817884,0,0,16901.8125508468
16,"Fcap_1.60_Besc_8000_sigmaR_0.216_SE_reference_AE_historical",1.6,8000,"Long",2052,1000,0.001,0.006,14497.3272461022,9766.816227612,19611.8402014713,0.644,3839.71455129996,0,0,16430.2713019322
16,"Fcap_1.60_Besc_8000_sigmaR_0.216_SE_reference_AE_historical",1.6,8000,"Long",2053,1000,0,0.006,14406.5264905241,9270.17463488431,19769.584806018,0.662,3658.31639368667,0,0,16209.1529358838
16,"Fcap_1.60_Besc_8000_sigmaR_0.216_SE_reference_AE_historical",1.6,8000,"Long",2054,1000,0,0.003,14516.7964981681,9591.49146569532,19476.2894873869,0.679,3331.24286956295,0,0,13629.7937506426
16,"Fcap_1.60_Besc_8000_sigmaR_0.216_SE_reference_AE_historical",1.6,8000,"Full",2025,1000,0,0,14013.9318439866,12135.8179097045,17112.7079068182,0.824,1313.68672895193,0,0,9948.91439753906
16,"Fcap_1.60_Besc_8000_sigmaR_0.216_SE_reference_AE_historical",1.6,8000,"Full",2026,1000,0,0,15134.0116702852,11330.4039767066,20079.8723751334,0.549,4108.15631436135,0,0,12176.9338900713
16,"Fcap_1.60_Besc_8000_sigmaR_0.216_SE_reference_AE_historical",1.6,8000,"Full",2027,1000,0,0,14712.7953958538,10167.0010995206,19761.9061846432,0.673,2936.73254868998,0,0,11601.9235893942
16,"Fcap_1.60_Besc_8000_sigmaR_0.216_SE_reference_AE_historical",1.6,8000,"Full",2028,1000,0,0,14747.1767887971,10988.8475800389,19445.7230915695,0.626,4013.22341252794,0,0,15847.3081014395
16,"Fcap_1.60_Besc_8000_sigmaR_0.216_SE_reference_AE_historical",1.6,8000,"Full",2029,1000,0.002,0.007,14433.4474177972,9336.06060944719,19583.6364581236,0.671,3516.59762002509,0,0,15017.3824293467
16,"Fcap_1.60_Besc_8000_sigmaR_0.216_SE_reference_AE_historical",1.6,8000,"Full",2030,1000,0,0.006,14584.5993526282,9842.41717208966,19547.4642103387,0.666,3426.63632026785,0,0,14773.6205991106
16,"Fcap_1.60_Besc_8000_sigmaR_0.216_SE_reference_AE_historical",1.6,8000,"Full",2031,1000,0,0.002,14409.7368542195,9686.25333470233,19205.2530314523,0.696,3249.92137646022,0,0,14333.6389939864
16,"Fcap_1.60_Besc_8000_sigmaR_0.216_SE_reference_AE_historical",1.6,8000,"Full",2032,1000,0,0.007,14551.6944798076,10084.7158259804,19419.9297533828,0.657,3626.8839960385,0,0,14434.0604878989
16,"Fcap_1.60_Besc_8000_sigmaR_0.216_SE_reference_AE_historical",1.6,8000,"Full",2033,1000,0,0.007,14408.7076394536,9888.77261436424,19444.049589945,0.663,3701.04404486359,0,0,17792.3057387281
16,"Fcap_1.60_Besc_8000_sigmaR_0.216_SE_reference_AE_historical",1.6,8000,"Full",2034,1000,0,0.005,14555.7806155459,9714.60438537409,19877.1194369119,0.655,3785.68180952714,0,0,16890.7027481656
16,"Fcap_1.60_Besc_8000_sigmaR_0.216_SE_reference_AE_historical",1.6,8000,"Full",2035,1000,0.001,0.014,14372.7660022573,9422.65973516448,19465.2507732934,0.655,3594.22031627343,0,0,15392.6208141939
16,"Fcap_1.60_Besc_8000_sigmaR_0.216_SE_reference_AE_historical",1.6,8000,"Full",2036,1000,0,0.006,14502.976455224,9787.95987443642,19244.2022414327,0.66,3721.6038657273,0,0,17668.4646102678
16,"Fcap_1.60_Besc_8000_sigmaR_0.216_SE_reference_AE_historical",1.6,8000,"Full",2037,1000,0.001,0.007,14331.4422656885,9599.6640066504,18941.4845973695,0.69,3188.98045841072,0,0,13606.3999738949
16,"Fcap_1.60_Besc_8000_sigmaR_0.216_SE_reference_AE_historical",1.6,8000,"Full",2038,1000,0.001,0.007,14430.3055849897,9894.07363488813,19486.2836522057,0.67,3619.71755135506,0,0,16055.3675872902
16,"Fcap_1.60_Besc_8000_sigmaR_0.216_SE_reference_AE_historical",1.6,8000,"Full",2039,1000,0.002,0.009,14577.9351745591,9499.95047587341,18934.8207272942,0.67,3539.47613729556,0,0,16989.1259172089
16,"Fcap_1.60_Besc_8000_sigmaR_0.216_SE_reference_AE_historical",1.6,8000,"Full",2040,1000,0.001,0.006,14530.262198098,9707.16924527365,19906.5492816606,0.68,3509.57799638279,0,0,18084.4490509757
16,"Fcap_1.60_Besc_8000_sigmaR_0.216_SE_reference_AE_historical",1.6,8000,"Full",2041,1000,0.001,0.011,14532.0782879872,9727.07636032762,19673.8255878536,0.643,3938.74731720939,0,0,16702.0537228538
16,"Fcap_1.60_Besc_8000_sigmaR_0.216_SE_reference_AE_historical",1.6,8000,"Full",2042,1000,0,0.004,14480.6803953913,9291.37363600033,19382.3043599428,0.669,3631.22705921588,0,0,16509.5035769106
16,"Fcap_1.60_Besc_8000_sigmaR_0.216_SE_reference_AE_historical",1.6,8000,"Full",2043,1000,0.002,0.005,14338.4723663095,9639.59015452603,19364.2775409889,0.701,3300.71474097191,0,0,17003.8992644587
16,"Fcap_1.60_Besc_8000_sigmaR_0.216_SE_reference_AE_historical",1.6,8000,"Full",2044,1000,0,0.006,14432.7782849081,9870.5182242302,19717.5615483001,0.655,3810.36157740002,0,0,16844.6541082664
16,"Fcap_1.60_Besc_8000_sigmaR_0.216_SE_reference_AE_historical",1.6,8000,"Full",2045,1000,0,0.006,14392.4641365012,9542.19200808352,19183.6669519849,0.659,3839.30050697356,0,0,18054.2451791622
16,"Fcap_1.60_Besc_8000_sigmaR_0.216_SE_reference_AE_historical",1.6,8000,"Full",2046,1000,0.002,0.008,14386.9918816993,9772.24210805347,19427.9203240661,0.669,3561.54671347824,0,0,14570.942435245
16,"Fcap_1.60_Besc_8000_sigmaR_0.216_SE_reference_AE_historical",1.6,8000,"Full",2047,1000,0.002,0.007,14520.1806368073,10392.7059628767,19700.8471171494,0.667,3649.38271369996,0,0,16887.7011823199
16,"Fcap_1.60_Besc_8000_sigmaR_0.216_SE_reference_AE_historical",1.6,8000,"Full",2048,1000,0.001,0.007,14611.4259851071,9658.65031133853,19943.4434696344,0.645,3763.98481717963,0,0,17270.3526411311
16,"Fcap_1.60_Besc_8000_sigmaR_0.216_SE_reference_AE_historical",1.6,8000,"Full",2049,1000,0.001,0.006,14226.1324540962,10057.7579841215,19738.7331022943,0.673,3466.51557632048,0,0,14016.1754754035
16,"Fcap_1.60_Besc_8000_sigmaR_0.216_SE_reference_AE_historical",1.6,8000,"Full",2050,1000,0,0.005,14657.1113330628,10004.1776075913,19753.0089111041,0.639,3948.74638959844,0,0,17965.1012583494
16,"Fcap_1.60_Besc_8000_sigmaR_0.216_SE_reference_AE_historical",1.6,8000,"Full",2051,1000,0.001,0.009,14528.2972731147,9934.59842773685,19664.625964292,0.653,3793.56634817884,0,0,16901.8125508468
16,"Fcap_1.60_Besc_8000_sigmaR_0.216_SE_reference_AE_historical",1.6,8000,"Full",2052,1000,0.001,0.006,14497.3272461022,9766.816227612,19611.8402014713,0.644,3839.71455129996,0,0,16430.2713019322
16,"Fcap_1.60_Besc_8000_sigmaR_0.216_SE_reference_AE_historical",1.6,8000,"Full",2053,1000,0,0.006,14406.5264905241,9270.17463488431,19769.584806018,0.662,3658.31639368667,0,0,16209.1529358838
16,"Fcap_1.60_Besc_8000_sigmaR_0.216_SE_reference_AE_historical",1.6,8000,"Full",2054,1000,0,0.003,14516.7964981681,9591.49146569532,19476.2894873869,0.679,3331.24286956295,0,0,13629.7937506426
17,"Fcap_1.70_Besc_5000_sigmaR_0.216_SE_reference_AE_historical",1.7,5000,"Short",2025,1000,0,0,13171.4688581421,11550.771752891,16152.876381521,0.076,7359.61808515643,7709.93537678111,0,10740.509774041
17,"Fcap_1.70_Besc_5000_sigmaR_0.216_SE_reference_AE_historical",1.7,5000,"Short",2026,1000,0,0.001,12217.3501874984,8985.21399695483,17565.7094222303,0.249,5700.92900137789,6900.58350037428,0,10773.9447622213
17,"Fcap_1.70_Besc_5000_sigmaR_0.216_SE_reference_AE_historical",1.7,5000,"Short",2027,1000,0,0,12533.4343691669,9101.92414138406,17929.9895939676,0.207,6285.35144759056,7388.96150084509,0,11217.6106096369
17,"Fcap_1.70_Besc_5000_sigmaR_0.216_SE_reference_AE_historical",1.7,5000,"Short",2028,1000,0,0,12389.7786155202,9051.59808371435,17173.8363007963,0.247,5858.48126029899,7199.97812265495,0,10703.6735713707
17,"Fcap_1.70_Besc_5000_sigmaR_0.216_SE_reference_AE_historical",1.7,5000,"Short",2029,1000,0,0.003,12378.9057020597,9050.18589835726,17432.9741339095,0.23,5962.05734037742,7219.68527545093,0,10994.0618118377
17,"Fcap_1.70_Besc_5000_sigmaR_0.216_SE_reference_AE_historical",1.7,5000,"Short",2030,1000,0,0.003,12310.3091440819,8967.59972815184,17428.4444288591,0.24,5816.48305979265,6921.30346486565,0,10890.428411448
17,"Fcap_1.70_Besc_5000_sigmaR_0.216_SE_reference_AE_historical",1.7,5000,"Short",2031,1000,0,0,12234.1269115213,9095.62189776607,17087.5670481373,0.225,5800.72884641778,6923.47990622515,0,10575.5009414398
17,"Fcap_1.70_Besc_5000_sigmaR_0.216_SE_reference_AE_historical",1.7,5000,"Short",2032,1000,0,0.001,12399.3368086321,8925.01426613358,17146.5069711961,0.226,5945.10609468433,7063.22267428329,0,10620.5018891073
17,"Fcap_1.70_Besc_5000_sigmaR_0.216_SE_reference_AE_historical",1.7,5000,"Short",2033,1000,0.001,0.001,12383.1081551109,9131.69269135854,17539.9710158152,0.214,5980.9917097873,6931.17159585679,0,10872.7098157091
17,"Fcap_1.70_Besc_5000_sigmaR_0.216_SE_reference_AE_historical",1.7,5000,"Short",2034,1000,0,0.002,12427.9624623994,9299.04512258715,17650.6284039038,0.211,6047.92746213241,6977.42531033264,0,10718.832146738
17,"Fcap_1.70_Besc_5000_sigmaR_0.216_SE_reference_AE_historical",1.7,5000,"Medium",2035,1000,0,0.002,12215.330633495,9067.00830680016,17542.1918026484,0.236,5822.56265699277,6929.11866513478,0,10876.5707949923
17,"Fcap_1.70_Besc_5000_sigmaR_0.216_SE_reference_AE_historical",1.7,5000,"Medium",2036,1000,0,0.002,12243.7518903635,9100.85049549099,17463.663086286,0.216,5900.77788326719,7011.51063050608,0,10451.2246599337
17,"Fcap_1.70_Besc_5000_sigmaR_0.216_SE_reference_AE_historical",1.7,5000,"Medium",2037,1000,0.001,0.001,12234.843070372,9179.80405601992,16788.8072231218,0.234,5841.07808807305,7044.1273747316,0,10497.8022861439
17,"Fcap_1.70_Besc_5000_sigmaR_0.216_SE_reference_AE_historical",1.7,5000,"Medium",2038,1000,0,0,12168.5591974805,9019.08432370542,17311.803932103,0.237,5883.24635182761,7035.05756173674,0,10719.1857356808
17,"Fcap_1.70_Besc_5000_sigmaR_0.216_SE_reference_AE_historical",1.7,5000,"Medium",2039,1000,0,0,12388.8904322396,9023.15451514795,17163.324543036,0.235,5882.21590117812,7019.41964251886,0,10710.0447197238
17,"Fcap_1.70_Besc_5000_sigmaR_0.216_SE_reference_AE_historical",1.7,5000,"Medium",2040,1000,0,0,12288.2298906136,9280.27615295467,17724.6960898978,0.226,5922.63751770866,7099.24551804524,0,10685.4668907002
17,"Fcap_1.70_Besc_5000_sigmaR_0.216_SE_reference_AE_historical",1.7,5000,"Medium",2041,1000,0,0.002,12470.4176887294,9064.9180140486,17498.4162535392,0.231,5996.53063703166,7079.21347278238,0,10716.6764791808
17,"Fcap_1.70_Besc_5000_sigmaR_0.216_SE_reference_AE_historical",1.7,5000,"Medium",2042,1000,0,0.003,12387.4873409424,9064.58693610411,17386.3123030409,0.225,5921.86744350973,7064.51230539182,0,10897.7697297931
17,"Fcap_1.70_Besc_5000_sigmaR_0.216_SE_reference_AE_historical",1.7,5000,"Medium",2043,1000,0,0.002,12169.1717399282,9119.80155048987,16877.1678287781,0.232,5791.27200286732,6931.53389262922,0,10538.1279724697
17,"Fcap_1.70_Besc_5000_sigmaR_0.216_SE_reference_AE_historical",1.7,5000,"Medium",2044,1000,0,0.002,12246.6717080388,9244.83924501122,17465.5856162238,0.205,6023.62303179599,7014.77722428298,0,10718.5730429521
17,"Fcap_1.70_Besc_5000_sigmaR_0.216_SE_reference_AE_historical",1.7,5000,"Long",2045,1000,0,0.002,12298.3768899911,9077.24711313686,17382.3766073095,0.23,5835.55800152696,7005.51320330052,0,10637.9013319546
17,"Fcap_1.70_Besc_5000_sigmaR_0.216_SE_reference_AE_historical",1.7,5000,"Long",2046,1000,0,0.001,12324.1141606006,9118.01295273538,17505.975527168,0.202,6038.7754118255,6953.53865218905,0,10826.0124708261
17,"Fcap_1.70_Besc_5000_sigmaR_0.216_SE_reference_AE_historical",1.7,5000,"Long",2047,1000,0,0.002,12467.2853594908,9192.78483829837,17951.6336918774,0.209,6164.83478714057,7115.97453483743,0,11028.9322078872
17,"Fcap_1.70_Besc_5000_sigmaR_0.216_SE_reference_AE_historical",1.7,5000,"Long",2048,1000,0,0.001,12416.0694333687,8957.1621442302,17718.4938111412,0.233,5898.50197060545,7059.08398352458,0,10691.4909531587
17,"Fcap_1.70_Besc_5000_sigmaR_0.216_SE_reference_AE_historical",1.7,5000,"Long",2049,1000,0,0.002,12291.6062905642,9139.21318049991,17511.0663205843,0.231,5843.80645261342,6953.03169813613,0,10913.8207495246
17,"Fcap_1.70_Besc_5000_sigmaR_0.216_SE_reference_AE_historical",1.7,5000,"Long",2050,1000,0,0.002,12542.7113063377,9114.21184986372,17952.8643264672,0.204,6215.16738704271,7177.02156056629,0,11084.8969268728
17,"Fcap_1.70_Besc_5000_sigmaR_0.216_SE_reference_AE_historical",1.7,5000,"Long",2051,1000,0,0.002,12286.8005550719,9080.0774728606,17779.8617538688,0.215,6012.61619396053,6982.8472702787,0,10731.7086529917
17,"Fcap_1.70_Besc_5000_sigmaR_0.216_SE_reference_AE_historical",1.7,5000,"Long",2052,1000,0,0,12410.9053360952,9194.28995416732,17846.9361237409,0.233,5921.96848163245,7105.55823987112,0,10855.1800266407
17,"Fcap_1.70_Besc_5000_sigmaR_0.216_SE_reference_AE_historical",1.7,5000,"Long",2053,1000,0,0.001,12278.0783061714,9321.9168938103,17935.8697536093,0.214,6080.91147777484,7058.59798543621,0,11088.1074036932
17,"Fcap_1.70_Besc_5000_sigmaR_0.216_SE_reference_AE_historical",1.7,5000,"Long",2054,1000,0.001,0.003,12312.5178023691,8982.57213220254,17529.7475483481,0.229,5872.75221273545,7085.83794048178,0,10699.1710593495
17,"Fcap_1.70_Besc_5000_sigmaR_0.216_SE_reference_AE_historical",1.7,5000,"Full",2025,1000,0,0,13171.4688581421,11550.771752891,16152.876381521,0.076,7359.61808515643,7709.93537678111,0,10740.509774041
17,"Fcap_1.70_Besc_5000_sigmaR_0.216_SE_reference_AE_historical",1.7,5000,"Full",2026,1000,0,0.001,12217.3501874984,8985.21399695483,17565.7094222303,0.249,5700.92900137789,6900.58350037428,0,10773.9447622213
17,"Fcap_1.70_Besc_5000_sigmaR_0.216_SE_reference_AE_historical",1.7,5000,"Full",2027,1000,0,0,12533.4343691669,9101.92414138406,17929.9895939676,0.207,6285.35144759056,7388.96150084509,0,11217.6106096369
17,"Fcap_1.70_Besc_5000_sigmaR_0.216_SE_reference_AE_historical",1.7,5000,"Full",2028,1000,0,0,12389.7786155202,9051.59808371435,17173.8363007963,0.247,5858.48126029899,7199.97812265495,0,10703.6735713707
17,"Fcap_1.70_Besc_5000_sigmaR_0.216_SE_reference_AE_historical",1.7,5000,"Full",2029,1000,0,0.003,12378.9057020597,9050.18589835726,17432.9741339095,0.23,5962.05734037742,7219.68527545093,0,10994.0618118377
17,"Fcap_1.70_Besc_5000_sigmaR_0.216_SE_reference_AE_historical",1.7,5000,"Full",2030,1000,0,0.003,12310.3091440819,8967.59972815184,17428.4444288591,0.24,5816.48305979265,6921.30346486565,0,10890.428411448
17,"Fcap_1.70_Besc_5000_sigmaR_0.216_SE_reference_AE_historical",1.7,5000,"Full",2031,1000,0,0,12234.1269115213,9095.62189776607,17087.5670481373,0.225,5800.72884641778,6923.47990622515,0,10575.5009414398
17,"Fcap_1.70_Besc_5000_sigmaR_0.216_SE_reference_AE_historical",1.7,5000,"Full",2032,1000,0,0.001,12399.3368086321,8925.01426613358,17146.5069711961,0.226,5945.10609468433,7063.22267428329,0,10620.5018891073
17,"Fcap_1.70_Besc_5000_sigmaR_0.216_SE_reference_AE_historical",1.7,5000,"Full",2033,1000,0.001,0.001,12383.1081551109,9131.69269135854,17539.9710158152,0.214,5980.9917097873,6931.17159585679,0,10872.7098157091
17,"Fcap_1.70_Besc_5000_sigmaR_0.216_SE_reference_AE_historical",1.7,5000,"Full",2034,1000,0,0.002,12427.9624623994,9299.04512258715,17650.6284039038,0.211,6047.92746213241,6977.42531033264,0,10718.832146738
17,"Fcap_1.70_Besc_5000_sigmaR_0.216_SE_reference_AE_historical",1.7,5000,"Full",2035,1000,0,0.002,12215.330633495,9067.00830680016,17542.1918026484,0.236,5822.56265699277,6929.11866513478,0,10876.5707949923
17,"Fcap_1.70_Besc_5000_sigmaR_0.216_SE_reference_AE_historical",1.7,5000,"Full",2036,1000,0,0.002,12243.7518903635,9100.85049549099,17463.663086286,0.216,5900.77788326719,7011.51063050608,0,10451.2246599337
17,"Fcap_1.70_Besc_5000_sigmaR_0.216_SE_reference_AE_historical",1.7,5000,"Full",2037,1000,0.001,0.001,12234.843070372,9179.80405601992,16788.8072231218,0.234,5841.07808807305,7044.1273747316,0,10497.8022861439
17,"Fcap_1.70_Besc_5000_sigmaR_0.216_SE_reference_AE_historical",1.7,5000,"Full",2038,1000,0,0,12168.5591974805,9019.08432370542,17311.803932103,0.237,5883.24635182761,7035.05756173674,0,10719.1857356808
17,"Fcap_1.70_Besc_5000_sigmaR_0.216_SE_reference_AE_historical",1.7,5000,"Full",2039,1000,0,0,12388.8904322396,9023.15451514795,17163.324543036,0.235,5882.21590117812,7019.41964251886,0,10710.0447197238
17,"Fcap_1.70_Besc_5000_sigmaR_0.216_SE_reference_AE_historical",1.7,5000,"Full",2040,1000,0,0,12288.2298906136,9280.27615295467,17724.6960898978,0.226,5922.63751770866,7099.24551804524,0,10685.4668907002
17,"Fcap_1.70_Besc_5000_sigmaR_0.216_SE_reference_AE_historical",1.7,5000,"Full",2041,1000,0,0.002,12470.4176887294,9064.9180140486,17498.4162535392,0.231,5996.53063703166,7079.21347278238,0,10716.6764791808
17,"Fcap_1.70_Besc_5000_sigmaR_0.216_SE_reference_AE_historical",1.7,5000,"Full",2042,1000,0,0.003,12387.4873409424,9064.58693610411,17386.3123030409,0.225,5921.86744350973,7064.51230539182,0,10897.7697297931
17,"Fcap_1.70_Besc_5000_sigmaR_0.216_SE_reference_AE_historical",1.7,5000,"Full",2043,1000,0,0.002,12169.1717399282,9119.80155048987,16877.1678287781,0.232,5791.27200286732,6931.53389262922,0,10538.1279724697
17,"Fcap_1.70_Besc_5000_sigmaR_0.216_SE_reference_AE_historical",1.7,5000,"Full",2044,1000,0,0.002,12246.6717080388,9244.83924501122,17465.5856162238,0.205,6023.62303179599,7014.77722428298,0,10718.5730429521
17,"Fcap_1.70_Besc_5000_sigmaR_0.216_SE_reference_AE_historical",1.7,5000,"Full",2045,1000,0,0.002,12298.3768899911,9077.24711313686,17382.3766073095,0.23,5835.55800152696,7005.51320330052,0,10637.9013319546
17,"Fcap_1.70_Besc_5000_sigmaR_0.216_SE_reference_AE_historical",1.7,5000,"Full",2046,1000,0,0.001,12324.1141606006,9118.01295273538,17505.975527168,0.202,6038.7754118255,6953.53865218905,0,10826.0124708261
17,"Fcap_1.70_Besc_5000_sigmaR_0.216_SE_reference_AE_historical",1.7,5000,"Full",2047,1000,0,0.002,12467.2853594908,9192.78483829837,17951.6336918774,0.209,6164.83478714057,7115.97453483743,0,11028.9322078872
17,"Fcap_1.70_Besc_5000_sigmaR_0.216_SE_reference_AE_historical",1.7,5000,"Full",2048,1000,0,0.001,12416.0694333687,8957.1621442302,17718.4938111412,0.233,5898.50197060545,7059.08398352458,0,10691.4909531587
17,"Fcap_1.70_Besc_5000_sigmaR_0.216_SE_reference_AE_historical",1.7,5000,"Full",2049,1000,0,0.002,12291.6062905642,9139.21318049991,17511.0663205843,0.231,5843.80645261342,6953.03169813613,0,10913.8207495246
17,"Fcap_1.70_Besc_5000_sigmaR_0.216_SE_reference_AE_historical",1.7,5000,"Full",2050,1000,0,0.002,12542.7113063377,9114.21184986372,17952.8643264672,0.204,6215.16738704271,7177.02156056629,0,11084.8969268728
17,"Fcap_1.70_Besc_5000_sigmaR_0.216_SE_reference_AE_historical",1.7,5000,"Full",2051,1000,0,0.002,12286.8005550719,9080.0774728606,17779.8617538688,0.215,6012.61619396053,6982.8472702787,0,10731.7086529917
17,"Fcap_1.70_Besc_5000_sigmaR_0.216_SE_reference_AE_historical",1.7,5000,"Full",2052,1000,0,0,12410.9053360952,9194.28995416732,17846.9361237409,0.233,5921.96848163245,7105.55823987112,0,10855.1800266407
17,"Fcap_1.70_Besc_5000_sigmaR_0.216_SE_reference_AE_historical",1.7,5000,"Full",2053,1000,0,0.001,12278.0783061714,9321.9168938103,17935.8697536093,0.214,6080.91147777484,7058.59798543621,0,11088.1074036932
17,"Fcap_1.70_Besc_5000_sigmaR_0.216_SE_reference_AE_historical",1.7,5000,"Full",2054,1000,0.001,0.003,12312.5178023691,8982.57213220254,17529.7475483481,0.229,5872.75221273545,7085.83794048178,0,10699.1710593495
18,"Fcap_1.70_Besc_6561_sigmaR_0.216_SE_reference_AE_historical",1.7,6561,"Short",2025,1000,0,0,13707.9239678985,12102.5300681059,16404.2984425628,0.468,4086.6837570109,2299.74817649401,0,10680.6407698444
18,"Fcap_1.70_Besc_6561_sigmaR_0.216_SE_reference_AE_historical",1.7,6561,"Short",2026,1000,0,0,13768.2675982076,10190.4685697916,18895.8339631659,0.434,5068.36043674981,6515.23604597089,0,11855.4458098786
18,"Fcap_1.70_Besc_6561_sigmaR_0.216_SE_reference_AE_historical",1.7,6561,"Short",2027,1000,0,0.001,13500.2201160377,9603.49376102073,19033.9942254086,0.468,4644.79900719276,3378.13155117329,0,12065.2808043783
18,"Fcap_1.70_Besc_6561_sigmaR_0.216_SE_reference_AE_historical",1.7,6561,"Short",2028,1000,0,0,13584.6587294972,9841.21020977308,18188.5365578483,0.445,5021.07457703154,4488.40471516494,0,12000.539248488
18,"Fcap_1.70_Besc_6561_sigmaR_0.216_SE_reference_AE_historical",1.7,6561,"Short",2029,1000,0.002,0.004,13489.8296688252,9239.8281270533,18483.4056166906,0.476,4575.81551684014,1975.16703301466,0,12145.9966630756
18,"Fcap_1.70_Besc_6561_sigmaR_0.216_SE_reference_AE_historical",1.7,6561,"Short",2030,1000,0,0.003,13479.6103578445,9503.45669069051,18681.2699417071,0.459,4845.92531512088,3824.62178584214,0,12717.6893063948
18,"Fcap_1.70_Besc_6561_sigmaR_0.216_SE_reference_AE_historical",1.7,6561,"Short",2031,1000,0,0.006,13314.6290802569,9386.4957081691,18285.0748525939,0.498,4476.88499097531,142.252555851334,0,12007.660483337
18,"Fcap_1.70_Besc_6561_sigmaR_0.216_SE_reference_AE_historical",1.7,6561,"Short",2032,1000,0.001,0.004,13423.7944063822,9568.81048979614,18715.2427047911,0.486,4642.32234552712,1323.61819947274,0,12233.3134413148
18,"Fcap_1.70_Besc_6561_sigmaR_0.216_SE_reference_AE_historical",1.7,6561,"Short",2033,1000,0,0.002,13574.0265431228,9458.55185065598,18697.0351721049,0.467,4919.88331300118,3830.13412749353,0,12936.1083591335
18,"Fcap_1.70_Besc_6561_sigmaR_0.216_SE_reference_AE_historical",1.7,6561,"Short",2034,1000,0,0.004,13512.5935125907,9505.843514708,18508.1138699136,0.458,5099.48000667518,5460.8788167957,0,12606.2745004102
18,"Fcap_1.70_Besc_6561_sigmaR_0.216_SE_reference_AE_historical",1.7,6561,"Medium",2035,1000,0.001,0.006,13293.7595286491,9419.64253746437,18476.862857228,0.494,4618.56004225373,1479.92822287634,0,11805.6447605021
18,"Fcap_1.70_Besc_6561_sigmaR_0.216_SE_reference_AE_historical",1.7,6561,"Medium",2036,1000,0,0.005,13370.2580576021,9525.08145461826,18845.0249818684,0.479,4722.9470437755,2723.05542074628,0,12190.1486322781
18,"Fcap_1.70_Besc_6561_sigmaR_0.216_SE_reference_AE_historical",1.7,6561,"Medium",2037,1000,0.002,0.004,13390.4650252015,9474.01759809806,18043.4005782645,0.481,4519.00695435952,1613.17500394377,0,11738.872081899
18,"Fcap_1.70_Besc_6561_sigmaR_0.216_SE_reference_AE_historical",1.7,6561,"Medium",2038,1000,0.001,0.002,13265.2592339331,9587.60687347807,18419.0871424713,0.46,4946.22351647894,4796.41894849517,0,12532.9009253658
18,"Fcap_1.70_Besc_6561_sigmaR_0.216_SE_reference_AE_historical",1.7,6561,"Medium",2039,1000,0,0.005,13375.1616458154,9339.07450977307,18224.0779365727,0.485,4678.47894802808,1895.11207488226,0,12007.1717906678
18,"Fcap_1.70_Besc_6561_sigmaR_0.216_SE_reference_AE_historical",1.7,6561,"Medium",2040,1000,0,0.002,13380.9686929066,9657.08967827885,18647.141780839,0.453,4916.15241484145,5281.06169921032,0,11970.180046509
18,"Fcap_1.70_Besc_6561_sigmaR_0.216_SE_reference_AE_historical",1.7,6561,"Medium",2041,1000,0,0.002,13495.5809211784,9363.71270324432,18315.0114067285,0.464,4861.72995696485,3793.55175091007,0,12137.3027486441
18,"Fcap_1.70_Besc_6561_sigmaR_0.216_SE_reference_AE_historical",1.7,6561,"Medium",2042,1000,0,0.003,13375.0065768931,9298.57895942692,18526.8216375951,0.477,4718.33843557113,2169.53495891019,0,12177.8318848008
18,"Fcap_1.70_Besc_6561_sigmaR_0.216_SE_reference_AE_historical",1.7,6561,"Medium",2043,1000,0,0,13262.4473886291,9578.13445621585,18207.2524658555,0.472,4642.43946604065,3418.5762293714,0,12019.1499415303
18,"Fcap_1.70_Besc_6561_sigmaR_0.216_SE_reference_AE_historical",1.7,6561,"Medium",2044,1000,0.001,0.002,13327.1603382109,9754.30274854785,18724.8774007791,0.477,4794.08925492461,2179.93700098819,0,12191.2589592424
18,"Fcap_1.70_Besc_6561_sigmaR_0.216_SE_reference_AE_historical",1.7,6561,"Long",2045,1000,0.001,0.005,13353.5239760278,9468.83601252712,18406.0218133172,0.468,4853.47694156033,3329.16151793572,0,12649.8675710608
18,"Fcap_1.70_Besc_6561_sigmaR_0.216_SE_reference_AE_historical",1.7,6561,"Long",2046,1000,0.002,0.008,13344.8255046574,9518.44208160587,18390.678935339,0.48,4730.92948209598,2076.25600255704,0,12380.213231053
18,"Fcap_1.70_Besc_6561_sigmaR_0.216_SE_reference_AE_historical",1.7,6561,"Long",2047,1000,0,0.004,13517.5816752512,9926.46330925164,18965.0735280729,0.459,4971.01135098202,4331.74477043295,0,12850.7661343394
18,"Fcap_1.70_Besc_6561_sigmaR_0.216_SE_reference_AE_historical",1.7,6561,"Long",2048,1000,0.001,0.005,13593.349394206,9437.32662809878,18719.3376597057,0.462,5008.9332654297,4946.67204491142,0,12530.0308223557
18,"Fcap_1.70_Besc_6561_sigmaR_0.216_SE_reference_AE_historical",1.7,6561,"Long",2049,1000,0,0.004,13161.0294814093,9461.85165198539,18605.8627412715,0.515,4424.89223727007,0,0,12393.4747517915
18,"Fcap_1.70_Besc_6561_sigmaR_0.216_SE_reference_AE_historical",1.7,6561,"Long",2050,1000,0.002,0.004,13539.7922176546,9877.11190605639,19166.6878421069,0.441,5316.12921442411,6595.72299018594,0,13361.0518020355
18,"Fcap_1.70_Besc_6561_sigmaR_0.216_SE_reference_AE_historical",1.7,6561,"Long",2051,1000,0,0.009,13375.202517399,9409.11488880751,18774.6165934814,0.472,4793.54193074801,3066.56131956246,0,12601.2531308823
18,"Fcap_1.70_Besc_6561_sigmaR_0.216_SE_reference_AE_historical",1.7,6561,"Long",2052,1000,0,0.002,13460.1186116019,9628.21205006375,18851.1458504349,0.468,4963.89319855083,3506.10802274327,0,12725.3053051426
18,"Fcap_1.70_Besc_6561_sigmaR_0.216_SE_reference_AE_historical",1.7,6561,"Long",2053,1000,0,0.004,13396.092846697,9639.20050887351,18898.4373698491,0.49,4773.60585982469,1442.4909356249,0,12872.9212433083
18,"Fcap_1.70_Besc_6561_sigmaR_0.216_SE_reference_AE_historical",1.7,6561,"Long",2054,1000,0,0.004,13431.672653922,9219.46641652767,18511.1085385719,0.462,4748.591607398,3848.13311034125,0,11855.2560821536
18,"Fcap_1.70_Besc_6561_sigmaR_0.216_SE_reference_AE_historical",1.7,6561,"Full",2025,1000,0,0,13707.9239678985,12102.5300681059,16404.2984425628,0.468,4086.6837570109,2299.74817649401,0,10680.6407698444
18,"Fcap_1.70_Besc_6561_sigmaR_0.216_SE_reference_AE_historical",1.7,6561,"Full",2026,1000,0,0,13768.2675982076,10190.4685697916,18895.8339631659,0.434,5068.36043674981,6515.23604597089,0,11855.4458098786
18,"Fcap_1.70_Besc_6561_sigmaR_0.216_SE_reference_AE_historical",1.7,6561,"Full",2027,1000,0,0.001,13500.2201160377,9603.49376102073,19033.9942254086,0.468,4644.79900719276,3378.13155117329,0,12065.2808043783
18,"Fcap_1.70_Besc_6561_sigmaR_0.216_SE_reference_AE_historical",1.7,6561,"Full",2028,1000,0,0,13584.6587294972,9841.21020977308,18188.5365578483,0.445,5021.07457703154,4488.40471516494,0,12000.539248488
18,"Fcap_1.70_Besc_6561_sigmaR_0.216_SE_reference_AE_historical",1.7,6561,"Full",2029,1000,0.002,0.004,13489.8296688252,9239.8281270533,18483.4056166906,0.476,4575.81551684014,1975.16703301466,0,12145.9966630756
18,"Fcap_1.70_Besc_6561_sigmaR_0.216_SE_reference_AE_historical",1.7,6561,"Full",2030,1000,0,0.003,13479.6103578445,9503.45669069051,18681.2699417071,0.459,4845.92531512088,3824.62178584214,0,12717.6893063948
18,"Fcap_1.70_Besc_6561_sigmaR_0.216_SE_reference_AE_historical",1.7,6561,"Full",2031,1000,0,0.006,13314.6290802569,9386.4957081691,18285.0748525939,0.498,4476.88499097531,142.252555851334,0,12007.660483337
18,"Fcap_1.70_Besc_6561_sigmaR_0.216_SE_reference_AE_historical",1.7,6561,"Full",2032,1000,0.001,0.004,13423.7944063822,9568.81048979614,18715.2427047911,0.486,4642.32234552712,1323.61819947274,0,12233.3134413148
18,"Fcap_1.70_Besc_6561_sigmaR_0.216_SE_reference_AE_historical",1.7,6561,"Full",2033,1000,0,0.002,13574.0265431228,9458.55185065598,18697.0351721049,0.467,4919.88331300118,3830.13412749353,0,12936.1083591335
18,"Fcap_1.70_Besc_6561_sigmaR_0.216_SE_reference_AE_historical",1.7,6561,"Full",2034,1000,0,0.004,13512.5935125907,9505.843514708,18508.1138699136,0.458,5099.48000667518,5460.8788167957,0,12606.2745004102
18,"Fcap_1.70_Besc_6561_sigmaR_0.216_SE_reference_AE_historical",1.7,6561,"Full",2035,1000,0.001,0.006,13293.7595286491,9419.64253746437,18476.862857228,0.494,4618.56004225373,1479.92822287634,0,11805.6447605021
18,"Fcap_1.70_Besc_6561_sigmaR_0.216_SE_reference_AE_historical",1.7,6561,"Full",2036,1000,0,0.005,13370.2580576021,9525.08145461826,18845.0249818684,0.479,4722.9470437755,2723.05542074628,0,12190.1486322781
18,"Fcap_1.70_Besc_6561_sigmaR_0.216_SE_reference_AE_historical",1.7,6561,"Full",2037,1000,0.002,0.004,13390.4650252015,9474.01759809806,18043.4005782645,0.481,4519.00695435952,1613.17500394377,0,11738.872081899
18,"Fcap_1.70_Besc_6561_sigmaR_0.216_SE_reference_AE_historical",1.7,6561,"Full",2038,1000,0.001,0.002,13265.2592339331,9587.60687347807,18419.0871424713,0.46,4946.22351647894,4796.41894849517,0,12532.9009253658
18,"Fcap_1.70_Besc_6561_sigmaR_0.216_SE_reference_AE_historical",1.7,6561,"Full",2039,1000,0,0.005,13375.1616458154,9339.07450977307,18224.0779365727,0.485,4678.47894802808,1895.11207488226,0,12007.1717906678
18,"Fcap_1.70_Besc_6561_sigmaR_0.216_SE_reference_AE_historical",1.7,6561,"Full",2040,1000,0,0.002,13380.9686929066,9657.08967827885,18647.141780839,0.453,4916.15241484145,5281.06169921032,0,11970.180046509
18,"Fcap_1.70_Besc_6561_sigmaR_0.216_SE_reference_AE_historical",1.7,6561,"Full",2041,1000,0,0.002,13495.5809211784,9363.71270324432,18315.0114067285,0.464,4861.72995696485,3793.55175091007,0,12137.3027486441
18,"Fcap_1.70_Besc_6561_sigmaR_0.216_SE_reference_AE_historical",1.7,6561,"Full",2042,1000,0,0.003,13375.0065768931,9298.57895942692,18526.8216375951,0.477,4718.33843557113,2169.53495891019,0,12177.8318848008
18,"Fcap_1.70_Besc_6561_sigmaR_0.216_SE_reference_AE_historical",1.7,6561,"Full",2043,1000,0,0,13262.4473886291,9578.13445621585,18207.2524658555,0.472,4642.43946604065,3418.5762293714,0,12019.1499415303
18,"Fcap_1.70_Besc_6561_sigmaR_0.216_SE_reference_AE_historical",1.7,6561,"Full",2044,1000,0.001,0.002,13327.1603382109,9754.30274854785,18724.8774007791,0.477,4794.08925492461,2179.93700098819,0,12191.2589592424
18,"Fcap_1.70_Besc_6561_sigmaR_0.216_SE_reference_AE_historical",1.7,6561,"Full",2045,1000,0.001,0.005,13353.5239760278,9468.83601252712,18406.0218133172,0.468,4853.47694156033,3329.16151793572,0,12649.8675710608
18,"Fcap_1.70_Besc_6561_sigmaR_0.216_SE_reference_AE_historical",1.7,6561,"Full",2046,1000,0.002,0.008,13344.8255046574,9518.44208160587,18390.678935339,0.48,4730.92948209598,2076.25600255704,0,12380.213231053
18,"Fcap_1.70_Besc_6561_sigmaR_0.216_SE_reference_AE_historical",1.7,6561,"Full",2047,1000,0,0.004,13517.5816752512,9926.46330925164,18965.0735280729,0.459,4971.01135098202,4331.74477043295,0,12850.7661343394
18,"Fcap_1.70_Besc_6561_sigmaR_0.216_SE_reference_AE_historical",1.7,6561,"Full",2048,1000,0.001,0.005,13593.349394206,9437.32662809878,18719.3376597057,0.462,5008.9332654297,4946.67204491142,0,12530.0308223557
18,"Fcap_1.70_Besc_6561_sigmaR_0.216_SE_reference_AE_historical",1.7,6561,"Full",2049,1000,0,0.004,13161.0294814093,9461.85165198539,18605.8627412715,0.515,4424.89223727007,0,0,12393.4747517915
18,"Fcap_1.70_Besc_6561_sigmaR_0.216_SE_reference_AE_historical",1.7,6561,"Full",2050,1000,0.002,0.004,13539.7922176546,9877.11190605639,19166.6878421069,0.441,5316.12921442411,6595.72299018594,0,13361.0518020355
18,"Fcap_1.70_Besc_6561_sigmaR_0.216_SE_reference_AE_historical",1.7,6561,"Full",2051,1000,0,0.009,13375.202517399,9409.11488880751,18774.6165934814,0.472,4793.54193074801,3066.56131956246,0,12601.2531308823
18,"Fcap_1.70_Besc_6561_sigmaR_0.216_SE_reference_AE_historical",1.7,6561,"Full",2052,1000,0,0.002,13460.1186116019,9628.21205006375,18851.1458504349,0.468,4963.89319855083,3506.10802274327,0,12725.3053051426
18,"Fcap_1.70_Besc_6561_sigmaR_0.216_SE_reference_AE_historical",1.7,6561,"Full",2053,1000,0,0.004,13396.092846697,9639.20050887351,18898.4373698491,0.49,4773.60585982469,1442.4909356249,0,12872.9212433083
18,"Fcap_1.70_Besc_6561_sigmaR_0.216_SE_reference_AE_historical",1.7,6561,"Full",2054,1000,0,0.004,13431.672653922,9219.46641652767,18511.1085385719,0.462,4748.591607398,3848.13311034125,0,11855.2560821536
19,"Fcap_1.70_Besc_7250_sigmaR_0.216_SE_reference_AE_historical",1.7,7250,"Short",2025,1000,0,0,13931.3329085382,12135.8179097045,16782.0474924443,0.681,2524.82447999212,0,0,10630.1330592372
19,"Fcap_1.70_Besc_7250_sigmaR_0.216_SE_reference_AE_historical",1.7,7250,"Short",2026,1000,0,0,14371.639208187,10882.5389990157,19350.0541084059,0.452,5029.17191176769,5050.81611059931,0,12109.8405867073
19,"Fcap_1.70_Besc_7250_sigmaR_0.216_SE_reference_AE_historical",1.7,7250,"Short",2027,1000,0,0,13936.2434801763,9663.7751250052,19170.765825749,0.606,3628.28689229173,0,0,12084.7992433533
19,"Fcap_1.70_Besc_7250_sigmaR_0.216_SE_reference_AE_historical",1.7,7250,"Short",2028,1000,0,0,14154.3764239471,10503.652903257,18663.4097766309,0.526,4655.62387732639,0,0,13900.4160354363
19,"Fcap_1.70_Besc_7250_sigmaR_0.216_SE_reference_AE_historical",1.7,7250,"Short",2029,1000,0.003,0.006,13944.1403273323,9230.75001747485,18985.8293819046,0.574,4043.13308146337,0,0,13239.3234892189
19,"Fcap_1.70_Besc_7250_sigmaR_0.216_SE_reference_AE_historical",1.7,7250,"Short",2030,1000,0,0.003,13972.136124817,9626.10594936597,19254.2114422257,0.579,4137.04876888233,0,0,13405.2762891257
19,"Fcap_1.70_Besc_7250_sigmaR_0.216_SE_reference_AE_historical",1.7,7250,"Short",2031,1000,0,0.005,13820.0473191216,9424.31222154495,18798.5325905236,0.589,3989.28097208367,0,0,13462.1925380869
19,"Fcap_1.70_Besc_7250_sigmaR_0.216_SE_reference_AE_historical",1.7,7250,"Short",2032,1000,0.001,0.008,13938.2715235591,9832.7283955773,19038.9415758554,0.581,4275.04304767594,0,0,14493.0309704861
19,"Fcap_1.70_Besc_7250_sigmaR_0.216_SE_reference_AE_historical",1.7,7250,"Short",2033,1000,0.002,0.01,13936.6062874639,9364.01499658929,18945.4548870013,0.555,4524.32545208412,0,0,15905.0239737842
19,"Fcap_1.70_Besc_7250_sigmaR_0.216_SE_reference_AE_historical",1.7,7250,"Short",2034,1000,0.001,0.008,13995.203149789,9484.53223059603,19071.2273413946,0.57,4395.33433456157,0,0,14166.2033293772
19,"Fcap_1.70_Besc_7250_sigmaR_0.216_SE_reference_AE_historical",1.7,7250,"Medium",2035,1000,0.001,0.01,13865.6513780552,9416.08956113181,19196.9923390353,0.577,4209.12632370241,0,0,13557.5593522908
19,"Fcap_1.70_Besc_7250_sigmaR_0.216_SE_reference_AE_historical",1.7,7250,"Medium",2036,1000,0,0.007,13762.010718186,9522.93856782874,19003.1176494906,0.568,4328.82848189517,0,0,13473.3645220969
19,"Fcap_1.70_Besc_7250_sigmaR_0.216_SE_reference_AE_historical",1.7,7250,"Medium",2037,1000,0.001,0.005,13836.0489074956,9632.2083227555,18508.3574441314,0.601,3907.09595588998,0,0,12814.7062649382
19,"Fcap_1.70_Besc_7250_sigmaR_0.216_SE_reference_AE_historical",1.7,7250,"Medium",2038,1000,0.001,0.004,13840.9956768859,9509.94769657784,18774.9634042922,0.561,4414.14007985298,0,0,14605.9677465147
19,"Fcap_1.70_Besc_7250_sigmaR_0.216_SE_reference_AE_historical",1.7,7250,"Medium",2039,1000,0.002,0.007,13849.0143362939,9415.80420237927,18473.6512723535,0.572,4504.88276533092,0,0,15861.4901047549
19,"Fcap_1.70_Besc_7250_sigmaR_0.216_SE_reference_AE_historical",1.7,7250,"Medium",2040,1000,0,0.004,13888.3596784987,9505.50231103933,18892.8659285819,0.583,4101.04250045316,0,0,13165.0161243186
19,"Fcap_1.70_Besc_7250_sigmaR_0.216_SE_reference_AE_historical",1.7,7250,"Medium",2041,1000,0.002,0.007,13937.2369563089,9517.01681378537,18731.6649209441,0.556,4458.2703542077,0,0,14064.0159359338
19,"Fcap_1.70_Besc_7250_sigmaR_0.216_SE_reference_AE_historical",1.7,7250,"Medium",2042,1000,0,0.007,13998.0223613392,9357.11463192646,18692.0305290236,0.581,4208.29253694775,0,0,13576.011916684
19,"Fcap_1.70_Besc_7250_sigmaR_0.216_SE_reference_AE_historical",1.7,7250,"Medium",2043,1000,0.001,0.007,13758.3624841881,9377.85090323378,18595.309758526,0.576,4223.09496550304,0,0,14310.1830439784
19,"Fcap_1.70_Besc_7250_sigmaR_0.216_SE_reference_AE_historical",1.7,7250,"Medium",2044,1000,0.001,0.01,13863.1613305327,9520.24606602494,18921.1874201564,0.573,4245.72028890872,0,0,13520.4234647275
19,"Fcap_1.70_Besc_7250_sigmaR_0.216_SE_reference_AE_historical",1.7,7250,"Long",2045,1000,0.002,0.008,13863.6839456346,9481.90555154309,18825.641776152,0.553,4568.49920498451,0,0,15486.9406799915
19,"Fcap_1.70_Besc_7250_sigmaR_0.216_SE_reference_AE_historical",1.7,7250,"Long",2046,1000,0.003,0.008,13865.6161136973,9414.58764019402,18797.0073749688,0.592,4043.5172580923,0,0,12904.2700045762
19,"Fcap_1.70_Besc_7250_sigmaR_0.216_SE_reference_AE_historical",1.7,7250,"Long",2047,1000,0.003,0.007,13995.2888453805,10132.0385591174,19345.6336098607,0.553,4609.49163900344,0,0,15795.3433248962
19,"Fcap_1.70_Besc_7250_sigmaR_0.216_SE_reference_AE_historical",1.7,7250,"Long",2048,1000,0.002,0.005,14011.9995802016,9402.43405943515,19017.0668253175,0.563,4499.2216236861,0,0,15363.6562835073
19,"Fcap_1.70_Besc_7250_sigmaR_0.216_SE_reference_AE_historical",1.7,7250,"Long",2049,1000,0.004,0.01,13714.7590884712,9464.3352862177,19163.6052977822,0.599,4036.01300855208,0,0,13183.7795896862
19,"Fcap_1.70_Besc_7250_sigmaR_0.216_SE_reference_AE_historical",1.7,7250,"Long",2050,1000,0.002,0.008,14110.260339786,9540.54872937695,19395.8887625239,0.537,4638.28163140925,0,0,14498.3465133097
19,"Fcap_1.70_Besc_7250_sigmaR_0.216_SE_reference_AE_historical",1.7,7250,"Long",2051,1000,0.001,0.009,13912.6886403386,9534.50223339995,19028.3691130337,0.556,4338.96855959239,0,0,13649.5736449405
19,"Fcap_1.70_Besc_7250_sigmaR_0.216_SE_reference_AE_historical",1.7,7250,"Long",2052,1000,0,0.006,13940.0011206692,9559.62726114978,19220.8372786819,0.548,4586.90480180454,0,0,14474.4780853232
19,"Fcap_1.70_Besc_7250_sigmaR_0.216_SE_reference_AE_historical",1.7,7250,"Long",2053,1000,0.001,0.002,13797.5504185442,9387.39291918985,19301.827359955,0.59,4159.66269543797,0,0,13773.5317756745
19,"Fcap_1.70_Besc_7250_sigmaR_0.216_SE_reference_AE_historical",1.7,7250,"Long",2054,1000,0.001,0.004,13888.9353747646,9547.37741165905,18935.3761512795,0.551,4182.76476256979,0,0,12500.206820855
19,"Fcap_1.70_Besc_7250_sigmaR_0.216_SE_reference_AE_historical",1.7,7250,"Full",2025,1000,0,0,13931.3329085382,12135.8179097045,16782.0474924443,0.681,2524.82447999212,0,0,10630.1330592372
19,"Fcap_1.70_Besc_7250_sigmaR_0.216_SE_reference_AE_historical",1.7,7250,"Full",2026,1000,0,0,14371.639208187,10882.5389990157,19350.0541084059,0.452,5029.17191176769,5050.81611059931,0,12109.8405867073
19,"Fcap_1.70_Besc_7250_sigmaR_0.216_SE_reference_AE_historical",1.7,7250,"Full",2027,1000,0,0,13936.2434801763,9663.7751250052,19170.765825749,0.606,3628.28689229173,0,0,12084.7992433533
19,"Fcap_1.70_Besc_7250_sigmaR_0.216_SE_reference_AE_historical",1.7,7250,"Full",2028,1000,0,0,14154.3764239471,10503.652903257,18663.4097766309,0.526,4655.62387732639,0,0,13900.4160354363
19,"Fcap_1.70_Besc_7250_sigmaR_0.216_SE_reference_AE_historical",1.7,7250,"Full",2029,1000,0.003,0.006,13944.1403273323,9230.75001747485,18985.8293819046,0.574,4043.13308146337,0,0,13239.3234892189
19,"Fcap_1.70_Besc_7250_sigmaR_0.216_SE_reference_AE_historical",1.7,7250,"Full",2030,1000,0,0.003,13972.136124817,9626.10594936597,19254.2114422257,0.579,4137.04876888233,0,0,13405.2762891257
19,"Fcap_1.70_Besc_7250_sigmaR_0.216_SE_reference_AE_historical",1.7,7250,"Full",2031,1000,0,0.005,13820.0473191216,9424.31222154495,18798.5325905236,0.589,3989.28097208367,0,0,13462.1925380869
19,"Fcap_1.70_Besc_7250_sigmaR_0.216_SE_reference_AE_historical",1.7,7250,"Full",2032,1000,0.001,0.008,13938.2715235591,9832.7283955773,19038.9415758554,0.581,4275.04304767594,0,0,14493.0309704861
19,"Fcap_1.70_Besc_7250_sigmaR_0.216_SE_reference_AE_historical",1.7,7250,"Full",2033,1000,0.002,0.01,13936.6062874639,9364.01499658929,18945.4548870013,0.555,4524.32545208412,0,0,15905.0239737842
19,"Fcap_1.70_Besc_7250_sigmaR_0.216_SE_reference_AE_historical",1.7,7250,"Full",2034,1000,0.001,0.008,13995.203149789,9484.53223059603,19071.2273413946,0.57,4395.33433456157,0,0,14166.2033293772
19,"Fcap_1.70_Besc_7250_sigmaR_0.216_SE_reference_AE_historical",1.7,7250,"Full",2035,1000,0.001,0.01,13865.6513780552,9416.08956113181,19196.9923390353,0.577,4209.12632370241,0,0,13557.5593522908
19,"Fcap_1.70_Besc_7250_sigmaR_0.216_SE_reference_AE_historical",1.7,7250,"Full",2036,1000,0,0.007,13762.010718186,9522.93856782874,19003.1176494906,0.568,4328.82848189517,0,0,13473.3645220969
19,"Fcap_1.70_Besc_7250_sigmaR_0.216_SE_reference_AE_historical",1.7,7250,"Full",2037,1000,0.001,0.005,13836.0489074956,9632.2083227555,18508.3574441314,0.601,3907.09595588998,0,0,12814.7062649382
19,"Fcap_1.70_Besc_7250_sigmaR_0.216_SE_reference_AE_historical",1.7,7250,"Full",2038,1000,0.001,0.004,13840.9956768859,9509.94769657784,18774.9634042922,0.561,4414.14007985298,0,0,14605.9677465147
19,"Fcap_1.70_Besc_7250_sigmaR_0.216_SE_reference_AE_historical",1.7,7250,"Full",2039,1000,0.002,0.007,13849.0143362939,9415.80420237927,18473.6512723535,0.572,4504.88276533092,0,0,15861.4901047549
19,"Fcap_1.70_Besc_7250_sigmaR_0.216_SE_reference_AE_historical",1.7,7250,"Full",2040,1000,0,0.004,13888.3596784987,9505.50231103933,18892.8659285819,0.583,4101.04250045316,0,0,13165.0161243186
19,"Fcap_1.70_Besc_7250_sigmaR_0.216_SE_reference_AE_historical",1.7,7250,"Full",2041,1000,0.002,0.007,13937.2369563089,9517.01681378537,18731.6649209441,0.556,4458.2703542077,0,0,14064.0159359338
19,"Fcap_1.70_Besc_7250_sigmaR_0.216_SE_reference_AE_historical",1.7,7250,"Full",2042,1000,0,0.007,13998.0223613392,9357.11463192646,18692.0305290236,0.581,4208.29253694775,0,0,13576.011916684
19,"Fcap_1.70_Besc_7250_sigmaR_0.216_SE_reference_AE_historical",1.7,7250,"Full",2043,1000,0.001,0.007,13758.3624841881,9377.85090323378,18595.309758526,0.576,4223.09496550304,0,0,14310.1830439784
19,"Fcap_1.70_Besc_7250_sigmaR_0.216_SE_reference_AE_historical",1.7,7250,"Full",2044,1000,0.001,0.01,13863.1613305327,9520.24606602494,18921.1874201564,0.573,4245.72028890872,0,0,13520.4234647275
19,"Fcap_1.70_Besc_7250_sigmaR_0.216_SE_reference_AE_historical",1.7,7250,"Full",2045,1000,0.002,0.008,13863.6839456346,9481.90555154309,18825.641776152,0.553,4568.49920498451,0,0,15486.9406799915
19,"Fcap_1.70_Besc_7250_sigmaR_0.216_SE_reference_AE_historical",1.7,7250,"Full",2046,1000,0.003,0.008,13865.6161136973,9414.58764019402,18797.0073749688,0.592,4043.5172580923,0,0,12904.2700045762
19,"Fcap_1.70_Besc_7250_sigmaR_0.216_SE_reference_AE_historical",1.7,7250,"Full",2047,1000,0.003,0.007,13995.2888453805,10132.0385591174,19345.6336098607,0.553,4609.49163900344,0,0,15795.3433248962
19,"Fcap_1.70_Besc_7250_sigmaR_0.216_SE_reference_AE_historical",1.7,7250,"Full",2048,1000,0.002,0.005,14011.9995802016,9402.43405943515,19017.0668253175,0.563,4499.2216236861,0,0,15363.6562835073
19,"Fcap_1.70_Besc_7250_sigmaR_0.216_SE_reference_AE_historical",1.7,7250,"Full",2049,1000,0.004,0.01,13714.7590884712,9464.3352862177,19163.6052977822,0.599,4036.01300855208,0,0,13183.7795896862
19,"Fcap_1.70_Besc_7250_sigmaR_0.216_SE_reference_AE_historical",1.7,7250,"Full",2050,1000,0.002,0.008,14110.260339786,9540.54872937695,19395.8887625239,0.537,4638.28163140925,0,0,14498.3465133097
19,"Fcap_1.70_Besc_7250_sigmaR_0.216_SE_reference_AE_historical",1.7,7250,"Full",2051,1000,0.001,0.009,13912.6886403386,9534.50223339995,19028.3691130337,0.556,4338.96855959239,0,0,13649.5736449405
19,"Fcap_1.70_Besc_7250_sigmaR_0.216_SE_reference_AE_historical",1.7,7250,"Full",2052,1000,0,0.006,13940.0011206692,9559.62726114978,19220.8372786819,0.548,4586.90480180454,0,0,14474.4780853232
19,"Fcap_1.70_Besc_7250_sigmaR_0.216_SE_reference_AE_historical",1.7,7250,"Full",2053,1000,0.001,0.002,13797.5504185442,9387.39291918985,19301.827359955,0.59,4159.66269543797,0,0,13773.5317756745
19,"Fcap_1.70_Besc_7250_sigmaR_0.216_SE_reference_AE_historical",1.7,7250,"Full",2054,1000,0.001,0.004,13888.9353747646,9547.37741165905,18935.3761512795,0.551,4182.76476256979,0,0,12500.206820855
20,"Fcap_1.70_Besc_8000_sigmaR_0.216_SE_reference_AE_historical",1.7,8000,"Short",2025,1000,0,0,14013.9318439866,12135.8179097045,17099.8719439912,0.824,1347.46847094928,0,0,10327.118654228
20,"Fcap_1.70_Besc_8000_sigmaR_0.216_SE_reference_AE_historical",1.7,8000,"Short",2026,1000,0,0,15116.8062798622,11299.4479378456,20079.8723751334,0.552,4230.38167935985,0,0,12576.9855819106
20,"Fcap_1.70_Besc_8000_sigmaR_0.216_SE_reference_AE_historical",1.7,8000,"Short",2027,1000,0,0,14652.1700048986,10045.2364623374,19646.0209083301,0.677,2978.64913027369,0,0,12018.4420293848
20,"Fcap_1.70_Besc_8000_sigmaR_0.216_SE_reference_AE_historical",1.7,8000,"Short",2028,1000,0,0,14728.5246043776,10828.8856759956,19307.9812746695,0.624,4097.21872086053,0,0,16303.9325634114
20,"Fcap_1.70_Besc_8000_sigmaR_0.216_SE_reference_AE_historical",1.7,8000,"Short",2029,1000,0.002,0.01,14371.1431241955,9253.37267764148,19459.9334466161,0.671,3620.76639676345,0,0,15325.6144005566
20,"Fcap_1.70_Besc_8000_sigmaR_0.216_SE_reference_AE_historical",1.7,8000,"Short",2030,1000,0,0.007,14543.4320652252,9687.84247978133,19451.3203035836,0.671,3527.76888381668,0,0,15481.1810035476
20,"Fcap_1.70_Besc_8000_sigmaR_0.216_SE_reference_AE_historical",1.7,8000,"Short",2031,1000,0,0.005,14355.8653932935,9527.56987442525,19182.7927683194,0.699,3319.97677475075,0,0,14902.6283466608
20,"Fcap_1.70_Besc_8000_sigmaR_0.216_SE_reference_AE_historical",1.7,8000,"Short",2032,1000,0.001,0.009,14533.0770214993,9915.99068979923,19327.1655681062,0.656,3728.18397494998,0,0,15916.5310795449
20,"Fcap_1.70_Besc_8000_sigmaR_0.216_SE_reference_AE_historical",1.7,8000,"Short",2033,1000,0,0.009,14401.2243913141,9781.25116734084,19364.3395961919,0.661,3803.29288781712,0,0,18708.9590420104
20,"Fcap_1.70_Besc_8000_sigmaR_0.216_SE_reference_AE_historical",1.7,8000,"Short",2034,1000,0,0.005,14545.1452562583,9414.45188392181,19593.6680624052,0.666,3855.62598809259,0,0,18193.906964321
20,"Fcap_1.70_Besc_8000_sigmaR_0.216_SE_reference_AE_historical",1.7,8000,"Medium",2035,1000,0.001,0.017,14304.9390586554,9200.70696406425,19379.696981923,0.656,3723.65193715995,0,0,16127.7146769635
20,"Fcap_1.70_Besc_8000_sigmaR_0.216_SE_reference_AE_historical",1.7,8000,"Medium",2036,1000,0,0.009,14416.1485538862,9430.2703837777,19085.4397773906,0.666,3785.48404236709,0,0,18497.3509839808
20,"Fcap_1.70_Besc_8000_sigmaR_0.216_SE_reference_AE_historical",1.7,8000,"Medium",2037,1000,0.001,0.009,14269.6353128723,9370.07322388184,18889.3028752232,0.694,3289.44713107978,0,0,14201.2562410058
20,"Fcap_1.70_Besc_8000_sigmaR_0.216_SE_reference_AE_historical",1.7,8000,"Medium",2038,1000,0.001,0.008,14396.6081105434,9883.54864592102,19439.2419528497,0.678,3678.30034313337,0,0,17065.3210597132
20,"Fcap_1.70_Besc_8000_sigmaR_0.216_SE_reference_AE_historical",1.7,8000,"Medium",2039,1000,0.003,0.01,14527.4826691186,9412.63971853123,18937.2492672033,0.673,3654.86427483045,0,0,17626.9351382667
20,"Fcap_1.70_Besc_8000_sigmaR_0.216_SE_reference_AE_historical",1.7,8000,"Medium",2040,1000,0.002,0.008,14479.4359805314,9514.65247938194,19768.8713511577,0.684,3583.28119688414,0,0,18929.1059199124
20,"Fcap_1.70_Besc_8000_sigmaR_0.216_SE_reference_AE_historical",1.7,8000,"Medium",2041,1000,0.003,0.015,14448.3290926651,9480.25264966772,19473.0803772798,0.636,4099.8884893112,0,0,17367.0782604334
20,"Fcap_1.70_Besc_8000_sigmaR_0.216_SE_reference_AE_historical",1.7,8000,"Medium",2042,1000,0,0.006,14346.3404025538,9150.72808334633,19332.6395599656,0.675,3690.32264926925,0,0,17338.6756772302
20,"Fcap_1.70_Besc_8000_sigmaR_0.216_SE_reference_AE_historical",1.7,8000,"Medium",2043,1000,0.003,0.007,14335.559185086,9645.02987460958,19232.1892691375,0.704,3439.39287816225,0,0,18492.6705487936
20,"Fcap_1.70_Besc_8000_sigmaR_0.216_SE_reference_AE_historical",1.7,8000,"Medium",2044,1000,0.002,0.008,14362.51123095,9693.33262885041,19675.4643841903,0.658,3920.47580149718,0,0,17635.1642459445
20,"Fcap_1.70_Besc_8000_sigmaR_0.216_SE_reference_AE_historical",1.7,8000,"Long",2045,1000,0.001,0.01,14345.0040006079,9389.44767368613,19078.781668014,0.663,3910.91408056882,0,0,18921.2024984191
20,"Fcap_1.70_Besc_8000_sigmaR_0.216_SE_reference_AE_historical",1.7,8000,"Long",2046,1000,0.002,0.008,14353.6440651631,9658.80627554902,19383.5104470076,0.673,3687.22339838005,0,0,15556.0224574223
20,"Fcap_1.70_Besc_8000_sigmaR_0.216_SE_reference_AE_historical",1.7,8000,"Long",2047,1000,0.002,0.008,14491.6569634332,10216.4854142373,19556.3577388428,0.674,3744.85167169752,0,0,17645.424362693
20,"Fcap_1.70_Besc_8000_sigmaR_0.216_SE_reference_AE_historical",1.7,8000,"Long",2048,1000,0.003,0.008,14509.6600533939,9511.19538478345,19882.2603495119,0.657,3897.64929589552,0,0,17989.9732330955
20,"Fcap_1.70_Besc_8000_sigmaR_0.216_SE_reference_AE_historical",1.7,8000,"Long",2049,1000,0.002,0.008,14193.4965771767,9924.93270506444,19607.3352897341,0.674,3568.24630929781,0,0,14369.074260369
20,"Fcap_1.70_Besc_8000_sigmaR_0.216_SE_reference_AE_historical",1.7,8000,"Long",2050,1000,0,0.008,14520.862381663,9992.3993547668,19655.3009218594,0.647,4040.9218054602,0,0,18602.0863622027
20,"Fcap_1.70_Besc_8000_sigmaR_0.216_SE_reference_AE_historical",1.7,8000,"Long",2051,1000,0.002,0.01,14466.1978886709,9609.3549027509,19663.3436622033,0.653,3959.11040840963,0,0,17139.8773192181
20,"Fcap_1.70_Besc_8000_sigmaR_0.216_SE_reference_AE_historical",1.7,8000,"Long",2052,1000,0.001,0.007,14411.6793483753,9472.20483519207,19542.0195724779,0.657,3938.99426865884,0,0,16994.6433918115
20,"Fcap_1.70_Besc_8000_sigmaR_0.216_SE_reference_AE_historical",1.7,8000,"Long",2053,1000,0.001,0.008,14347.6363618425,9062.41629725664,19615.5016769073,0.669,3782.59154802744,0,0,16865.8189176454
20,"Fcap_1.70_Besc_8000_sigmaR_0.216_SE_reference_AE_historical",1.7,8000,"Long",2054,1000,0.001,0.004,14426.0542551046,9385.38917154547,19406.7367828659,0.687,3386.7006765704,0,0,14154.9255023518
20,"Fcap_1.70_Besc_8000_sigmaR_0.216_SE_reference_AE_historical",1.7,8000,"Full",2025,1000,0,0,14013.9318439866,12135.8179097045,17099.8719439912,0.824,1347.46847094928,0,0,10327.118654228
20,"Fcap_1.70_Besc_8000_sigmaR_0.216_SE_reference_AE_historical",1.7,8000,"Full",2026,1000,0,0,15116.8062798622,11299.4479378456,20079.8723751334,0.552,4230.38167935985,0,0,12576.9855819106
20,"Fcap_1.70_Besc_8000_sigmaR_0.216_SE_reference_AE_historical",1.7,8000,"Full",2027,1000,0,0,14652.1700048986,10045.2364623374,19646.0209083301,0.677,2978.64913027369,0,0,12018.4420293848
20,"Fcap_1.70_Besc_8000_sigmaR_0.216_SE_reference_AE_historical",1.7,8000,"Full",2028,1000,0,0,14728.5246043776,10828.8856759956,19307.9812746695,0.624,4097.21872086053,0,0,16303.9325634114
20,"Fcap_1.70_Besc_8000_sigmaR_0.216_SE_reference_AE_historical",1.7,8000,"Full",2029,1000,0.002,0.01,14371.1431241955,9253.37267764148,19459.9334466161,0.671,3620.76639676345,0,0,15325.6144005566
20,"Fcap_1.70_Besc_8000_sigmaR_0.216_SE_reference_AE_historical",1.7,8000,"Full",2030,1000,0,0.007,14543.4320652252,9687.84247978133,19451.3203035836,0.671,3527.76888381668,0,0,15481.1810035476
20,"Fcap_1.70_Besc_8000_sigmaR_0.216_SE_reference_AE_historical",1.7,8000,"Full",2031,1000,0,0.005,14355.8653932935,9527.56987442525,19182.7927683194,0.699,3319.97677475075,0,0,14902.6283466608
20,"Fcap_1.70_Besc_8000_sigmaR_0.216_SE_reference_AE_historical",1.7,8000,"Full",2032,1000,0.001,0.009,14533.0770214993,9915.99068979923,19327.1655681062,0.656,3728.18397494998,0,0,15916.5310795449
20,"Fcap_1.70_Besc_8000_sigmaR_0.216_SE_reference_AE_historical",1.7,8000,"Full",2033,1000,0,0.009,14401.2243913141,9781.25116734084,19364.3395961919,0.661,3803.29288781712,0,0,18708.9590420104
20,"Fcap_1.70_Besc_8000_sigmaR_0.216_SE_reference_AE_historical",1.7,8000,"Full",2034,1000,0,0.005,14545.1452562583,9414.45188392181,19593.6680624052,0.666,3855.62598809259,0,0,18193.906964321
20,"Fcap_1.70_Besc_8000_sigmaR_0.216_SE_reference_AE_historical",1.7,8000,"Full",2035,1000,0.001,0.017,14304.9390586554,9200.70696406425,19379.696981923,0.656,3723.65193715995,0,0,16127.7146769635
20,"Fcap_1.70_Besc_8000_sigmaR_0.216_SE_reference_AE_historical",1.7,8000,"Full",2036,1000,0,0.009,14416.1485538862,9430.2703837777,19085.4397773906,0.666,3785.48404236709,0,0,18497.3509839808
20,"Fcap_1.70_Besc_8000_sigmaR_0.216_SE_reference_AE_historical",1.7,8000,"Full",2037,1000,0.001,0.009,14269.6353128723,9370.07322388184,18889.3028752232,0.694,3289.44713107978,0,0,14201.2562410058
20,"Fcap_1.70_Besc_8000_sigmaR_0.216_SE_reference_AE_historical",1.7,8000,"Full",2038,1000,0.001,0.008,14396.6081105434,9883.54864592102,19439.2419528497,0.678,3678.30034313337,0,0,17065.3210597132
20,"Fcap_1.70_Besc_8000_sigmaR_0.216_SE_reference_AE_historical",1.7,8000,"Full",2039,1000,0.003,0.01,14527.4826691186,9412.63971853123,18937.2492672033,0.673,3654.86427483045,0,0,17626.9351382667
20,"Fcap_1.70_Besc_8000_sigmaR_0.216_SE_reference_AE_historical",1.7,8000,"Full",2040,1000,0.002,0.008,14479.4359805314,9514.65247938194,19768.8713511577,0.684,3583.28119688414,0,0,18929.1059199124
20,"Fcap_1.70_Besc_8000_sigmaR_0.216_SE_reference_AE_historical",1.7,8000,"Full",2041,1000,0.003,0.015,14448.3290926651,9480.25264966772,19473.0803772798,0.636,4099.8884893112,0,0,17367.0782604334
20,"Fcap_1.70_Besc_8000_sigmaR_0.216_SE_reference_AE_historical",1.7,8000,"Full",2042,1000,0,0.006,14346.3404025538,9150.72808334633,19332.6395599656,0.675,3690.32264926925,0,0,17338.6756772302
20,"Fcap_1.70_Besc_8000_sigmaR_0.216_SE_reference_AE_historical",1.7,8000,"Full",2043,1000,0.003,0.007,14335.559185086,9645.02987460958,19232.1892691375,0.704,3439.39287816225,0,0,18492.6705487936
20,"Fcap_1.70_Besc_8000_sigmaR_0.216_SE_reference_AE_historical",1.7,8000,"Full",2044,1000,0.002,0.008,14362.51123095,9693.33262885041,19675.4643841903,0.658,3920.47580149718,0,0,17635.1642459445
20,"Fcap_1.70_Besc_8000_sigmaR_0.216_SE_reference_AE_historical",1.7,8000,"Full",2045,1000,0.001,0.01,14345.0040006079,9389.44767368613,19078.781668014,0.663,3910.91408056882,0,0,18921.2024984191
20,"Fcap_1.70_Besc_8000_sigmaR_0.216_SE_reference_AE_historical",1.7,8000,"Full",2046,1000,0.002,0.008,14353.6440651631,9658.80627554902,19383.5104470076,0.673,3687.22339838005,0,0,15556.0224574223
20,"Fcap_1.70_Besc_8000_sigmaR_0.216_SE_reference_AE_historical",1.7,8000,"Full",2047,1000,0.002,0.008,14491.6569634332,10216.4854142373,19556.3577388428,0.674,3744.85167169752,0,0,17645.424362693
20,"Fcap_1.70_Besc_8000_sigmaR_0.216_SE_reference_AE_historical",1.7,8000,"Full",2048,1000,0.003,0.008,14509.6600533939,9511.19538478345,19882.2603495119,0.657,3897.64929589552,0,0,17989.9732330955
20,"Fcap_1.70_Besc_8000_sigmaR_0.216_SE_reference_AE_historical",1.7,8000,"Full",2049,1000,0.002,0.008,14193.4965771767,9924.93270506444,19607.3352897341,0.674,3568.24630929781,0,0,14369.074260369
20,"Fcap_1.70_Besc_8000_sigmaR_0.216_SE_reference_AE_historical",1.7,8000,"Full",2050,1000,0,0.008,14520.862381663,9992.3993547668,19655.3009218594,0.647,4040.9218054602,0,0,18602.0863622027
20,"Fcap_1.70_Besc_8000_sigmaR_0.216_SE_reference_AE_historical",1.7,8000,"Full",2051,1000,0.002,0.01,14466.1978886709,9609.3549027509,19663.3436622033,0.653,3959.11040840963,0,0,17139.8773192181
20,"Fcap_1.70_Besc_8000_sigmaR_0.216_SE_reference_AE_historical",1.7,8000,"Full",2052,1000,0.001,0.007,14411.6793483753,9472.20483519207,19542.0195724779,0.657,3938.99426865884,0,0,16994.6433918115
20,"Fcap_1.70_Besc_8000_sigmaR_0.216_SE_reference_AE_historical",1.7,8000,"Full",2053,1000,0.001,0.008,14347.6363618425,9062.41629725664,19615.5016769073,0.669,3782.59154802744,0,0,16865.8189176454
20,"Fcap_1.70_Besc_8000_sigmaR_0.216_SE_reference_AE_historical",1.7,8000,"Full",2054,1000,0.001,0.004,14426.0542551046,9385.38917154547,19406.7367828659,0.687,3386.7006765704,0,0,14154.9255023518
21,"Fcap_1.75_Besc_5000_sigmaR_0.216_SE_reference_AE_historical",1.75,5000,"Short",2025,1000,0,0,13152.1561918331,11535.9057472248,16127.6222986699,0.076,7489.78306874494,7851.43402458361,0,10932.7087463762
21,"Fcap_1.75_Besc_5000_sigmaR_0.216_SE_reference_AE_historical",1.75,5000,"Short",2026,1000,0,0.001,12163.1436665846,8929.22099317591,17536.3550409863,0.259,5702.80048949026,6953.33403330107,0,10920.3093389996
21,"Fcap_1.75_Besc_5000_sigmaR_0.216_SE_reference_AE_historical",1.75,5000,"Short",2027,1000,0,0,12499.0208264826,9060.78185129377,17836.65164871,0.208,6384.95315239728,7489.00838144011,0,11406.6101330448
21,"Fcap_1.75_Besc_5000_sigmaR_0.216_SE_reference_AE_historical",1.75,5000,"Short",2028,1000,0,0,12318.9586146422,8995.27395870081,17150.7127719305,0.254,5878.73788004925,7261.49272194862,0,10827.7135075652
21,"Fcap_1.75_Besc_5000_sigmaR_0.216_SE_reference_AE_historical",1.75,5000,"Short",2029,1000,0,0.004,12345.0049449175,8944.28667492649,17405.0607028031,0.233,6036.26617772947,7321.26878095546,0,11182.0621086828
21,"Fcap_1.75_Besc_5000_sigmaR_0.216_SE_reference_AE_historical",1.75,5000,"Short",2030,1000,0,0.003,12259.2933690695,8908.11543793514,17333.1301703794,0.246,5836.62325115197,6983.24033317719,0,11063.0874390204
21,"Fcap_1.75_Besc_5000_sigmaR_0.216_SE_reference_AE_historical",1.75,5000,"Short",2031,1000,0,0,12218.9787228095,9051.90338543991,17086.2210231437,0.229,5864.97250565606,7008.45406995672,0,10851.8819151596
21,"Fcap_1.75_Besc_5000_sigmaR_0.216_SE_reference_AE_historical",1.75,5000,"Short",2032,1000,0,0.001,12342.2568154152,8865.27031925107,17087.4777869587,0.231,5991.43983309166,7156.47510051468,0,10788.8569344213
21,"Fcap_1.75_Besc_5000_sigmaR_0.216_SE_reference_AE_historical",1.75,5000,"Short",2033,1000,0.001,0.001,12343.0991186891,9087.98708890942,17503.6742211223,0.225,6014.31620816583,7019.29935338349,0,11050.6932321659
21,"Fcap_1.75_Besc_5000_sigmaR_0.216_SE_reference_AE_historical",1.75,5000,"Short",2034,1000,0,0.003,12399.8334445944,9267.94070069813,17564.447210752,0.22,6106.52721539836,7040.18381994964,0,10987.1166376456
21,"Fcap_1.75_Besc_5000_sigmaR_0.216_SE_reference_AE_historical",1.75,5000,"Medium",2035,1000,0,0.002,12178.9525250953,9019.89336612441,17464.867979047,0.238,5883.68323432388,7035.8249727227,0,11036.8868450698
21,"Fcap_1.75_Besc_5000_sigmaR_0.216_SE_reference_AE_historical",1.75,5000,"Medium",2036,1000,0,0.002,12178.4457635437,9085.69761812722,17459.3711539355,0.227,5942.28139211529,7124.45356858185,0,10717.6057032644
21,"Fcap_1.75_Besc_5000_sigmaR_0.216_SE_reference_AE_historical",1.75,5000,"Medium",2037,1000,0.001,0.001,12188.465815935,9102.81251188706,16771.1437502287,0.239,5900.95837279907,7177.94744793932,0,10685.7991411183
21,"Fcap_1.75_Besc_5000_sigmaR_0.216_SE_reference_AE_historical",1.75,5000,"Medium",2038,1000,0,0,12149.8252175517,8997.73328277378,17366.8055099843,0.242,5911.89206666154,7138.5311745559,0,10856.0839264042
21,"Fcap_1.75_Besc_5000_sigmaR_0.216_SE_reference_AE_historical",1.75,5000,"Medium",2039,1000,0,0,12367.1588157319,9046.16376291204,17212.7444742729,0.238,5961.50444821822,7102.89651879623,0,10872.8767683804
21,"Fcap_1.75_Besc_5000_sigmaR_0.216_SE_reference_AE_historical",1.75,5000,"Medium",2040,1000,0,0,12215.3882953398,9261.26221443379,17730.5678413554,0.232,5960.85721701219,7210.62584628714,0,10869.8715084815
21,"Fcap_1.75_Besc_5000_sigmaR_0.216_SE_reference_AE_historical",1.75,5000,"Medium",2041,1000,0,0.002,12417.4942326603,8997.90569235622,17394.8099286481,0.234,6062.74864122499,7157.90061908697,0,10869.0802950756
21,"Fcap_1.75_Besc_5000_sigmaR_0.216_SE_reference_AE_historical",1.75,5000,"Medium",2042,1000,0,0.003,12333.6712379435,9014.03861665806,17309.7190998837,0.226,5972.81992209354,7134.25120485695,0,11036.9694766183
21,"Fcap_1.75_Besc_5000_sigmaR_0.216_SE_reference_AE_historical",1.75,5000,"Medium",2043,1000,0,0.002,12146.4887194623,9042.72033939312,16816.1286124655,0.237,5828.29476784992,7020.9740322724,0,10698.2809916227
21,"Fcap_1.75_Besc_5000_sigmaR_0.216_SE_reference_AE_historical",1.75,5000,"Medium",2044,1000,0,0.002,12237.9642022044,9182.91890727401,17397.6731701285,0.205,6078.65771036068,7120.92192558429,0,10858.7094540356
21,"Fcap_1.75_Besc_5000_sigmaR_0.216_SE_reference_AE_historical",1.75,5000,"Long",2045,1000,0,0.002,12272.9494118929,9054.89208213202,17354.3390205551,0.232,5872.33061634114,7061.30794366211,0,10784.4248955866
21,"Fcap_1.75_Besc_5000_sigmaR_0.216_SE_reference_AE_historical",1.75,5000,"Long",2046,1000,0,0.002,12283.4109485033,9064.93022838281,17439.2745245199,0.212,6086.31623666327,7083.37848365363,0,10989.541589538
21,"Fcap_1.75_Besc_5000_sigmaR_0.216_SE_reference_AE_historical",1.75,5000,"Long",2047,1000,0,0.002,12421.4540082118,9120.52349945647,17866.7382063399,0.215,6233.81417013952,7256.95134361291,0,11167.8242593422
21,"Fcap_1.75_Besc_5000_sigmaR_0.216_SE_reference_AE_historical",1.75,5000,"Long",2048,1000,0,0.002,12392.6585498348,8929.3801531647,17650.224372737,0.239,5937.1581469306,7151.9786161884,0,10810.6768010725
21,"Fcap_1.75_Besc_5000_sigmaR_0.216_SE_reference_AE_historical",1.75,5000,"Long",2049,1000,0,0.002,12255.3118559764,9075.65767257989,17431.5342026063,0.237,5896.17597547292,7025.44119241219,0,11052.3773571841
21,"Fcap_1.75_Besc_5000_sigmaR_0.216_SE_reference_AE_historical",1.75,5000,"Long",2050,1000,0,0.002,12475.901643159,9086.40206747548,17873.1638241195,0.204,6294.23596102637,7283.64983299701,0,11266.5985115353
21,"Fcap_1.75_Besc_5000_sigmaR_0.216_SE_reference_AE_historical",1.75,5000,"Long",2051,1000,0,0.002,12230.362283536,9025.00552937464,17696.7877273729,0.224,6039.8965000771,7063.17867674936,0,10872.7389174561
21,"Fcap_1.75_Besc_5000_sigmaR_0.216_SE_reference_AE_historical",1.75,5000,"Long",2052,1000,0,0.001,12387.1020713863,9144.51266669821,17797.5833043528,0.233,5977.90591240231,7211.80435230519,0,11037.6513391996
21,"Fcap_1.75_Besc_5000_sigmaR_0.216_SE_reference_AE_historical",1.75,5000,"Long",2053,1000,0,0.001,12293.0592764758,9281.8942408074,17833.5968085534,0.223,6125.09396888698,7184.16453705785,0,11196.9796464173
21,"Fcap_1.75_Besc_5000_sigmaR_0.216_SE_reference_AE_historical",1.75,5000,"Long",2054,1000,0.001,0.003,12261.4660697458,8972.18378156596,17545.4895270691,0.233,5931.47133597636,7168.88902780598,0,10873.2266324975
21,"Fcap_1.75_Besc_5000_sigmaR_0.216_SE_reference_AE_historical",1.75,5000,"Full",2025,1000,0,0,13152.1561918331,11535.9057472248,16127.6222986699,0.076,7489.78306874494,7851.43402458361,0,10932.7087463762
21,"Fcap_1.75_Besc_5000_sigmaR_0.216_SE_reference_AE_historical",1.75,5000,"Full",2026,1000,0,0.001,12163.1436665846,8929.22099317591,17536.3550409863,0.259,5702.80048949026,6953.33403330107,0,10920.3093389996
21,"Fcap_1.75_Besc_5000_sigmaR_0.216_SE_reference_AE_historical",1.75,5000,"Full",2027,1000,0,0,12499.0208264826,9060.78185129377,17836.65164871,0.208,6384.95315239728,7489.00838144011,0,11406.6101330448
21,"Fcap_1.75_Besc_5000_sigmaR_0.216_SE_reference_AE_historical",1.75,5000,"Full",2028,1000,0,0,12318.9586146422,8995.27395870081,17150.7127719305,0.254,5878.73788004925,7261.49272194862,0,10827.7135075652
21,"Fcap_1.75_Besc_5000_sigmaR_0.216_SE_reference_AE_historical",1.75,5000,"Full",2029,1000,0,0.004,12345.0049449175,8944.28667492649,17405.0607028031,0.233,6036.26617772947,7321.26878095546,0,11182.0621086828
21,"Fcap_1.75_Besc_5000_sigmaR_0.216_SE_reference_AE_historical",1.75,5000,"Full",2030,1000,0,0.003,12259.2933690695,8908.11543793514,17333.1301703794,0.246,5836.62325115197,6983.24033317719,0,11063.0874390204
21,"Fcap_1.75_Besc_5000_sigmaR_0.216_SE_reference_AE_historical",1.75,5000,"Full",2031,1000,0,0,12218.9787228095,9051.90338543991,17086.2210231437,0.229,5864.97250565606,7008.45406995672,0,10851.8819151596
21,"Fcap_1.75_Besc_5000_sigmaR_0.216_SE_reference_AE_historical",1.75,5000,"Full",2032,1000,0,0.001,12342.2568154152,8865.27031925107,17087.4777869587,0.231,5991.43983309166,7156.47510051468,0,10788.8569344213
21,"Fcap_1.75_Besc_5000_sigmaR_0.216_SE_reference_AE_historical",1.75,5000,"Full",2033,1000,0.001,0.001,12343.0991186891,9087.98708890942,17503.6742211223,0.225,6014.31620816583,7019.29935338349,0,11050.6932321659
21,"Fcap_1.75_Besc_5000_sigmaR_0.216_SE_reference_AE_historical",1.75,5000,"Full",2034,1000,0,0.003,12399.8334445944,9267.94070069813,17564.447210752,0.22,6106.52721539836,7040.18381994964,0,10987.1166376456
21,"Fcap_1.75_Besc_5000_sigmaR_0.216_SE_reference_AE_historical",1.75,5000,"Full",2035,1000,0,0.002,12178.9525250953,9019.89336612441,17464.867979047,0.238,5883.68323432388,7035.8249727227,0,11036.8868450698
21,"Fcap_1.75_Besc_5000_sigmaR_0.216_SE_reference_AE_historical",1.75,5000,"Full",2036,1000,0,0.002,12178.4457635437,9085.69761812722,17459.3711539355,0.227,5942.28139211529,7124.45356858185,0,10717.6057032644
21,"Fcap_1.75_Besc_5000_sigmaR_0.216_SE_reference_AE_historical",1.75,5000,"Full",2037,1000,0.001,0.001,12188.465815935,9102.81251188706,16771.1437502287,0.239,5900.95837279907,7177.94744793932,0,10685.7991411183
21,"Fcap_1.75_Besc_5000_sigmaR_0.216_SE_reference_AE_historical",1.75,5000,"Full",2038,1000,0,0,12149.8252175517,8997.73328277378,17366.8055099843,0.242,5911.89206666154,7138.5311745559,0,10856.0839264042
21,"Fcap_1.75_Besc_5000_sigmaR_0.216_SE_reference_AE_historical",1.75,5000,"Full",2039,1000,0,0,12367.1588157319,9046.16376291204,17212.7444742729,0.238,5961.50444821822,7102.89651879623,0,10872.8767683804
21,"Fcap_1.75_Besc_5000_sigmaR_0.216_SE_reference_AE_historical",1.75,5000,"Full",2040,1000,0,0,12215.3882953398,9261.26221443379,17730.5678413554,0.232,5960.85721701219,7210.62584628714,0,10869.8715084815
21,"Fcap_1.75_Besc_5000_sigmaR_0.216_SE_reference_AE_historical",1.75,5000,"Full",2041,1000,0,0.002,12417.4942326603,8997.90569235622,17394.8099286481,0.234,6062.74864122499,7157.90061908697,0,10869.0802950756
21,"Fcap_1.75_Besc_5000_sigmaR_0.216_SE_reference_AE_historical",1.75,5000,"Full",2042,1000,0,0.003,12333.6712379435,9014.03861665806,17309.7190998837,0.226,5972.81992209354,7134.25120485695,0,11036.9694766183
21,"Fcap_1.75_Besc_5000_sigmaR_0.216_SE_reference_AE_historical",1.75,5000,"Full",2043,1000,0,0.002,12146.4887194623,9042.72033939312,16816.1286124655,0.237,5828.29476784992,7020.9740322724,0,10698.2809916227
21,"Fcap_1.75_Besc_5000_sigmaR_0.216_SE_reference_AE_historical",1.75,5000,"Full",2044,1000,0,0.002,12237.9642022044,9182.91890727401,17397.6731701285,0.205,6078.65771036068,7120.92192558429,0,10858.7094540356
21,"Fcap_1.75_Besc_5000_sigmaR_0.216_SE_reference_AE_historical",1.75,5000,"Full",2045,1000,0,0.002,12272.9494118929,9054.89208213202,17354.3390205551,0.232,5872.33061634114,7061.30794366211,0,10784.4248955866
21,"Fcap_1.75_Besc_5000_sigmaR_0.216_SE_reference_AE_historical",1.75,5000,"Full",2046,1000,0,0.002,12283.4109485033,9064.93022838281,17439.2745245199,0.212,6086.31623666327,7083.37848365363,0,10989.541589538
21,"Fcap_1.75_Besc_5000_sigmaR_0.216_SE_reference_AE_historical",1.75,5000,"Full",2047,1000,0,0.002,12421.4540082118,9120.52349945647,17866.7382063399,0.215,6233.81417013952,7256.95134361291,0,11167.8242593422
21,"Fcap_1.75_Besc_5000_sigmaR_0.216_SE_reference_AE_historical",1.75,5000,"Full",2048,1000,0,0.002,12392.6585498348,8929.3801531647,17650.224372737,0.239,5937.1581469306,7151.9786161884,0,10810.6768010725
21,"Fcap_1.75_Besc_5000_sigmaR_0.216_SE_reference_AE_historical",1.75,5000,"Full",2049,1000,0,0.002,12255.3118559764,9075.65767257989,17431.5342026063,0.237,5896.17597547292,7025.44119241219,0,11052.3773571841
21,"Fcap_1.75_Besc_5000_sigmaR_0.216_SE_reference_AE_historical",1.75,5000,"Full",2050,1000,0,0.002,12475.901643159,9086.40206747548,17873.1638241195,0.204,6294.23596102637,7283.64983299701,0,11266.5985115353
21,"Fcap_1.75_Besc_5000_sigmaR_0.216_SE_reference_AE_historical",1.75,5000,"Full",2051,1000,0,0.002,12230.362283536,9025.00552937464,17696.7877273729,0.224,6039.8965000771,7063.17867674936,0,10872.7389174561
21,"Fcap_1.75_Besc_5000_sigmaR_0.216_SE_reference_AE_historical",1.75,5000,"Full",2052,1000,0,0.001,12387.1020713863,9144.51266669821,17797.5833043528,0.233,5977.90591240231,7211.80435230519,0,11037.6513391996
21,"Fcap_1.75_Besc_5000_sigmaR_0.216_SE_reference_AE_historical",1.75,5000,"Full",2053,1000,0,0.001,12293.0592764758,9281.8942408074,17833.5968085534,0.223,6125.09396888698,7184.16453705785,0,11196.9796464173
21,"Fcap_1.75_Besc_5000_sigmaR_0.216_SE_reference_AE_historical",1.75,5000,"Full",2054,1000,0.001,0.003,12261.4660697458,8972.18378156596,17545.4895270691,0.233,5931.47133597636,7168.88902780598,0,10873.2266324975
22,"Fcap_1.75_Besc_6561_sigmaR_0.216_SE_reference_AE_historical",1.75,6561,"Short",2025,1000,0,0,13707.9239678985,12102.5300681059,16403.3826724907,0.468,4147.83907672504,2299.74817636227,0,10868.5283751682
22,"Fcap_1.75_Besc_6561_sigmaR_0.216_SE_reference_AE_historical",1.75,6561,"Short",2026,1000,0,0,13750.2353727611,10141.5148726491,18810.385333407,0.436,5111.89173856487,6207.15006811796,0,12054.8946900776
22,"Fcap_1.75_Besc_6561_sigmaR_0.216_SE_reference_AE_historical",1.75,6561,"Short",2027,1000,0,0.002,13466.7818485948,9558.05403522105,18945.9828759497,0.47,4707.9160606361,3250.55683758238,0,12228.3020271015
22,"Fcap_1.75_Besc_6561_sigmaR_0.216_SE_reference_AE_historical",1.75,6561,"Short",2028,1000,0,0,13569.5998764897,9840.49566768054,18130.1836729508,0.447,5044.65585650497,4034.39422934319,0,12261.9787807182
22,"Fcap_1.75_Besc_6561_sigmaR_0.216_SE_reference_AE_historical",1.75,6561,"Short",2029,1000,0.002,0.004,13474.1645837918,9183.61798632426,18455.1923188833,0.485,4631.08562278403,1951.85329303854,0,12339.6757748291
22,"Fcap_1.75_Besc_6561_sigmaR_0.216_SE_reference_AE_historical",1.75,6561,"Short",2030,1000,0,0.003,13414.0585195823,9453.98358331318,18598.3397767834,0.469,4861.04325794799,3071.89503901181,0,12896.4437549311
22,"Fcap_1.75_Besc_6561_sigmaR_0.216_SE_reference_AE_historical",1.75,6561,"Short",2031,1000,0,0.006,13318.627065755,9312.27439470835,18276.3232579333,0.506,4536.62325610152,0,0,12347.4237277622
22,"Fcap_1.75_Besc_6561_sigmaR_0.216_SE_reference_AE_historical",1.75,6561,"Short",2032,1000,0.001,0.004,13406.0462452935,9545.3121654113,18635.8556819407,0.49,4692.48846807596,794.610042179953,0,12465.6962611052
22,"Fcap_1.75_Besc_6561_sigmaR_0.216_SE_reference_AE_historical",1.75,6561,"Short",2033,1000,0,0.002,13524.7579142945,9400.38758449221,18622.0861067042,0.467,4946.83751405621,2985.89844507597,0,13175.4970215282
22,"Fcap_1.75_Besc_6561_sigmaR_0.216_SE_reference_AE_historical",1.75,6561,"Short",2034,1000,0,0.004,13476.3228278904,9437.96784411539,18518.8899654043,0.457,5176.66740438942,5005.65593396156,0,12823.4715743645
22,"Fcap_1.75_Besc_6561_sigmaR_0.216_SE_reference_AE_historical",1.75,6561,"Medium",2035,1000,0.001,0.008,13237.5618072091,9384.22926470032,18422.4329179396,0.493,4701.6495131108,2031.63594371397,0,12118.1733391701
22,"Fcap_1.75_Besc_6561_sigmaR_0.216_SE_reference_AE_historical",1.75,6561,"Medium",2036,1000,0,0.005,13333.9462194227,9452.39655363469,18779.9899054028,0.482,4754.99997698741,2311.83197771145,0,12408.2914382328
22,"Fcap_1.75_Besc_6561_sigmaR_0.216_SE_reference_AE_historical",1.75,6561,"Medium",2037,1000,0.002,0.004,13370.2162298561,9414.98682554247,18029.2545518327,0.487,4588.80185334429,941.344007074193,0,11977.2669598739
22,"Fcap_1.75_Besc_6561_sigmaR_0.216_SE_reference_AE_historical",1.75,6561,"Medium",2038,1000,0.001,0.002,13237.8867695978,9569.44845714235,18338.4483856057,0.465,4981.81418551132,4025.88558878796,0,12728.6459040346
22,"Fcap_1.75_Besc_6561_sigmaR_0.216_SE_reference_AE_historical",1.75,6561,"Medium",2039,1000,0,0.004,13348.3083344408,9263.38687797875,18128.5959566044,0.49,4737.98641763941,1425.51276254276,0,12488.1341009917
22,"Fcap_1.75_Besc_6561_sigmaR_0.216_SE_reference_AE_historical",1.75,6561,"Medium",2040,1000,0,0.003,13362.6945247014,9569.85888719838,18535.5969855082,0.458,5003.08892641266,5253.12982195183,0,12254.0716030183
22,"Fcap_1.75_Besc_6561_sigmaR_0.216_SE_reference_AE_historical",1.75,6561,"Medium",2041,1000,0,0.003,13434.2937377204,9301.46613091776,18265.9470323541,0.475,4871.65442532372,3063.47995403897,0,12418.5624825059
22,"Fcap_1.75_Besc_6561_sigmaR_0.216_SE_reference_AE_historical",1.75,6561,"Medium",2042,1000,0,0.003,13357.2556428155,9288.38086378055,18473.8426779315,0.479,4847.70803127867,2616.32953934603,0,12413.8375983262
22,"Fcap_1.75_Besc_6561_sigmaR_0.216_SE_reference_AE_historical",1.75,6561,"Medium",2043,1000,0,0.001,13198.7044918567,9537.13527661915,18158.7201978189,0.481,4672.78317830543,2257.50888778931,0,12224.6178899729
22,"Fcap_1.75_Besc_6561_sigmaR_0.216_SE_reference_AE_historical",1.75,6561,"Medium",2044,1000,0.001,0.004,13279.911129817,9684.68927661423,18659.7483716444,0.485,4856.34617448683,1791.46940356101,0,12614.2413377572
22,"Fcap_1.75_Besc_6561_sigmaR_0.216_SE_reference_AE_historical",1.75,6561,"Long",2045,1000,0.002,0.005,13330.2006503498,9384.94172457794,18361.5003124067,0.479,4905.35558616048,2757.20179672692,0,12986.3737581426
22,"Fcap_1.75_Besc_6561_sigmaR_0.216_SE_reference_AE_historical",1.75,6561,"Long",2046,1000,0.002,0.008,13337.2195226964,9387.39112104781,18319.8950075517,0.485,4769.19148755116,1501.12598007061,0,12489.1092173455
22,"Fcap_1.75_Besc_6561_sigmaR_0.216_SE_reference_AE_historical",1.75,6561,"Long",2047,1000,0,0.004,13475.849861048,9841.15010923784,18975.446540436,0.465,5035.35412871735,4042.15985158134,0,13107.824292306
22,"Fcap_1.75_Besc_6561_sigmaR_0.216_SE_reference_AE_historical",1.75,6561,"Long",2048,1000,0.001,0.006,13580.2451925546,9370.60645285224,18671.9698681394,0.465,5086.94176895379,4844.22843556938,0,12756.4686986227
22,"Fcap_1.75_Besc_6561_sigmaR_0.216_SE_reference_AE_historical",1.75,6561,"Long",2049,1000,0,0.006,13161.1818861757,9436.9625634635,18597.5542631008,0.519,4460.67590953102,0,0,12611.4056086745
22,"Fcap_1.75_Besc_6561_sigmaR_0.216_SE_reference_AE_historical",1.75,6561,"Long",2050,1000,0.002,0.004,13523.7515106849,9742.62575833707,19162.4172452098,0.441,5423.29496587073,6669.29088169951,0,13753.519282786
22,"Fcap_1.75_Besc_6561_sigmaR_0.216_SE_reference_AE_historical",1.75,6561,"Long",2051,1000,0,0.01,13296.9652769791,9339.93460663003,18644.8171020203,0.484,4819.0949476038,2285.08815101833,0,12761.900853669
22,"Fcap_1.75_Besc_6561_sigmaR_0.216_SE_reference_AE_historical",1.75,6561,"Long",2052,1000,0,0.002,13432.5779795684,9569.26070057326,18779.8483289528,0.469,5043.47318514679,3446.10938553764,0,12950.713266104
22,"Fcap_1.75_Besc_6561_sigmaR_0.216_SE_reference_AE_historical",1.75,6561,"Long",2053,1000,0,0.005,13341.2843547045,9533.81677193492,18820.3050063462,0.494,4811.94206938705,527.389861058357,0,13108.8035407543
22,"Fcap_1.75_Besc_6561_sigmaR_0.216_SE_reference_AE_historical",1.75,6561,"Long",2054,1000,0,0.004,13409.4275025263,9171.48112556522,18520.2612951087,0.464,4821.4103877607,3908.25216644972,0,12046.0843532466
22,"Fcap_1.75_Besc_6561_sigmaR_0.216_SE_reference_AE_historical",1.75,6561,"Full",2025,1000,0,0,13707.9239678985,12102.5300681059,16403.3826724907,0.468,4147.83907672504,2299.74817636227,0,10868.5283751682
22,"Fcap_1.75_Besc_6561_sigmaR_0.216_SE_reference_AE_historical",1.75,6561,"Full",2026,1000,0,0,13750.2353727611,10141.5148726491,18810.385333407,0.436,5111.89173856487,6207.15006811796,0,12054.8946900776
22,"Fcap_1.75_Besc_6561_sigmaR_0.216_SE_reference_AE_historical",1.75,6561,"Full",2027,1000,0,0.002,13466.7818485948,9558.05403522105,18945.9828759497,0.47,4707.9160606361,3250.55683758238,0,12228.3020271015
22,"Fcap_1.75_Besc_6561_sigmaR_0.216_SE_reference_AE_historical",1.75,6561,"Full",2028,1000,0,0,13569.5998764897,9840.49566768054,18130.1836729508,0.447,5044.65585650497,4034.39422934319,0,12261.9787807182
22,"Fcap_1.75_Besc_6561_sigmaR_0.216_SE_reference_AE_historical",1.75,6561,"Full",2029,1000,0.002,0.004,13474.1645837918,9183.61798632426,18455.1923188833,0.485,4631.08562278403,1951.85329303854,0,12339.6757748291
22,"Fcap_1.75_Besc_6561_sigmaR_0.216_SE_reference_AE_historical",1.75,6561,"Full",2030,1000,0,0.003,13414.0585195823,9453.98358331318,18598.3397767834,0.469,4861.04325794799,3071.89503901181,0,12896.4437549311
22,"Fcap_1.75_Besc_6561_sigmaR_0.216_SE_reference_AE_historical",1.75,6561,"Full",2031,1000,0,0.006,13318.627065755,9312.27439470835,18276.3232579333,0.506,4536.62325610152,0,0,12347.4237277622
22,"Fcap_1.75_Besc_6561_sigmaR_0.216_SE_reference_AE_historical",1.75,6561,"Full",2032,1000,0.001,0.004,13406.0462452935,9545.3121654113,18635.8556819407,0.49,4692.48846807596,794.610042179953,0,12465.6962611052
22,"Fcap_1.75_Besc_6561_sigmaR_0.216_SE_reference_AE_historical",1.75,6561,"Full",2033,1000,0,0.002,13524.7579142945,9400.38758449221,18622.0861067042,0.467,4946.83751405621,2985.89844507597,0,13175.4970215282
22,"Fcap_1.75_Besc_6561_sigmaR_0.216_SE_reference_AE_historical",1.75,6561,"Full",2034,1000,0,0.004,13476.3228278904,9437.96784411539,18518.8899654043,0.457,5176.66740438942,5005.65593396156,0,12823.4715743645
22,"Fcap_1.75_Besc_6561_sigmaR_0.216_SE_reference_AE_historical",1.75,6561,"Full",2035,1000,0.001,0.008,13237.5618072091,9384.22926470032,18422.4329179396,0.493,4701.6495131108,2031.63594371397,0,12118.1733391701
22,"Fcap_1.75_Besc_6561_sigmaR_0.216_SE_reference_AE_historical",1.75,6561,"Full",2036,1000,0,0.005,13333.9462194227,9452.39655363469,18779.9899054028,0.482,4754.99997698741,2311.83197771145,0,12408.2914382328
22,"Fcap_1.75_Besc_6561_sigmaR_0.216_SE_reference_AE_historical",1.75,6561,"Full",2037,1000,0.002,0.004,13370.2162298561,9414.98682554247,18029.2545518327,0.487,4588.80185334429,941.344007074193,0,11977.2669598739
22,"Fcap_1.75_Besc_6561_sigmaR_0.216_SE_reference_AE_historical",1.75,6561,"Full",2038,1000,0.001,0.002,13237.8867695978,9569.44845714235,18338.4483856057,0.465,4981.81418551132,4025.88558878796,0,12728.6459040346
22,"Fcap_1.75_Besc_6561_sigmaR_0.216_SE_reference_AE_historical",1.75,6561,"Full",2039,1000,0,0.004,13348.3083344408,9263.38687797875,18128.5959566044,0.49,4737.98641763941,1425.51276254276,0,12488.1341009917
22,"Fcap_1.75_Besc_6561_sigmaR_0.216_SE_reference_AE_historical",1.75,6561,"Full",2040,1000,0,0.003,13362.6945247014,9569.85888719838,18535.5969855082,0.458,5003.08892641266,5253.12982195183,0,12254.0716030183
22,"Fcap_1.75_Besc_6561_sigmaR_0.216_SE_reference_AE_historical",1.75,6561,"Full",2041,1000,0,0.003,13434.2937377204,9301.46613091776,18265.9470323541,0.475,4871.65442532372,3063.47995403897,0,12418.5624825059
22,"Fcap_1.75_Besc_6561_sigmaR_0.216_SE_reference_AE_historical",1.75,6561,"Full",2042,1000,0,0.003,13357.2556428155,9288.38086378055,18473.8426779315,0.479,4847.70803127867,2616.32953934603,0,12413.8375983262
22,"Fcap_1.75_Besc_6561_sigmaR_0.216_SE_reference_AE_historical",1.75,6561,"Full",2043,1000,0,0.001,13198.7044918567,9537.13527661915,18158.7201978189,0.481,4672.78317830543,2257.50888778931,0,12224.6178899729
22,"Fcap_1.75_Besc_6561_sigmaR_0.216_SE_reference_AE_historical",1.75,6561,"Full",2044,1000,0.001,0.004,13279.911129817,9684.68927661423,18659.7483716444,0.485,4856.34617448683,1791.46940356101,0,12614.2413377572
22,"Fcap_1.75_Besc_6561_sigmaR_0.216_SE_reference_AE_historical",1.75,6561,"Full",2045,1000,0.002,0.005,13330.2006503498,9384.94172457794,18361.5003124067,0.479,4905.35558616048,2757.20179672692,0,12986.3737581426
22,"Fcap_1.75_Besc_6561_sigmaR_0.216_SE_reference_AE_historical",1.75,6561,"Full",2046,1000,0.002,0.008,13337.2195226964,9387.39112104781,18319.8950075517,0.485,4769.19148755116,1501.12598007061,0,12489.1092173455
22,"Fcap_1.75_Besc_6561_sigmaR_0.216_SE_reference_AE_historical",1.75,6561,"Full",2047,1000,0,0.004,13475.849861048,9841.15010923784,18975.446540436,0.465,5035.35412871735,4042.15985158134,0,13107.824292306
22,"Fcap_1.75_Besc_6561_sigmaR_0.216_SE_reference_AE_historical",1.75,6561,"Full",2048,1000,0.001,0.006,13580.2451925546,9370.60645285224,18671.9698681394,0.465,5086.94176895379,4844.22843556938,0,12756.4686986227
22,"Fcap_1.75_Besc_6561_sigmaR_0.216_SE_reference_AE_historical",1.75,6561,"Full",2049,1000,0,0.006,13161.1818861757,9436.9625634635,18597.5542631008,0.519,4460.67590953102,0,0,12611.4056086745
22,"Fcap_1.75_Besc_6561_sigmaR_0.216_SE_reference_AE_historical",1.75,6561,"Full",2050,1000,0.002,0.004,13523.7515106849,9742.62575833707,19162.4172452098,0.441,5423.29496587073,6669.29088169951,0,13753.519282786
22,"Fcap_1.75_Besc_6561_sigmaR_0.216_SE_reference_AE_historical",1.75,6561,"Full",2051,1000,0,0.01,13296.9652769791,9339.93460663003,18644.8171020203,0.484,4819.0949476038,2285.08815101833,0,12761.900853669
22,"Fcap_1.75_Besc_6561_sigmaR_0.216_SE_reference_AE_historical",1.75,6561,"Full",2052,1000,0,0.002,13432.5779795684,9569.26070057326,18779.8483289528,0.469,5043.47318514679,3446.10938553764,0,12950.713266104
22,"Fcap_1.75_Besc_6561_sigmaR_0.216_SE_reference_AE_historical",1.75,6561,"Full",2053,1000,0,0.005,13341.2843547045,9533.81677193492,18820.3050063462,0.494,4811.94206938705,527.389861058357,0,13108.8035407543
22,"Fcap_1.75_Besc_6561_sigmaR_0.216_SE_reference_AE_historical",1.75,6561,"Full",2054,1000,0,0.004,13409.4275025263,9171.48112556522,18520.2612951087,0.464,4821.4103877607,3908.25216644972,0,12046.0843532466
23,"Fcap_1.75_Besc_7250_sigmaR_0.216_SE_reference_AE_historical",1.75,7250,"Short",2025,1000,0,0,13931.3329085382,12135.8179097045,16782.0474924443,0.681,2560.89117372853,0,0,10814.7883929882
23,"Fcap_1.75_Besc_7250_sigmaR_0.216_SE_reference_AE_historical",1.75,7250,"Short",2026,1000,0,0,14353.1355673446,10828.7962185357,19321.5919999988,0.453,5086.7942962433,4731.32469947789,0,12323.3195049544
23,"Fcap_1.75_Besc_7250_sigmaR_0.216_SE_reference_AE_historical",1.75,7250,"Short",2027,1000,0,0.001,13928.7135381493,9597.17521359997,19138.3867401248,0.61,3654.47125684987,0,0,12281.0542045359
23,"Fcap_1.75_Besc_7250_sigmaR_0.216_SE_reference_AE_historical",1.75,7250,"Short",2028,1000,0,0,14101.7787772437,10477.0295531227,18614.7084733229,0.525,4714.65768871999,0,0,14277.8638127622
23,"Fcap_1.75_Besc_7250_sigmaR_0.216_SE_reference_AE_historical",1.75,7250,"Short",2029,1000,0.003,0.006,13873.6866575736,9171.46456167335,18983.1077141331,0.58,4081.39844044648,0,0,13461.5114596358
23,"Fcap_1.75_Besc_7250_sigmaR_0.216_SE_reference_AE_historical",1.75,7250,"Short",2030,1000,0,0.003,13902.3394256392,9589.45360426671,19282.4067881589,0.579,4188.6216581587,0,0,14133.5492582568
23,"Fcap_1.75_Besc_7250_sigmaR_0.216_SE_reference_AE_historical",1.75,7250,"Short",2031,1000,0,0.005,13769.3628199544,9312.89546709082,18692.0587976661,0.595,4025.36281163908,0,0,13423.0369074268
23,"Fcap_1.75_Besc_7250_sigmaR_0.216_SE_reference_AE_historical",1.75,7250,"Short",2032,1000,0.001,0.009,13916.9460688796,9799.24540463912,18980.5066466331,0.581,4314.75212587517,0,0,14693.6320189326
23,"Fcap_1.75_Besc_7250_sigmaR_0.216_SE_reference_AE_historical",1.75,7250,"Short",2033,1000,0.003,0.01,13900.9551938127,9344.99941989953,18981.0127012441,0.559,4587.48100943696,0,0,15943.4891231784
23,"Fcap_1.75_Besc_7250_sigmaR_0.216_SE_reference_AE_historical",1.75,7250,"Short",2034,1000,0.002,0.009,13957.77196186,9352.97842915266,18992.2353466917,0.569,4445.6181973138,0,0,14399.6947384874
23,"Fcap_1.75_Besc_7250_sigmaR_0.216_SE_reference_AE_historical",1.75,7250,"Medium",2035,1000,0.001,0.011,13831.3228848063,9302.50603708593,19124.6703458109,0.587,4253.33510975454,0,0,13746.4568968816
23,"Fcap_1.75_Besc_7250_sigmaR_0.216_SE_reference_AE_historical",1.75,7250,"Medium",2036,1000,0,0.008,13731.4146517534,9461.16587799534,18958.5661311165,0.569,4364.27413356749,0,0,13773.4443946971
23,"Fcap_1.75_Besc_7250_sigmaR_0.216_SE_reference_AE_historical",1.75,7250,"Medium",2037,1000,0.001,0.005,13776.9825468334,9535.22648786287,18526.8641096949,0.599,3954.71702968124,0,0,13210.3147426388
23,"Fcap_1.75_Besc_7250_sigmaR_0.216_SE_reference_AE_historical",1.75,7250,"Medium",2038,1000,0.001,0.004,13786.0299294574,9438.92547693537,18712.0004355898,0.57,4446.35219499277,0,0,14932.1634323871
23,"Fcap_1.75_Besc_7250_sigmaR_0.216_SE_reference_AE_historical",1.75,7250,"Medium",2039,1000,0.002,0.008,13832.3964962934,9374.76074524257,18399.2728384452,0.572,4585.76596488806,0,0,16772.1065870057
23,"Fcap_1.75_Besc_7250_sigmaR_0.216_SE_reference_AE_historical",1.75,7250,"Medium",2040,1000,0,0.006,13849.6509244824,9360.34202093973,18811.9208172491,0.596,4100.97896998733,0,0,13389.4473483452
23,"Fcap_1.75_Besc_7250_sigmaR_0.216_SE_reference_AE_historical",1.75,7250,"Medium",2041,1000,0.002,0.007,13930.2788789682,9462.45037787361,18883.7242742991,0.552,4565.87433520091,0,0,14754.5982538514
23,"Fcap_1.75_Besc_7250_sigmaR_0.216_SE_reference_AE_historical",1.75,7250,"Medium",2042,1000,0,0.008,13900.7933614587,9222.33858449339,18616.8950832067,0.586,4238.90986432206,0,0,13817.4663970088
23,"Fcap_1.75_Besc_7250_sigmaR_0.216_SE_reference_AE_historical",1.75,7250,"Medium",2043,1000,0,0.008,13662.5776126898,9247.80286932676,18608.9215294718,0.577,4310.53283905865,0,0,14812.6045873793
23,"Fcap_1.75_Besc_7250_sigmaR_0.216_SE_reference_AE_historical",1.75,7250,"Medium",2044,1000,0.001,0.011,13798.5209344457,9467.75806331261,18870.1809957642,0.58,4258.77223042431,0,0,13861.7680537691
23,"Fcap_1.75_Besc_7250_sigmaR_0.216_SE_reference_AE_historical",1.75,7250,"Long",2045,1000,0.003,0.008,13857.8418873849,9410.38294529453,18794.3639858328,0.558,4653.02172595523,0,0,16077.2156422879
23,"Fcap_1.75_Besc_7250_sigmaR_0.216_SE_reference_AE_historical",1.75,7250,"Long",2046,1000,0.003,0.01,13828.2627610542,9337.58514635744,18714.6993042419,0.592,4087.65929592717,0,0,13139.4556690339
23,"Fcap_1.75_Besc_7250_sigmaR_0.216_SE_reference_AE_historical",1.75,7250,"Long",2047,1000,0.003,0.008,13966.2109481746,10004.9287110806,19260.6709742968,0.557,4665.45730160395,0,0,15872.1087784543
23,"Fcap_1.75_Besc_7250_sigmaR_0.216_SE_reference_AE_historical",1.75,7250,"Long",2048,1000,0.003,0.005,13955.0886500043,9304.90165927748,18982.1832742935,0.565,4558.7886908007,0,0,15679.1542118933
23,"Fcap_1.75_Besc_7250_sigmaR_0.216_SE_reference_AE_historical",1.75,7250,"Long",2049,1000,0.004,0.012,13686.0926297802,9408.25309668233,19069.9386681439,0.598,4112.08181620747,0,0,13897.0327267427
23,"Fcap_1.75_Besc_7250_sigmaR_0.216_SE_reference_AE_historical",1.75,7250,"Long",2050,1000,0.002,0.009,14028.9653816881,9374.62464925822,19287.0358914686,0.539,4695.0997641437,0,0,14507.9315783619
23,"Fcap_1.75_Besc_7250_sigmaR_0.216_SE_reference_AE_historical",1.75,7250,"Long",2051,1000,0.001,0.009,13882.1654836266,9474.05142001405,19028.2648105076,0.569,4352.4558455287,0,0,13599.6308300725
23,"Fcap_1.75_Besc_7250_sigmaR_0.216_SE_reference_AE_historical",1.75,7250,"Long",2052,1000,0,0.007,13888.7973841586,9467.6454693196,19152.2867153018,0.543,4685.89122662106,0,0,14788.7768067428
23,"Fcap_1.75_Besc_7250_sigmaR_0.216_SE_reference_AE_historical",1.75,7250,"Long",2053,1000,0.001,0.003,13759.6966191586,9280.56066370952,19283.5475914756,0.596,4169.57516109342,0,0,14064.6522433491
23,"Fcap_1.75_Besc_7250_sigmaR_0.216_SE_reference_AE_historical",1.75,7250,"Long",2054,1000,0.001,0.005,13853.7735566403,9491.23659591675,18920.7343943668,0.554,4263.69342691974,0,0,12743.8660240399
23,"Fcap_1.75_Besc_7250_sigmaR_0.216_SE_reference_AE_historical",1.75,7250,"Full",2025,1000,0,0,13931.3329085382,12135.8179097045,16782.0474924443,0.681,2560.89117372853,0,0,10814.7883929882
23,"Fcap_1.75_Besc_7250_sigmaR_0.216_SE_reference_AE_historical",1.75,7250,"Full",2026,1000,0,0,14353.1355673446,10828.7962185357,19321.5919999988,0.453,5086.7942962433,4731.32469947789,0,12323.3195049544
23,"Fcap_1.75_Besc_7250_sigmaR_0.216_SE_reference_AE_historical",1.75,7250,"Full",2027,1000,0,0.001,13928.7135381493,9597.17521359997,19138.3867401248,0.61,3654.47125684987,0,0,12281.0542045359
23,"Fcap_1.75_Besc_7250_sigmaR_0.216_SE_reference_AE_historical",1.75,7250,"Full",2028,1000,0,0,14101.7787772437,10477.0295531227,18614.7084733229,0.525,4714.65768871999,0,0,14277.8638127622
23,"Fcap_1.75_Besc_7250_sigmaR_0.216_SE_reference_AE_historical",1.75,7250,"Full",2029,1000,0.003,0.006,13873.6866575736,9171.46456167335,18983.1077141331,0.58,4081.39844044648,0,0,13461.5114596358
23,"Fcap_1.75_Besc_7250_sigmaR_0.216_SE_reference_AE_historical",1.75,7250,"Full",2030,1000,0,0.003,13902.3394256392,9589.45360426671,19282.4067881589,0.579,4188.6216581587,0,0,14133.5492582568
23,"Fcap_1.75_Besc_7250_sigmaR_0.216_SE_reference_AE_historical",1.75,7250,"Full",2031,1000,0,0.005,13769.3628199544,9312.89546709082,18692.0587976661,0.595,4025.36281163908,0,0,13423.0369074268
23,"Fcap_1.75_Besc_7250_sigmaR_0.216_SE_reference_AE_historical",1.75,7250,"Full",2032,1000,0.001,0.009,13916.9460688796,9799.24540463912,18980.5066466331,0.581,4314.75212587517,0,0,14693.6320189326
23,"Fcap_1.75_Besc_7250_sigmaR_0.216_SE_reference_AE_historical",1.75,7250,"Full",2033,1000,0.003,0.01,13900.9551938127,9344.99941989953,18981.0127012441,0.559,4587.48100943696,0,0,15943.4891231784
23,"Fcap_1.75_Besc_7250_sigmaR_0.216_SE_reference_AE_historical",1.75,7250,"Full",2034,1000,0.002,0.009,13957.77196186,9352.97842915266,18992.2353466917,0.569,4445.6181973138,0,0,14399.6947384874
23,"Fcap_1.75_Besc_7250_sigmaR_0.216_SE_reference_AE_historical",1.75,7250,"Full",2035,1000,0.001,0.011,13831.3228848063,9302.50603708593,19124.6703458109,0.587,4253.33510975454,0,0,13746.4568968816
23,"Fcap_1.75_Besc_7250_sigmaR_0.216_SE_reference_AE_historical",1.75,7250,"Full",2036,1000,0,0.008,13731.4146517534,9461.16587799534,18958.5661311165,0.569,4364.27413356749,0,0,13773.4443946971
23,"Fcap_1.75_Besc_7250_sigmaR_0.216_SE_reference_AE_historical",1.75,7250,"Full",2037,1000,0.001,0.005,13776.9825468334,9535.22648786287,18526.8641096949,0.599,3954.71702968124,0,0,13210.3147426388
23,"Fcap_1.75_Besc_7250_sigmaR_0.216_SE_reference_AE_historical",1.75,7250,"Full",2038,1000,0.001,0.004,13786.0299294574,9438.92547693537,18712.0004355898,0.57,4446.35219499277,0,0,14932.1634323871
23,"Fcap_1.75_Besc_7250_sigmaR_0.216_SE_reference_AE_historical",1.75,7250,"Full",2039,1000,0.002,0.008,13832.3964962934,9374.76074524257,18399.2728384452,0.572,4585.76596488806,0,0,16772.1065870057
23,"Fcap_1.75_Besc_7250_sigmaR_0.216_SE_reference_AE_historical",1.75,7250,"Full",2040,1000,0,0.006,13849.6509244824,9360.34202093973,18811.9208172491,0.596,4100.97896998733,0,0,13389.4473483452
23,"Fcap_1.75_Besc_7250_sigmaR_0.216_SE_reference_AE_historical",1.75,7250,"Full",2041,1000,0.002,0.007,13930.2788789682,9462.45037787361,18883.7242742991,0.552,4565.87433520091,0,0,14754.5982538514
23,"Fcap_1.75_Besc_7250_sigmaR_0.216_SE_reference_AE_historical",1.75,7250,"Full",2042,1000,0,0.008,13900.7933614587,9222.33858449339,18616.8950832067,0.586,4238.90986432206,0,0,13817.4663970088
23,"Fcap_1.75_Besc_7250_sigmaR_0.216_SE_reference_AE_historical",1.75,7250,"Full",2043,1000,0,0.008,13662.5776126898,9247.80286932676,18608.9215294718,0.577,4310.53283905865,0,0,14812.6045873793
23,"Fcap_1.75_Besc_7250_sigmaR_0.216_SE_reference_AE_historical",1.75,7250,"Full",2044,1000,0.001,0.011,13798.5209344457,9467.75806331261,18870.1809957642,0.58,4258.77223042431,0,0,13861.7680537691
23,"Fcap_1.75_Besc_7250_sigmaR_0.216_SE_reference_AE_historical",1.75,7250,"Full",2045,1000,0.003,0.008,13857.8418873849,9410.38294529453,18794.3639858328,0.558,4653.02172595523,0,0,16077.2156422879
23,"Fcap_1.75_Besc_7250_sigmaR_0.216_SE_reference_AE_historical",1.75,7250,"Full",2046,1000,0.003,0.01,13828.2627610542,9337.58514635744,18714.6993042419,0.592,4087.65929592717,0,0,13139.4556690339
23,"Fcap_1.75_Besc_7250_sigmaR_0.216_SE_reference_AE_historical",1.75,7250,"Full",2047,1000,0.003,0.008,13966.2109481746,10004.9287110806,19260.6709742968,0.557,4665.45730160395,0,0,15872.1087784543
23,"Fcap_1.75_Besc_7250_sigmaR_0.216_SE_reference_AE_historical",1.75,7250,"Full",2048,1000,0.003,0.005,13955.0886500043,9304.90165927748,18982.1832742935,0.565,4558.7886908007,0,0,15679.1542118933
23,"Fcap_1.75_Besc_7250_sigmaR_0.216_SE_reference_AE_historical",1.75,7250,"Full",2049,1000,0.004,0.012,13686.0926297802,9408.25309668233,19069.9386681439,0.598,4112.08181620747,0,0,13897.0327267427
23,"Fcap_1.75_Besc_7250_sigmaR_0.216_SE_reference_AE_historical",1.75,7250,"Full",2050,1000,0.002,0.009,14028.9653816881,9374.62464925822,19287.0358914686,0.539,4695.0997641437,0,0,14507.9315783619
23,"Fcap_1.75_Besc_7250_sigmaR_0.216_SE_reference_AE_historical",1.75,7250,"Full",2051,1000,0.001,0.009,13882.1654836266,9474.05142001405,19028.2648105076,0.569,4352.4558455287,0,0,13599.6308300725
23,"Fcap_1.75_Besc_7250_sigmaR_0.216_SE_reference_AE_historical",1.75,7250,"Full",2052,1000,0,0.007,13888.7973841586,9467.6454693196,19152.2867153018,0.543,4685.89122662106,0,0,14788.7768067428
23,"Fcap_1.75_Besc_7250_sigmaR_0.216_SE_reference_AE_historical",1.75,7250,"Full",2053,1000,0.001,0.003,13759.6966191586,9280.56066370952,19283.5475914756,0.596,4169.57516109342,0,0,14064.6522433491
23,"Fcap_1.75_Besc_7250_sigmaR_0.216_SE_reference_AE_historical",1.75,7250,"Full",2054,1000,0.001,0.005,13853.7735566403,9491.23659591675,18920.7343943668,0.554,4263.69342691974,0,0,12743.8660240399
24,"Fcap_1.75_Besc_8000_sigmaR_0.216_SE_reference_AE_historical",1.75,8000,"Short",2025,1000,0,0,14013.9318439866,12135.8179097045,17098.4283061386,0.824,1363.20406028335,0,0,10448.8171587886
24,"Fcap_1.75_Besc_8000_sigmaR_0.216_SE_reference_AE_historical",1.75,8000,"Short",2026,1000,0,0,15105.1199695324,11298.5125686181,20070.0735416828,0.552,4287.66136516621,0,0,12792.1952317409
24,"Fcap_1.75_Besc_8000_sigmaR_0.216_SE_reference_AE_historical",1.75,8000,"Short",2027,1000,0,0.001,14638.6116727322,10026.4912867875,19615.5049505052,0.678,2997.10235236921,0,0,12209.2599853968
24,"Fcap_1.75_Besc_8000_sigmaR_0.216_SE_reference_AE_historical",1.75,8000,"Short",2028,1000,0,0,14719.3893215586,10789.4504822583,19276.0458417254,0.63,4137.77032811105,0,0,16520.7092091365
24,"Fcap_1.75_Besc_8000_sigmaR_0.216_SE_reference_AE_historical",1.75,8000,"Short",2029,1000,0.002,0.011,14358.9070106015,9214.31113362089,19457.7971584539,0.676,3656.91936103068,0,0,15697.3003807657
24,"Fcap_1.75_Besc_8000_sigmaR_0.216_SE_reference_AE_historical",1.75,8000,"Short",2030,1000,0,0.007,14546.8120817647,9602.27169937681,19447.4446058531,0.669,3584.5047506815,0,0,15788.4559344152
24,"Fcap_1.75_Besc_8000_sigmaR_0.216_SE_reference_AE_historical",1.75,8000,"Short",2031,1000,0,0.005,14321.2930843649,9512.88350653622,19171.9697410342,0.704,3368.98467305064,0,0,15179.5305506775
24,"Fcap_1.75_Besc_8000_sigmaR_0.216_SE_reference_AE_historical",1.75,8000,"Short",2032,1000,0.001,0.011,14510.4919009513,9835.75005801003,19297.4960962333,0.661,3765.03117808,0,0,16024.3428645039
24,"Fcap_1.75_Besc_8000_sigmaR_0.216_SE_reference_AE_historical",1.75,8000,"Short",2033,1000,0.001,0.009,14410.9609539326,9707.57299397083,19318.0409577492,0.657,3877.59182551704,0,0,18983.5786383935
24,"Fcap_1.75_Besc_8000_sigmaR_0.216_SE_reference_AE_historical",1.75,8000,"Short",2034,1000,0,0.006,14490.9586463851,9267.29689913091,19528.4868987609,0.669,3880.37025240778,0,0,18246.3369903392
24,"Fcap_1.75_Besc_8000_sigmaR_0.216_SE_reference_AE_historical",1.75,8000,"Medium",2035,1000,0.001,0.018,14282.9350119859,9143.98691201216,19320.8474303346,0.654,3796.51529034216,0,0,16630.3099924945
24,"Fcap_1.75_Besc_8000_sigmaR_0.216_SE_reference_AE_historical",1.75,8000,"Medium",2036,1000,0,0.009,14396.2761629097,9321.77048809062,18997.3551174555,0.672,3794.7238838735,0,0,18852.7877649017
24,"Fcap_1.75_Besc_8000_sigmaR_0.216_SE_reference_AE_historical",1.75,8000,"Medium",2037,1000,0.001,0.009,14255.4864794079,9317.92448936674,18824.5720647836,0.692,3350.87986493312,0,0,14530.0857757258
24,"Fcap_1.75_Besc_8000_sigmaR_0.216_SE_reference_AE_historical",1.75,8000,"Medium",2038,1000,0.001,0.007,14360.91522782,9845.90056819237,19404.6323405754,0.681,3736.55208309871,0,0,17404.2678080847
24,"Fcap_1.75_Besc_8000_sigmaR_0.216_SE_reference_AE_historical",1.75,8000,"Medium",2039,1000,0.003,0.01,14494.2375899397,9323.67976270774,18935.1759317151,0.67,3700.335107643,0,0,18034.3077715263
24,"Fcap_1.75_Besc_8000_sigmaR_0.216_SE_reference_AE_historical",1.75,8000,"Medium",2040,1000,0.002,0.009,14475.7180812504,9486.58524361352,19710.3932287844,0.688,3602.6340055313,0,0,19105.1024175823
24,"Fcap_1.75_Besc_8000_sigmaR_0.216_SE_reference_AE_historical",1.75,8000,"Medium",2041,1000,0.004,0.016,14460.898309404,9342.25912896512,19339.1304503487,0.633,4164.98000786581,0,0,17451.5613700956
24,"Fcap_1.75_Besc_8000_sigmaR_0.216_SE_reference_AE_historical",1.75,8000,"Medium",2042,1000,0.001,0.008,14283.1294540339,9095.0759769482,19357.048815122,0.68,3708.30726839846,0,0,17788.117843585
24,"Fcap_1.75_Besc_8000_sigmaR_0.216_SE_reference_AE_historical",1.75,8000,"Medium",2043,1000,0.003,0.008,14310.1430617243,9547.0090897722,19147.3039844608,0.702,3502.25285072473,0,0,18503.7818764527
24,"Fcap_1.75_Besc_8000_sigmaR_0.216_SE_reference_AE_historical",1.75,8000,"Medium",2044,1000,0.002,0.008,14325.3666148713,9650.37612067544,19636.7349677099,0.657,3992.47025073713,0,0,17953.4148335599
24,"Fcap_1.75_Besc_8000_sigmaR_0.216_SE_reference_AE_historical",1.75,8000,"Long",2045,1000,0.002,0.011,14301.8583953984,9261.14552595168,19013.7339794968,0.665,3937.43187922184,0,0,19361.5081094575
24,"Fcap_1.75_Besc_8000_sigmaR_0.216_SE_reference_AE_historical",1.75,8000,"Long",2046,1000,0.002,0.01,14324.973535713,9592.7598431982,19408.8091774887,0.669,3743.24240602884,0,0,15778.3539299801
24,"Fcap_1.75_Besc_8000_sigmaR_0.216_SE_reference_AE_historical",1.75,8000,"Long",2047,1000,0.003,0.009,14451.9209271673,10124.0031592214,19435.436016919,0.679,3744.19241014416,0,0,17944.9521542585
24,"Fcap_1.75_Besc_8000_sigmaR_0.216_SE_reference_AE_historical",1.75,8000,"Long",2048,1000,0.003,0.008,14484.633393354,9472.57319716425,19793.9435154184,0.653,3966.79117217868,0,0,18157.1571149393
24,"Fcap_1.75_Besc_8000_sigmaR_0.216_SE_reference_AE_historical",1.75,8000,"Long",2049,1000,0.002,0.009,14178.0407376423,9812.52078393648,19486.176952988,0.682,3580.7416639396,0,0,14878.5180491852
24,"Fcap_1.75_Besc_8000_sigmaR_0.216_SE_reference_AE_historical",1.75,8000,"Long",2050,1000,0.001,0.009,14476.6220267048,10064.1612437283,19666.2145327532,0.649,4146.49764490787,0,0,18679.4292669121
24,"Fcap_1.75_Besc_8000_sigmaR_0.216_SE_reference_AE_historical",1.75,8000,"Long",2051,1000,0.002,0.013,14431.0779465842,9528.54860044438,19606.7718733205,0.654,4001.70498450151,0,0,17266.2846302164
24,"Fcap_1.75_Besc_8000_sigmaR_0.216_SE_reference_AE_historical",1.75,8000,"Long",2052,1000,0.002,0.01,14354.9653175731,9337.59394481443,19454.6221451106,0.663,3985.1487192149,0,0,17371.7282229139
24,"Fcap_1.75_Besc_8000_sigmaR_0.216_SE_reference_AE_historical",1.75,8000,"Long",2053,1000,0.001,0.009,14307.9829784489,8950.87149370871,19516.3179624427,0.667,3843.13977130683,0,0,16985.7427149478
24,"Fcap_1.75_Besc_8000_sigmaR_0.216_SE_reference_AE_historical",1.75,8000,"Long",2054,1000,0.001,0.006,14414.3202651818,9280.36723887899,19394.7834779585,0.684,3438.65063407821,0,0,14449.078634857
24,"Fcap_1.75_Besc_8000_sigmaR_0.216_SE_reference_AE_historical",1.75,8000,"Full",2025,1000,0,0,14013.9318439866,12135.8179097045,17098.4283061386,0.824,1363.20406028335,0,0,10448.8171587886
24,"Fcap_1.75_Besc_8000_sigmaR_0.216_SE_reference_AE_historical",1.75,8000,"Full",2026,1000,0,0,15105.1199695324,11298.5125686181,20070.0735416828,0.552,4287.66136516621,0,0,12792.1952317409
24,"Fcap_1.75_Besc_8000_sigmaR_0.216_SE_reference_AE_historical",1.75,8000,"Full",2027,1000,0,0.001,14638.6116727322,10026.4912867875,19615.5049505052,0.678,2997.10235236921,0,0,12209.2599853968
24,"Fcap_1.75_Besc_8000_sigmaR_0.216_SE_reference_AE_historical",1.75,8000,"Full",2028,1000,0,0,14719.3893215586,10789.4504822583,19276.0458417254,0.63,4137.77032811105,0,0,16520.7092091365
24,"Fcap_1.75_Besc_8000_sigmaR_0.216_SE_reference_AE_historical",1.75,8000,"Full",2029,1000,0.002,0.011,14358.9070106015,9214.31113362089,19457.7971584539,0.676,3656.91936103068,0,0,15697.3003807657
24,"Fcap_1.75_Besc_8000_sigmaR_0.216_SE_reference_AE_historical",1.75,8000,"Full",2030,1000,0,0.007,14546.8120817647,9602.27169937681,19447.4446058531,0.669,3584.5047506815,0,0,15788.4559344152
24,"Fcap_1.75_Besc_8000_sigmaR_0.216_SE_reference_AE_historical",1.75,8000,"Full",2031,1000,0,0.005,14321.2930843649,9512.88350653622,19171.9697410342,0.704,3368.98467305064,0,0,15179.5305506775
24,"Fcap_1.75_Besc_8000_sigmaR_0.216_SE_reference_AE_historical",1.75,8000,"Full",2032,1000,0.001,0.011,14510.4919009513,9835.75005801003,19297.4960962333,0.661,3765.03117808,0,0,16024.3428645039
24,"Fcap_1.75_Besc_8000_sigmaR_0.216_SE_reference_AE_historical",1.75,8000,"Full",2033,1000,0.001,0.009,14410.9609539326,9707.57299397083,19318.0409577492,0.657,3877.59182551704,0,0,18983.5786383935
24,"Fcap_1.75_Besc_8000_sigmaR_0.216_SE_reference_AE_historical",1.75,8000,"Full",2034,1000,0,0.006,14490.9586463851,9267.29689913091,19528.4868987609,0.669,3880.37025240778,0,0,18246.3369903392
24,"Fcap_1.75_Besc_8000_sigmaR_0.216_SE_reference_AE_historical",1.75,8000,"Full",2035,1000,0.001,0.018,14282.9350119859,9143.98691201216,19320.8474303346,0.654,3796.51529034216,0,0,16630.3099924945
24,"Fcap_1.75_Besc_8000_sigmaR_0.216_SE_reference_AE_historical",1.75,8000,"Full",2036,1000,0,0.009,14396.2761629097,9321.77048809062,18997.3551174555,0.672,3794.7238838735,0,0,18852.7877649017
24,"Fcap_1.75_Besc_8000_sigmaR_0.216_SE_reference_AE_historical",1.75,8000,"Full",2037,1000,0.001,0.009,14255.4864794079,9317.92448936674,18824.5720647836,0.692,3350.87986493312,0,0,14530.0857757258
24,"Fcap_1.75_Besc_8000_sigmaR_0.216_SE_reference_AE_historical",1.75,8000,"Full",2038,1000,0.001,0.007,14360.91522782,9845.90056819237,19404.6323405754,0.681,3736.55208309871,0,0,17404.2678080847
24,"Fcap_1.75_Besc_8000_sigmaR_0.216_SE_reference_AE_historical",1.75,8000,"Full",2039,1000,0.003,0.01,14494.2375899397,9323.67976270774,18935.1759317151,0.67,3700.335107643,0,0,18034.3077715263
24,"Fcap_1.75_Besc_8000_sigmaR_0.216_SE_reference_AE_historical",1.75,8000,"Full",2040,1000,0.002,0.009,14475.7180812504,9486.58524361352,19710.3932287844,0.688,3602.6340055313,0,0,19105.1024175823
24,"Fcap_1.75_Besc_8000_sigmaR_0.216_SE_reference_AE_historical",1.75,8000,"Full",2041,1000,0.004,0.016,14460.898309404,9342.25912896512,19339.1304503487,0.633,4164.98000786581,0,0,17451.5613700956
24,"Fcap_1.75_Besc_8000_sigmaR_0.216_SE_reference_AE_historical",1.75,8000,"Full",2042,1000,0.001,0.008,14283.1294540339,9095.0759769482,19357.048815122,0.68,3708.30726839846,0,0,17788.117843585
24,"Fcap_1.75_Besc_8000_sigmaR_0.216_SE_reference_AE_historical",1.75,8000,"Full",2043,1000,0.003,0.008,14310.1430617243,9547.0090897722,19147.3039844608,0.702,3502.25285072473,0,0,18503.7818764527
24,"Fcap_1.75_Besc_8000_sigmaR_0.216_SE_reference_AE_historical",1.75,8000,"Full",2044,1000,0.002,0.008,14325.3666148713,9650.37612067544,19636.7349677099,0.657,3992.47025073713,0,0,17953.4148335599
24,"Fcap_1.75_Besc_8000_sigmaR_0.216_SE_reference_AE_historical",1.75,8000,"Full",2045,1000,0.002,0.011,14301.8583953984,9261.14552595168,19013.7339794968,0.665,3937.43187922184,0,0,19361.5081094575
24,"Fcap_1.75_Besc_8000_sigmaR_0.216_SE_reference_AE_historical",1.75,8000,"Full",2046,1000,0.002,0.01,14324.973535713,9592.7598431982,19408.8091774887,0.669,3743.24240602884,0,0,15778.3539299801
24,"Fcap_1.75_Besc_8000_sigmaR_0.216_SE_reference_AE_historical",1.75,8000,"Full",2047,1000,0.003,0.009,14451.9209271673,10124.0031592214,19435.436016919,0.679,3744.19241014416,0,0,17944.9521542585
24,"Fcap_1.75_Besc_8000_sigmaR_0.216_SE_reference_AE_historical",1.75,8000,"Full",2048,1000,0.003,0.008,14484.633393354,9472.57319716425,19793.9435154184,0.653,3966.79117217868,0,0,18157.1571149393
24,"Fcap_1.75_Besc_8000_sigmaR_0.216_SE_reference_AE_historical",1.75,8000,"Full",2049,1000,0.002,0.009,14178.0407376423,9812.52078393648,19486.176952988,0.682,3580.7416639396,0,0,14878.5180491852
24,"Fcap_1.75_Besc_8000_sigmaR_0.216_SE_reference_AE_historical",1.75,8000,"Full",2050,1000,0.001,0.009,14476.6220267048,10064.1612437283,19666.2145327532,0.649,4146.49764490787,0,0,18679.4292669121
24,"Fcap_1.75_Besc_8000_sigmaR_0.216_SE_reference_AE_historical",1.75,8000,"Full",2051,1000,0.002,0.013,14431.0779465842,9528.54860044438,19606.7718733205,0.654,4001.70498450151,0,0,17266.2846302164
24,"Fcap_1.75_Besc_8000_sigmaR_0.216_SE_reference_AE_historical",1.75,8000,"Full",2052,1000,0.002,0.01,14354.9653175731,9337.59394481443,19454.6221451106,0.663,3985.1487192149,0,0,17371.7282229139
24,"Fcap_1.75_Besc_8000_sigmaR_0.216_SE_reference_AE_historical",1.75,8000,"Full",2053,1000,0.001,0.009,14307.9829784489,8950.87149370871,19516.3179624427,0.667,3843.13977130683,0,0,16985.7427149478
24,"Fcap_1.75_Besc_8000_sigmaR_0.216_SE_reference_AE_historical",1.75,8000,"Full",2054,1000,0.001,0.006,14414.3202651818,9280.36723887899,19394.7834779585,0.684,3438.65063407821,0,0,14449.078634857
25,"Fcap_1.80_Besc_5000_sigmaR_0.216_SE_reference_AE_historical",1.8,5000,"Short",2025,1000,0,0,13133.1952291712,11519.1554997931,16104.5458071514,0.076,7616.77954538666,7988.9052357264,0,11116.5334909966
25,"Fcap_1.80_Besc_5000_sigmaR_0.216_SE_reference_AE_historical",1.8,5000,"Short",2026,1000,0,0.001,12099.6389241877,8923.06505373539,17470.1926207209,0.267,5701.37300310077,7009.33768935982,0,11056.5889266399
25,"Fcap_1.80_Besc_5000_sigmaR_0.216_SE_reference_AE_historical",1.8,5000,"Short",2027,1000,0,0,12466.502852155,9008.99530760819,17802.4210697527,0.211,6465.65584621977,7602.46999202283,0,11531.2669713048
25,"Fcap_1.80_Besc_5000_sigmaR_0.216_SE_reference_AE_historical",1.8,5000,"Short",2028,1000,0,0,12246.5954542823,8941.68980380152,17054.9698850577,0.263,5892.27988189249,7307.8187997368,0,10944.5836553103
25,"Fcap_1.80_Besc_5000_sigmaR_0.216_SE_reference_AE_historical",1.8,5000,"Short",2029,1000,0,0.004,12302.6570752173,8880.41838521346,17397.3722298162,0.24,6105.27716345599,7428.85126594552,0,11308.4097253208
25,"Fcap_1.80_Besc_5000_sigmaR_0.216_SE_reference_AE_historical",1.8,5000,"Short",2030,1000,0,0.003,12218.463182055,8875.93156644409,17287.6092214447,0.255,5872.99748121984,7085.19888710859,0,11229.6169089854
25,"Fcap_1.80_Besc_5000_sigmaR_0.216_SE_reference_AE_historical",1.8,5000,"Short",2031,1000,0,0,12180.2974862377,9041.53258001902,17016.8253450789,0.233,5917.09189141316,7112.30722798758,0,11020.0366849154
25,"Fcap_1.80_Besc_5000_sigmaR_0.216_SE_reference_AE_historical",1.8,5000,"Short",2032,1000,0,0.001,12326.2110926556,8859.75854253284,17052.3403402945,0.24,6028.97044869259,7273.57865506382,0,10942.9321283493
25,"Fcap_1.80_Besc_5000_sigmaR_0.216_SE_reference_AE_historical",1.8,5000,"Short",2033,1000,0.001,0.001,12280.3417941598,9042.51162608482,17517.7142277228,0.228,6062.45970553989,7107.21300753226,0,11208.86386818
25,"Fcap_1.80_Besc_5000_sigmaR_0.216_SE_reference_AE_historical",1.8,5000,"Short",2034,1000,0,0.003,12402.3390636409,9208.24595103301,17500.6376200687,0.22,6170.69600192599,7140.01035222321,0,11143.822546813
25,"Fcap_1.80_Besc_5000_sigmaR_0.216_SE_reference_AE_historical",1.8,5000,"Medium",2035,1000,0,0.002,12149.7131699814,8962.35699462754,17405.7735983931,0.242,5925.34741164485,7078.80116258143,0,11158.2108141647
25,"Fcap_1.80_Besc_5000_sigmaR_0.216_SE_reference_AE_historical",1.8,5000,"Medium",2036,1000,0,0.003,12139.2578944751,9055.34644370377,17275.7922947613,0.231,5992.10825192107,7225.96801507166,0,10941.5769356668
25,"Fcap_1.80_Besc_5000_sigmaR_0.216_SE_reference_AE_historical",1.8,5000,"Medium",2037,1000,0.001,0.001,12140.2027266703,9032.17513223538,16687.1219013581,0.239,5958.77891669075,7275.64070010576,0,10809.1610865741
25,"Fcap_1.80_Besc_5000_sigmaR_0.216_SE_reference_AE_historical",1.8,5000,"Medium",2038,1000,0,0,12078.3342370147,8936.6883397016,17353.5808952929,0.245,5937.42606169257,7219.08146810488,0,10999.6103651395
25,"Fcap_1.80_Besc_5000_sigmaR_0.216_SE_reference_AE_historical",1.8,5000,"Medium",2039,1000,0,0,12333.8375560717,8959.08052252889,17142.5654854322,0.241,6032.25170908028,7197.79888644242,0,11175.3770270591
25,"Fcap_1.80_Besc_5000_sigmaR_0.216_SE_reference_AE_historical",1.8,5000,"Medium",2040,1000,0,0.001,12183.1343645753,9210.83761627982,17626.3835822229,0.24,5975.07185878094,7313.38214623412,0,11038.2228979952
25,"Fcap_1.80_Besc_5000_sigmaR_0.216_SE_reference_AE_historical",1.8,5000,"Medium",2041,1000,0,0.001,12375.7625895934,8973.84444048108,17345.4932294801,0.233,6153.34491140938,7237.27603961341,0,10993.8908701166
25,"Fcap_1.80_Besc_5000_sigmaR_0.216_SE_reference_AE_historical",1.8,5000,"Medium",2042,1000,0,0.004,12286.1767668604,8999.02767187346,17332.0931008511,0.24,5977.03741416945,7206.26635862184,0,11197.742749642
25,"Fcap_1.80_Besc_5000_sigmaR_0.216_SE_reference_AE_historical",1.8,5000,"Medium",2043,1000,0,0.002,12111.5679534958,8993.07473029134,16818.1953755439,0.237,5903.22477915021,7152.5990183717,0,10831.4019587777
25,"Fcap_1.80_Besc_5000_sigmaR_0.216_SE_reference_AE_historical",1.8,5000,"Medium",2044,1000,0,0.003,12211.9214892563,9145.75166276086,17320.1091633585,0.211,6124.55699908123,7199.90389069837,0,11028.1337736311
25,"Fcap_1.80_Besc_5000_sigmaR_0.216_SE_reference_AE_historical",1.8,5000,"Long",2045,1000,0,0.002,12242.2529363457,9017.87775904688,17259.8896399374,0.24,5929.49667424182,7149.54041172638,0,10919.909080581
25,"Fcap_1.80_Besc_5000_sigmaR_0.216_SE_reference_AE_historical",1.8,5000,"Long",2046,1000,0,0.003,12261.762847475,8994.98187717818,17417.6376153753,0.216,6117.15202799148,7142.44627436034,0,11206.132000206
25,"Fcap_1.80_Besc_5000_sigmaR_0.216_SE_reference_AE_historical",1.8,5000,"Long",2047,1000,0,0.002,12392.7398336203,9084.55500298209,17789.2226804685,0.22,6296.80731267636,7370.21882785765,0,11376.5343395247
25,"Fcap_1.80_Besc_5000_sigmaR_0.216_SE_reference_AE_historical",1.8,5000,"Long",2048,1000,0,0.002,12352.8636261306,8882.06726791181,17584.3106920044,0.247,5993.78309391072,7272.01454254452,0,10971.7866328948
25,"Fcap_1.80_Besc_5000_sigmaR_0.216_SE_reference_AE_historical",1.8,5000,"Long",2049,1000,0,0.002,12210.9981278914,9082.7022692815,17354.5404282034,0.24,5942.49919620241,7148.04379789352,0,11217.0084931525
25,"Fcap_1.80_Besc_5000_sigmaR_0.216_SE_reference_AE_historical",1.8,5000,"Long",2050,1000,0,0.002,12415.2427801088,9039.68788218072,17798.7440624421,0.206,6358.55893743816,7377.00924717456,0,11420.1912428444
25,"Fcap_1.80_Besc_5000_sigmaR_0.216_SE_reference_AE_historical",1.8,5000,"Long",2051,1000,0,0.002,12196.0079196154,9023.53259912436,17614.5071433742,0.231,6063.4937978578,7138.56060063743,0,11064.7286357998
25,"Fcap_1.80_Besc_5000_sigmaR_0.216_SE_reference_AE_historical",1.8,5000,"Long",2052,1000,0,0,12347.2172308117,9133.50072295581,17757.197233817,0.236,6034.36675403497,7306.40089674652,0,11208.772511897
25,"Fcap_1.80_Besc_5000_sigmaR_0.216_SE_reference_AE_historical",1.8,5000,"Long",2053,1000,0,0,12259.3094869899,9225.52061992092,17772.679462378,0.226,6188.26916959961,7280.54902850641,0,11347.727065456
25,"Fcap_1.80_Besc_5000_sigmaR_0.216_SE_reference_AE_historical",1.8,5000,"Long",2054,1000,0.001,0.002,12182.2195483196,8903.36924695436,17502.3931601961,0.243,5965.4657515619,7276.48455920262,0,11102.6753139659
25,"Fcap_1.80_Besc_5000_sigmaR_0.216_SE_reference_AE_historical",1.8,5000,"Full",2025,1000,0,0,13133.1952291712,11519.1554997931,16104.5458071514,0.076,7616.77954538666,7988.9052357264,0,11116.5334909966
25,"Fcap_1.80_Besc_5000_sigmaR_0.216_SE_reference_AE_historical",1.8,5000,"Full",2026,1000,0,0.001,12099.6389241877,8923.06505373539,17470.1926207209,0.267,5701.37300310077,7009.33768935982,0,11056.5889266399
25,"Fcap_1.80_Besc_5000_sigmaR_0.216_SE_reference_AE_historical",1.8,5000,"Full",2027,1000,0,0,12466.502852155,9008.99530760819,17802.4210697527,0.211,6465.65584621977,7602.46999202283,0,11531.2669713048
25,"Fcap_1.80_Besc_5000_sigmaR_0.216_SE_reference_AE_historical",1.8,5000,"Full",2028,1000,0,0,12246.5954542823,8941.68980380152,17054.9698850577,0.263,5892.27988189249,7307.8187997368,0,10944.5836553103
25,"Fcap_1.80_Besc_5000_sigmaR_0.216_SE_reference_AE_historical",1.8,5000,"Full",2029,1000,0,0.004,12302.6570752173,8880.41838521346,17397.3722298162,0.24,6105.27716345599,7428.85126594552,0,11308.4097253208
25,"Fcap_1.80_Besc_5000_sigmaR_0.216_SE_reference_AE_historical",1.8,5000,"Full",2030,1000,0,0.003,12218.463182055,8875.93156644409,17287.6092214447,0.255,5872.99748121984,7085.19888710859,0,11229.6169089854
25,"Fcap_1.80_Besc_5000_sigmaR_0.216_SE_reference_AE_historical",1.8,5000,"Full",2031,1000,0,0,12180.2974862377,9041.53258001902,17016.8253450789,0.233,5917.09189141316,7112.30722798758,0,11020.0366849154
25,"Fcap_1.80_Besc_5000_sigmaR_0.216_SE_reference_AE_historical",1.8,5000,"Full",2032,1000,0,0.001,12326.2110926556,8859.75854253284,17052.3403402945,0.24,6028.97044869259,7273.57865506382,0,10942.9321283493
25,"Fcap_1.80_Besc_5000_sigmaR_0.216_SE_reference_AE_historical",1.8,5000,"Full",2033,1000,0.001,0.001,12280.3417941598,9042.51162608482,17517.7142277228,0.228,6062.45970553989,7107.21300753226,0,11208.86386818
25,"Fcap_1.80_Besc_5000_sigmaR_0.216_SE_reference_AE_historical",1.8,5000,"Full",2034,1000,0,0.003,12402.3390636409,9208.24595103301,17500.6376200687,0.22,6170.69600192599,7140.01035222321,0,11143.822546813
25,"Fcap_1.80_Besc_5000_sigmaR_0.216_SE_reference_AE_historical",1.8,5000,"Full",2035,1000,0,0.002,12149.7131699814,8962.35699462754,17405.7735983931,0.242,5925.34741164485,7078.80116258143,0,11158.2108141647
25,"Fcap_1.80_Besc_5000_sigmaR_0.216_SE_reference_AE_historical",1.8,5000,"Full",2036,1000,0,0.003,12139.2578944751,9055.34644370377,17275.7922947613,0.231,5992.10825192107,7225.96801507166,0,10941.5769356668
25,"Fcap_1.80_Besc_5000_sigmaR_0.216_SE_reference_AE_historical",1.8,5000,"Full",2037,1000,0.001,0.001,12140.2027266703,9032.17513223538,16687.1219013581,0.239,5958.77891669075,7275.64070010576,0,10809.1610865741
25,"Fcap_1.80_Besc_5000_sigmaR_0.216_SE_reference_AE_historical",1.8,5000,"Full",2038,1000,0,0,12078.3342370147,8936.6883397016,17353.5808952929,0.245,5937.42606169257,7219.08146810488,0,10999.6103651395
25,"Fcap_1.80_Besc_5000_sigmaR_0.216_SE_reference_AE_historical",1.8,5000,"Full",2039,1000,0,0,12333.8375560717,8959.08052252889,17142.5654854322,0.241,6032.25170908028,7197.79888644242,0,11175.3770270591
25,"Fcap_1.80_Besc_5000_sigmaR_0.216_SE_reference_AE_historical",1.8,5000,"Full",2040,1000,0,0.001,12183.1343645753,9210.83761627982,17626.3835822229,0.24,5975.07185878094,7313.38214623412,0,11038.2228979952
25,"Fcap_1.80_Besc_5000_sigmaR_0.216_SE_reference_AE_historical",1.8,5000,"Full",2041,1000,0,0.001,12375.7625895934,8973.84444048108,17345.4932294801,0.233,6153.34491140938,7237.27603961341,0,10993.8908701166
25,"Fcap_1.80_Besc_5000_sigmaR_0.216_SE_reference_AE_historical",1.8,5000,"Full",2042,1000,0,0.004,12286.1767668604,8999.02767187346,17332.0931008511,0.24,5977.03741416945,7206.26635862184,0,11197.742749642
25,"Fcap_1.80_Besc_5000_sigmaR_0.216_SE_reference_AE_historical",1.8,5000,"Full",2043,1000,0,0.002,12111.5679534958,8993.07473029134,16818.1953755439,0.237,5903.22477915021,7152.5990183717,0,10831.4019587777
25,"Fcap_1.80_Besc_5000_sigmaR_0.216_SE_reference_AE_historical",1.8,5000,"Full",2044,1000,0,0.003,12211.9214892563,9145.75166276086,17320.1091633585,0.211,6124.55699908123,7199.90389069837,0,11028.1337736311
25,"Fcap_1.80_Besc_5000_sigmaR_0.216_SE_reference_AE_historical",1.8,5000,"Full",2045,1000,0,0.002,12242.2529363457,9017.87775904688,17259.8896399374,0.24,5929.49667424182,7149.54041172638,0,10919.909080581
25,"Fcap_1.80_Besc_5000_sigmaR_0.216_SE_reference_AE_historical",1.8,5000,"Full",2046,1000,0,0.003,12261.762847475,8994.98187717818,17417.6376153753,0.216,6117.15202799148,7142.44627436034,0,11206.132000206
25,"Fcap_1.80_Besc_5000_sigmaR_0.216_SE_reference_AE_historical",1.8,5000,"Full",2047,1000,0,0.002,12392.7398336203,9084.55500298209,17789.2226804685,0.22,6296.80731267636,7370.21882785765,0,11376.5343395247
25,"Fcap_1.80_Besc_5000_sigmaR_0.216_SE_reference_AE_historical",1.8,5000,"Full",2048,1000,0,0.002,12352.8636261306,8882.06726791181,17584.3106920044,0.247,5993.78309391072,7272.01454254452,0,10971.7866328948
25,"Fcap_1.80_Besc_5000_sigmaR_0.216_SE_reference_AE_historical",1.8,5000,"Full",2049,1000,0,0.002,12210.9981278914,9082.7022692815,17354.5404282034,0.24,5942.49919620241,7148.04379789352,0,11217.0084931525
25,"Fcap_1.80_Besc_5000_sigmaR_0.216_SE_reference_AE_historical",1.8,5000,"Full",2050,1000,0,0.002,12415.2427801088,9039.68788218072,17798.7440624421,0.206,6358.55893743816,7377.00924717456,0,11420.1912428444
25,"Fcap_1.80_Besc_5000_sigmaR_0.216_SE_reference_AE_historical",1.8,5000,"Full",2051,1000,0,0.002,12196.0079196154,9023.53259912436,17614.5071433742,0.231,6063.4937978578,7138.56060063743,0,11064.7286357998
25,"Fcap_1.80_Besc_5000_sigmaR_0.216_SE_reference_AE_historical",1.8,5000,"Full",2052,1000,0,0,12347.2172308117,9133.50072295581,17757.197233817,0.236,6034.36675403497,7306.40089674652,0,11208.772511897
25,"Fcap_1.80_Besc_5000_sigmaR_0.216_SE_reference_AE_historical",1.8,5000,"Full",2053,1000,0,0,12259.3094869899,9225.52061992092,17772.679462378,0.226,6188.26916959961,7280.54902850641,0,11347.727065456
25,"Fcap_1.80_Besc_5000_sigmaR_0.216_SE_reference_AE_historical",1.8,5000,"Full",2054,1000,0.001,0.002,12182.2195483196,8903.36924695436,17502.3931601961,0.243,5965.4657515619,7276.48455920262,0,11102.6753139659
26,"Fcap_1.80_Besc_6561_sigmaR_0.216_SE_reference_AE_historical",1.8,6561,"Short",2025,1000,0,0,13705.062778085,12094.5901093984,16402.1227010762,0.468,4206.87313408607,2299.74817622547,0,11051.9917493635
26,"Fcap_1.80_Besc_6561_sigmaR_0.216_SE_reference_AE_historical",1.8,6561,"Short",2026,1000,0,0,13722.9451399087,10128.8692261722,18785.3106346052,0.44,5152.18321246135,5985.25127392911,0,12254.2668231507
26,"Fcap_1.80_Besc_6561_sigmaR_0.216_SE_reference_AE_historical",1.8,6561,"Short",2027,1000,0,0.002,13424.9045595231,9493.87108088209,18842.0338606631,0.471,4748.36467151658,2733.48378179347,0,12432.3811143916
26,"Fcap_1.80_Besc_6561_sigmaR_0.216_SE_reference_AE_historical",1.8,6561,"Short",2028,1000,0,0,13543.8452509994,9822.47581871697,18107.4306667947,0.451,5086.65751246669,3854.7667829533,0,12389.1152790562
26,"Fcap_1.80_Besc_6561_sigmaR_0.216_SE_reference_AE_historical",1.8,6561,"Short",2029,1000,0.002,0.006,13429.2368933031,9148.94504794024,18474.0621261544,0.488,4665.78960012732,1244.16375974066,0,12567.0313766222
26,"Fcap_1.80_Besc_6561_sigmaR_0.216_SE_reference_AE_historical",1.8,6561,"Short",2030,1000,0,0.004,13423.8827127891,9403.78629330629,18580.0226963092,0.47,4894.7805069478,2614.06760161574,0,13143.280445823
26,"Fcap_1.80_Besc_6561_sigmaR_0.216_SE_reference_AE_historical",1.8,6561,"Short",2031,1000,0,0.007,13338.9534785414,9243.6078570619,18221.0366830645,0.505,4593.6041224465,0,0,12568.5090719062
26,"Fcap_1.80_Besc_6561_sigmaR_0.216_SE_reference_AE_historical",1.8,6561,"Short",2032,1000,0.001,0.006,13380.2231817761,9477.01995941955,18588.8777906259,0.493,4740.4297719194,1071.6695132671,0,12697.8409915915
26,"Fcap_1.80_Besc_6561_sigmaR_0.216_SE_reference_AE_historical",1.8,6561,"Short",2033,1000,0.001,0.002,13475.349458763,9320.26737667116,18581.2620060072,0.47,5010.42678485895,2682.04035925217,0,13403.3188733608
26,"Fcap_1.80_Besc_6561_sigmaR_0.216_SE_reference_AE_historical",1.8,6561,"Short",2034,1000,0.001,0.004,13425.8282656413,9422.68575665801,18536.3303403436,0.464,5225.38686727733,4330.8044122079,0,13025.2382593487
26,"Fcap_1.80_Besc_6561_sigmaR_0.216_SE_reference_AE_historical",1.8,6561,"Medium",2035,1000,0.001,0.009,13225.2023375079,9263.82015602594,18429.2163118297,0.492,4758.0214741494,1202.29689285693,0,12325.5835078877
26,"Fcap_1.80_Besc_6561_sigmaR_0.216_SE_reference_AE_historical",1.8,6561,"Medium",2036,1000,0,0.005,13328.9018033302,9397.17522031077,18735.7724946302,0.49,4783.11494293969,1763.36759505835,0,12624.1520672269
26,"Fcap_1.80_Besc_6561_sigmaR_0.216_SE_reference_AE_historical",1.8,6561,"Medium",2037,1000,0.002,0.004,13373.0668592854,9425.76797099867,18043.9415355536,0.501,4603.31624082909,0,0,12217.0191024663
26,"Fcap_1.80_Besc_6561_sigmaR_0.216_SE_reference_AE_historical",1.8,6561,"Medium",2038,1000,0.001,0.002,13222.6008613166,9545.06113710328,18337.1338272639,0.465,5073.24441262856,3419.85142204205,0,13038.2028150379
26,"Fcap_1.80_Besc_6561_sigmaR_0.216_SE_reference_AE_historical",1.8,6561,"Medium",2039,1000,0,0.004,13336.3843188574,9212.10114550825,18058.6469295579,0.498,4769.12440582126,217.766525250997,0,12655.1956180914
26,"Fcap_1.80_Besc_6561_sigmaR_0.216_SE_reference_AE_historical",1.8,6561,"Medium",2040,1000,0,0.006,13339.2993882724,9507.45393365027,18468.7644355377,0.46,5086.96952293689,4661.74996186487,0,12624.7934309471
26,"Fcap_1.80_Besc_6561_sigmaR_0.216_SE_reference_AE_historical",1.8,6561,"Medium",2041,1000,0,0.005,13364.2465048245,9219.79547512031,18212.3998511896,0.482,4941.68420706736,3032.84058817654,0,12507.6680495544
26,"Fcap_1.80_Besc_6561_sigmaR_0.216_SE_reference_AE_historical",1.8,6561,"Medium",2042,1000,0,0.003,13330.1908117492,9227.06188662114,18418.3043110407,0.486,4889.53881271327,1923.17171356247,0,12627.1202734059
26,"Fcap_1.80_Besc_6561_sigmaR_0.216_SE_reference_AE_historical",1.8,6561,"Medium",2043,1000,0,0.001,13153.0885417733,9475.53480295146,18114.2616141983,0.49,4708.10393151861,1488.23781291134,0,12374.854501818
26,"Fcap_1.80_Besc_6561_sigmaR_0.216_SE_reference_AE_historical",1.8,6561,"Medium",2044,1000,0.001,0.004,13224.823823209,9560.60689863085,18593.1032371297,0.489,4930.04637063091,2019.09048964107,0,12995.5048921009
26,"Fcap_1.80_Besc_6561_sigmaR_0.216_SE_reference_AE_historical",1.8,6561,"Long",2045,1000,0.002,0.005,13294.3708810341,9314.72892424317,18320.5955908315,0.483,4967.18611009366,2157.82055184124,0,13080.2650646349
26,"Fcap_1.80_Besc_6561_sigmaR_0.216_SE_reference_AE_historical",1.8,6561,"Long",2046,1000,0.002,0.008,13354.6044642343,9304.12438107838,18324.8378044524,0.491,4797.3497955246,1278.01442128,0,12654.5148826139
26,"Fcap_1.80_Besc_6561_sigmaR_0.216_SE_reference_AE_historical",1.8,6561,"Long",2047,1000,0.001,0.004,13436.1003361888,9776.75244135694,18834.8541629427,0.469,5099.21328502626,3763.70430680037,0,13338.9088022601
26,"Fcap_1.80_Besc_6561_sigmaR_0.216_SE_reference_AE_historical",1.8,6561,"Long",2048,1000,0.003,0.006,13524.4198511635,9314.35049066256,18584.4803645159,0.464,5144.02230608946,4281.92179958652,0,13018.4971677292
26,"Fcap_1.80_Besc_6561_sigmaR_0.216_SE_reference_AE_historical",1.8,6561,"Long",2049,1000,0,0.006,13139.9991593711,9319.82079446761,18558.5675203535,0.522,4530.11610527905,0,0,12799.2544949251
26,"Fcap_1.80_Besc_6561_sigmaR_0.216_SE_reference_AE_historical",1.8,6561,"Long",2050,1000,0.002,0.004,13497.1313957994,9740.22183570662,19049.6864303921,0.443,5467.25596759706,6415.22064788239,0,14013.4913397199
26,"Fcap_1.80_Besc_6561_sigmaR_0.216_SE_reference_AE_historical",1.8,6561,"Long",2051,1000,0.001,0.01,13278.6716423122,9257.61127767134,18555.1440628488,0.486,4864.5827933477,2501.2261408478,0,12876.3731760038
26,"Fcap_1.80_Besc_6561_sigmaR_0.216_SE_reference_AE_historical",1.8,6561,"Long",2052,1000,0,0.003,13401.6344297638,9626.57300047825,18738.7267460379,0.473,5124.90724554922,3435.65605795884,0,13324.5772652632
26,"Fcap_1.80_Besc_6561_sigmaR_0.216_SE_reference_AE_historical",1.8,6561,"Long",2053,1000,0,0.005,13314.3987074847,9431.75280777626,18674.65915246,0.497,4842.01780465977,467.690829812683,0,13315.1768168284
26,"Fcap_1.80_Besc_6561_sigmaR_0.216_SE_reference_AE_historical",1.8,6561,"Long",2054,1000,0.001,0.005,13375.1041153527,9104.74417239087,18395.9358943354,0.468,4873.15395180352,3499.08539202573,0,12239.5922988619
26,"Fcap_1.80_Besc_6561_sigmaR_0.216_SE_reference_AE_historical",1.8,6561,"Full",2025,1000,0,0,13705.062778085,12094.5901093984,16402.1227010762,0.468,4206.87313408607,2299.74817622547,0,11051.9917493635
26,"Fcap_1.80_Besc_6561_sigmaR_0.216_SE_reference_AE_historical",1.8,6561,"Full",2026,1000,0,0,13722.9451399087,10128.8692261722,18785.3106346052,0.44,5152.18321246135,5985.25127392911,0,12254.2668231507
26,"Fcap_1.80_Besc_6561_sigmaR_0.216_SE_reference_AE_historical",1.8,6561,"Full",2027,1000,0,0.002,13424.9045595231,9493.87108088209,18842.0338606631,0.471,4748.36467151658,2733.48378179347,0,12432.3811143916
26,"Fcap_1.80_Besc_6561_sigmaR_0.216_SE_reference_AE_historical",1.8,6561,"Full",2028,1000,0,0,13543.8452509994,9822.47581871697,18107.4306667947,0.451,5086.65751246669,3854.7667829533,0,12389.1152790562
26,"Fcap_1.80_Besc_6561_sigmaR_0.216_SE_reference_AE_historical",1.8,6561,"Full",2029,1000,0.002,0.006,13429.2368933031,9148.94504794024,18474.0621261544,0.488,4665.78960012732,1244.16375974066,0,12567.0313766222
26,"Fcap_1.80_Besc_6561_sigmaR_0.216_SE_reference_AE_historical",1.8,6561,"Full",2030,1000,0,0.004,13423.8827127891,9403.78629330629,18580.0226963092,0.47,4894.7805069478,2614.06760161574,0,13143.280445823
26,"Fcap_1.80_Besc_6561_sigmaR_0.216_SE_reference_AE_historical",1.8,6561,"Full",2031,1000,0,0.007,13338.9534785414,9243.6078570619,18221.0366830645,0.505,4593.6041224465,0,0,12568.5090719062
26,"Fcap_1.80_Besc_6561_sigmaR_0.216_SE_reference_AE_historical",1.8,6561,"Full",2032,1000,0.001,0.006,13380.2231817761,9477.01995941955,18588.8777906259,0.493,4740.4297719194,1071.6695132671,0,12697.8409915915
26,"Fcap_1.80_Besc_6561_sigmaR_0.216_SE_reference_AE_historical",1.8,6561,"Full",2033,1000,0.001,0.002,13475.349458763,9320.26737667116,18581.2620060072,0.47,5010.42678485895,2682.04035925217,0,13403.3188733608
26,"Fcap_1.80_Besc_6561_sigmaR_0.216_SE_reference_AE_historical",1.8,6561,"Full",2034,1000,0.001,0.004,13425.8282656413,9422.68575665801,18536.3303403436,0.464,5225.38686727733,4330.8044122079,0,13025.2382593487
26,"Fcap_1.80_Besc_6561_sigmaR_0.216_SE_reference_AE_historical",1.8,6561,"Full",2035,1000,0.001,0.009,13225.2023375079,9263.82015602594,18429.2163118297,0.492,4758.0214741494,1202.29689285693,0,12325.5835078877
26,"Fcap_1.80_Besc_6561_sigmaR_0.216_SE_reference_AE_historical",1.8,6561,"Full",2036,1000,0,0.005,13328.9018033302,9397.17522031077,18735.7724946302,0.49,4783.11494293969,1763.36759505835,0,12624.1520672269
26,"Fcap_1.80_Besc_6561_sigmaR_0.216_SE_reference_AE_historical",1.8,6561,"Full",2037,1000,0.002,0.004,13373.0668592854,9425.76797099867,18043.9415355536,0.501,4603.31624082909,0,0,12217.0191024663
26,"Fcap_1.80_Besc_6561_sigmaR_0.216_SE_reference_AE_historical",1.8,6561,"Full",2038,1000,0.001,0.002,13222.6008613166,9545.06113710328,18337.1338272639,0.465,5073.24441262856,3419.85142204205,0,13038.2028150379
26,"Fcap_1.80_Besc_6561_sigmaR_0.216_SE_reference_AE_historical",1.8,6561,"Full",2039,1000,0,0.004,13336.3843188574,9212.10114550825,18058.6469295579,0.498,4769.12440582126,217.766525250997,0,12655.1956180914
26,"Fcap_1.80_Besc_6561_sigmaR_0.216_SE_reference_AE_historical",1.8,6561,"Full",2040,1000,0,0.006,13339.2993882724,9507.45393365027,18468.7644355377,0.46,5086.96952293689,4661.74996186487,0,12624.7934309471
26,"Fcap_1.80_Besc_6561_sigmaR_0.216_SE_reference_AE_historical",1.8,6561,"Full",2041,1000,0,0.005,13364.2465048245,9219.79547512031,18212.3998511896,0.482,4941.68420706736,3032.84058817654,0,12507.6680495544
26,"Fcap_1.80_Besc_6561_sigmaR_0.216_SE_reference_AE_historical",1.8,6561,"Full",2042,1000,0,0.003,13330.1908117492,9227.06188662114,18418.3043110407,0.486,4889.53881271327,1923.17171356247,0,12627.1202734059
26,"Fcap_1.80_Besc_6561_sigmaR_0.216_SE_reference_AE_historical",1.8,6561,"Full",2043,1000,0,0.001,13153.0885417733,9475.53480295146,18114.2616141983,0.49,4708.10393151861,1488.23781291134,0,12374.854501818
26,"Fcap_1.80_Besc_6561_sigmaR_0.216_SE_reference_AE_historical",1.8,6561,"Full",2044,1000,0.001,0.004,13224.823823209,9560.60689863085,18593.1032371297,0.489,4930.04637063091,2019.09048964107,0,12995.5048921009
26,"Fcap_1.80_Besc_6561_sigmaR_0.216_SE_reference_AE_historical",1.8,6561,"Full",2045,1000,0.002,0.005,13294.3708810341,9314.72892424317,18320.5955908315,0.483,4967.18611009366,2157.82055184124,0,13080.2650646349
26,"Fcap_1.80_Besc_6561_sigmaR_0.216_SE_reference_AE_historical",1.8,6561,"Full",2046,1000,0.002,0.008,13354.6044642343,9304.12438107838,18324.8378044524,0.491,4797.3497955246,1278.01442128,0,12654.5148826139
26,"Fcap_1.80_Besc_6561_sigmaR_0.216_SE_reference_AE_historical",1.8,6561,"Full",2047,1000,0.001,0.004,13436.1003361888,9776.75244135694,18834.8541629427,0.469,5099.21328502626,3763.70430680037,0,13338.9088022601
26,"Fcap_1.80_Besc_6561_sigmaR_0.216_SE_reference_AE_historical",1.8,6561,"Full",2048,1000,0.003,0.006,13524.4198511635,9314.35049066256,18584.4803645159,0.464,5144.02230608946,4281.92179958652,0,13018.4971677292
26,"Fcap_1.80_Besc_6561_sigmaR_0.216_SE_reference_AE_historical",1.8,6561,"Full",2049,1000,0,0.006,13139.9991593711,9319.82079446761,18558.5675203535,0.522,4530.11610527905,0,0,12799.2544949251
26,"Fcap_1.80_Besc_6561_sigmaR_0.216_SE_reference_AE_historical",1.8,6561,"Full",2050,1000,0.002,0.004,13497.1313957994,9740.22183570662,19049.6864303921,0.443,5467.25596759706,6415.22064788239,0,14013.4913397199
26,"Fcap_1.80_Besc_6561_sigmaR_0.216_SE_reference_AE_historical",1.8,6561,"Full",2051,1000,0.001,0.01,13278.6716423122,9257.61127767134,18555.1440628488,0.486,4864.5827933477,2501.2261408478,0,12876.3731760038
26,"Fcap_1.80_Besc_6561_sigmaR_0.216_SE_reference_AE_historical",1.8,6561,"Full",2052,1000,0,0.003,13401.6344297638,9626.57300047825,18738.7267460379,0.473,5124.90724554922,3435.65605795884,0,13324.5772652632
26,"Fcap_1.80_Besc_6561_sigmaR_0.216_SE_reference_AE_historical",1.8,6561,"Full",2053,1000,0,0.005,13314.3987074847,9431.75280777626,18674.65915246,0.497,4842.01780465977,467.690829812683,0,13315.1768168284
26,"Fcap_1.80_Besc_6561_sigmaR_0.216_SE_reference_AE_historical",1.8,6561,"Full",2054,1000,0.001,0.005,13375.1041153527,9104.74417239087,18395.9358943354,0.468,4873.15395180352,3499.08539202573,0,12239.5922988619
27,"Fcap_1.80_Besc_7250_sigmaR_0.216_SE_reference_AE_historical",1.8,7250,"Short",2025,1000,0,0,13931.3329085382,12135.8179097045,16782.0474924443,0.681,2595.67478027274,0,0,10994.8355702266
27,"Fcap_1.80_Besc_7250_sigmaR_0.216_SE_reference_AE_historical",1.8,7250,"Short",2026,1000,0,0,14327.0478936613,10774.8824660699,19293.8056670216,0.458,5141.47382242487,4139.58606416868,0,12531.5201538819
27,"Fcap_1.80_Besc_7250_sigmaR_0.216_SE_reference_AE_historical",1.8,7250,"Short",2027,1000,0,0.001,13906.9287793962,9592.09889615496,19089.8563140628,0.612,3684.53169065695,0,0,12451.0151941558
27,"Fcap_1.80_Besc_7250_sigmaR_0.216_SE_reference_AE_historical",1.8,7250,"Short",2028,1000,0,0,14095.9655757009,10423.8173765416,18574.8896730677,0.527,4758.04762926984,0,0,14518.648389221
27,"Fcap_1.80_Besc_7250_sigmaR_0.216_SE_reference_AE_historical",1.8,7250,"Short",2029,1000,0.003,0.008,13840.9089372509,9165.09824719387,18980.443343221,0.579,4151.78683411655,0,0,13678.0572044534
27,"Fcap_1.80_Besc_7250_sigmaR_0.216_SE_reference_AE_historical",1.8,7250,"Short",2030,1000,0.001,0.004,13853.6363681121,9524.97818088787,19159.2501968569,0.586,4219.92248407355,0,0,14302.7126196964
27,"Fcap_1.80_Besc_7250_sigmaR_0.216_SE_reference_AE_historical",1.8,7250,"Short",2031,1000,0,0.005,13759.5778672808,9241.90070182359,18675.708934907,0.596,4070.2072074508,0,0,13583.3360016586
27,"Fcap_1.80_Besc_7250_sigmaR_0.216_SE_reference_AE_historical",1.8,7250,"Short",2032,1000,0.001,0.012,13872.5470289435,9775.73037884808,18901.6259929874,0.588,4347.06255496304,0,0,14786.2782267292
27,"Fcap_1.80_Besc_7250_sigmaR_0.216_SE_reference_AE_historical",1.8,7250,"Short",2033,1000,0.003,0.01,13836.6458261135,9252.53150994205,18961.1746903767,0.564,4644.73512659057,0,0,16310.7319125852
27,"Fcap_1.80_Besc_7250_sigmaR_0.216_SE_reference_AE_historical",1.8,7250,"Short",2034,1000,0.002,0.009,13927.9504598164,9259.56789101779,19032.2033230178,0.571,4469.57985565155,0,0,14471.4649215457
27,"Fcap_1.80_Besc_7250_sigmaR_0.216_SE_reference_AE_historical",1.8,7250,"Medium",2035,1000,0.002,0.013,13771.9799000267,9255.81546769056,19131.8075195791,0.586,4331.49805629662,0,0,13979.7616158784
27,"Fcap_1.80_Besc_7250_sigmaR_0.216_SE_reference_AE_historical",1.8,7250,"Medium",2036,1000,0,0.009,13681.5508963039,9407.6418664472,18951.1265145413,0.577,4388.91791219636,0,0,13954.9871833008
27,"Fcap_1.80_Besc_7250_sigmaR_0.216_SE_reference_AE_historical",1.8,7250,"Medium",2037,1000,0.001,0.005,13732.1966433328,9489.64459105583,18621.3864478492,0.602,4003.22039358249,0,0,13816.4741836735
27,"Fcap_1.80_Besc_7250_sigmaR_0.216_SE_reference_AE_historical",1.8,7250,"Medium",2038,1000,0.002,0.005,13791.3906100327,9345.54072730414,18734.8748712988,0.573,4492.47133050789,0,0,14972.1693595724
27,"Fcap_1.80_Besc_7250_sigmaR_0.216_SE_reference_AE_historical",1.8,7250,"Medium",2039,1000,0.001,0.007,13820.1116869946,9234.77813803711,18330.3250082322,0.571,4662.95794229902,0,0,17150.6573620292
27,"Fcap_1.80_Besc_7250_sigmaR_0.216_SE_reference_AE_historical",1.8,7250,"Medium",2040,1000,0,0.008,13809.0214402227,9279.09571331959,18950.3740735988,0.599,4138.98090262766,0,0,13633.4670440398
27,"Fcap_1.80_Besc_7250_sigmaR_0.216_SE_reference_AE_historical",1.8,7250,"Medium",2041,1000,0.002,0.008,13873.1731831414,9370.73354539993,18901.1951400475,0.559,4592.11911004054,0,0,15151.7139719565
27,"Fcap_1.80_Besc_7250_sigmaR_0.216_SE_reference_AE_historical",1.8,7250,"Medium",2042,1000,0,0.008,13935.9097073703,9164.53475601849,18613.352452556,0.59,4299.02424126102,0,0,14078.4671586193
27,"Fcap_1.80_Besc_7250_sigmaR_0.216_SE_reference_AE_historical",1.8,7250,"Medium",2043,1000,0,0.008,13638.8085812604,9095.14610552496,18591.7159990329,0.582,4361.39075068998,0,0,15492.2408762478
27,"Fcap_1.80_Besc_7250_sigmaR_0.216_SE_reference_AE_historical",1.8,7250,"Medium",2044,1000,0.001,0.013,13775.866256637,9432.74086683845,18813.9805824841,0.578,4353.20094680536,0,0,14137.9117493113
27,"Fcap_1.80_Besc_7250_sigmaR_0.216_SE_reference_AE_historical",1.8,7250,"Long",2045,1000,0.004,0.008,13819.4073813095,9361.82469420841,18723.9877330711,0.564,4658.62982319277,0,0,16361.4576571068
27,"Fcap_1.80_Besc_7250_sigmaR_0.216_SE_reference_AE_historical",1.8,7250,"Long",2046,1000,0.003,0.01,13794.0054224037,9272.79917245424,18643.9270226311,0.591,4147.16334623819,0,0,13378.1180227421
27,"Fcap_1.80_Besc_7250_sigmaR_0.216_SE_reference_AE_historical",1.8,7250,"Long",2047,1000,0.004,0.008,13924.5849754745,9887.30629345088,19209.3399858366,0.557,4702.75555812732,0,0,16126.3538462953
27,"Fcap_1.80_Besc_7250_sigmaR_0.216_SE_reference_AE_historical",1.8,7250,"Long",2048,1000,0.003,0.006,13920.8715269867,9243.0758096748,18942.3322189932,0.57,4620.36224003915,0,0,15716.9923431255
27,"Fcap_1.80_Besc_7250_sigmaR_0.216_SE_reference_AE_historical",1.8,7250,"Long",2049,1000,0.004,0.015,13645.3550374872,9251.8209605105,18987.236230198,0.601,4178.19741383611,0,0,14135.2700651102
27,"Fcap_1.80_Besc_7250_sigmaR_0.216_SE_reference_AE_historical",1.8,7250,"Long",2050,1000,0.002,0.01,13998.0453709847,9367.31328427921,19182.8069001829,0.544,4719.99662422667,0,0,14648.6778601534
27,"Fcap_1.80_Besc_7250_sigmaR_0.216_SE_reference_AE_historical",1.8,7250,"Long",2051,1000,0.002,0.009,13857.9543677629,9466.16237113335,18985.2994404171,0.572,4413.16389273193,0,0,13946.7235196705
27,"Fcap_1.80_Besc_7250_sigmaR_0.216_SE_reference_AE_historical",1.8,7250,"Long",2052,1000,0,0.008,13843.9004486015,9383.51408507542,19142.94032927,0.544,4780.63821846752,0,0,15167.904512955
27,"Fcap_1.80_Besc_7250_sigmaR_0.216_SE_reference_AE_historical",1.8,7250,"Long",2053,1000,0.001,0.004,13720.1846426251,9218.79438623665,19187.4374297174,0.607,4156.25654614823,0,0,14355.3309606519
27,"Fcap_1.80_Besc_7250_sigmaR_0.216_SE_reference_AE_historical",1.8,7250,"Long",2054,1000,0.001,0.007,13831.9590606176,9513.57253202827,19020.5423135317,0.554,4288.2534179189,0,0,12960.7805165362
27,"Fcap_1.80_Besc_7250_sigmaR_0.216_SE_reference_AE_historical",1.8,7250,"Full",2025,1000,0,0,13931.3329085382,12135.8179097045,16782.0474924443,0.681,2595.67478027274,0,0,10994.8355702266
27,"Fcap_1.80_Besc_7250_sigmaR_0.216_SE_reference_AE_historical",1.8,7250,"Full",2026,1000,0,0,14327.0478936613,10774.8824660699,19293.8056670216,0.458,5141.47382242487,4139.58606416868,0,12531.5201538819
27,"Fcap_1.80_Besc_7250_sigmaR_0.216_SE_reference_AE_historical",1.8,7250,"Full",2027,1000,0,0.001,13906.9287793962,9592.09889615496,19089.8563140628,0.612,3684.53169065695,0,0,12451.0151941558
27,"Fcap_1.80_Besc_7250_sigmaR_0.216_SE_reference_AE_historical",1.8,7250,"Full",2028,1000,0,0,14095.9655757009,10423.8173765416,18574.8896730677,0.527,4758.04762926984,0,0,14518.648389221
27,"Fcap_1.80_Besc_7250_sigmaR_0.216_SE_reference_AE_historical",1.8,7250,"Full",2029,1000,0.003,0.008,13840.9089372509,9165.09824719387,18980.443343221,0.579,4151.78683411655,0,0,13678.0572044534
27,"Fcap_1.80_Besc_7250_sigmaR_0.216_SE_reference_AE_historical",1.8,7250,"Full",2030,1000,0.001,0.004,13853.6363681121,9524.97818088787,19159.2501968569,0.586,4219.92248407355,0,0,14302.7126196964
27,"Fcap_1.80_Besc_7250_sigmaR_0.216_SE_reference_AE_historical",1.8,7250,"Full",2031,1000,0,0.005,13759.5778672808,9241.90070182359,18675.708934907,0.596,4070.2072074508,0,0,13583.3360016586
27,"Fcap_1.80_Besc_7250_sigmaR_0.216_SE_reference_AE_historical",1.8,7250,"Full",2032,1000,0.001,0.012,13872.5470289435,9775.73037884808,18901.6259929874,0.588,4347.06255496304,0,0,14786.2782267292
27,"Fcap_1.80_Besc_7250_sigmaR_0.216_SE_reference_AE_historical",1.8,7250,"Full",2033,1000,0.003,0.01,13836.6458261135,9252.53150994205,18961.1746903767,0.564,4644.73512659057,0,0,16310.7319125852
27,"Fcap_1.80_Besc_7250_sigmaR_0.216_SE_reference_AE_historical",1.8,7250,"Full",2034,1000,0.002,0.009,13927.9504598164,9259.56789101779,19032.2033230178,0.571,4469.57985565155,0,0,14471.4649215457
27,"Fcap_1.80_Besc_7250_sigmaR_0.216_SE_reference_AE_historical",1.8,7250,"Full",2035,1000,0.002,0.013,13771.9799000267,9255.81546769056,19131.8075195791,0.586,4331.49805629662,0,0,13979.7616158784
27,"Fcap_1.80_Besc_7250_sigmaR_0.216_SE_reference_AE_historical",1.8,7250,"Full",2036,1000,0,0.009,13681.5508963039,9407.6418664472,18951.1265145413,0.577,4388.91791219636,0,0,13954.9871833008
27,"Fcap_1.80_Besc_7250_sigmaR_0.216_SE_reference_AE_historical",1.8,7250,"Full",2037,1000,0.001,0.005,13732.1966433328,9489.64459105583,18621.3864478492,0.602,4003.22039358249,0,0,13816.4741836735
27,"Fcap_1.80_Besc_7250_sigmaR_0.216_SE_reference_AE_historical",1.8,7250,"Full",2038,1000,0.002,0.005,13791.3906100327,9345.54072730414,18734.8748712988,0.573,4492.47133050789,0,0,14972.1693595724
27,"Fcap_1.80_Besc_7250_sigmaR_0.216_SE_reference_AE_historical",1.8,7250,"Full",2039,1000,0.001,0.007,13820.1116869946,9234.77813803711,18330.3250082322,0.571,4662.95794229902,0,0,17150.6573620292
27,"Fcap_1.80_Besc_7250_sigmaR_0.216_SE_reference_AE_historical",1.8,7250,"Full",2040,1000,0,0.008,13809.0214402227,9279.09571331959,18950.3740735988,0.599,4138.98090262766,0,0,13633.4670440398
27,"Fcap_1.80_Besc_7250_sigmaR_0.216_SE_reference_AE_historical",1.8,7250,"Full",2041,1000,0.002,0.008,13873.1731831414,9370.73354539993,18901.1951400475,0.559,4592.11911004054,0,0,15151.7139719565
27,"Fcap_1.80_Besc_7250_sigmaR_0.216_SE_reference_AE_historical",1.8,7250,"Full",2042,1000,0,0.008,13935.9097073703,9164.53475601849,18613.352452556,0.59,4299.02424126102,0,0,14078.4671586193
27,"Fcap_1.80_Besc_7250_sigmaR_0.216_SE_reference_AE_historical",1.8,7250,"Full",2043,1000,0,0.008,13638.8085812604,9095.14610552496,18591.7159990329,0.582,4361.39075068998,0,0,15492.2408762478
27,"Fcap_1.80_Besc_7250_sigmaR_0.216_SE_reference_AE_historical",1.8,7250,"Full",2044,1000,0.001,0.013,13775.866256637,9432.74086683845,18813.9805824841,0.578,4353.20094680536,0,0,14137.9117493113
27,"Fcap_1.80_Besc_7250_sigmaR_0.216_SE_reference_AE_historical",1.8,7250,"Full",2045,1000,0.004,0.008,13819.4073813095,9361.82469420841,18723.9877330711,0.564,4658.62982319277,0,0,16361.4576571068
27,"Fcap_1.80_Besc_7250_sigmaR_0.216_SE_reference_AE_historical",1.8,7250,"Full",2046,1000,0.003,0.01,13794.0054224037,9272.79917245424,18643.9270226311,0.591,4147.16334623819,0,0,13378.1180227421
27,"Fcap_1.80_Besc_7250_sigmaR_0.216_SE_reference_AE_historical",1.8,7250,"Full",2047,1000,0.004,0.008,13924.5849754745,9887.30629345088,19209.3399858366,0.557,4702.75555812732,0,0,16126.3538462953
27,"Fcap_1.80_Besc_7250_sigmaR_0.216_SE_reference_AE_historical",1.8,7250,"Full",2048,1000,0.003,0.006,13920.8715269867,9243.0758096748,18942.3322189932,0.57,4620.36224003915,0,0,15716.9923431255
27,"Fcap_1.80_Besc_7250_sigmaR_0.216_SE_reference_AE_historical",1.8,7250,"Full",2049,1000,0.004,0.015,13645.3550374872,9251.8209605105,18987.236230198,0.601,4178.19741383611,0,0,14135.2700651102
27,"Fcap_1.80_Besc_7250_sigmaR_0.216_SE_reference_AE_historical",1.8,7250,"Full",2050,1000,0.002,0.01,13998.0453709847,9367.31328427921,19182.8069001829,0.544,4719.99662422667,0,0,14648.6778601534
27,"Fcap_1.80_Besc_7250_sigmaR_0.216_SE_reference_AE_historical",1.8,7250,"Full",2051,1000,0.002,0.009,13857.9543677629,9466.16237113335,18985.2994404171,0.572,4413.16389273193,0,0,13946.7235196705
27,"Fcap_1.80_Besc_7250_sigmaR_0.216_SE_reference_AE_historical",1.8,7250,"Full",2052,1000,0,0.008,13843.9004486015,9383.51408507542,19142.94032927,0.544,4780.63821846752,0,0,15167.904512955
27,"Fcap_1.80_Besc_7250_sigmaR_0.216_SE_reference_AE_historical",1.8,7250,"Full",2053,1000,0.001,0.004,13720.1846426251,9218.79438623665,19187.4374297174,0.607,4156.25654614823,0,0,14355.3309606519
27,"Fcap_1.80_Besc_7250_sigmaR_0.216_SE_reference_AE_historical",1.8,7250,"Full",2054,1000,0.001,0.007,13831.9590606176,9513.57253202827,19020.5423135317,0.554,4288.2534179189,0,0,12960.7805165362
28,"Fcap_1.80_Besc_8000_sigmaR_0.216_SE_reference_AE_historical",1.8,8000,"Short",2025,1000,0,0,14013.9318439866,12135.8179097045,17098.4283061386,0.824,1378.06941430042,0,0,10633.1536274857
28,"Fcap_1.80_Besc_8000_sigmaR_0.216_SE_reference_AE_historical",1.8,8000,"Short",2026,1000,0,0,15093.1306025515,11252.347493135,20005.1246265894,0.552,4342.6651518227,0,0,13001.8625004073
28,"Fcap_1.80_Besc_8000_sigmaR_0.216_SE_reference_AE_historical",1.8,8000,"Short",2027,1000,0,0.001,14638.0194795321,9966.54221024248,19587.9693754506,0.679,3012.82183435652,0,0,12351.4627953803
28,"Fcap_1.80_Besc_8000_sigmaR_0.216_SE_reference_AE_historical",1.8,8000,"Short",2028,1000,0,0,14704.1692452348,10748.8683207162,19244.1851987213,0.629,4175.89041032352,0,0,16719.9794678735
28,"Fcap_1.80_Besc_8000_sigmaR_0.216_SE_reference_AE_historical",1.8,8000,"Short",2029,1000,0.002,0.012,14337.170941816,9186.25309014358,19407.0625723022,0.674,3702.47832184246,0,0,15780.8575865088
28,"Fcap_1.80_Besc_8000_sigmaR_0.216_SE_reference_AE_historical",1.8,8000,"Short",2030,1000,0.001,0.008,14529.8428167808,9539.95043659569,19382.0061630368,0.671,3614.946387398,0,0,16109.6757483456
28,"Fcap_1.80_Besc_8000_sigmaR_0.216_SE_reference_AE_historical",1.8,8000,"Short",2031,1000,0,0.007,14283.6889869531,9388.75495000255,19157.985026364,0.7,3436.0750484501,0,0,15441.0967143695
28,"Fcap_1.80_Besc_8000_sigmaR_0.216_SE_reference_AE_historical",1.8,8000,"Short",2032,1000,0.001,0.012,14492.6115015667,9756.43519104608,19235.3100992248,0.663,3798.23577278401,0,0,16304.6542947499
28,"Fcap_1.80_Besc_8000_sigmaR_0.216_SE_reference_AE_historical",1.8,8000,"Short",2033,1000,0.001,0.011,14385.7662117769,9627.10811074763,19319.0737403581,0.661,3948.93634506745,0,0,19377.3199139499
28,"Fcap_1.80_Besc_8000_sigmaR_0.216_SE_reference_AE_historical",1.8,8000,"Short",2034,1000,0,0.007,14456.2878389318,9140.91185824104,19537.6211137146,0.674,3916.41524858054,0,0,18665.6857479707
28,"Fcap_1.80_Besc_8000_sigmaR_0.216_SE_reference_AE_historical",1.8,8000,"Medium",2035,1000,0.004,0.018,14288.2335018835,8992.08462895411,19293.5418223113,0.654,3866.1739192841,0,0,16892.191116559
28,"Fcap_1.80_Besc_8000_sigmaR_0.216_SE_reference_AE_historical",1.8,8000,"Medium",2036,1000,0.001,0.013,14365.1691179189,9263.4958523876,18943.4370797302,0.676,3791.18251037917,0,0,19405.137754172
28,"Fcap_1.80_Besc_8000_sigmaR_0.216_SE_reference_AE_historical",1.8,8000,"Medium",2037,1000,0.002,0.01,14234.5175961093,9224.83777324726,18777.9000845172,0.69,3422.31213960285,0,0,14794.4685134232
28,"Fcap_1.80_Besc_8000_sigmaR_0.216_SE_reference_AE_historical",1.8,8000,"Medium",2038,1000,0.001,0.011,14346.8638473602,9771.99882873618,19403.1044890365,0.684,3750.44594135843,0,0,17184.8488429672
28,"Fcap_1.80_Besc_8000_sigmaR_0.216_SE_reference_AE_historical",1.8,8000,"Medium",2039,1000,0.003,0.009,14493.0211793062,9287.36076993248,18909.4381284397,0.669,3787.32790027437,0,0,18720.9823508498
28,"Fcap_1.80_Besc_8000_sigmaR_0.216_SE_reference_AE_historical",1.8,8000,"Medium",2040,1000,0.002,0.009,14435.3212950261,9427.19418245664,19634.1493951469,0.692,3671.59339181939,0,0,19781.5107223697
28,"Fcap_1.80_Besc_8000_sigmaR_0.216_SE_reference_AE_historical",1.8,8000,"Medium",2041,1000,0.006,0.018,14421.5208756084,9307.83664694122,19303.9411420244,0.633,4215.66107316659,0,0,17773.1403328623
28,"Fcap_1.80_Besc_8000_sigmaR_0.216_SE_reference_AE_historical",1.8,8000,"Medium",2042,1000,0.001,0.008,14240.0313974339,8981.42829547126,19207.5916353345,0.686,3736.77254315589,0,0,18082.6342067695
28,"Fcap_1.80_Besc_8000_sigmaR_0.216_SE_reference_AE_historical",1.8,8000,"Medium",2043,1000,0.003,0.011,14321.4151507664,9399.34818256925,19145.813014855,0.697,3548.19996776776,0,0,18802.788370122
28,"Fcap_1.80_Besc_8000_sigmaR_0.216_SE_reference_AE_historical",1.8,8000,"Medium",2044,1000,0.002,0.011,14279.383769036,9493.63970620091,19636.7348989812,0.661,4053.82404058635,0,0,18526.8541476316
28,"Fcap_1.80_Besc_8000_sigmaR_0.216_SE_reference_AE_historical",1.8,8000,"Long",2045,1000,0.002,0.011,14255.9861667614,9158.22440031011,19097.5216924868,0.668,3983.45700798302,0,0,19841.1589708902
28,"Fcap_1.80_Besc_8000_sigmaR_0.216_SE_reference_AE_historical",1.8,8000,"Long",2046,1000,0.002,0.012,14298.332617966,9498.66464490515,19407.5130824838,0.669,3778.27634725388,0,0,15822.630880448
28,"Fcap_1.80_Besc_8000_sigmaR_0.216_SE_reference_AE_historical",1.8,8000,"Long",2047,1000,0.003,0.011,14384.6692194214,10099.4702759282,19392.9965390238,0.68,3784.48824876521,0,0,18296.887834299
28,"Fcap_1.80_Besc_8000_sigmaR_0.216_SE_reference_AE_historical",1.8,8000,"Long",2048,1000,0.003,0.009,14476.2054897826,9379.87238272392,19745.4672358742,0.657,3993.89140305715,0,0,18263.5540109602
28,"Fcap_1.80_Besc_8000_sigmaR_0.216_SE_reference_AE_historical",1.8,8000,"Long",2049,1000,0.002,0.01,14166.8116665817,9704.88183648418,19463.183109355,0.685,3637.45216671802,0,0,15291.8893413912
28,"Fcap_1.80_Besc_8000_sigmaR_0.216_SE_reference_AE_historical",1.8,8000,"Long",2050,1000,0.001,0.009,14462.5164788074,9915.74271462991,19550.7204634472,0.648,4220.18048048283,0,0,19363.6826258705
28,"Fcap_1.80_Besc_8000_sigmaR_0.216_SE_reference_AE_historical",1.8,8000,"Long",2051,1000,0.002,0.013,14378.931477983,9497.6266080444,19567.8003886501,0.662,4016.06966219076,0,0,17566.6813139455
28,"Fcap_1.80_Besc_8000_sigmaR_0.216_SE_reference_AE_historical",1.8,8000,"Long",2052,1000,0.002,0.011,14299.5859203436,9230.88060458441,19507.5530394885,0.664,4049.37155318714,0,0,17672.1918040853
28,"Fcap_1.80_Besc_8000_sigmaR_0.216_SE_reference_AE_historical",1.8,8000,"Long",2053,1000,0.001,0.011,14271.8235274194,8907.38264378522,19501.3002375493,0.671,3859.12560774736,0,0,16970.8011385602
28,"Fcap_1.80_Besc_8000_sigmaR_0.216_SE_reference_AE_historical",1.8,8000,"Long",2054,1000,0.001,0.006,14376.4809599365,9274.21724042862,19394.7833455826,0.692,3468.71405970487,0,0,14622.5110057091
28,"Fcap_1.80_Besc_8000_sigmaR_0.216_SE_reference_AE_historical",1.8,8000,"Full",2025,1000,0,0,14013.9318439866,12135.8179097045,17098.4283061386,0.824,1378.06941430042,0,0,10633.1536274857
28,"Fcap_1.80_Besc_8000_sigmaR_0.216_SE_reference_AE_historical",1.8,8000,"Full",2026,1000,0,0,15093.1306025515,11252.347493135,20005.1246265894,0.552,4342.6651518227,0,0,13001.8625004073
28,"Fcap_1.80_Besc_8000_sigmaR_0.216_SE_reference_AE_historical",1.8,8000,"Full",2027,1000,0,0.001,14638.0194795321,9966.54221024248,19587.9693754506,0.679,3012.82183435652,0,0,12351.4627953803
28,"Fcap_1.80_Besc_8000_sigmaR_0.216_SE_reference_AE_historical",1.8,8000,"Full",2028,1000,0,0,14704.1692452348,10748.8683207162,19244.1851987213,0.629,4175.89041032352,0,0,16719.9794678735
28,"Fcap_1.80_Besc_8000_sigmaR_0.216_SE_reference_AE_historical",1.8,8000,"Full",2029,1000,0.002,0.012,14337.170941816,9186.25309014358,19407.0625723022,0.674,3702.47832184246,0,0,15780.8575865088
28,"Fcap_1.80_Besc_8000_sigmaR_0.216_SE_reference_AE_historical",1.8,8000,"Full",2030,1000,0.001,0.008,14529.8428167808,9539.95043659569,19382.0061630368,0.671,3614.946387398,0,0,16109.6757483456
28,"Fcap_1.80_Besc_8000_sigmaR_0.216_SE_reference_AE_historical",1.8,8000,"Full",2031,1000,0,0.007,14283.6889869531,9388.75495000255,19157.985026364,0.7,3436.0750484501,0,0,15441.0967143695
28,"Fcap_1.80_Besc_8000_sigmaR_0.216_SE_reference_AE_historical",1.8,8000,"Full",2032,1000,0.001,0.012,14492.6115015667,9756.43519104608,19235.3100992248,0.663,3798.23577278401,0,0,16304.6542947499
28,"Fcap_1.80_Besc_8000_sigmaR_0.216_SE_reference_AE_historical",1.8,8000,"Full",2033,1000,0.001,0.011,14385.7662117769,9627.10811074763,19319.0737403581,0.661,3948.93634506745,0,0,19377.3199139499
28,"Fcap_1.80_Besc_8000_sigmaR_0.216_SE_reference_AE_historical",1.8,8000,"Full",2034,1000,0,0.007,14456.2878389318,9140.91185824104,19537.6211137146,0.674,3916.41524858054,0,0,18665.6857479707
28,"Fcap_1.80_Besc_8000_sigmaR_0.216_SE_reference_AE_historical",1.8,8000,"Full",2035,1000,0.004,0.018,14288.2335018835,8992.08462895411,19293.5418223113,0.654,3866.1739192841,0,0,16892.191116559
28,"Fcap_1.80_Besc_8000_sigmaR_0.216_SE_reference_AE_historical",1.8,8000,"Full",2036,1000,0.001,0.013,14365.1691179189,9263.4958523876,18943.4370797302,0.676,3791.18251037917,0,0,19405.137754172
28,"Fcap_1.80_Besc_8000_sigmaR_0.216_SE_reference_AE_historical",1.8,8000,"Full",2037,1000,0.002,0.01,14234.5175961093,9224.83777324726,18777.9000845172,0.69,3422.31213960285,0,0,14794.4685134232
28,"Fcap_1.80_Besc_8000_sigmaR_0.216_SE_reference_AE_historical",1.8,8000,"Full",2038,1000,0.001,0.011,14346.8638473602,9771.99882873618,19403.1044890365,0.684,3750.44594135843,0,0,17184.8488429672
28,"Fcap_1.80_Besc_8000_sigmaR_0.216_SE_reference_AE_historical",1.8,8000,"Full",2039,1000,0.003,0.009,14493.0211793062,9287.36076993248,18909.4381284397,0.669,3787.32790027437,0,0,18720.9823508498
28,"Fcap_1.80_Besc_8000_sigmaR_0.216_SE_reference_AE_historical",1.8,8000,"Full",2040,1000,0.002,0.009,14435.3212950261,9427.19418245664,19634.1493951469,0.692,3671.59339181939,0,0,19781.5107223697
28,"Fcap_1.80_Besc_8000_sigmaR_0.216_SE_reference_AE_historical",1.8,8000,"Full",2041,1000,0.006,0.018,14421.5208756084,9307.83664694122,19303.9411420244,0.633,4215.66107316659,0,0,17773.1403328623
28,"Fcap_1.80_Besc_8000_sigmaR_0.216_SE_reference_AE_historical",1.8,8000,"Full",2042,1000,0.001,0.008,14240.0313974339,8981.42829547126,19207.5916353345,0.686,3736.77254315589,0,0,18082.6342067695
28,"Fcap_1.80_Besc_8000_sigmaR_0.216_SE_reference_AE_historical",1.8,8000,"Full",2043,1000,0.003,0.011,14321.4151507664,9399.34818256925,19145.813014855,0.697,3548.19996776776,0,0,18802.788370122
28,"Fcap_1.80_Besc_8000_sigmaR_0.216_SE_reference_AE_historical",1.8,8000,"Full",2044,1000,0.002,0.011,14279.383769036,9493.63970620091,19636.7348989812,0.661,4053.82404058635,0,0,18526.8541476316
28,"Fcap_1.80_Besc_8000_sigmaR_0.216_SE_reference_AE_historical",1.8,8000,"Full",2045,1000,0.002,0.011,14255.9861667614,9158.22440031011,19097.5216924868,0.668,3983.45700798302,0,0,19841.1589708902
28,"Fcap_1.80_Besc_8000_sigmaR_0.216_SE_reference_AE_historical",1.8,8000,"Full",2046,1000,0.002,0.012,14298.332617966,9498.66464490515,19407.5130824838,0.669,3778.27634725388,0,0,15822.630880448
28,"Fcap_1.80_Besc_8000_sigmaR_0.216_SE_reference_AE_historical",1.8,8000,"Full",2047,1000,0.003,0.011,14384.6692194214,10099.4702759282,19392.9965390238,0.68,3784.48824876521,0,0,18296.887834299
28,"Fcap_1.80_Besc_8000_sigmaR_0.216_SE_reference_AE_historical",1.8,8000,"Full",2048,1000,0.003,0.009,14476.2054897826,9379.87238272392,19745.4672358742,0.657,3993.89140305715,0,0,18263.5540109602
28,"Fcap_1.80_Besc_8000_sigmaR_0.216_SE_reference_AE_historical",1.8,8000,"Full",2049,1000,0.002,0.01,14166.8116665817,9704.88183648418,19463.183109355,0.685,3637.45216671802,0,0,15291.8893413912
28,"Fcap_1.80_Besc_8000_sigmaR_0.216_SE_reference_AE_historical",1.8,8000,"Full",2050,1000,0.001,0.009,14462.5164788074,9915.74271462991,19550.7204634472,0.648,4220.18048048283,0,0,19363.6826258705
28,"Fcap_1.80_Besc_8000_sigmaR_0.216_SE_reference_AE_historical",1.8,8000,"Full",2051,1000,0.002,0.013,14378.931477983,9497.6266080444,19567.8003886501,0.662,4016.06966219076,0,0,17566.6813139455
28,"Fcap_1.80_Besc_8000_sigmaR_0.216_SE_reference_AE_historical",1.8,8000,"Full",2052,1000,0.002,0.011,14299.5859203436,9230.88060458441,19507.5530394885,0.664,4049.37155318714,0,0,17672.1918040853
28,"Fcap_1.80_Besc_8000_sigmaR_0.216_SE_reference_AE_historical",1.8,8000,"Full",2053,1000,0.001,0.011,14271.8235274194,8907.38264378522,19501.3002375493,0.671,3859.12560774736,0,0,16970.8011385602
28,"Fcap_1.80_Besc_8000_sigmaR_0.216_SE_reference_AE_historical",1.8,8000,"Full",2054,1000,0.001,0.006,14376.4809599365,9274.21724042862,19394.7833455826,0.692,3468.71405970487,0,0,14622.5110057091
