"scenario_number","scenario_id","Fcap","Besc","horizon","year","n","P_Blim","P_Bpa","SSB_median","SSB_p05","SSB_p95","P_closed","mean_catch","median_catch","p05_catch","p95_catch","robustness_id","reference_scenario_number","reference_scenario_id"
9,"S-C2__Fcap_1.50_Besc_5000_sigmaR_0.216_SE_reference_AE_historical",1.5,5000,"Short",2025,1000,0,0,12634.2885723405,11048.3568491135,15366.4111537768,0.076,6805.01239295596,7114.2624361844,0,9925.00856671432,"S-C2",9,"Fcap_1.50_Besc_5000_sigmaR_0.216_SE_reference_AE_historical"
9,"S-C2__Fcap_1.50_Besc_5000_sigmaR_0.216_SE_reference_AE_historical",1.5,5000,"Short",2026,1000,0,0,11916.0638887212,9128.86100299339,16889.20118453,0.272,4993.8555676956,6183.88119586442,0,9737.66476693814,"S-C2",9,"Fcap_1.50_Besc_5000_sigmaR_0.216_SE_reference_AE_historical"
9,"S-C2__Fcap_1.50_Besc_5000_sigmaR_0.216_SE_reference_AE_historical",1.5,5000,"Short",2027,1000,0,0,12254.0917932856,9263.15215424137,17249.0908122721,0.206,5759.41574752055,6754.50807900046,0,10302.5812410636,"S-C2",9,"Fcap_1.50_Besc_5000_sigmaR_0.216_SE_reference_AE_historical"
9,"S-C2__Fcap_1.50_Besc_5000_sigmaR_0.216_SE_reference_AE_historical",1.5,5000,"Short",2028,1000,0,0,12166.2555478218,9037.39073744192,16781.5240371973,0.258,5177.5560963384,6399.86865659885,0,9815.30284188511,"S-C2",9,"Fcap_1.50_Besc_5000_sigmaR_0.216_SE_reference_AE_historical"
9,"S-C2__Fcap_1.50_Besc_5000_sigmaR_0.216_SE_reference_AE_historical",1.5,5000,"Short",2029,1000,0,0.002,12143.9371145072,9095.33010307686,16949.9428798788,0.226,5395.54620223759,6477.87611475629,0,10127.7935538798,"S-C2",9,"Fcap_1.50_Besc_5000_sigmaR_0.216_SE_reference_AE_historical"
9,"S-C2__Fcap_1.50_Besc_5000_sigmaR_0.216_SE_reference_AE_historical",1.5,5000,"Short",2030,1000,0,0.003,12172.188024924,9091.11829672732,16913.8496651796,0.241,5042.50279168434,6093.74901286695,0,9799.38669342496,"S-C2",9,"Fcap_1.50_Besc_5000_sigmaR_0.216_SE_reference_AE_historical"
9,"S-C2__Fcap_1.50_Besc_5000_sigmaR_0.216_SE_reference_AE_historical",1.5,5000,"Short",2031,1000,0,0,12124.1704840841,9227.01538701274,16725.368704089,0.208,5174.68058781995,6151.6609734193,0,9781.96969340261,"S-C2",9,"Fcap_1.50_Besc_5000_sigmaR_0.216_SE_reference_AE_historical"
9,"S-C2__Fcap_1.50_Besc_5000_sigmaR_0.216_SE_reference_AE_historical",1.5,5000,"Short",2032,1000,0,0.001,12168.5004126697,9055.63714835522,16823.7760467662,0.218,5258.38589883622,6295.7435193289,0,9817.0615309357,"S-C2",9,"Fcap_1.50_Besc_5000_sigmaR_0.216_SE_reference_AE_historical"
9,"S-C2__Fcap_1.50_Besc_5000_sigmaR_0.216_SE_reference_AE_historical",1.5,5000,"Short",2033,1000,0.001,0.001,12292.5783452307,9285.99260268818,17126.972948892,0.213,5325.74030881454,6211.18161782704,0,9906.45423979678,"S-C2",9,"Fcap_1.50_Besc_5000_sigmaR_0.216_SE_reference_AE_historical"
9,"S-C2__Fcap_1.50_Besc_5000_sigmaR_0.216_SE_reference_AE_historical",1.5,5000,"Short",2034,1000,0,0.002,12279.1932170874,9413.25076534734,17200.8666415815,0.208,5385.47065213566,6218.70106161797,0,9874.50251845068,"S-C2",9,"Fcap_1.50_Besc_5000_sigmaR_0.216_SE_reference_AE_historical"
9,"S-C2__Fcap_1.50_Besc_5000_sigmaR_0.216_SE_reference_AE_historical",1.5,5000,"Medium",2035,1000,0,0.001,12087.2906485343,9176.09212506228,17107.5424975129,0.223,5196.40179660177,6178.84482127936,0,9784.87966784106,"S-C2",9,"Fcap_1.50_Besc_5000_sigmaR_0.216_SE_reference_AE_historical"
9,"S-C2__Fcap_1.50_Besc_5000_sigmaR_0.216_SE_reference_AE_historical",1.5,5000,"Medium",2036,1000,0,0.001,12193.4277586342,9140.63205210744,17045.5548380276,0.212,5244.26560194031,6239.66248969557,0,9503.24752030267,"S-C2",9,"Fcap_1.50_Besc_5000_sigmaR_0.216_SE_reference_AE_historical"
9,"S-C2__Fcap_1.50_Besc_5000_sigmaR_0.216_SE_reference_AE_historical",1.5,5000,"Medium",2037,1000,0,0.001,12093.1300565853,9290.24329432038,16347.8529492449,0.228,5180.72607195587,6285.31571478821,0,9498.13833576209,"S-C2",9,"Fcap_1.50_Besc_5000_sigmaR_0.216_SE_reference_AE_historical"
9,"S-C2__Fcap_1.50_Besc_5000_sigmaR_0.216_SE_reference_AE_historical",1.5,5000,"Medium",2038,1000,0,0,12051.4259549512,9193.04674039858,16909.3565784829,0.229,5161.18746204052,6275.66156485202,0,9602.22557102225,"S-C2",9,"Fcap_1.50_Besc_5000_sigmaR_0.216_SE_reference_AE_historical"
9,"S-C2__Fcap_1.50_Besc_5000_sigmaR_0.216_SE_reference_AE_historical",1.5,5000,"Medium",2039,1000,0,0.001,12247.3002808296,9257.37120657763,16725.1900547255,0.225,5258.06585191295,6205.50689068595,0,9796.7649662642,"S-C2",9,"Fcap_1.50_Besc_5000_sigmaR_0.216_SE_reference_AE_historical"
9,"S-C2__Fcap_1.50_Besc_5000_sigmaR_0.216_SE_reference_AE_historical",1.5,5000,"Medium",2040,1000,0,0,12154.9612077519,9413.68490290971,17188.5063592124,0.217,5216.91719775516,6316.42894812163,0,9665.15295748666,"S-C2",9,"Fcap_1.50_Besc_5000_sigmaR_0.216_SE_reference_AE_historical"
9,"S-C2__Fcap_1.50_Besc_5000_sigmaR_0.216_SE_reference_AE_historical",1.5,5000,"Medium",2041,1000,0,0,12281.167664764,9248.14518675751,17107.8648775685,0.214,5388.15354721976,6303.29348527188,0,9826.24586739476,"S-C2",9,"Fcap_1.50_Besc_5000_sigmaR_0.216_SE_reference_AE_historical"
9,"S-C2__Fcap_1.50_Besc_5000_sigmaR_0.216_SE_reference_AE_historical",1.5,5000,"Medium",2042,1000,0,0.002,12221.6792101597,9057.14308904053,16922.8383903693,0.227,5191.62598737258,6259.56606217378,0,9890.80274263044,"S-C2",9,"Fcap_1.50_Besc_5000_sigmaR_0.216_SE_reference_AE_historical"
9,"S-C2__Fcap_1.50_Besc_5000_sigmaR_0.216_SE_reference_AE_historical",1.5,5000,"Medium",2043,1000,0,0.002,12048.2411575684,9237.78456071212,16558.5917628159,0.21,5189.70145045976,6235.70049032663,0,9688.23995245369,"S-C2",9,"Fcap_1.50_Besc_5000_sigmaR_0.216_SE_reference_AE_historical"
9,"S-C2__Fcap_1.50_Besc_5000_sigmaR_0.216_SE_reference_AE_historical",1.5,5000,"Medium",2044,1000,0,0,12144.4531032817,9269.98252626899,16960.590524,0.201,5319.9788881642,6304.59859290224,0,9696.25889946499,"S-C2",9,"Fcap_1.50_Besc_5000_sigmaR_0.216_SE_reference_AE_historical"
9,"S-C2__Fcap_1.50_Besc_5000_sigmaR_0.216_SE_reference_AE_historical",1.5,5000,"Long",2045,1000,0,0.002,12141.9520811964,9196.95088816483,16934.1624714261,0.219,5217.10106977621,6251.88878586669,0,9661.31409246108,"S-C2",9,"Fcap_1.50_Besc_5000_sigmaR_0.216_SE_reference_AE_historical"
9,"S-C2__Fcap_1.50_Besc_5000_sigmaR_0.216_SE_reference_AE_historical",1.5,5000,"Long",2046,1000,0,0,12186.4839468453,9331.64095423319,17013.8612454266,0.206,5334.09801785907,6246.19150633209,0,9950.72881735312,"S-C2",9,"Fcap_1.50_Besc_5000_sigmaR_0.216_SE_reference_AE_historical"
9,"S-C2__Fcap_1.50_Besc_5000_sigmaR_0.216_SE_reference_AE_historical",1.5,5000,"Long",2047,1000,0,0.001,12349.0931912722,9358.32220911779,17445.1758625733,0.197,5514.79891701912,6409.84135893083,0,10072.5582101853,"S-C2",9,"Fcap_1.50_Besc_5000_sigmaR_0.216_SE_reference_AE_historical"
9,"S-C2__Fcap_1.50_Besc_5000_sigmaR_0.216_SE_reference_AE_historical",1.5,5000,"Long",2048,1000,0,0.001,12269.5088901164,9149.71062193008,17131.1554812926,0.229,5251.34076167125,6347.0913759874,0,9636.49735323759,"S-C2",9,"Fcap_1.50_Besc_5000_sigmaR_0.216_SE_reference_AE_historical"
9,"S-C2__Fcap_1.50_Besc_5000_sigmaR_0.216_SE_reference_AE_historical",1.5,5000,"Long",2049,1000,0,0.001,12132.0773369886,9225.0304083379,16885.0018796843,0.228,5224.69463968682,6222.1642951274,0,9891.1454017711,"S-C2",9,"Fcap_1.50_Besc_5000_sigmaR_0.216_SE_reference_AE_historical"
9,"S-C2__Fcap_1.50_Besc_5000_sigmaR_0.216_SE_reference_AE_historical",1.5,5000,"Long",2050,1000,0,0.001,12327.5719179529,9229.90934682355,17376.6221871218,0.193,5573.58622807553,6484.32650574268,0,10012.4640751646,"S-C2",9,"Fcap_1.50_Besc_5000_sigmaR_0.216_SE_reference_AE_historical"
9,"S-C2__Fcap_1.50_Besc_5000_sigmaR_0.216_SE_reference_AE_historical",1.5,5000,"Long",2051,1000,0,0.001,12099.4912291139,9202.82496069585,17158.1781161006,0.216,5312.51699927229,6178.91798827894,0,9748.03609181124,"S-C2",9,"Fcap_1.50_Besc_5000_sigmaR_0.216_SE_reference_AE_historical"
9,"S-C2__Fcap_1.50_Besc_5000_sigmaR_0.216_SE_reference_AE_historical",1.5,5000,"Long",2052,1000,0,0,12206.4643298122,9357.13266103336,17469.3189326142,0.222,5325.34378996584,6408.07114887294,0,9907.21077651236,"S-C2",9,"Fcap_1.50_Besc_5000_sigmaR_0.216_SE_reference_AE_historical"
9,"S-C2__Fcap_1.50_Besc_5000_sigmaR_0.216_SE_reference_AE_historical",1.5,5000,"Long",2053,1000,0,0,12151.5393818111,9322.16901238251,17428.9296837882,0.212,5361.06695779892,6298.29536316186,0,10062.4594467808,"S-C2",9,"Fcap_1.50_Besc_5000_sigmaR_0.216_SE_reference_AE_historical"
9,"S-C2__Fcap_1.50_Besc_5000_sigmaR_0.216_SE_reference_AE_historical",1.5,5000,"Long",2054,1000,0.001,0.003,12122.1549287354,9150.38034389032,17074.1342891853,0.222,5242.84285616935,6312.66564692191,0,9760.80270195153,"S-C2",9,"Fcap_1.50_Besc_5000_sigmaR_0.216_SE_reference_AE_historical"
9,"S-C2__Fcap_1.50_Besc_5000_sigmaR_0.216_SE_reference_AE_historical",1.5,5000,"Full",2025,1000,0,0,12634.2885723405,11048.3568491135,15366.4111537768,0.076,6805.01239295596,7114.2624361844,0,9925.00856671432,"S-C2",9,"Fcap_1.50_Besc_5000_sigmaR_0.216_SE_reference_AE_historical"
9,"S-C2__Fcap_1.50_Besc_5000_sigmaR_0.216_SE_reference_AE_historical",1.5,5000,"Full",2026,1000,0,0,11916.0638887212,9128.86100299339,16889.20118453,0.272,4993.8555676956,6183.88119586442,0,9737.66476693814,"S-C2",9,"Fcap_1.50_Besc_5000_sigmaR_0.216_SE_reference_AE_historical"
9,"S-C2__Fcap_1.50_Besc_5000_sigmaR_0.216_SE_reference_AE_historical",1.5,5000,"Full",2027,1000,0,0,12254.0917932856,9263.15215424137,17249.0908122721,0.206,5759.41574752055,6754.50807900046,0,10302.5812410636,"S-C2",9,"Fcap_1.50_Besc_5000_sigmaR_0.216_SE_reference_AE_historical"
9,"S-C2__Fcap_1.50_Besc_5000_sigmaR_0.216_SE_reference_AE_historical",1.5,5000,"Full",2028,1000,0,0,12166.2555478218,9037.39073744192,16781.5240371973,0.258,5177.5560963384,6399.86865659885,0,9815.30284188511,"S-C2",9,"Fcap_1.50_Besc_5000_sigmaR_0.216_SE_reference_AE_historical"
9,"S-C2__Fcap_1.50_Besc_5000_sigmaR_0.216_SE_reference_AE_historical",1.5,5000,"Full",2029,1000,0,0.002,12143.9371145072,9095.33010307686,16949.9428798788,0.226,5395.54620223759,6477.87611475629,0,10127.7935538798,"S-C2",9,"Fcap_1.50_Besc_5000_sigmaR_0.216_SE_reference_AE_historical"
9,"S-C2__Fcap_1.50_Besc_5000_sigmaR_0.216_SE_reference_AE_historical",1.5,5000,"Full",2030,1000,0,0.003,12172.188024924,9091.11829672732,16913.8496651796,0.241,5042.50279168434,6093.74901286695,0,9799.38669342496,"S-C2",9,"Fcap_1.50_Besc_5000_sigmaR_0.216_SE_reference_AE_historical"
9,"S-C2__Fcap_1.50_Besc_5000_sigmaR_0.216_SE_reference_AE_historical",1.5,5000,"Full",2031,1000,0,0,12124.1704840841,9227.01538701274,16725.368704089,0.208,5174.68058781995,6151.6609734193,0,9781.96969340261,"S-C2",9,"Fcap_1.50_Besc_5000_sigmaR_0.216_SE_reference_AE_historical"
9,"S-C2__Fcap_1.50_Besc_5000_sigmaR_0.216_SE_reference_AE_historical",1.5,5000,"Full",2032,1000,0,0.001,12168.5004126697,9055.63714835522,16823.7760467662,0.218,5258.38589883622,6295.7435193289,0,9817.0615309357,"S-C2",9,"Fcap_1.50_Besc_5000_sigmaR_0.216_SE_reference_AE_historical"
9,"S-C2__Fcap_1.50_Besc_5000_sigmaR_0.216_SE_reference_AE_historical",1.5,5000,"Full",2033,1000,0.001,0.001,12292.5783452307,9285.99260268818,17126.972948892,0.213,5325.74030881454,6211.18161782704,0,9906.45423979678,"S-C2",9,"Fcap_1.50_Besc_5000_sigmaR_0.216_SE_reference_AE_historical"
9,"S-C2__Fcap_1.50_Besc_5000_sigmaR_0.216_SE_reference_AE_historical",1.5,5000,"Full",2034,1000,0,0.002,12279.1932170874,9413.25076534734,17200.8666415815,0.208,5385.47065213566,6218.70106161797,0,9874.50251845068,"S-C2",9,"Fcap_1.50_Besc_5000_sigmaR_0.216_SE_reference_AE_historical"
9,"S-C2__Fcap_1.50_Besc_5000_sigmaR_0.216_SE_reference_AE_historical",1.5,5000,"Full",2035,1000,0,0.001,12087.2906485343,9176.09212506228,17107.5424975129,0.223,5196.40179660177,6178.84482127936,0,9784.87966784106,"S-C2",9,"Fcap_1.50_Besc_5000_sigmaR_0.216_SE_reference_AE_historical"
9,"S-C2__Fcap_1.50_Besc_5000_sigmaR_0.216_SE_reference_AE_historical",1.5,5000,"Full",2036,1000,0,0.001,12193.4277586342,9140.63205210744,17045.5548380276,0.212,5244.26560194031,6239.66248969557,0,9503.24752030267,"S-C2",9,"Fcap_1.50_Besc_5000_sigmaR_0.216_SE_reference_AE_historical"
9,"S-C2__Fcap_1.50_Besc_5000_sigmaR_0.216_SE_reference_AE_historical",1.5,5000,"Full",2037,1000,0,0.001,12093.1300565853,9290.24329432038,16347.8529492449,0.228,5180.72607195587,6285.31571478821,0,9498.13833576209,"S-C2",9,"Fcap_1.50_Besc_5000_sigmaR_0.216_SE_reference_AE_historical"
9,"S-C2__Fcap_1.50_Besc_5000_sigmaR_0.216_SE_reference_AE_historical",1.5,5000,"Full",2038,1000,0,0,12051.4259549512,9193.04674039858,16909.3565784829,0.229,5161.18746204052,6275.66156485202,0,9602.22557102225,"S-C2",9,"Fcap_1.50_Besc_5000_sigmaR_0.216_SE_reference_AE_historical"
9,"S-C2__Fcap_1.50_Besc_5000_sigmaR_0.216_SE_reference_AE_historical",1.5,5000,"Full",2039,1000,0,0.001,12247.3002808296,9257.37120657763,16725.1900547255,0.225,5258.06585191295,6205.50689068595,0,9796.7649662642,"S-C2",9,"Fcap_1.50_Besc_5000_sigmaR_0.216_SE_reference_AE_historical"
9,"S-C2__Fcap_1.50_Besc_5000_sigmaR_0.216_SE_reference_AE_historical",1.5,5000,"Full",2040,1000,0,0,12154.9612077519,9413.68490290971,17188.5063592124,0.217,5216.91719775516,6316.42894812163,0,9665.15295748666,"S-C2",9,"Fcap_1.50_Besc_5000_sigmaR_0.216_SE_reference_AE_historical"
9,"S-C2__Fcap_1.50_Besc_5000_sigmaR_0.216_SE_reference_AE_historical",1.5,5000,"Full",2041,1000,0,0,12281.167664764,9248.14518675751,17107.8648775685,0.214,5388.15354721976,6303.29348527188,0,9826.24586739476,"S-C2",9,"Fcap_1.50_Besc_5000_sigmaR_0.216_SE_reference_AE_historical"
9,"S-C2__Fcap_1.50_Besc_5000_sigmaR_0.216_SE_reference_AE_historical",1.5,5000,"Full",2042,1000,0,0.002,12221.6792101597,9057.14308904053,16922.8383903693,0.227,5191.62598737258,6259.56606217378,0,9890.80274263044,"S-C2",9,"Fcap_1.50_Besc_5000_sigmaR_0.216_SE_reference_AE_historical"
9,"S-C2__Fcap_1.50_Besc_5000_sigmaR_0.216_SE_reference_AE_historical",1.5,5000,"Full",2043,1000,0,0.002,12048.2411575684,9237.78456071212,16558.5917628159,0.21,5189.70145045976,6235.70049032663,0,9688.23995245369,"S-C2",9,"Fcap_1.50_Besc_5000_sigmaR_0.216_SE_reference_AE_historical"
9,"S-C2__Fcap_1.50_Besc_5000_sigmaR_0.216_SE_reference_AE_historical",1.5,5000,"Full",2044,1000,0,0,12144.4531032817,9269.98252626899,16960.590524,0.201,5319.9788881642,6304.59859290224,0,9696.25889946499,"S-C2",9,"Fcap_1.50_Besc_5000_sigmaR_0.216_SE_reference_AE_historical"
9,"S-C2__Fcap_1.50_Besc_5000_sigmaR_0.216_SE_reference_AE_historical",1.5,5000,"Full",2045,1000,0,0.002,12141.9520811964,9196.95088816483,16934.1624714261,0.219,5217.10106977621,6251.88878586669,0,9661.31409246108,"S-C2",9,"Fcap_1.50_Besc_5000_sigmaR_0.216_SE_reference_AE_historical"
9,"S-C2__Fcap_1.50_Besc_5000_sigmaR_0.216_SE_reference_AE_historical",1.5,5000,"Full",2046,1000,0,0,12186.4839468453,9331.64095423319,17013.8612454266,0.206,5334.09801785907,6246.19150633209,0,9950.72881735312,"S-C2",9,"Fcap_1.50_Besc_5000_sigmaR_0.216_SE_reference_AE_historical"
9,"S-C2__Fcap_1.50_Besc_5000_sigmaR_0.216_SE_reference_AE_historical",1.5,5000,"Full",2047,1000,0,0.001,12349.0931912722,9358.32220911779,17445.1758625733,0.197,5514.79891701912,6409.84135893083,0,10072.5582101853,"S-C2",9,"Fcap_1.50_Besc_5000_sigmaR_0.216_SE_reference_AE_historical"
9,"S-C2__Fcap_1.50_Besc_5000_sigmaR_0.216_SE_reference_AE_historical",1.5,5000,"Full",2048,1000,0,0.001,12269.5088901164,9149.71062193008,17131.1554812926,0.229,5251.34076167125,6347.0913759874,0,9636.49735323759,"S-C2",9,"Fcap_1.50_Besc_5000_sigmaR_0.216_SE_reference_AE_historical"
9,"S-C2__Fcap_1.50_Besc_5000_sigmaR_0.216_SE_reference_AE_historical",1.5,5000,"Full",2049,1000,0,0.001,12132.0773369886,9225.0304083379,16885.0018796843,0.228,5224.69463968682,6222.1642951274,0,9891.1454017711,"S-C2",9,"Fcap_1.50_Besc_5000_sigmaR_0.216_SE_reference_AE_historical"
9,"S-C2__Fcap_1.50_Besc_5000_sigmaR_0.216_SE_reference_AE_historical",1.5,5000,"Full",2050,1000,0,0.001,12327.5719179529,9229.90934682355,17376.6221871218,0.193,5573.58622807553,6484.32650574268,0,10012.4640751646,"S-C2",9,"Fcap_1.50_Besc_5000_sigmaR_0.216_SE_reference_AE_historical"
9,"S-C2__Fcap_1.50_Besc_5000_sigmaR_0.216_SE_reference_AE_historical",1.5,5000,"Full",2051,1000,0,0.001,12099.4912291139,9202.82496069585,17158.1781161006,0.216,5312.51699927229,6178.91798827894,0,9748.03609181124,"S-C2",9,"Fcap_1.50_Besc_5000_sigmaR_0.216_SE_reference_AE_historical"
9,"S-C2__Fcap_1.50_Besc_5000_sigmaR_0.216_SE_reference_AE_historical",1.5,5000,"Full",2052,1000,0,0,12206.4643298122,9357.13266103336,17469.3189326142,0.222,5325.34378996584,6408.07114887294,0,9907.21077651236,"S-C2",9,"Fcap_1.50_Besc_5000_sigmaR_0.216_SE_reference_AE_historical"
9,"S-C2__Fcap_1.50_Besc_5000_sigmaR_0.216_SE_reference_AE_historical",1.5,5000,"Full",2053,1000,0,0,12151.5393818111,9322.16901238251,17428.9296837882,0.212,5361.06695779892,6298.29536316186,0,10062.4594467808,"S-C2",9,"Fcap_1.50_Besc_5000_sigmaR_0.216_SE_reference_AE_historical"
9,"S-C2__Fcap_1.50_Besc_5000_sigmaR_0.216_SE_reference_AE_historical",1.5,5000,"Full",2054,1000,0.001,0.003,12122.1549287354,9150.38034389032,17074.1342891853,0.222,5242.84285616935,6312.66564692191,0,9760.80270195153,"S-C2",9,"Fcap_1.50_Besc_5000_sigmaR_0.216_SE_reference_AE_historical"
10,"S-C2__Fcap_1.50_Besc_6561_sigmaR_0.216_SE_reference_AE_historical",1.5,6561,"Short",2025,1000,0,0,13506.2120818994,11676.6898442381,15884.205884865,0.468,3821.93536256105,2299.79684273181,0,9890.19927243448,"S-C2",10,"Fcap_1.50_Besc_6561_sigmaR_0.216_SE_reference_AE_historical"
10,"S-C2__Fcap_1.50_Besc_6561_sigmaR_0.216_SE_reference_AE_historical",1.5,6561,"Short",2026,1000,0,0,13462.3998421537,10197.1051175987,18097.948437092,0.453,4473.77242544148,4562.7683852194,0,10908.272169031,"S-C2",10,"Fcap_1.50_Besc_6561_sigmaR_0.216_SE_reference_AE_historical"
10,"S-C2__Fcap_1.50_Besc_6561_sigmaR_0.216_SE_reference_AE_historical",1.5,6561,"Short",2027,1000,0,0.001,13314.1320983884,9662.27281442791,18290.8163368397,0.465,4266.2101985091,2832.66693854052,0,11052.0560609228,"S-C2",10,"Fcap_1.50_Besc_6561_sigmaR_0.216_SE_reference_AE_historical"
10,"S-C2__Fcap_1.50_Besc_6561_sigmaR_0.216_SE_reference_AE_historical",1.5,6561,"Short",2028,1000,0,0,13390.1903616636,9908.73206527871,17659.2736055543,0.457,4386.3941048137,2810.59525663864,0,10970.6918892447,"S-C2",10,"Fcap_1.50_Besc_6561_sigmaR_0.216_SE_reference_AE_historical"
10,"S-C2__Fcap_1.50_Besc_6561_sigmaR_0.216_SE_reference_AE_historical",1.5,6561,"Short",2029,1000,0.002,0.004,13333.3244780957,9564.08878251965,18016.7168583498,0.467,4101.05785414982,1815.78085987282,0,11007.9599828825,"S-C2",10,"Fcap_1.50_Besc_6561_sigmaR_0.216_SE_reference_AE_historical"
10,"S-C2__Fcap_1.50_Besc_6561_sigmaR_0.216_SE_reference_AE_historical",1.5,6561,"Short",2030,1000,0,0.002,13305.8682954852,9763.88809820757,18205.0998426414,0.466,4129.40377433852,2064.99219830167,0,11533.9300598949,"S-C2",10,"Fcap_1.50_Besc_6561_sigmaR_0.216_SE_reference_AE_historical"
10,"S-C2__Fcap_1.50_Besc_6561_sigmaR_0.216_SE_reference_AE_historical",1.5,6561,"Short",2031,1000,0,0.003,13273.3534288175,9700.75433730018,17711.4784025211,0.478,4026.45074765488,1339.46777671541,0,11113.1315847584,"S-C2",10,"Fcap_1.50_Besc_6561_sigmaR_0.216_SE_reference_AE_historical"
10,"S-C2__Fcap_1.50_Besc_6561_sigmaR_0.216_SE_reference_AE_historical",1.5,6561,"Short",2032,1000,0.001,0.004,13369.6240562901,9760.1900807693,18041.3288901769,0.47,4062.22302537941,1474.72053795899,0,11216.2023558923,"S-C2",10,"Fcap_1.50_Besc_6561_sigmaR_0.216_SE_reference_AE_historical"
10,"S-C2__Fcap_1.50_Besc_6561_sigmaR_0.216_SE_reference_AE_historical",1.5,6561,"Short",2033,1000,0,0.002,13437.7458727046,9678.67160867768,18094.5089496349,0.453,4336.43258401748,2899.06627625269,0,11382.7692916502,"S-C2",10,"Fcap_1.50_Besc_6561_sigmaR_0.216_SE_reference_AE_historical"
10,"S-C2__Fcap_1.50_Besc_6561_sigmaR_0.216_SE_reference_AE_historical",1.5,6561,"Short",2034,1000,0,0.002,13407.4680304691,9792.74461215289,18104.6496113062,0.452,4497.50935507247,3434.69911581777,0,11348.17572047,"S-C2",10,"Fcap_1.50_Besc_6561_sigmaR_0.216_SE_reference_AE_historical"
10,"S-C2__Fcap_1.50_Besc_6561_sigmaR_0.216_SE_reference_AE_historical",1.5,6561,"Medium",2035,1000,0,0.005,13241.7839886615,9767.51778612542,17915.375037041,0.474,4119.0412061687,1827.99339586584,0,10653.6396587629,"S-C2",10,"Fcap_1.50_Besc_6561_sigmaR_0.216_SE_reference_AE_historical"
10,"S-C2__Fcap_1.50_Besc_6561_sigmaR_0.216_SE_reference_AE_historical",1.5,6561,"Medium",2036,1000,0,0.002,13364.7903652301,9946.31136766592,18157.6824366677,0.477,4142.02538829795,2041.14353755592,0,10974.5840772187,"S-C2",10,"Fcap_1.50_Besc_6561_sigmaR_0.216_SE_reference_AE_historical"
10,"S-C2__Fcap_1.50_Besc_6561_sigmaR_0.216_SE_reference_AE_historical",1.5,6561,"Medium",2037,1000,0.001,0.004,13328.3266244254,9972.58974255765,17671.4821080914,0.474,3983.1563956718,1293.95533446399,0,10551.9765817906,"S-C2",10,"Fcap_1.50_Besc_6561_sigmaR_0.216_SE_reference_AE_historical"
10,"S-C2__Fcap_1.50_Besc_6561_sigmaR_0.216_SE_reference_AE_historical",1.5,6561,"Medium",2038,1000,0,0,13253.7820522305,9841.68147760863,17750.8475532779,0.45,4327.55060213257,3566.76772414729,0,11369.842352629,"S-C2",10,"Fcap_1.50_Besc_6561_sigmaR_0.216_SE_reference_AE_historical"
10,"S-C2__Fcap_1.50_Besc_6561_sigmaR_0.216_SE_reference_AE_historical",1.5,6561,"Medium",2039,1000,0,0.002,13367.2639381487,9629.48546610492,17708.8106256672,0.474,4155.75607364096,1628.76085439168,0,10803.02233953,"S-C2",10,"Fcap_1.50_Besc_6561_sigmaR_0.216_SE_reference_AE_historical"
10,"S-C2__Fcap_1.50_Besc_6561_sigmaR_0.216_SE_reference_AE_historical",1.5,6561,"Medium",2040,1000,0,0.002,13261.0070482417,10006.6892805224,18088.6634070799,0.445,4331.2578366882,3747.57625571498,0,10958.6121359814,"S-C2",10,"Fcap_1.50_Besc_6561_sigmaR_0.216_SE_reference_AE_historical"
10,"S-C2__Fcap_1.50_Besc_6561_sigmaR_0.216_SE_reference_AE_historical",1.5,6561,"Medium",2041,1000,0,0.002,13334.6588148656,9758.21478677081,17820.8752271961,0.458,4301.3298534001,3112.28737167276,0,10901.7751450983,"S-C2",10,"Fcap_1.50_Besc_6561_sigmaR_0.216_SE_reference_AE_historical"
10,"S-C2__Fcap_1.50_Besc_6561_sigmaR_0.216_SE_reference_AE_historical",1.5,6561,"Medium",2042,1000,0,0.002,13280.6532726022,9746.68723330749,17839.4696162113,0.473,4172.11836915967,1898.97735414959,0,10940.4415428352,"S-C2",10,"Fcap_1.50_Besc_6561_sigmaR_0.216_SE_reference_AE_historical"
10,"S-C2__Fcap_1.50_Besc_6561_sigmaR_0.216_SE_reference_AE_historical",1.5,6561,"Medium",2043,1000,0,0,13175.9527753875,9829.9159287829,17702.3210253459,0.471,4113.78517049228,2577.01150958133,0,10715.2079315216,"S-C2",10,"Fcap_1.50_Besc_6561_sigmaR_0.216_SE_reference_AE_historical"
10,"S-C2__Fcap_1.50_Besc_6561_sigmaR_0.216_SE_reference_AE_historical",1.5,6561,"Medium",2044,1000,0.001,0.002,13213.310592439,9918.1085732193,18031.9931790819,0.478,4268.55901501082,2139.68447738738,0,11156.0302907138,"S-C2",10,"Fcap_1.50_Besc_6561_sigmaR_0.216_SE_reference_AE_historical"
10,"S-C2__Fcap_1.50_Besc_6561_sigmaR_0.216_SE_reference_AE_historical",1.5,6561,"Long",2045,1000,0,0.003,13217.0611195926,9646.84425049742,17908.6201763158,0.458,4343.53801236907,2942.92965907525,0,11361.3967457645,"S-C2",10,"Fcap_1.50_Besc_6561_sigmaR_0.216_SE_reference_AE_historical"
10,"S-C2__Fcap_1.50_Besc_6561_sigmaR_0.216_SE_reference_AE_historical",1.5,6561,"Long",2046,1000,0.002,0.006,13255.0747493007,9784.31492303435,17778.0023542612,0.479,4123.48522476775,1113.4099192398,0,11173.0481615651,"S-C2",10,"Fcap_1.50_Besc_6561_sigmaR_0.216_SE_reference_AE_historical"
10,"S-C2__Fcap_1.50_Besc_6561_sigmaR_0.216_SE_reference_AE_historical",1.5,6561,"Long",2047,1000,0,0.004,13329.650010262,10124.0157732526,18516.6092243042,0.449,4401.13004079151,3589.8162068951,0,11322.1450823356,"S-C2",10,"Fcap_1.50_Besc_6561_sigmaR_0.216_SE_reference_AE_historical"
10,"S-C2__Fcap_1.50_Besc_6561_sigmaR_0.216_SE_reference_AE_historical",1.5,6561,"Long",2048,1000,0.001,0.005,13428.9308519896,9637.98791094885,18104.0867407405,0.459,4394.18723086381,3392.65187347334,0,11232.0830237982,"S-C2",10,"Fcap_1.50_Besc_6561_sigmaR_0.216_SE_reference_AE_historical"
10,"S-C2__Fcap_1.50_Besc_6561_sigmaR_0.216_SE_reference_AE_historical",1.5,6561,"Long",2049,1000,0,0.001,13161.2134762812,9782.11355982406,18083.0110494257,0.499,3973.27626886136,129.848262866396,0,11185.0115934323,"S-C2",10,"Fcap_1.50_Besc_6561_sigmaR_0.216_SE_reference_AE_historical"
10,"S-C2__Fcap_1.50_Besc_6561_sigmaR_0.216_SE_reference_AE_historical",1.5,6561,"Long",2050,1000,0.001,0.003,13402.6124090765,10020.3456714651,18564.3817351654,0.436,4671.53749755009,4772.57420796718,0,11848.9653682681,"S-C2",10,"Fcap_1.50_Besc_6561_sigmaR_0.216_SE_reference_AE_historical"
10,"S-C2__Fcap_1.50_Besc_6561_sigmaR_0.216_SE_reference_AE_historical",1.5,6561,"Long",2051,1000,0,0.007,13379.5079042814,9649.09815058263,18114.7095494724,0.461,4275.7035269779,2675.21763414291,0,11178.0115803791,"S-C2",10,"Fcap_1.50_Besc_6561_sigmaR_0.216_SE_reference_AE_historical"
10,"S-C2__Fcap_1.50_Besc_6561_sigmaR_0.216_SE_reference_AE_historical",1.5,6561,"Long",2052,1000,0,0.002,13362.1051394792,9871.64758816563,18147.2254101162,0.452,4387.41228163837,2366.94204522493,0,11688.7991459495,"S-C2",10,"Fcap_1.50_Besc_6561_sigmaR_0.216_SE_reference_AE_historical"
10,"S-C2__Fcap_1.50_Besc_6561_sigmaR_0.216_SE_reference_AE_historical",1.5,6561,"Long",2053,1000,0,0.002,13312.7723788953,9796.75580328098,18153.0280601095,0.48,4231.46014026601,1390.48759377456,0,11758.4935223955,"S-C2",10,"Fcap_1.50_Besc_6561_sigmaR_0.216_SE_reference_AE_historical"
10,"S-C2__Fcap_1.50_Besc_6561_sigmaR_0.216_SE_reference_AE_historical",1.5,6561,"Long",2054,1000,0,0.002,13305.9409318677,9478.47700049113,18099.3663393969,0.454,4229.98882224037,2816.339582561,0,10701.8357151002,"S-C2",10,"Fcap_1.50_Besc_6561_sigmaR_0.216_SE_reference_AE_historical"
10,"S-C2__Fcap_1.50_Besc_6561_sigmaR_0.216_SE_reference_AE_historical",1.5,6561,"Full",2025,1000,0,0,13506.2120818994,11676.6898442381,15884.205884865,0.468,3821.93536256105,2299.79684273181,0,9890.19927243448,"S-C2",10,"Fcap_1.50_Besc_6561_sigmaR_0.216_SE_reference_AE_historical"
10,"S-C2__Fcap_1.50_Besc_6561_sigmaR_0.216_SE_reference_AE_historical",1.5,6561,"Full",2026,1000,0,0,13462.3998421537,10197.1051175987,18097.948437092,0.453,4473.77242544148,4562.7683852194,0,10908.272169031,"S-C2",10,"Fcap_1.50_Besc_6561_sigmaR_0.216_SE_reference_AE_historical"
10,"S-C2__Fcap_1.50_Besc_6561_sigmaR_0.216_SE_reference_AE_historical",1.5,6561,"Full",2027,1000,0,0.001,13314.1320983884,9662.27281442791,18290.8163368397,0.465,4266.2101985091,2832.66693854052,0,11052.0560609228,"S-C2",10,"Fcap_1.50_Besc_6561_sigmaR_0.216_SE_reference_AE_historical"
10,"S-C2__Fcap_1.50_Besc_6561_sigmaR_0.216_SE_reference_AE_historical",1.5,6561,"Full",2028,1000,0,0,13390.1903616636,9908.73206527871,17659.2736055543,0.457,4386.3941048137,2810.59525663864,0,10970.6918892447,"S-C2",10,"Fcap_1.50_Besc_6561_sigmaR_0.216_SE_reference_AE_historical"
10,"S-C2__Fcap_1.50_Besc_6561_sigmaR_0.216_SE_reference_AE_historical",1.5,6561,"Full",2029,1000,0.002,0.004,13333.3244780957,9564.08878251965,18016.7168583498,0.467,4101.05785414982,1815.78085987282,0,11007.9599828825,"S-C2",10,"Fcap_1.50_Besc_6561_sigmaR_0.216_SE_reference_AE_historical"
10,"S-C2__Fcap_1.50_Besc_6561_sigmaR_0.216_SE_reference_AE_historical",1.5,6561,"Full",2030,1000,0,0.002,13305.8682954852,9763.88809820757,18205.0998426414,0.466,4129.40377433852,2064.99219830167,0,11533.9300598949,"S-C2",10,"Fcap_1.50_Besc_6561_sigmaR_0.216_SE_reference_AE_historical"
10,"S-C2__Fcap_1.50_Besc_6561_sigmaR_0.216_SE_reference_AE_historical",1.5,6561,"Full",2031,1000,0,0.003,13273.3534288175,9700.75433730018,17711.4784025211,0.478,4026.45074765488,1339.46777671541,0,11113.1315847584,"S-C2",10,"Fcap_1.50_Besc_6561_sigmaR_0.216_SE_reference_AE_historical"
10,"S-C2__Fcap_1.50_Besc_6561_sigmaR_0.216_SE_reference_AE_historical",1.5,6561,"Full",2032,1000,0.001,0.004,13369.6240562901,9760.1900807693,18041.3288901769,0.47,4062.22302537941,1474.72053795899,0,11216.2023558923,"S-C2",10,"Fcap_1.50_Besc_6561_sigmaR_0.216_SE_reference_AE_historical"
10,"S-C2__Fcap_1.50_Besc_6561_sigmaR_0.216_SE_reference_AE_historical",1.5,6561,"Full",2033,1000,0,0.002,13437.7458727046,9678.67160867768,18094.5089496349,0.453,4336.43258401748,2899.06627625269,0,11382.7692916502,"S-C2",10,"Fcap_1.50_Besc_6561_sigmaR_0.216_SE_reference_AE_historical"
10,"S-C2__Fcap_1.50_Besc_6561_sigmaR_0.216_SE_reference_AE_historical",1.5,6561,"Full",2034,1000,0,0.002,13407.4680304691,9792.74461215289,18104.6496113062,0.452,4497.50935507247,3434.69911581777,0,11348.17572047,"S-C2",10,"Fcap_1.50_Besc_6561_sigmaR_0.216_SE_reference_AE_historical"
10,"S-C2__Fcap_1.50_Besc_6561_sigmaR_0.216_SE_reference_AE_historical",1.5,6561,"Full",2035,1000,0,0.005,13241.7839886615,9767.51778612542,17915.375037041,0.474,4119.0412061687,1827.99339586584,0,10653.6396587629,"S-C2",10,"Fcap_1.50_Besc_6561_sigmaR_0.216_SE_reference_AE_historical"
10,"S-C2__Fcap_1.50_Besc_6561_sigmaR_0.216_SE_reference_AE_historical",1.5,6561,"Full",2036,1000,0,0.002,13364.7903652301,9946.31136766592,18157.6824366677,0.477,4142.02538829795,2041.14353755592,0,10974.5840772187,"S-C2",10,"Fcap_1.50_Besc_6561_sigmaR_0.216_SE_reference_AE_historical"
10,"S-C2__Fcap_1.50_Besc_6561_sigmaR_0.216_SE_reference_AE_historical",1.5,6561,"Full",2037,1000,0.001,0.004,13328.3266244254,9972.58974255765,17671.4821080914,0.474,3983.1563956718,1293.95533446399,0,10551.9765817906,"S-C2",10,"Fcap_1.50_Besc_6561_sigmaR_0.216_SE_reference_AE_historical"
10,"S-C2__Fcap_1.50_Besc_6561_sigmaR_0.216_SE_reference_AE_historical",1.5,6561,"Full",2038,1000,0,0,13253.7820522305,9841.68147760863,17750.8475532779,0.45,4327.55060213257,3566.76772414729,0,11369.842352629,"S-C2",10,"Fcap_1.50_Besc_6561_sigmaR_0.216_SE_reference_AE_historical"
10,"S-C2__Fcap_1.50_Besc_6561_sigmaR_0.216_SE_reference_AE_historical",1.5,6561,"Full",2039,1000,0,0.002,13367.2639381487,9629.48546610492,17708.8106256672,0.474,4155.75607364096,1628.76085439168,0,10803.02233953,"S-C2",10,"Fcap_1.50_Besc_6561_sigmaR_0.216_SE_reference_AE_historical"
10,"S-C2__Fcap_1.50_Besc_6561_sigmaR_0.216_SE_reference_AE_historical",1.5,6561,"Full",2040,1000,0,0.002,13261.0070482417,10006.6892805224,18088.6634070799,0.445,4331.2578366882,3747.57625571498,0,10958.6121359814,"S-C2",10,"Fcap_1.50_Besc_6561_sigmaR_0.216_SE_reference_AE_historical"
10,"S-C2__Fcap_1.50_Besc_6561_sigmaR_0.216_SE_reference_AE_historical",1.5,6561,"Full",2041,1000,0,0.002,13334.6588148656,9758.21478677081,17820.8752271961,0.458,4301.3298534001,3112.28737167276,0,10901.7751450983,"S-C2",10,"Fcap_1.50_Besc_6561_sigmaR_0.216_SE_reference_AE_historical"
10,"S-C2__Fcap_1.50_Besc_6561_sigmaR_0.216_SE_reference_AE_historical",1.5,6561,"Full",2042,1000,0,0.002,13280.6532726022,9746.68723330749,17839.4696162113,0.473,4172.11836915967,1898.97735414959,0,10940.4415428352,"S-C2",10,"Fcap_1.50_Besc_6561_sigmaR_0.216_SE_reference_AE_historical"
10,"S-C2__Fcap_1.50_Besc_6561_sigmaR_0.216_SE_reference_AE_historical",1.5,6561,"Full",2043,1000,0,0,13175.9527753875,9829.9159287829,17702.3210253459,0.471,4113.78517049228,2577.01150958133,0,10715.2079315216,"S-C2",10,"Fcap_1.50_Besc_6561_sigmaR_0.216_SE_reference_AE_historical"
10,"S-C2__Fcap_1.50_Besc_6561_sigmaR_0.216_SE_reference_AE_historical",1.5,6561,"Full",2044,1000,0.001,0.002,13213.310592439,9918.1085732193,18031.9931790819,0.478,4268.55901501082,2139.68447738738,0,11156.0302907138,"S-C2",10,"Fcap_1.50_Besc_6561_sigmaR_0.216_SE_reference_AE_historical"
10,"S-C2__Fcap_1.50_Besc_6561_sigmaR_0.216_SE_reference_AE_historical",1.5,6561,"Full",2045,1000,0,0.003,13217.0611195926,9646.84425049742,17908.6201763158,0.458,4343.53801236907,2942.92965907525,0,11361.3967457645,"S-C2",10,"Fcap_1.50_Besc_6561_sigmaR_0.216_SE_reference_AE_historical"
10,"S-C2__Fcap_1.50_Besc_6561_sigmaR_0.216_SE_reference_AE_historical",1.5,6561,"Full",2046,1000,0.002,0.006,13255.0747493007,9784.31492303435,17778.0023542612,0.479,4123.48522476775,1113.4099192398,0,11173.0481615651,"S-C2",10,"Fcap_1.50_Besc_6561_sigmaR_0.216_SE_reference_AE_historical"
10,"S-C2__Fcap_1.50_Besc_6561_sigmaR_0.216_SE_reference_AE_historical",1.5,6561,"Full",2047,1000,0,0.004,13329.650010262,10124.0157732526,18516.6092243042,0.449,4401.13004079151,3589.8162068951,0,11322.1450823356,"S-C2",10,"Fcap_1.50_Besc_6561_sigmaR_0.216_SE_reference_AE_historical"
10,"S-C2__Fcap_1.50_Besc_6561_sigmaR_0.216_SE_reference_AE_historical",1.5,6561,"Full",2048,1000,0.001,0.005,13428.9308519896,9637.98791094885,18104.0867407405,0.459,4394.18723086381,3392.65187347334,0,11232.0830237982,"S-C2",10,"Fcap_1.50_Besc_6561_sigmaR_0.216_SE_reference_AE_historical"
10,"S-C2__Fcap_1.50_Besc_6561_sigmaR_0.216_SE_reference_AE_historical",1.5,6561,"Full",2049,1000,0,0.001,13161.2134762812,9782.11355982406,18083.0110494257,0.499,3973.27626886136,129.848262866396,0,11185.0115934323,"S-C2",10,"Fcap_1.50_Besc_6561_sigmaR_0.216_SE_reference_AE_historical"
10,"S-C2__Fcap_1.50_Besc_6561_sigmaR_0.216_SE_reference_AE_historical",1.5,6561,"Full",2050,1000,0.001,0.003,13402.6124090765,10020.3456714651,18564.3817351654,0.436,4671.53749755009,4772.57420796718,0,11848.9653682681,"S-C2",10,"Fcap_1.50_Besc_6561_sigmaR_0.216_SE_reference_AE_historical"
10,"S-C2__Fcap_1.50_Besc_6561_sigmaR_0.216_SE_reference_AE_historical",1.5,6561,"Full",2051,1000,0,0.007,13379.5079042814,9649.09815058263,18114.7095494724,0.461,4275.7035269779,2675.21763414291,0,11178.0115803791,"S-C2",10,"Fcap_1.50_Besc_6561_sigmaR_0.216_SE_reference_AE_historical"
10,"S-C2__Fcap_1.50_Besc_6561_sigmaR_0.216_SE_reference_AE_historical",1.5,6561,"Full",2052,1000,0,0.002,13362.1051394792,9871.64758816563,18147.2254101162,0.452,4387.41228163837,2366.94204522493,0,11688.7991459495,"S-C2",10,"Fcap_1.50_Besc_6561_sigmaR_0.216_SE_reference_AE_historical"
10,"S-C2__Fcap_1.50_Besc_6561_sigmaR_0.216_SE_reference_AE_historical",1.5,6561,"Full",2053,1000,0,0.002,13312.7723788953,9796.75580328098,18153.0280601095,0.48,4231.46014026601,1390.48759377456,0,11758.4935223955,"S-C2",10,"Fcap_1.50_Besc_6561_sigmaR_0.216_SE_reference_AE_historical"
10,"S-C2__Fcap_1.50_Besc_6561_sigmaR_0.216_SE_reference_AE_historical",1.5,6561,"Full",2054,1000,0,0.002,13305.9409318677,9478.47700049113,18099.3663393969,0.454,4229.98882224037,2816.339582561,0,10701.8357151002,"S-C2",10,"Fcap_1.50_Besc_6561_sigmaR_0.216_SE_reference_AE_historical"
11,"S-C2__Fcap_1.50_Besc_7250_sigmaR_0.216_SE_reference_AE_historical",1.5,7250,"Short",2025,1000,0,0,13759.5960286829,12102.5300681059,16258.6679933844,0.681,2365.41144730113,0,0,9844.06694868713,"S-C2",11,"Fcap_1.50_Besc_7250_sigmaR_0.216_SE_reference_AE_historical"
11,"S-C2__Fcap_1.50_Besc_7250_sigmaR_0.216_SE_reference_AE_historical",1.5,7250,"Short",2026,1000,0,0,14085.3466272813,10947.6199467811,18493.3986726741,0.458,4511.90730582072,3098.62637425797,0,11154.5638435506,"S-C2",11,"Fcap_1.50_Besc_7250_sigmaR_0.216_SE_reference_AE_historical"
11,"S-C2__Fcap_1.50_Besc_7250_sigmaR_0.216_SE_reference_AE_historical",1.5,7250,"Short",2027,1000,0,0,13899.581411274,9832.07741676095,18604.5690822889,0.607,3266.36656311213,0,0,11047.8331798508,"S-C2",11,"Fcap_1.50_Besc_7250_sigmaR_0.216_SE_reference_AE_historical"
11,"S-C2__Fcap_1.50_Besc_7250_sigmaR_0.216_SE_reference_AE_historical",1.5,7250,"Short",2028,1000,0,0,13974.1624301182,10676.3098096948,18170.6183968696,0.524,4111.15794945411,0,0,12413.1129267761,"S-C2",11,"Fcap_1.50_Besc_7250_sigmaR_0.216_SE_reference_AE_historical"
11,"S-C2__Fcap_1.50_Besc_7250_sigmaR_0.216_SE_reference_AE_historical",1.5,7250,"Short",2029,1000,0.003,0.004,13815.4651252459,9658.37062606449,18488.3088142312,0.571,3563.94125983104,0,0,11935.9015467363,"S-C2",11,"Fcap_1.50_Besc_7250_sigmaR_0.216_SE_reference_AE_historical"
11,"S-C2__Fcap_1.50_Besc_7250_sigmaR_0.216_SE_reference_AE_historical",1.5,7250,"Short",2030,1000,0,0.003,13846.7386056151,9864.24305636689,18631.7305532658,0.564,3594.97931325343,0,0,11828.555637073,"S-C2",11,"Fcap_1.50_Besc_7250_sigmaR_0.216_SE_reference_AE_historical"
11,"S-C2__Fcap_1.50_Besc_7250_sigmaR_0.216_SE_reference_AE_historical",1.5,7250,"Short",2031,1000,0,0,13818.5586071464,9664.8422159982,18378.7360370088,0.577,3498.77284325584,0,0,12012.8918445296,"S-C2",11,"Fcap_1.50_Besc_7250_sigmaR_0.216_SE_reference_AE_historical"
11,"S-C2__Fcap_1.50_Besc_7250_sigmaR_0.216_SE_reference_AE_historical",1.5,7250,"Short",2032,1000,0,0.007,13878.956978701,10132.2979160194,18432.8804242981,0.578,3718.54203516267,0,0,12626.7771885978,"S-C2",11,"Fcap_1.50_Besc_7250_sigmaR_0.216_SE_reference_AE_historical"
11,"S-C2__Fcap_1.50_Besc_7250_sigmaR_0.216_SE_reference_AE_historical",1.5,7250,"Short",2033,1000,0.001,0.009,13879.7896793488,9822.00819011435,18620.6565477011,0.552,3964.8733491522,0,0,13111.7603197145,"S-C2",11,"Fcap_1.50_Besc_7250_sigmaR_0.216_SE_reference_AE_historical"
11,"S-C2__Fcap_1.50_Besc_7250_sigmaR_0.216_SE_reference_AE_historical",1.5,7250,"Short",2034,1000,0,0.007,13871.3438926888,9854.25909092183,18681.7070092342,0.554,3901.06635089197,0,0,12448.7929254175,"S-C2",11,"Fcap_1.50_Besc_7250_sigmaR_0.216_SE_reference_AE_historical"
11,"S-C2__Fcap_1.50_Besc_7250_sigmaR_0.216_SE_reference_AE_historical",1.5,7250,"Medium",2035,1000,0,0.009,13771.3911564684,9744.15595352686,18508.4423501589,0.57,3733.95187455335,0,0,11888.5938279079,"S-C2",11,"Fcap_1.50_Besc_7250_sigmaR_0.216_SE_reference_AE_historical"
11,"S-C2__Fcap_1.50_Besc_7250_sigmaR_0.216_SE_reference_AE_historical",1.5,7250,"Medium",2036,1000,0,0.005,13702.7012091138,9950.27337175416,18509.2105002833,0.561,3730.51845304585,0,0,11629.7843034838,"S-C2",11,"Fcap_1.50_Besc_7250_sigmaR_0.216_SE_reference_AE_historical"
11,"S-C2__Fcap_1.50_Besc_7250_sigmaR_0.216_SE_reference_AE_historical",1.5,7250,"Medium",2037,1000,0.001,0.004,13758.6260486835,10033.5778386442,18156.6445667939,0.59,3409.77794187906,0,0,11838.0637142685,"S-C2",11,"Fcap_1.50_Besc_7250_sigmaR_0.216_SE_reference_AE_historical"
11,"S-C2__Fcap_1.50_Besc_7250_sigmaR_0.216_SE_reference_AE_historical",1.5,7250,"Medium",2038,1000,0.001,0.003,13796.3901640955,9942.08454190509,18268.078950448,0.55,3891.29828372061,0,0,12299.1288801784,"S-C2",11,"Fcap_1.50_Besc_7250_sigmaR_0.216_SE_reference_AE_historical"
11,"S-C2__Fcap_1.50_Besc_7250_sigmaR_0.216_SE_reference_AE_historical",1.5,7250,"Medium",2039,1000,0.001,0.005,13825.6416564106,9770.37060527286,17916.677791056,0.56,3886.58159727075,0,0,12448.381825437,"S-C2",11,"Fcap_1.50_Besc_7250_sigmaR_0.216_SE_reference_AE_historical"
11,"S-C2__Fcap_1.50_Besc_7250_sigmaR_0.216_SE_reference_AE_historical",1.5,7250,"Medium",2040,1000,0,0.002,13818.9938022707,10003.1175709769,18712.6014106116,0.581,3533.81937018424,0,0,11757.8796874813,"S-C2",11,"Fcap_1.50_Besc_7250_sigmaR_0.216_SE_reference_AE_historical"
11,"S-C2__Fcap_1.50_Besc_7250_sigmaR_0.216_SE_reference_AE_historical",1.5,7250,"Medium",2041,1000,0.001,0.005,13948.0532755146,9944.4301514733,18337.7149620269,0.536,3948.19459646928,0,0,12237.6067704598,"S-C2",11,"Fcap_1.50_Besc_7250_sigmaR_0.216_SE_reference_AE_historical"
11,"S-C2__Fcap_1.50_Besc_7250_sigmaR_0.216_SE_reference_AE_historical",1.5,7250,"Medium",2042,1000,0,0.003,13941.840649242,9697.9889286721,18234.1388764396,0.576,3742.92608429537,0,0,12218.5508634441,"S-C2",11,"Fcap_1.50_Besc_7250_sigmaR_0.216_SE_reference_AE_historical"
11,"S-C2__Fcap_1.50_Besc_7250_sigmaR_0.216_SE_reference_AE_historical",1.5,7250,"Medium",2043,1000,0,0.005,13664.6158547178,9627.72377948015,18120.5641502567,0.577,3668.19490828836,0,0,12274.3097866384,"S-C2",11,"Fcap_1.50_Besc_7250_sigmaR_0.216_SE_reference_AE_historical"
11,"S-C2__Fcap_1.50_Besc_7250_sigmaR_0.216_SE_reference_AE_historical",1.5,7250,"Medium",2044,1000,0.001,0.007,13775.1300918301,9786.46959556663,18391.9598255189,0.559,3776.94586812987,0,0,12031.07891616,"S-C2",11,"Fcap_1.50_Besc_7250_sigmaR_0.216_SE_reference_AE_historical"
11,"S-C2__Fcap_1.50_Besc_7250_sigmaR_0.216_SE_reference_AE_historical",1.5,7250,"Long",2045,1000,0.001,0.006,13740.4702271872,9839.02321441255,18431.9218794651,0.553,3955.29419429353,0,0,13193.481200406,"S-C2",11,"Fcap_1.50_Besc_7250_sigmaR_0.216_SE_reference_AE_historical"
11,"S-C2__Fcap_1.50_Besc_7250_sigmaR_0.216_SE_reference_AE_historical",1.5,7250,"Long",2046,1000,0.002,0.006,13831.5506318713,9822.80303695986,18449.2466228493,0.577,3586.02920682124,0,0,11589.916976973,"S-C2",11,"Fcap_1.50_Besc_7250_sigmaR_0.216_SE_reference_AE_historical"
11,"S-C2__Fcap_1.50_Besc_7250_sigmaR_0.216_SE_reference_AE_historical",1.5,7250,"Long",2047,1000,0.003,0.004,13902.5160441622,10392.678177301,18828.571367131,0.54,4034.52189284268,0,0,13348.8715638193,"S-C2",11,"Fcap_1.50_Besc_7250_sigmaR_0.216_SE_reference_AE_historical"
11,"S-C2__Fcap_1.50_Besc_7250_sigmaR_0.216_SE_reference_AE_historical",1.5,7250,"Long",2048,1000,0.002,0.005,13940.2147597948,9742.82059377709,18610.9507544623,0.549,3959.98535971066,0,0,13119.6878298958,"S-C2",11,"Fcap_1.50_Besc_7250_sigmaR_0.216_SE_reference_AE_historical"
11,"S-C2__Fcap_1.50_Besc_7250_sigmaR_0.216_SE_reference_AE_historical",1.5,7250,"Long",2049,1000,0.002,0.006,13688.3147654817,9717.0677622231,18627.3130790479,0.592,3545.44940045691,0,0,11867.5208959435,"S-C2",11,"Fcap_1.50_Besc_7250_sigmaR_0.216_SE_reference_AE_historical"
11,"S-C2__Fcap_1.50_Besc_7250_sigmaR_0.216_SE_reference_AE_historical",1.5,7250,"Long",2050,1000,0.001,0.005,14028.6328089936,9951.00522006809,18740.2458293579,0.531,4089.21635190746,0,0,12506.2086000003,"S-C2",11,"Fcap_1.50_Besc_7250_sigmaR_0.216_SE_reference_AE_historical"
11,"S-C2__Fcap_1.50_Besc_7250_sigmaR_0.216_SE_reference_AE_historical",1.5,7250,"Long",2051,1000,0,0.007,13868.6101664839,9855.16889615844,18465.4818673521,0.553,3814.33288139711,0,0,12227.2436767404,"S-C2",11,"Fcap_1.50_Besc_7250_sigmaR_0.216_SE_reference_AE_historical"
11,"S-C2__Fcap_1.50_Besc_7250_sigmaR_0.216_SE_reference_AE_historical",1.5,7250,"Long",2052,1000,0,0.003,13845.3642187216,9908.57443059294,18636.5001761982,0.534,4060.32527319795,0,0,12469.115470238,"S-C2",11,"Fcap_1.50_Besc_7250_sigmaR_0.216_SE_reference_AE_historical"
11,"S-C2__Fcap_1.50_Besc_7250_sigmaR_0.216_SE_reference_AE_historical",1.5,7250,"Long",2053,1000,0,0.002,13731.0886177525,9699.39304322702,18663.1543466173,0.588,3628.65412938084,0,0,12500.6764097569,"S-C2",11,"Fcap_1.50_Besc_7250_sigmaR_0.216_SE_reference_AE_historical"
11,"S-C2__Fcap_1.50_Besc_7250_sigmaR_0.216_SE_reference_AE_historical",1.5,7250,"Long",2054,1000,0.001,0.002,13824.0949756574,9929.60489092145,18682.0464379432,0.546,3651.93239214025,0,0,11012.2574918414,"S-C2",11,"Fcap_1.50_Besc_7250_sigmaR_0.216_SE_reference_AE_historical"
11,"S-C2__Fcap_1.50_Besc_7250_sigmaR_0.216_SE_reference_AE_historical",1.5,7250,"Full",2025,1000,0,0,13759.5960286829,12102.5300681059,16258.6679933844,0.681,2365.41144730113,0,0,9844.06694868713,"S-C2",11,"Fcap_1.50_Besc_7250_sigmaR_0.216_SE_reference_AE_historical"
11,"S-C2__Fcap_1.50_Besc_7250_sigmaR_0.216_SE_reference_AE_historical",1.5,7250,"Full",2026,1000,0,0,14085.3466272813,10947.6199467811,18493.3986726741,0.458,4511.90730582072,3098.62637425797,0,11154.5638435506,"S-C2",11,"Fcap_1.50_Besc_7250_sigmaR_0.216_SE_reference_AE_historical"
11,"S-C2__Fcap_1.50_Besc_7250_sigmaR_0.216_SE_reference_AE_historical",1.5,7250,"Full",2027,1000,0,0,13899.581411274,9832.07741676095,18604.5690822889,0.607,3266.36656311213,0,0,11047.8331798508,"S-C2",11,"Fcap_1.50_Besc_7250_sigmaR_0.216_SE_reference_AE_historical"
11,"S-C2__Fcap_1.50_Besc_7250_sigmaR_0.216_SE_reference_AE_historical",1.5,7250,"Full",2028,1000,0,0,13974.1624301182,10676.3098096948,18170.6183968696,0.524,4111.15794945411,0,0,12413.1129267761,"S-C2",11,"Fcap_1.50_Besc_7250_sigmaR_0.216_SE_reference_AE_historical"
11,"S-C2__Fcap_1.50_Besc_7250_sigmaR_0.216_SE_reference_AE_historical",1.5,7250,"Full",2029,1000,0.003,0.004,13815.4651252459,9658.37062606449,18488.3088142312,0.571,3563.94125983104,0,0,11935.9015467363,"S-C2",11,"Fcap_1.50_Besc_7250_sigmaR_0.216_SE_reference_AE_historical"
11,"S-C2__Fcap_1.50_Besc_7250_sigmaR_0.216_SE_reference_AE_historical",1.5,7250,"Full",2030,1000,0,0.003,13846.7386056151,9864.24305636689,18631.7305532658,0.564,3594.97931325343,0,0,11828.555637073,"S-C2",11,"Fcap_1.50_Besc_7250_sigmaR_0.216_SE_reference_AE_historical"
11,"S-C2__Fcap_1.50_Besc_7250_sigmaR_0.216_SE_reference_AE_historical",1.5,7250,"Full",2031,1000,0,0,13818.5586071464,9664.8422159982,18378.7360370088,0.577,3498.77284325584,0,0,12012.8918445296,"S-C2",11,"Fcap_1.50_Besc_7250_sigmaR_0.216_SE_reference_AE_historical"
11,"S-C2__Fcap_1.50_Besc_7250_sigmaR_0.216_SE_reference_AE_historical",1.5,7250,"Full",2032,1000,0,0.007,13878.956978701,10132.2979160194,18432.8804242981,0.578,3718.54203516267,0,0,12626.7771885978,"S-C2",11,"Fcap_1.50_Besc_7250_sigmaR_0.216_SE_reference_AE_historical"
11,"S-C2__Fcap_1.50_Besc_7250_sigmaR_0.216_SE_reference_AE_historical",1.5,7250,"Full",2033,1000,0.001,0.009,13879.7896793488,9822.00819011435,18620.6565477011,0.552,3964.8733491522,0,0,13111.7603197145,"S-C2",11,"Fcap_1.50_Besc_7250_sigmaR_0.216_SE_reference_AE_historical"
11,"S-C2__Fcap_1.50_Besc_7250_sigmaR_0.216_SE_reference_AE_historical",1.5,7250,"Full",2034,1000,0,0.007,13871.3438926888,9854.25909092183,18681.7070092342,0.554,3901.06635089197,0,0,12448.7929254175,"S-C2",11,"Fcap_1.50_Besc_7250_sigmaR_0.216_SE_reference_AE_historical"
11,"S-C2__Fcap_1.50_Besc_7250_sigmaR_0.216_SE_reference_AE_historical",1.5,7250,"Full",2035,1000,0,0.009,13771.3911564684,9744.15595352686,18508.4423501589,0.57,3733.95187455335,0,0,11888.5938279079,"S-C2",11,"Fcap_1.50_Besc_7250_sigmaR_0.216_SE_reference_AE_historical"
11,"S-C2__Fcap_1.50_Besc_7250_sigmaR_0.216_SE_reference_AE_historical",1.5,7250,"Full",2036,1000,0,0.005,13702.7012091138,9950.27337175416,18509.2105002833,0.561,3730.51845304585,0,0,11629.7843034838,"S-C2",11,"Fcap_1.50_Besc_7250_sigmaR_0.216_SE_reference_AE_historical"
11,"S-C2__Fcap_1.50_Besc_7250_sigmaR_0.216_SE_reference_AE_historical",1.5,7250,"Full",2037,1000,0.001,0.004,13758.6260486835,10033.5778386442,18156.6445667939,0.59,3409.77794187906,0,0,11838.0637142685,"S-C2",11,"Fcap_1.50_Besc_7250_sigmaR_0.216_SE_reference_AE_historical"
11,"S-C2__Fcap_1.50_Besc_7250_sigmaR_0.216_SE_reference_AE_historical",1.5,7250,"Full",2038,1000,0.001,0.003,13796.3901640955,9942.08454190509,18268.078950448,0.55,3891.29828372061,0,0,12299.1288801784,"S-C2",11,"Fcap_1.50_Besc_7250_sigmaR_0.216_SE_reference_AE_historical"
11,"S-C2__Fcap_1.50_Besc_7250_sigmaR_0.216_SE_reference_AE_historical",1.5,7250,"Full",2039,1000,0.001,0.005,13825.6416564106,9770.37060527286,17916.677791056,0.56,3886.58159727075,0,0,12448.381825437,"S-C2",11,"Fcap_1.50_Besc_7250_sigmaR_0.216_SE_reference_AE_historical"
11,"S-C2__Fcap_1.50_Besc_7250_sigmaR_0.216_SE_reference_AE_historical",1.5,7250,"Full",2040,1000,0,0.002,13818.9938022707,10003.1175709769,18712.6014106116,0.581,3533.81937018424,0,0,11757.8796874813,"S-C2",11,"Fcap_1.50_Besc_7250_sigmaR_0.216_SE_reference_AE_historical"
11,"S-C2__Fcap_1.50_Besc_7250_sigmaR_0.216_SE_reference_AE_historical",1.5,7250,"Full",2041,1000,0.001,0.005,13948.0532755146,9944.4301514733,18337.7149620269,0.536,3948.19459646928,0,0,12237.6067704598,"S-C2",11,"Fcap_1.50_Besc_7250_sigmaR_0.216_SE_reference_AE_historical"
11,"S-C2__Fcap_1.50_Besc_7250_sigmaR_0.216_SE_reference_AE_historical",1.5,7250,"Full",2042,1000,0,0.003,13941.840649242,9697.9889286721,18234.1388764396,0.576,3742.92608429537,0,0,12218.5508634441,"S-C2",11,"Fcap_1.50_Besc_7250_sigmaR_0.216_SE_reference_AE_historical"
11,"S-C2__Fcap_1.50_Besc_7250_sigmaR_0.216_SE_reference_AE_historical",1.5,7250,"Full",2043,1000,0,0.005,13664.6158547178,9627.72377948015,18120.5641502567,0.577,3668.19490828836,0,0,12274.3097866384,"S-C2",11,"Fcap_1.50_Besc_7250_sigmaR_0.216_SE_reference_AE_historical"
11,"S-C2__Fcap_1.50_Besc_7250_sigmaR_0.216_SE_reference_AE_historical",1.5,7250,"Full",2044,1000,0.001,0.007,13775.1300918301,9786.46959556663,18391.9598255189,0.559,3776.94586812987,0,0,12031.07891616,"S-C2",11,"Fcap_1.50_Besc_7250_sigmaR_0.216_SE_reference_AE_historical"
11,"S-C2__Fcap_1.50_Besc_7250_sigmaR_0.216_SE_reference_AE_historical",1.5,7250,"Full",2045,1000,0.001,0.006,13740.4702271872,9839.02321441255,18431.9218794651,0.553,3955.29419429353,0,0,13193.481200406,"S-C2",11,"Fcap_1.50_Besc_7250_sigmaR_0.216_SE_reference_AE_historical"
11,"S-C2__Fcap_1.50_Besc_7250_sigmaR_0.216_SE_reference_AE_historical",1.5,7250,"Full",2046,1000,0.002,0.006,13831.5506318713,9822.80303695986,18449.2466228493,0.577,3586.02920682124,0,0,11589.916976973,"S-C2",11,"Fcap_1.50_Besc_7250_sigmaR_0.216_SE_reference_AE_historical"
11,"S-C2__Fcap_1.50_Besc_7250_sigmaR_0.216_SE_reference_AE_historical",1.5,7250,"Full",2047,1000,0.003,0.004,13902.5160441622,10392.678177301,18828.571367131,0.54,4034.52189284268,0,0,13348.8715638193,"S-C2",11,"Fcap_1.50_Besc_7250_sigmaR_0.216_SE_reference_AE_historical"
11,"S-C2__Fcap_1.50_Besc_7250_sigmaR_0.216_SE_reference_AE_historical",1.5,7250,"Full",2048,1000,0.002,0.005,13940.2147597948,9742.82059377709,18610.9507544623,0.549,3959.98535971066,0,0,13119.6878298958,"S-C2",11,"Fcap_1.50_Besc_7250_sigmaR_0.216_SE_reference_AE_historical"
11,"S-C2__Fcap_1.50_Besc_7250_sigmaR_0.216_SE_reference_AE_historical",1.5,7250,"Full",2049,1000,0.002,0.006,13688.3147654817,9717.0677622231,18627.3130790479,0.592,3545.44940045691,0,0,11867.5208959435,"S-C2",11,"Fcap_1.50_Besc_7250_sigmaR_0.216_SE_reference_AE_historical"
11,"S-C2__Fcap_1.50_Besc_7250_sigmaR_0.216_SE_reference_AE_historical",1.5,7250,"Full",2050,1000,0.001,0.005,14028.6328089936,9951.00522006809,18740.2458293579,0.531,4089.21635190746,0,0,12506.2086000003,"S-C2",11,"Fcap_1.50_Besc_7250_sigmaR_0.216_SE_reference_AE_historical"
11,"S-C2__Fcap_1.50_Besc_7250_sigmaR_0.216_SE_reference_AE_historical",1.5,7250,"Full",2051,1000,0,0.007,13868.6101664839,9855.16889615844,18465.4818673521,0.553,3814.33288139711,0,0,12227.2436767404,"S-C2",11,"Fcap_1.50_Besc_7250_sigmaR_0.216_SE_reference_AE_historical"
11,"S-C2__Fcap_1.50_Besc_7250_sigmaR_0.216_SE_reference_AE_historical",1.5,7250,"Full",2052,1000,0,0.003,13845.3642187216,9908.57443059294,18636.5001761982,0.534,4060.32527319795,0,0,12469.115470238,"S-C2",11,"Fcap_1.50_Besc_7250_sigmaR_0.216_SE_reference_AE_historical"
11,"S-C2__Fcap_1.50_Besc_7250_sigmaR_0.216_SE_reference_AE_historical",1.5,7250,"Full",2053,1000,0,0.002,13731.0886177525,9699.39304322702,18663.1543466173,0.588,3628.65412938084,0,0,12500.6764097569,"S-C2",11,"Fcap_1.50_Besc_7250_sigmaR_0.216_SE_reference_AE_historical"
11,"S-C2__Fcap_1.50_Besc_7250_sigmaR_0.216_SE_reference_AE_historical",1.5,7250,"Full",2054,1000,0.001,0.002,13824.0949756574,9929.60489092145,18682.0464379432,0.546,3651.93239214025,0,0,11012.2574918414,"S-C2",11,"Fcap_1.50_Besc_7250_sigmaR_0.216_SE_reference_AE_historical"
12,"S-C2__Fcap_1.50_Besc_8000_sigmaR_0.216_SE_reference_AE_historical",1.5,8000,"Short",2025,1000,0,0,13950.3522735477,12135.8179097045,16909.4736833048,0.824,1276.67686724787,0,0,9543.23559739245,"S-C2",12,"Fcap_1.50_Besc_8000_sigmaR_0.216_SE_reference_AE_historical"
12,"S-C2__Fcap_1.50_Besc_8000_sigmaR_0.216_SE_reference_AE_historical",1.5,8000,"Short",2026,1000,0,0,14804.9008138467,11330.4039767066,19275.0175285245,0.559,3802.75758260461,0,0,11553.6118554723,"S-C2",12,"Fcap_1.50_Besc_8000_sigmaR_0.216_SE_reference_AE_historical"
12,"S-C2__Fcap_1.50_Besc_8000_sigmaR_0.216_SE_reference_AE_historical",1.5,8000,"Short",2027,1000,0,0,14620.9378850681,10243.7269503483,19244.4667503491,0.677,2646.21034765343,0,0,11063.9427681551,"S-C2",12,"Fcap_1.50_Besc_8000_sigmaR_0.216_SE_reference_AE_historical"
12,"S-C2__Fcap_1.50_Besc_8000_sigmaR_0.216_SE_reference_AE_historical",1.5,8000,"Short",2028,1000,0,0,14540.7296660734,11078.6204167784,18831.1567693928,0.629,3599.09142001847,0,0,14011.6862925237,"S-C2",12,"Fcap_1.50_Besc_8000_sigmaR_0.216_SE_reference_AE_historical"
12,"S-C2__Fcap_1.50_Besc_8000_sigmaR_0.216_SE_reference_AE_historical",1.5,8000,"Short",2029,1000,0.002,0.006,14342.426081594,9720.3184462716,19131.7008842783,0.666,3197.85852756281,0,0,12988.9492634495,"S-C2",12,"Fcap_1.50_Besc_8000_sigmaR_0.216_SE_reference_AE_historical"
12,"S-C2__Fcap_1.50_Besc_8000_sigmaR_0.216_SE_reference_AE_historical",1.5,8000,"Short",2030,1000,0,0.003,14443.4544472722,10124.5230727163,19087.2266911667,0.661,3004.09043794959,0,0,12946.1836334054,"S-C2",12,"Fcap_1.50_Besc_8000_sigmaR_0.216_SE_reference_AE_historical"
12,"S-C2__Fcap_1.50_Besc_8000_sigmaR_0.216_SE_reference_AE_historical",1.5,8000,"Short",2031,1000,0,0.002,14326.5508513092,9922.13240466609,18941.6745769297,0.689,2903.28928047936,0,0,13009.1185397716,"S-C2",12,"Fcap_1.50_Besc_8000_sigmaR_0.216_SE_reference_AE_historical"
12,"S-C2__Fcap_1.50_Besc_8000_sigmaR_0.216_SE_reference_AE_historical",1.5,8000,"Short",2032,1000,0,0.006,14469.9203089345,10157.4677675847,18872.8277614987,0.654,3170.64899362035,0,0,12699.4192726349,"S-C2",12,"Fcap_1.50_Besc_8000_sigmaR_0.216_SE_reference_AE_historical"
12,"S-C2__Fcap_1.50_Besc_8000_sigmaR_0.216_SE_reference_AE_historical",1.5,8000,"Short",2033,1000,0,0.004,14387.7258669471,9996.67083672237,18970.4867161461,0.647,3331.45067752807,0,0,15162.4814976507,"S-C2",12,"Fcap_1.50_Besc_8000_sigmaR_0.216_SE_reference_AE_historical"
12,"S-C2__Fcap_1.50_Besc_8000_sigmaR_0.216_SE_reference_AE_historical",1.5,8000,"Short",2034,1000,0,0.002,14447.9529819503,9797.25086439637,18988.2594028466,0.661,3376.87600254634,0,0,15022.6807352746,"S-C2",12,"Fcap_1.50_Besc_8000_sigmaR_0.216_SE_reference_AE_historical"
12,"S-C2__Fcap_1.50_Besc_8000_sigmaR_0.216_SE_reference_AE_historical",1.5,8000,"Medium",2035,1000,0.001,0.012,14306.5075587794,9648.58540237938,18991.1082154378,0.645,3213.26732247223,0,0,12562.1934691199,"S-C2",12,"Fcap_1.50_Besc_8000_sigmaR_0.216_SE_reference_AE_historical"
12,"S-C2__Fcap_1.50_Besc_8000_sigmaR_0.216_SE_reference_AE_historical",1.5,8000,"Medium",2036,1000,0,0.004,14330.9271228059,10034.2932067387,18648.2386592358,0.664,3228.58487449709,0,0,13576.8303816059,"S-C2",12,"Fcap_1.50_Besc_8000_sigmaR_0.216_SE_reference_AE_historical"
12,"S-C2__Fcap_1.50_Besc_8000_sigmaR_0.216_SE_reference_AE_historical",1.5,8000,"Medium",2037,1000,0,0.005,14282.4134925804,9841.26257729756,18647.4985533348,0.681,2838.96152317201,0,0,11790.2612677795,"S-C2",12,"Fcap_1.50_Besc_8000_sigmaR_0.216_SE_reference_AE_historical"
12,"S-C2__Fcap_1.50_Besc_8000_sigmaR_0.216_SE_reference_AE_historical",1.5,8000,"Medium",2038,1000,0,0.005,14408.5221911482,10242.30047208,18876.9260384491,0.673,3171.55941530082,0,0,13621.5882018436,"S-C2",12,"Fcap_1.50_Besc_8000_sigmaR_0.216_SE_reference_AE_historical"
12,"S-C2__Fcap_1.50_Besc_8000_sigmaR_0.216_SE_reference_AE_historical",1.5,8000,"Medium",2039,1000,0.002,0.006,14397.3509496073,10035.2357674646,18650.8902492645,0.657,3272.85888605872,0,0,15435.4556292206,"S-C2",12,"Fcap_1.50_Besc_8000_sigmaR_0.216_SE_reference_AE_historical"
12,"S-C2__Fcap_1.50_Besc_8000_sigmaR_0.216_SE_reference_AE_historical",1.5,8000,"Medium",2040,1000,0.001,0.007,14320.6954005233,9945.31257771587,19368.8935734334,0.68,3129.54433300939,0,0,16177.8590414147,"S-C2",12,"Fcap_1.50_Besc_8000_sigmaR_0.216_SE_reference_AE_historical"
12,"S-C2__Fcap_1.50_Besc_8000_sigmaR_0.216_SE_reference_AE_historical",1.5,8000,"Medium",2041,1000,0.001,0.009,14448.556887259,9791.68511762663,19123.2518655604,0.631,3479.19272925319,0,0,14328.1525525483,"S-C2",12,"Fcap_1.50_Besc_8000_sigmaR_0.216_SE_reference_AE_historical"
12,"S-C2__Fcap_1.50_Besc_8000_sigmaR_0.216_SE_reference_AE_historical",1.5,8000,"Medium",2042,1000,0,0.002,14337.6350110173,9699.31214551452,18822.5644904229,0.669,3226.66603810884,0,0,13976.1068112703,"S-C2",12,"Fcap_1.50_Besc_8000_sigmaR_0.216_SE_reference_AE_historical"
12,"S-C2__Fcap_1.50_Besc_8000_sigmaR_0.216_SE_reference_AE_historical",1.5,8000,"Medium",2043,1000,0.001,0.003,14207.2992776367,10076.5265648493,18761.7249926129,0.686,3074.16091508771,0,0,14292.7232633198,"S-C2",12,"Fcap_1.50_Besc_8000_sigmaR_0.216_SE_reference_AE_historical"
12,"S-C2__Fcap_1.50_Besc_8000_sigmaR_0.216_SE_reference_AE_historical",1.5,8000,"Medium",2044,1000,0,0.006,14248.6217302379,9946.64864956038,19022.8505069641,0.653,3420.00186247495,0,0,14353.894022211,"S-C2",12,"Fcap_1.50_Besc_8000_sigmaR_0.216_SE_reference_AE_historical"
12,"S-C2__Fcap_1.50_Besc_8000_sigmaR_0.216_SE_reference_AE_historical",1.5,8000,"Long",2045,1000,0,0.005,14288.5898778417,9838.10507917326,18815.9623181533,0.653,3412.44183724098,0,0,15631.0992517289,"S-C2",12,"Fcap_1.50_Besc_8000_sigmaR_0.216_SE_reference_AE_historical"
12,"S-C2__Fcap_1.50_Besc_8000_sigmaR_0.216_SE_reference_AE_historical",1.5,8000,"Long",2046,1000,0.001,0.007,14287.2999598277,9978.06882138928,18929.0736056189,0.667,3222.42405277477,0,0,13621.3951930887,"S-C2",12,"Fcap_1.50_Besc_8000_sigmaR_0.216_SE_reference_AE_historical"
12,"S-C2__Fcap_1.50_Besc_8000_sigmaR_0.216_SE_reference_AE_historical",1.5,8000,"Long",2047,1000,0,0.006,14430.2580141994,10500.8286387316,19319.0567028926,0.667,3166.23440001698,0,0,14233.5034974899,"S-C2",12,"Fcap_1.50_Besc_8000_sigmaR_0.216_SE_reference_AE_historical"
12,"S-C2__Fcap_1.50_Besc_8000_sigmaR_0.216_SE_reference_AE_historical",1.5,8000,"Long",2048,1000,0.001,0.006,14474.1242645173,9971.6117550638,19285.2348961896,0.643,3383.36708556901,0,0,14345.7048032689,"S-C2",12,"Fcap_1.50_Besc_8000_sigmaR_0.216_SE_reference_AE_historical"
12,"S-C2__Fcap_1.50_Besc_8000_sigmaR_0.216_SE_reference_AE_historical",1.5,8000,"Long",2049,1000,0.001,0.006,14222.2631691875,10247.3314662217,18958.1527746265,0.668,3114.10991410461,0,0,12747.3344291711,"S-C2",12,"Fcap_1.50_Besc_8000_sigmaR_0.216_SE_reference_AE_historical"
12,"S-C2__Fcap_1.50_Besc_8000_sigmaR_0.216_SE_reference_AE_historical",1.5,8000,"Long",2050,1000,0,0.003,14490.9747935209,10364.6738539335,19239.6105179488,0.636,3531.85676304487,0,0,15805.3385531523,"S-C2",12,"Fcap_1.50_Besc_8000_sigmaR_0.216_SE_reference_AE_historical"
12,"S-C2__Fcap_1.50_Besc_8000_sigmaR_0.216_SE_reference_AE_historical",1.5,8000,"Long",2051,1000,0,0.007,14371.4412255152,10072.6170906208,19169.1301343918,0.648,3424.90722656247,0,0,13979.4658030352,"S-C2",12,"Fcap_1.50_Besc_8000_sigmaR_0.216_SE_reference_AE_historical"
12,"S-C2__Fcap_1.50_Besc_8000_sigmaR_0.216_SE_reference_AE_historical",1.5,8000,"Long",2052,1000,0.001,0.003,14381.9524867013,9912.89628989485,19039.6995172788,0.646,3412.56249054723,0,0,13694.924218952,"S-C2",12,"Fcap_1.50_Besc_8000_sigmaR_0.216_SE_reference_AE_historical"
12,"S-C2__Fcap_1.50_Besc_8000_sigmaR_0.216_SE_reference_AE_historical",1.5,8000,"Long",2053,1000,0,0.005,14359.1589022269,9684.91707197299,19134.489529789,0.654,3266.39438681568,0,0,13062.9900833485,"S-C2",12,"Fcap_1.50_Besc_8000_sigmaR_0.216_SE_reference_AE_historical"
12,"S-C2__Fcap_1.50_Besc_8000_sigmaR_0.216_SE_reference_AE_historical",1.5,8000,"Long",2054,1000,0.001,0.002,14386.8609394884,9812.47627240658,19093.3768003527,0.679,2967.39414926085,0,0,12574.103640243,"S-C2",12,"Fcap_1.50_Besc_8000_sigmaR_0.216_SE_reference_AE_historical"
12,"S-C2__Fcap_1.50_Besc_8000_sigmaR_0.216_SE_reference_AE_historical",1.5,8000,"Full",2025,1000,0,0,13950.3522735477,12135.8179097045,16909.4736833048,0.824,1276.67686724787,0,0,9543.23559739245,"S-C2",12,"Fcap_1.50_Besc_8000_sigmaR_0.216_SE_reference_AE_historical"
12,"S-C2__Fcap_1.50_Besc_8000_sigmaR_0.216_SE_reference_AE_historical",1.5,8000,"Full",2026,1000,0,0,14804.9008138467,11330.4039767066,19275.0175285245,0.559,3802.75758260461,0,0,11553.6118554723,"S-C2",12,"Fcap_1.50_Besc_8000_sigmaR_0.216_SE_reference_AE_historical"
12,"S-C2__Fcap_1.50_Besc_8000_sigmaR_0.216_SE_reference_AE_historical",1.5,8000,"Full",2027,1000,0,0,14620.9378850681,10243.7269503483,19244.4667503491,0.677,2646.21034765343,0,0,11063.9427681551,"S-C2",12,"Fcap_1.50_Besc_8000_sigmaR_0.216_SE_reference_AE_historical"
12,"S-C2__Fcap_1.50_Besc_8000_sigmaR_0.216_SE_reference_AE_historical",1.5,8000,"Full",2028,1000,0,0,14540.7296660734,11078.6204167784,18831.1567693928,0.629,3599.09142001847,0,0,14011.6862925237,"S-C2",12,"Fcap_1.50_Besc_8000_sigmaR_0.216_SE_reference_AE_historical"
12,"S-C2__Fcap_1.50_Besc_8000_sigmaR_0.216_SE_reference_AE_historical",1.5,8000,"Full",2029,1000,0.002,0.006,14342.426081594,9720.3184462716,19131.7008842783,0.666,3197.85852756281,0,0,12988.9492634495,"S-C2",12,"Fcap_1.50_Besc_8000_sigmaR_0.216_SE_reference_AE_historical"
12,"S-C2__Fcap_1.50_Besc_8000_sigmaR_0.216_SE_reference_AE_historical",1.5,8000,"Full",2030,1000,0,0.003,14443.4544472722,10124.5230727163,19087.2266911667,0.661,3004.09043794959,0,0,12946.1836334054,"S-C2",12,"Fcap_1.50_Besc_8000_sigmaR_0.216_SE_reference_AE_historical"
12,"S-C2__Fcap_1.50_Besc_8000_sigmaR_0.216_SE_reference_AE_historical",1.5,8000,"Full",2031,1000,0,0.002,14326.5508513092,9922.13240466609,18941.6745769297,0.689,2903.28928047936,0,0,13009.1185397716,"S-C2",12,"Fcap_1.50_Besc_8000_sigmaR_0.216_SE_reference_AE_historical"
12,"S-C2__Fcap_1.50_Besc_8000_sigmaR_0.216_SE_reference_AE_historical",1.5,8000,"Full",2032,1000,0,0.006,14469.9203089345,10157.4677675847,18872.8277614987,0.654,3170.64899362035,0,0,12699.4192726349,"S-C2",12,"Fcap_1.50_Besc_8000_sigmaR_0.216_SE_reference_AE_historical"
12,"S-C2__Fcap_1.50_Besc_8000_sigmaR_0.216_SE_reference_AE_historical",1.5,8000,"Full",2033,1000,0,0.004,14387.7258669471,9996.67083672237,18970.4867161461,0.647,3331.45067752807,0,0,15162.4814976507,"S-C2",12,"Fcap_1.50_Besc_8000_sigmaR_0.216_SE_reference_AE_historical"
12,"S-C2__Fcap_1.50_Besc_8000_sigmaR_0.216_SE_reference_AE_historical",1.5,8000,"Full",2034,1000,0,0.002,14447.9529819503,9797.25086439637,18988.2594028466,0.661,3376.87600254634,0,0,15022.6807352746,"S-C2",12,"Fcap_1.50_Besc_8000_sigmaR_0.216_SE_reference_AE_historical"
12,"S-C2__Fcap_1.50_Besc_8000_sigmaR_0.216_SE_reference_AE_historical",1.5,8000,"Full",2035,1000,0.001,0.012,14306.5075587794,9648.58540237938,18991.1082154378,0.645,3213.26732247223,0,0,12562.1934691199,"S-C2",12,"Fcap_1.50_Besc_8000_sigmaR_0.216_SE_reference_AE_historical"
12,"S-C2__Fcap_1.50_Besc_8000_sigmaR_0.216_SE_reference_AE_historical",1.5,8000,"Full",2036,1000,0,0.004,14330.9271228059,10034.2932067387,18648.2386592358,0.664,3228.58487449709,0,0,13576.8303816059,"S-C2",12,"Fcap_1.50_Besc_8000_sigmaR_0.216_SE_reference_AE_historical"
12,"S-C2__Fcap_1.50_Besc_8000_sigmaR_0.216_SE_reference_AE_historical",1.5,8000,"Full",2037,1000,0,0.005,14282.4134925804,9841.26257729756,18647.4985533348,0.681,2838.96152317201,0,0,11790.2612677795,"S-C2",12,"Fcap_1.50_Besc_8000_sigmaR_0.216_SE_reference_AE_historical"
12,"S-C2__Fcap_1.50_Besc_8000_sigmaR_0.216_SE_reference_AE_historical",1.5,8000,"Full",2038,1000,0,0.005,14408.5221911482,10242.30047208,18876.9260384491,0.673,3171.55941530082,0,0,13621.5882018436,"S-C2",12,"Fcap_1.50_Besc_8000_sigmaR_0.216_SE_reference_AE_historical"
12,"S-C2__Fcap_1.50_Besc_8000_sigmaR_0.216_SE_reference_AE_historical",1.5,8000,"Full",2039,1000,0.002,0.006,14397.3509496073,10035.2357674646,18650.8902492645,0.657,3272.85888605872,0,0,15435.4556292206,"S-C2",12,"Fcap_1.50_Besc_8000_sigmaR_0.216_SE_reference_AE_historical"
12,"S-C2__Fcap_1.50_Besc_8000_sigmaR_0.216_SE_reference_AE_historical",1.5,8000,"Full",2040,1000,0.001,0.007,14320.6954005233,9945.31257771587,19368.8935734334,0.68,3129.54433300939,0,0,16177.8590414147,"S-C2",12,"Fcap_1.50_Besc_8000_sigmaR_0.216_SE_reference_AE_historical"
12,"S-C2__Fcap_1.50_Besc_8000_sigmaR_0.216_SE_reference_AE_historical",1.5,8000,"Full",2041,1000,0.001,0.009,14448.556887259,9791.68511762663,19123.2518655604,0.631,3479.19272925319,0,0,14328.1525525483,"S-C2",12,"Fcap_1.50_Besc_8000_sigmaR_0.216_SE_reference_AE_historical"
12,"S-C2__Fcap_1.50_Besc_8000_sigmaR_0.216_SE_reference_AE_historical",1.5,8000,"Full",2042,1000,0,0.002,14337.6350110173,9699.31214551452,18822.5644904229,0.669,3226.66603810884,0,0,13976.1068112703,"S-C2",12,"Fcap_1.50_Besc_8000_sigmaR_0.216_SE_reference_AE_historical"
12,"S-C2__Fcap_1.50_Besc_8000_sigmaR_0.216_SE_reference_AE_historical",1.5,8000,"Full",2043,1000,0.001,0.003,14207.2992776367,10076.5265648493,18761.7249926129,0.686,3074.16091508771,0,0,14292.7232633198,"S-C2",12,"Fcap_1.50_Besc_8000_sigmaR_0.216_SE_reference_AE_historical"
12,"S-C2__Fcap_1.50_Besc_8000_sigmaR_0.216_SE_reference_AE_historical",1.5,8000,"Full",2044,1000,0,0.006,14248.6217302379,9946.64864956038,19022.8505069641,0.653,3420.00186247495,0,0,14353.894022211,"S-C2",12,"Fcap_1.50_Besc_8000_sigmaR_0.216_SE_reference_AE_historical"
12,"S-C2__Fcap_1.50_Besc_8000_sigmaR_0.216_SE_reference_AE_historical",1.5,8000,"Full",2045,1000,0,0.005,14288.5898778417,9838.10507917326,18815.9623181533,0.653,3412.44183724098,0,0,15631.0992517289,"S-C2",12,"Fcap_1.50_Besc_8000_sigmaR_0.216_SE_reference_AE_historical"
12,"S-C2__Fcap_1.50_Besc_8000_sigmaR_0.216_SE_reference_AE_historical",1.5,8000,"Full",2046,1000,0.001,0.007,14287.2999598277,9978.06882138928,18929.0736056189,0.667,3222.42405277477,0,0,13621.3951930887,"S-C2",12,"Fcap_1.50_Besc_8000_sigmaR_0.216_SE_reference_AE_historical"
12,"S-C2__Fcap_1.50_Besc_8000_sigmaR_0.216_SE_reference_AE_historical",1.5,8000,"Full",2047,1000,0,0.006,14430.2580141994,10500.8286387316,19319.0567028926,0.667,3166.23440001698,0,0,14233.5034974899,"S-C2",12,"Fcap_1.50_Besc_8000_sigmaR_0.216_SE_reference_AE_historical"
12,"S-C2__Fcap_1.50_Besc_8000_sigmaR_0.216_SE_reference_AE_historical",1.5,8000,"Full",2048,1000,0.001,0.006,14474.1242645173,9971.6117550638,19285.2348961896,0.643,3383.36708556901,0,0,14345.7048032689,"S-C2",12,"Fcap_1.50_Besc_8000_sigmaR_0.216_SE_reference_AE_historical"
12,"S-C2__Fcap_1.50_Besc_8000_sigmaR_0.216_SE_reference_AE_historical",1.5,8000,"Full",2049,1000,0.001,0.006,14222.2631691875,10247.3314662217,18958.1527746265,0.668,3114.10991410461,0,0,12747.3344291711,"S-C2",12,"Fcap_1.50_Besc_8000_sigmaR_0.216_SE_reference_AE_historical"
12,"S-C2__Fcap_1.50_Besc_8000_sigmaR_0.216_SE_reference_AE_historical",1.5,8000,"Full",2050,1000,0,0.003,14490.9747935209,10364.6738539335,19239.6105179488,0.636,3531.85676304487,0,0,15805.3385531523,"S-C2",12,"Fcap_1.50_Besc_8000_sigmaR_0.216_SE_reference_AE_historical"
12,"S-C2__Fcap_1.50_Besc_8000_sigmaR_0.216_SE_reference_AE_historical",1.5,8000,"Full",2051,1000,0,0.007,14371.4412255152,10072.6170906208,19169.1301343918,0.648,3424.90722656247,0,0,13979.4658030352,"S-C2",12,"Fcap_1.50_Besc_8000_sigmaR_0.216_SE_reference_AE_historical"
12,"S-C2__Fcap_1.50_Besc_8000_sigmaR_0.216_SE_reference_AE_historical",1.5,8000,"Full",2052,1000,0.001,0.003,14381.9524867013,9912.89628989485,19039.6995172788,0.646,3412.56249054723,0,0,13694.924218952,"S-C2",12,"Fcap_1.50_Besc_8000_sigmaR_0.216_SE_reference_AE_historical"
12,"S-C2__Fcap_1.50_Besc_8000_sigmaR_0.216_SE_reference_AE_historical",1.5,8000,"Full",2053,1000,0,0.005,14359.1589022269,9684.91707197299,19134.489529789,0.654,3266.39438681568,0,0,13062.9900833485,"S-C2",12,"Fcap_1.50_Besc_8000_sigmaR_0.216_SE_reference_AE_historical"
12,"S-C2__Fcap_1.50_Besc_8000_sigmaR_0.216_SE_reference_AE_historical",1.5,8000,"Full",2054,1000,0.001,0.002,14386.8609394884,9812.47627240658,19093.3768003527,0.679,2967.39414926085,0,0,12574.103640243,"S-C2",12,"Fcap_1.50_Besc_8000_sigmaR_0.216_SE_reference_AE_historical"
17,"S-C2__Fcap_1.70_Besc_5000_sigmaR_0.216_SE_reference_AE_historical",1.7,5000,"Short",2025,1000,0,0,12512.9230093963,10948.1482359037,15199.5419482378,0.076,7359.61949816264,7709.87287544256,0,10740.4985911794,"S-C2",17,"Fcap_1.70_Besc_5000_sigmaR_0.216_SE_reference_AE_historical"
17,"S-C2__Fcap_1.70_Besc_5000_sigmaR_0.216_SE_reference_AE_historical",1.7,5000,"Short",2026,1000,0,0,11742.0666430276,8952.27245671454,16492.9766217439,0.327,4966.98099627614,6388.19985109512,0,10343.3970927817,"S-C2",17,"Fcap_1.70_Besc_5000_sigmaR_0.216_SE_reference_AE_historical"
17,"S-C2__Fcap_1.70_Besc_5000_sigmaR_0.216_SE_reference_AE_historical",1.7,5000,"Short",2027,1000,0,0,12132.1683159767,9078.02890811395,17007.6439725399,0.214,6158.70640148828,7306.00954398658,0,11095.5295025208,"S-C2",17,"Fcap_1.70_Besc_5000_sigmaR_0.216_SE_reference_AE_historical"
17,"S-C2__Fcap_1.70_Besc_5000_sigmaR_0.216_SE_reference_AE_historical",1.7,5000,"Short",2028,1000,0,0,11973.9809018936,8832.8176578908,16452.7458493231,0.289,5253.30963425348,6618.87466763039,0,10405.701560148,"S-C2",17,"Fcap_1.70_Besc_5000_sigmaR_0.216_SE_reference_AE_historical"
17,"S-C2__Fcap_1.70_Besc_5000_sigmaR_0.216_SE_reference_AE_historical",1.7,5000,"Short",2029,1000,0,0.004,11907.4672500308,8976.10814671096,16654.1005755175,0.241,5675.07723466199,6922.07917341449,0,10895.3104910931,"S-C2",17,"Fcap_1.70_Besc_5000_sigmaR_0.216_SE_reference_AE_historical"
17,"S-C2__Fcap_1.70_Besc_5000_sigmaR_0.216_SE_reference_AE_historical",1.7,5000,"Short",2030,1000,0.001,0.002,12014.1286857979,8920.82350176363,16724.6317429762,0.275,5175.88221095241,6452.74055543407,0,10420.7938656615,"S-C2",17,"Fcap_1.70_Besc_5000_sigmaR_0.216_SE_reference_AE_historical"
17,"S-C2__Fcap_1.70_Besc_5000_sigmaR_0.216_SE_reference_AE_historical",1.7,5000,"Short",2031,1000,0,0,11983.6157388473,9111.861444108,16572.0302808086,0.245,5398.61032657631,6521.01959968243,0,10588.3235849674,"S-C2",17,"Fcap_1.70_Besc_5000_sigmaR_0.216_SE_reference_AE_historical"
17,"S-C2__Fcap_1.70_Besc_5000_sigmaR_0.216_SE_reference_AE_historical",1.7,5000,"Short",2032,1000,0,0.001,12051.565681704,8903.73961183466,16562.6392044399,0.248,5452.36686160376,6683.2364877591,0,10552.5923818526,"S-C2",17,"Fcap_1.70_Besc_5000_sigmaR_0.216_SE_reference_AE_historical"
17,"S-C2__Fcap_1.70_Besc_5000_sigmaR_0.216_SE_reference_AE_historical",1.7,5000,"Short",2033,1000,0.001,0.001,12089.1487660028,9122.78532680419,16788.7684977745,0.233,5541.26564667464,6574.16179110525,0,10518.9206006131,"S-C2",17,"Fcap_1.70_Besc_5000_sigmaR_0.216_SE_reference_AE_historical"
17,"S-C2__Fcap_1.70_Besc_5000_sigmaR_0.216_SE_reference_AE_historical",1.7,5000,"Short",2034,1000,0,0.003,12131.0386160616,9282.84449877728,16893.7745418376,0.231,5604.02974202579,6610.98524512997,0,10694.2813970896,"S-C2",17,"Fcap_1.70_Besc_5000_sigmaR_0.216_SE_reference_AE_historical"
17,"S-C2__Fcap_1.70_Besc_5000_sigmaR_0.216_SE_reference_AE_historical",1.7,5000,"Medium",2035,1000,0,0.002,11930.3687942045,9084.90914665448,16762.2746062803,0.243,5353.07538585479,6575.101957689,0,10449.831735969,"S-C2",17,"Fcap_1.70_Besc_5000_sigmaR_0.216_SE_reference_AE_historical"
17,"S-C2__Fcap_1.70_Besc_5000_sigmaR_0.216_SE_reference_AE_historical",1.7,5000,"Medium",2036,1000,0,0.004,11950.321013228,9106.19668903678,16853.53456199,0.241,5444.29153266768,6611.36596131629,0,10349.8429334367,"S-C2",17,"Fcap_1.70_Besc_5000_sigmaR_0.216_SE_reference_AE_historical"
17,"S-C2__Fcap_1.70_Besc_5000_sigmaR_0.216_SE_reference_AE_historical",1.7,5000,"Medium",2037,1000,0.001,0.001,11916.8866444325,9086.78673644043,16254.4850195661,0.253,5400.46837518649,6694.48432899324,0,10202.3719230286,"S-C2",17,"Fcap_1.70_Besc_5000_sigmaR_0.216_SE_reference_AE_historical"
17,"S-C2__Fcap_1.70_Besc_5000_sigmaR_0.216_SE_reference_AE_historical",1.7,5000,"Medium",2038,1000,0,0,11921.0143189973,9085.51974579501,16661.80807905,0.249,5329.16580504551,6529.88199422451,0,10451.2535678529,"S-C2",17,"Fcap_1.70_Besc_5000_sigmaR_0.216_SE_reference_AE_historical"
17,"S-C2__Fcap_1.70_Besc_5000_sigmaR_0.216_SE_reference_AE_historical",1.7,5000,"Medium",2039,1000,0,0.001,12019.8615895039,9062.56953685176,16555.804034042,0.248,5504.68716851942,6561.27520846003,0,10504.8312290425,"S-C2",17,"Fcap_1.70_Besc_5000_sigmaR_0.216_SE_reference_AE_historical"
17,"S-C2__Fcap_1.70_Besc_5000_sigmaR_0.216_SE_reference_AE_historical",1.7,5000,"Medium",2040,1000,0,0.001,12005.7663669673,9175.18154573526,16906.0461515822,0.251,5416.51433361837,6678.81586980018,0,10324.1154214526,"S-C2",17,"Fcap_1.70_Besc_5000_sigmaR_0.216_SE_reference_AE_historical"
17,"S-C2__Fcap_1.70_Besc_5000_sigmaR_0.216_SE_reference_AE_historical",1.7,5000,"Medium",2041,1000,0,0.001,12097.7362005957,9019.3185592076,16806.1175799947,0.239,5613.83394455051,6699.20360912884,0,10591.3470882338,"S-C2",17,"Fcap_1.70_Besc_5000_sigmaR_0.216_SE_reference_AE_historical"
17,"S-C2__Fcap_1.70_Besc_5000_sigmaR_0.216_SE_reference_AE_historical",1.7,5000,"Medium",2042,1000,0,0.003,12033.0673301132,8951.54628750011,16579.7944374717,0.248,5440.77098934343,6627.11078851826,0,10552.1341165047,"S-C2",17,"Fcap_1.70_Besc_5000_sigmaR_0.216_SE_reference_AE_historical"
17,"S-C2__Fcap_1.70_Besc_5000_sigmaR_0.216_SE_reference_AE_historical",1.7,5000,"Medium",2043,1000,0,0.002,11872.2234268251,9157.63670237752,16232.0776207133,0.245,5354.04816307423,6586.29480482074,0,10497.7195362141,"S-C2",17,"Fcap_1.70_Besc_5000_sigmaR_0.216_SE_reference_AE_historical"
17,"S-C2__Fcap_1.70_Besc_5000_sigmaR_0.216_SE_reference_AE_historical",1.7,5000,"Medium",2044,1000,0,0.002,11990.1848897566,9163.52736532111,16681.2712406107,0.223,5508.75521903824,6614.04285651893,0,10488.4479287739,"S-C2",17,"Fcap_1.70_Besc_5000_sigmaR_0.216_SE_reference_AE_historical"
17,"S-C2__Fcap_1.70_Besc_5000_sigmaR_0.216_SE_reference_AE_historical",1.7,5000,"Long",2045,1000,0,0.001,11919.7899607334,9048.9003250646,16707.4863482928,0.253,5413.73893439887,6595.3331579548,0,10512.0385193868,"S-C2",17,"Fcap_1.70_Besc_5000_sigmaR_0.216_SE_reference_AE_historical"
17,"S-C2__Fcap_1.70_Besc_5000_sigmaR_0.216_SE_reference_AE_historical",1.7,5000,"Long",2046,1000,0,0.001,12066.7867284988,9186.61809091124,16799.7174837149,0.241,5533.95963423367,6641.03471918421,0,10704.6283891984,"S-C2",17,"Fcap_1.70_Besc_5000_sigmaR_0.216_SE_reference_AE_historical"
17,"S-C2__Fcap_1.70_Besc_5000_sigmaR_0.216_SE_reference_AE_historical",1.7,5000,"Long",2047,1000,0,0.002,12109.2296573594,9138.68325590237,17132.0729360933,0.226,5780.15286377582,6783.07948984017,0,10870.8089780016,"S-C2",17,"Fcap_1.70_Besc_5000_sigmaR_0.216_SE_reference_AE_historical"
17,"S-C2__Fcap_1.70_Besc_5000_sigmaR_0.216_SE_reference_AE_historical",1.7,5000,"Long",2048,1000,0,0.002,12046.8148286544,8966.66370356571,16813.7086641329,0.251,5481.88712446862,6707.7316261782,0,10626.8732313796,"S-C2",17,"Fcap_1.70_Besc_5000_sigmaR_0.216_SE_reference_AE_historical"
17,"S-C2__Fcap_1.70_Besc_5000_sigmaR_0.216_SE_reference_AE_historical",1.7,5000,"Long",2049,1000,0,0.001,11906.6174195981,9197.58935077619,16590.1108014875,0.258,5406.53605121659,6636.61247006179,0,10623.3936277711,"S-C2",17,"Fcap_1.70_Besc_5000_sigmaR_0.216_SE_reference_AE_historical"
17,"S-C2__Fcap_1.70_Besc_5000_sigmaR_0.216_SE_reference_AE_historical",1.7,5000,"Long",2050,1000,0,0.002,12079.1144185891,9019.42769046977,17035.8707149934,0.215,5864.8826916841,6930.44030928179,0,10753.5975021021,"S-C2",17,"Fcap_1.70_Besc_5000_sigmaR_0.216_SE_reference_AE_historical"
17,"S-C2__Fcap_1.70_Besc_5000_sigmaR_0.216_SE_reference_AE_historical",1.7,5000,"Long",2051,1000,0,0.002,11919.983386456,9044.46804525615,16875.4422707196,0.248,5427.75374550503,6526.41581925611,0,10534.9243099419,"S-C2",17,"Fcap_1.70_Besc_5000_sigmaR_0.216_SE_reference_AE_historical"
17,"S-C2__Fcap_1.70_Besc_5000_sigmaR_0.216_SE_reference_AE_historical",1.7,5000,"Long",2052,1000,0,0.001,12043.3143145375,9216.96437823669,17182.3442183813,0.239,5613.0276338586,6864.77621609924,0,10690.3822407479,"S-C2",17,"Fcap_1.70_Besc_5000_sigmaR_0.216_SE_reference_AE_historical"
17,"S-C2__Fcap_1.70_Besc_5000_sigmaR_0.216_SE_reference_AE_historical",1.7,5000,"Long",2053,1000,0,0,11999.1200012703,9142.83699680864,17029.2633660743,0.245,5520.85821430073,6544.88660401156,0,10979.4723824785,"S-C2",17,"Fcap_1.70_Besc_5000_sigmaR_0.216_SE_reference_AE_historical"
17,"S-C2__Fcap_1.70_Besc_5000_sigmaR_0.216_SE_reference_AE_historical",1.7,5000,"Long",2054,1000,0.001,0.002,11956.322392863,8968.4271967581,16952.4692184877,0.248,5467.00291931846,6701.54006847706,0,10628.6085717165,"S-C2",17,"Fcap_1.70_Besc_5000_sigmaR_0.216_SE_reference_AE_historical"
17,"S-C2__Fcap_1.70_Besc_5000_sigmaR_0.216_SE_reference_AE_historical",1.7,5000,"Full",2025,1000,0,0,12512.9230093963,10948.1482359037,15199.5419482378,0.076,7359.61949816264,7709.87287544256,0,10740.4985911794,"S-C2",17,"Fcap_1.70_Besc_5000_sigmaR_0.216_SE_reference_AE_historical"
17,"S-C2__Fcap_1.70_Besc_5000_sigmaR_0.216_SE_reference_AE_historical",1.7,5000,"Full",2026,1000,0,0,11742.0666430276,8952.27245671454,16492.9766217439,0.327,4966.98099627614,6388.19985109512,0,10343.3970927817,"S-C2",17,"Fcap_1.70_Besc_5000_sigmaR_0.216_SE_reference_AE_historical"
17,"S-C2__Fcap_1.70_Besc_5000_sigmaR_0.216_SE_reference_AE_historical",1.7,5000,"Full",2027,1000,0,0,12132.1683159767,9078.02890811395,17007.6439725399,0.214,6158.70640148828,7306.00954398658,0,11095.5295025208,"S-C2",17,"Fcap_1.70_Besc_5000_sigmaR_0.216_SE_reference_AE_historical"
17,"S-C2__Fcap_1.70_Besc_5000_sigmaR_0.216_SE_reference_AE_historical",1.7,5000,"Full",2028,1000,0,0,11973.9809018936,8832.8176578908,16452.7458493231,0.289,5253.30963425348,6618.87466763039,0,10405.701560148,"S-C2",17,"Fcap_1.70_Besc_5000_sigmaR_0.216_SE_reference_AE_historical"
17,"S-C2__Fcap_1.70_Besc_5000_sigmaR_0.216_SE_reference_AE_historical",1.7,5000,"Full",2029,1000,0,0.004,11907.4672500308,8976.10814671096,16654.1005755175,0.241,5675.07723466199,6922.07917341449,0,10895.3104910931,"S-C2",17,"Fcap_1.70_Besc_5000_sigmaR_0.216_SE_reference_AE_historical"
17,"S-C2__Fcap_1.70_Besc_5000_sigmaR_0.216_SE_reference_AE_historical",1.7,5000,"Full",2030,1000,0.001,0.002,12014.1286857979,8920.82350176363,16724.6317429762,0.275,5175.88221095241,6452.74055543407,0,10420.7938656615,"S-C2",17,"Fcap_1.70_Besc_5000_sigmaR_0.216_SE_reference_AE_historical"
17,"S-C2__Fcap_1.70_Besc_5000_sigmaR_0.216_SE_reference_AE_historical",1.7,5000,"Full",2031,1000,0,0,11983.6157388473,9111.861444108,16572.0302808086,0.245,5398.61032657631,6521.01959968243,0,10588.3235849674,"S-C2",17,"Fcap_1.70_Besc_5000_sigmaR_0.216_SE_reference_AE_historical"
17,"S-C2__Fcap_1.70_Besc_5000_sigmaR_0.216_SE_reference_AE_historical",1.7,5000,"Full",2032,1000,0,0.001,12051.565681704,8903.73961183466,16562.6392044399,0.248,5452.36686160376,6683.2364877591,0,10552.5923818526,"S-C2",17,"Fcap_1.70_Besc_5000_sigmaR_0.216_SE_reference_AE_historical"
17,"S-C2__Fcap_1.70_Besc_5000_sigmaR_0.216_SE_reference_AE_historical",1.7,5000,"Full",2033,1000,0.001,0.001,12089.1487660028,9122.78532680419,16788.7684977745,0.233,5541.26564667464,6574.16179110525,0,10518.9206006131,"S-C2",17,"Fcap_1.70_Besc_5000_sigmaR_0.216_SE_reference_AE_historical"
17,"S-C2__Fcap_1.70_Besc_5000_sigmaR_0.216_SE_reference_AE_historical",1.7,5000,"Full",2034,1000,0,0.003,12131.0386160616,9282.84449877728,16893.7745418376,0.231,5604.02974202579,6610.98524512997,0,10694.2813970896,"S-C2",17,"Fcap_1.70_Besc_5000_sigmaR_0.216_SE_reference_AE_historical"
17,"S-C2__Fcap_1.70_Besc_5000_sigmaR_0.216_SE_reference_AE_historical",1.7,5000,"Full",2035,1000,0,0.002,11930.3687942045,9084.90914665448,16762.2746062803,0.243,5353.07538585479,6575.101957689,0,10449.831735969,"S-C2",17,"Fcap_1.70_Besc_5000_sigmaR_0.216_SE_reference_AE_historical"
17,"S-C2__Fcap_1.70_Besc_5000_sigmaR_0.216_SE_reference_AE_historical",1.7,5000,"Full",2036,1000,0,0.004,11950.321013228,9106.19668903678,16853.53456199,0.241,5444.29153266768,6611.36596131629,0,10349.8429334367,"S-C2",17,"Fcap_1.70_Besc_5000_sigmaR_0.216_SE_reference_AE_historical"
17,"S-C2__Fcap_1.70_Besc_5000_sigmaR_0.216_SE_reference_AE_historical",1.7,5000,"Full",2037,1000,0.001,0.001,11916.8866444325,9086.78673644043,16254.4850195661,0.253,5400.46837518649,6694.48432899324,0,10202.3719230286,"S-C2",17,"Fcap_1.70_Besc_5000_sigmaR_0.216_SE_reference_AE_historical"
17,"S-C2__Fcap_1.70_Besc_5000_sigmaR_0.216_SE_reference_AE_historical",1.7,5000,"Full",2038,1000,0,0,11921.0143189973,9085.51974579501,16661.80807905,0.249,5329.16580504551,6529.88199422451,0,10451.2535678529,"S-C2",17,"Fcap_1.70_Besc_5000_sigmaR_0.216_SE_reference_AE_historical"
17,"S-C2__Fcap_1.70_Besc_5000_sigmaR_0.216_SE_reference_AE_historical",1.7,5000,"Full",2039,1000,0,0.001,12019.8615895039,9062.56953685176,16555.804034042,0.248,5504.68716851942,6561.27520846003,0,10504.8312290425,"S-C2",17,"Fcap_1.70_Besc_5000_sigmaR_0.216_SE_reference_AE_historical"
17,"S-C2__Fcap_1.70_Besc_5000_sigmaR_0.216_SE_reference_AE_historical",1.7,5000,"Full",2040,1000,0,0.001,12005.7663669673,9175.18154573526,16906.0461515822,0.251,5416.51433361837,6678.81586980018,0,10324.1154214526,"S-C2",17,"Fcap_1.70_Besc_5000_sigmaR_0.216_SE_reference_AE_historical"
17,"S-C2__Fcap_1.70_Besc_5000_sigmaR_0.216_SE_reference_AE_historical",1.7,5000,"Full",2041,1000,0,0.001,12097.7362005957,9019.3185592076,16806.1175799947,0.239,5613.83394455051,6699.20360912884,0,10591.3470882338,"S-C2",17,"Fcap_1.70_Besc_5000_sigmaR_0.216_SE_reference_AE_historical"
17,"S-C2__Fcap_1.70_Besc_5000_sigmaR_0.216_SE_reference_AE_historical",1.7,5000,"Full",2042,1000,0,0.003,12033.0673301132,8951.54628750011,16579.7944374717,0.248,5440.77098934343,6627.11078851826,0,10552.1341165047,"S-C2",17,"Fcap_1.70_Besc_5000_sigmaR_0.216_SE_reference_AE_historical"
17,"S-C2__Fcap_1.70_Besc_5000_sigmaR_0.216_SE_reference_AE_historical",1.7,5000,"Full",2043,1000,0,0.002,11872.2234268251,9157.63670237752,16232.0776207133,0.245,5354.04816307423,6586.29480482074,0,10497.7195362141,"S-C2",17,"Fcap_1.70_Besc_5000_sigmaR_0.216_SE_reference_AE_historical"
17,"S-C2__Fcap_1.70_Besc_5000_sigmaR_0.216_SE_reference_AE_historical",1.7,5000,"Full",2044,1000,0,0.002,11990.1848897566,9163.52736532111,16681.2712406107,0.223,5508.75521903824,6614.04285651893,0,10488.4479287739,"S-C2",17,"Fcap_1.70_Besc_5000_sigmaR_0.216_SE_reference_AE_historical"
17,"S-C2__Fcap_1.70_Besc_5000_sigmaR_0.216_SE_reference_AE_historical",1.7,5000,"Full",2045,1000,0,0.001,11919.7899607334,9048.9003250646,16707.4863482928,0.253,5413.73893439887,6595.3331579548,0,10512.0385193868,"S-C2",17,"Fcap_1.70_Besc_5000_sigmaR_0.216_SE_reference_AE_historical"
17,"S-C2__Fcap_1.70_Besc_5000_sigmaR_0.216_SE_reference_AE_historical",1.7,5000,"Full",2046,1000,0,0.001,12066.7867284988,9186.61809091124,16799.7174837149,0.241,5533.95963423367,6641.03471918421,0,10704.6283891984,"S-C2",17,"Fcap_1.70_Besc_5000_sigmaR_0.216_SE_reference_AE_historical"
17,"S-C2__Fcap_1.70_Besc_5000_sigmaR_0.216_SE_reference_AE_historical",1.7,5000,"Full",2047,1000,0,0.002,12109.2296573594,9138.68325590237,17132.0729360933,0.226,5780.15286377582,6783.07948984017,0,10870.8089780016,"S-C2",17,"Fcap_1.70_Besc_5000_sigmaR_0.216_SE_reference_AE_historical"
17,"S-C2__Fcap_1.70_Besc_5000_sigmaR_0.216_SE_reference_AE_historical",1.7,5000,"Full",2048,1000,0,0.002,12046.8148286544,8966.66370356571,16813.7086641329,0.251,5481.88712446862,6707.7316261782,0,10626.8732313796,"S-C2",17,"Fcap_1.70_Besc_5000_sigmaR_0.216_SE_reference_AE_historical"
17,"S-C2__Fcap_1.70_Besc_5000_sigmaR_0.216_SE_reference_AE_historical",1.7,5000,"Full",2049,1000,0,0.001,11906.6174195981,9197.58935077619,16590.1108014875,0.258,5406.53605121659,6636.61247006179,0,10623.3936277711,"S-C2",17,"Fcap_1.70_Besc_5000_sigmaR_0.216_SE_reference_AE_historical"
17,"S-C2__Fcap_1.70_Besc_5000_sigmaR_0.216_SE_reference_AE_historical",1.7,5000,"Full",2050,1000,0,0.002,12079.1144185891,9019.42769046977,17035.8707149934,0.215,5864.8826916841,6930.44030928179,0,10753.5975021021,"S-C2",17,"Fcap_1.70_Besc_5000_sigmaR_0.216_SE_reference_AE_historical"
17,"S-C2__Fcap_1.70_Besc_5000_sigmaR_0.216_SE_reference_AE_historical",1.7,5000,"Full",2051,1000,0,0.002,11919.983386456,9044.46804525615,16875.4422707196,0.248,5427.75374550503,6526.41581925611,0,10534.9243099419,"S-C2",17,"Fcap_1.70_Besc_5000_sigmaR_0.216_SE_reference_AE_historical"
17,"S-C2__Fcap_1.70_Besc_5000_sigmaR_0.216_SE_reference_AE_historical",1.7,5000,"Full",2052,1000,0,0.001,12043.3143145375,9216.96437823669,17182.3442183813,0.239,5613.0276338586,6864.77621609924,0,10690.3822407479,"S-C2",17,"Fcap_1.70_Besc_5000_sigmaR_0.216_SE_reference_AE_historical"
17,"S-C2__Fcap_1.70_Besc_5000_sigmaR_0.216_SE_reference_AE_historical",1.7,5000,"Full",2053,1000,0,0,11999.1200012703,9142.83699680864,17029.2633660743,0.245,5520.85821430073,6544.88660401156,0,10979.4723824785,"S-C2",17,"Fcap_1.70_Besc_5000_sigmaR_0.216_SE_reference_AE_historical"
17,"S-C2__Fcap_1.70_Besc_5000_sigmaR_0.216_SE_reference_AE_historical",1.7,5000,"Full",2054,1000,0.001,0.002,11956.322392863,8968.4271967581,16952.4692184877,0.248,5467.00291931846,6701.54006847706,0,10628.6085717165,"S-C2",17,"Fcap_1.70_Besc_5000_sigmaR_0.216_SE_reference_AE_historical"
18,"S-C2__Fcap_1.70_Besc_6561_sigmaR_0.216_SE_reference_AE_historical",1.7,6561,"Short",2025,1000,0,0,13476.1593321088,11613.7451846004,15741.3646998168,0.468,4086.6827019322,2299.7968422544,0,10680.5866771427,"S-C2",18,"Fcap_1.70_Besc_6561_sigmaR_0.216_SE_reference_AE_historical"
18,"S-C2__Fcap_1.70_Besc_6561_sigmaR_0.216_SE_reference_AE_historical",1.7,6561,"Short",2026,1000,0,0,13363.9420641619,10127.9613786372,17904.4358635497,0.476,4632.00197184048,3571.81536606864,0,11778.1763695357,"S-C2",18,"Fcap_1.70_Besc_6561_sigmaR_0.216_SE_reference_AE_historical"
18,"S-C2__Fcap_1.70_Besc_6561_sigmaR_0.216_SE_reference_AE_historical",1.7,6561,"Short",2027,1000,0,0.001,13209.7898063798,9515.1701949995,18089.0138523465,0.476,4473.54315952584,1866.09061346526,0,11875.9342941035,"S-C2",18,"Fcap_1.70_Besc_6561_sigmaR_0.216_SE_reference_AE_historical"
18,"S-C2__Fcap_1.70_Besc_6561_sigmaR_0.216_SE_reference_AE_historical",1.7,6561,"Short",2028,1000,0,0,13275.2662383401,9811.5399816228,17354.2534289211,0.47,4526.11958089818,1765.36886878304,0,11774.2577872853,"S-C2",18,"Fcap_1.70_Besc_6561_sigmaR_0.216_SE_reference_AE_historical"
18,"S-C2__Fcap_1.70_Besc_6561_sigmaR_0.216_SE_reference_AE_historical",1.7,6561,"Short",2029,1000,0.002,0.004,13233.0096772977,9303.10462002706,17967.5811789962,0.491,4284.86863481399,528.305110509275,0,11987.0684626055,"S-C2",18,"Fcap_1.70_Besc_6561_sigmaR_0.216_SE_reference_AE_historical"
18,"S-C2__Fcap_1.70_Besc_6561_sigmaR_0.216_SE_reference_AE_historical",1.7,6561,"Short",2030,1000,0,0.003,13234.7788906296,9584.81916545352,18034.0056672688,0.482,4275.28763186902,965.038056810428,0,12260.9477202344,"S-C2",18,"Fcap_1.70_Besc_6561_sigmaR_0.216_SE_reference_AE_historical"
18,"S-C2__Fcap_1.70_Besc_6561_sigmaR_0.216_SE_reference_AE_historical",1.7,6561,"Short",2031,1000,0,0.005,13148.740619592,9466.62202148868,17473.8712415589,0.486,4264.38079644362,985.176791634708,0,11830.6005516146,"S-C2",18,"Fcap_1.70_Besc_6561_sigmaR_0.216_SE_reference_AE_historical"
18,"S-C2__Fcap_1.70_Besc_6561_sigmaR_0.216_SE_reference_AE_historical",1.7,6561,"Short",2032,1000,0.001,0.004,13205.7573901677,9449.32990424853,17861.4632812064,0.495,4234.28115423878,389.463806355656,0,12156.1605383428,"S-C2",18,"Fcap_1.70_Besc_6561_sigmaR_0.216_SE_reference_AE_historical"
18,"S-C2__Fcap_1.70_Besc_6561_sigmaR_0.216_SE_reference_AE_historical",1.7,6561,"Short",2033,1000,0,0.002,13293.7470360046,9550.27765224128,17913.6744024867,0.479,4528.64987575423,1370.70772419827,0,12540.8288053663,"S-C2",18,"Fcap_1.70_Besc_6561_sigmaR_0.216_SE_reference_AE_historical"
18,"S-C2__Fcap_1.70_Besc_6561_sigmaR_0.216_SE_reference_AE_historical",1.7,6561,"Short",2034,1000,0.001,0.003,13224.7053295929,9675.8812976958,17843.1575557029,0.466,4665.89484881426,2427.27013966654,0,12504.6227893053,"S-C2",18,"Fcap_1.70_Besc_6561_sigmaR_0.216_SE_reference_AE_historical"
18,"S-C2__Fcap_1.70_Besc_6561_sigmaR_0.216_SE_reference_AE_historical",1.7,6561,"Medium",2035,1000,0.002,0.008,13142.2481986453,9476.58295752758,17829.1406220152,0.494,4282.57885403286,545.373840996655,0,11624.6387964145,"S-C2",18,"Fcap_1.70_Besc_6561_sigmaR_0.216_SE_reference_AE_historical"
18,"S-C2__Fcap_1.70_Besc_6561_sigmaR_0.216_SE_reference_AE_historical",1.7,6561,"Medium",2036,1000,0,0.003,13143.1662352861,9542.06595093309,17870.7584517839,0.482,4402.88974200952,1344.29797414308,0,12049.4757927326,"S-C2",18,"Fcap_1.70_Besc_6561_sigmaR_0.216_SE_reference_AE_historical"
18,"S-C2__Fcap_1.70_Besc_6561_sigmaR_0.216_SE_reference_AE_historical",1.7,6561,"Medium",2037,1000,0.002,0.004,13166.804622425,9622.38039774525,17298.173537927,0.497,4162.03372446835,81.1284315770897,0,11444.8330449416,"S-C2",18,"Fcap_1.70_Besc_6561_sigmaR_0.216_SE_reference_AE_historical"
18,"S-C2__Fcap_1.70_Besc_6561_sigmaR_0.216_SE_reference_AE_historical",1.7,6561,"Medium",2038,1000,0.001,0.001,13145.1740079994,9625.80943210532,17498.8314371359,0.463,4526.61529769466,2302.15259927057,0,12251.7537293007,"S-C2",18,"Fcap_1.70_Besc_6561_sigmaR_0.216_SE_reference_AE_historical"
18,"S-C2__Fcap_1.70_Besc_6561_sigmaR_0.216_SE_reference_AE_historical",1.7,6561,"Medium",2039,1000,0,0.004,13186.0891434068,9480.63041845343,17271.1362909928,0.502,4343.98825716371,0,0,11921.5614640091,"S-C2",18,"Fcap_1.70_Besc_6561_sigmaR_0.216_SE_reference_AE_historical"
18,"S-C2__Fcap_1.70_Besc_6561_sigmaR_0.216_SE_reference_AE_historical",1.7,6561,"Medium",2040,1000,0,0.004,13157.1764346456,9747.14006254876,17668.4557243963,0.475,4581.14968621557,2346.21629006909,0,12251.0873467996,"S-C2",18,"Fcap_1.70_Besc_6561_sigmaR_0.216_SE_reference_AE_historical"
18,"S-C2__Fcap_1.70_Besc_6561_sigmaR_0.216_SE_reference_AE_historical",1.7,6561,"Medium",2041,1000,0.001,0.005,13178.4204983044,9354.18583617865,17496.1233056098,0.477,4476.61241156348,1994.35880943855,0,11505.5876336216,"S-C2",18,"Fcap_1.70_Besc_6561_sigmaR_0.216_SE_reference_AE_historical"
18,"S-C2__Fcap_1.70_Besc_6561_sigmaR_0.216_SE_reference_AE_historical",1.7,6561,"Medium",2042,1000,0,0.004,13199.7989587646,9412.76751223154,17565.5180526943,0.481,4429.95258737021,1221.54478982433,0,12009.2816298399,"S-C2",18,"Fcap_1.70_Besc_6561_sigmaR_0.216_SE_reference_AE_historical"
18,"S-C2__Fcap_1.70_Besc_6561_sigmaR_0.216_SE_reference_AE_historical",1.7,6561,"Medium",2043,1000,0,0.003,13045.5768240989,9533.1751215808,17424.9469838055,0.496,4220.94885760518,372.326849292556,0,11647.1861971972,"S-C2",18,"Fcap_1.70_Besc_6561_sigmaR_0.216_SE_reference_AE_historical"
18,"S-C2__Fcap_1.70_Besc_6561_sigmaR_0.216_SE_reference_AE_historical",1.7,6561,"Medium",2044,1000,0.002,0.004,13054.4015173201,9678.64420056033,17785.512693421,0.481,4492.45187639479,1185.68764430117,0,12480.6228031463,"S-C2",18,"Fcap_1.70_Besc_6561_sigmaR_0.216_SE_reference_AE_historical"
18,"S-C2__Fcap_1.70_Besc_6561_sigmaR_0.216_SE_reference_AE_historical",1.7,6561,"Long",2045,1000,0.001,0.005,13104.4874276838,9355.90486034882,17566.3488436998,0.49,4519.15773117549,1095.67233100252,0,12259.6945855658,"S-C2",18,"Fcap_1.70_Besc_6561_sigmaR_0.216_SE_reference_AE_historical"
18,"S-C2__Fcap_1.70_Besc_6561_sigmaR_0.216_SE_reference_AE_historical",1.7,6561,"Long",2046,1000,0.002,0.006,13107.7119585096,9540.0777155304,17780.7602738138,0.495,4348.44537699676,561.282184201667,0,12235.1443903057,"S-C2",18,"Fcap_1.70_Besc_6561_sigmaR_0.216_SE_reference_AE_historical"
18,"S-C2__Fcap_1.70_Besc_6561_sigmaR_0.216_SE_reference_AE_historical",1.7,6561,"Long",2047,1000,0,0.004,13228.8711636105,9859.89170668955,18247.1664320872,0.461,4657.25656181491,2350.08228412906,0,12680.7100343446,"S-C2",18,"Fcap_1.70_Besc_6561_sigmaR_0.216_SE_reference_AE_historical"
18,"S-C2__Fcap_1.70_Besc_6561_sigmaR_0.216_SE_reference_AE_historical",1.7,6561,"Long",2048,1000,0.001,0.006,13280.022577105,9421.80509193839,17803.6464863634,0.469,4595.88148198941,2141.17340246567,0,12336.4948330048,"S-C2",18,"Fcap_1.70_Besc_6561_sigmaR_0.216_SE_reference_AE_historical"
18,"S-C2__Fcap_1.70_Besc_6561_sigmaR_0.216_SE_reference_AE_historical",1.7,6561,"Long",2049,1000,0,0.006,12975.4595427073,9451.20762709477,17903.2807956241,0.518,4178.03781857914,0,0,12121.0133298095,"S-C2",18,"Fcap_1.70_Besc_6561_sigmaR_0.216_SE_reference_AE_historical"
18,"S-C2__Fcap_1.70_Besc_6561_sigmaR_0.216_SE_reference_AE_historical",1.7,6561,"Long",2050,1000,0.002,0.003,13326.9229349368,9784.67383469245,18085.9040148696,0.447,4860.02811171338,3673.49778441177,0,12926.3568221318,"S-C2",18,"Fcap_1.70_Besc_6561_sigmaR_0.216_SE_reference_AE_historical"
18,"S-C2__Fcap_1.70_Besc_6561_sigmaR_0.216_SE_reference_AE_historical",1.7,6561,"Long",2051,1000,0.001,0.009,13233.3309945422,9409.05190631175,17916.2204680637,0.48,4430.46216201639,1699.4397551234,0,12122.3684111437,"S-C2",18,"Fcap_1.70_Besc_6561_sigmaR_0.216_SE_reference_AE_historical"
18,"S-C2__Fcap_1.70_Besc_6561_sigmaR_0.216_SE_reference_AE_historical",1.7,6561,"Long",2052,1000,0,0.003,13182.0502603824,9658.32292242022,17953.6435313485,0.477,4655.99720764885,1652.49206599192,0,12826.4348874768,"S-C2",18,"Fcap_1.70_Besc_6561_sigmaR_0.216_SE_reference_AE_historical"
18,"S-C2__Fcap_1.70_Besc_6561_sigmaR_0.216_SE_reference_AE_historical",1.7,6561,"Long",2053,1000,0,0.003,13121.7968436343,9529.22258760326,17937.9929629496,0.503,4350.04606833644,0,0,12564.2338627919,"S-C2",18,"Fcap_1.70_Besc_6561_sigmaR_0.216_SE_reference_AE_historical"
18,"S-C2__Fcap_1.70_Besc_6561_sigmaR_0.216_SE_reference_AE_historical",1.7,6561,"Long",2054,1000,0.001,0.003,13241.2537854171,9320.25958989285,17966.0835661582,0.469,4419.15114685611,2075.84141591622,0,11624.0958771042,"S-C2",18,"Fcap_1.70_Besc_6561_sigmaR_0.216_SE_reference_AE_historical"
18,"S-C2__Fcap_1.70_Besc_6561_sigmaR_0.216_SE_reference_AE_historical",1.7,6561,"Full",2025,1000,0,0,13476.1593321088,11613.7451846004,15741.3646998168,0.468,4086.6827019322,2299.7968422544,0,10680.5866771427,"S-C2",18,"Fcap_1.70_Besc_6561_sigmaR_0.216_SE_reference_AE_historical"
18,"S-C2__Fcap_1.70_Besc_6561_sigmaR_0.216_SE_reference_AE_historical",1.7,6561,"Full",2026,1000,0,0,13363.9420641619,10127.9613786372,17904.4358635497,0.476,4632.00197184048,3571.81536606864,0,11778.1763695357,"S-C2",18,"Fcap_1.70_Besc_6561_sigmaR_0.216_SE_reference_AE_historical"
18,"S-C2__Fcap_1.70_Besc_6561_sigmaR_0.216_SE_reference_AE_historical",1.7,6561,"Full",2027,1000,0,0.001,13209.7898063798,9515.1701949995,18089.0138523465,0.476,4473.54315952584,1866.09061346526,0,11875.9342941035,"S-C2",18,"Fcap_1.70_Besc_6561_sigmaR_0.216_SE_reference_AE_historical"
18,"S-C2__Fcap_1.70_Besc_6561_sigmaR_0.216_SE_reference_AE_historical",1.7,6561,"Full",2028,1000,0,0,13275.2662383401,9811.5399816228,17354.2534289211,0.47,4526.11958089818,1765.36886878304,0,11774.2577872853,"S-C2",18,"Fcap_1.70_Besc_6561_sigmaR_0.216_SE_reference_AE_historical"
18,"S-C2__Fcap_1.70_Besc_6561_sigmaR_0.216_SE_reference_AE_historical",1.7,6561,"Full",2029,1000,0.002,0.004,13233.0096772977,9303.10462002706,17967.5811789962,0.491,4284.86863481399,528.305110509275,0,11987.0684626055,"S-C2",18,"Fcap_1.70_Besc_6561_sigmaR_0.216_SE_reference_AE_historical"
18,"S-C2__Fcap_1.70_Besc_6561_sigmaR_0.216_SE_reference_AE_historical",1.7,6561,"Full",2030,1000,0,0.003,13234.7788906296,9584.81916545352,18034.0056672688,0.482,4275.28763186902,965.038056810428,0,12260.9477202344,"S-C2",18,"Fcap_1.70_Besc_6561_sigmaR_0.216_SE_reference_AE_historical"
18,"S-C2__Fcap_1.70_Besc_6561_sigmaR_0.216_SE_reference_AE_historical",1.7,6561,"Full",2031,1000,0,0.005,13148.740619592,9466.62202148868,17473.8712415589,0.486,4264.38079644362,985.176791634708,0,11830.6005516146,"S-C2",18,"Fcap_1.70_Besc_6561_sigmaR_0.216_SE_reference_AE_historical"
18,"S-C2__Fcap_1.70_Besc_6561_sigmaR_0.216_SE_reference_AE_historical",1.7,6561,"Full",2032,1000,0.001,0.004,13205.7573901677,9449.32990424853,17861.4632812064,0.495,4234.28115423878,389.463806355656,0,12156.1605383428,"S-C2",18,"Fcap_1.70_Besc_6561_sigmaR_0.216_SE_reference_AE_historical"
18,"S-C2__Fcap_1.70_Besc_6561_sigmaR_0.216_SE_reference_AE_historical",1.7,6561,"Full",2033,1000,0,0.002,13293.7470360046,9550.27765224128,17913.6744024867,0.479,4528.64987575423,1370.70772419827,0,12540.8288053663,"S-C2",18,"Fcap_1.70_Besc_6561_sigmaR_0.216_SE_reference_AE_historical"
18,"S-C2__Fcap_1.70_Besc_6561_sigmaR_0.216_SE_reference_AE_historical",1.7,6561,"Full",2034,1000,0.001,0.003,13224.7053295929,9675.8812976958,17843.1575557029,0.466,4665.89484881426,2427.27013966654,0,12504.6227893053,"S-C2",18,"Fcap_1.70_Besc_6561_sigmaR_0.216_SE_reference_AE_historical"
18,"S-C2__Fcap_1.70_Besc_6561_sigmaR_0.216_SE_reference_AE_historical",1.7,6561,"Full",2035,1000,0.002,0.008,13142.2481986453,9476.58295752758,17829.1406220152,0.494,4282.57885403286,545.373840996655,0,11624.6387964145,"S-C2",18,"Fcap_1.70_Besc_6561_sigmaR_0.216_SE_reference_AE_historical"
18,"S-C2__Fcap_1.70_Besc_6561_sigmaR_0.216_SE_reference_AE_historical",1.7,6561,"Full",2036,1000,0,0.003,13143.1662352861,9542.06595093309,17870.7584517839,0.482,4402.88974200952,1344.29797414308,0,12049.4757927326,"S-C2",18,"Fcap_1.70_Besc_6561_sigmaR_0.216_SE_reference_AE_historical"
18,"S-C2__Fcap_1.70_Besc_6561_sigmaR_0.216_SE_reference_AE_historical",1.7,6561,"Full",2037,1000,0.002,0.004,13166.804622425,9622.38039774525,17298.173537927,0.497,4162.03372446835,81.1284315770897,0,11444.8330449416,"S-C2",18,"Fcap_1.70_Besc_6561_sigmaR_0.216_SE_reference_AE_historical"
18,"S-C2__Fcap_1.70_Besc_6561_sigmaR_0.216_SE_reference_AE_historical",1.7,6561,"Full",2038,1000,0.001,0.001,13145.1740079994,9625.80943210532,17498.8314371359,0.463,4526.61529769466,2302.15259927057,0,12251.7537293007,"S-C2",18,"Fcap_1.70_Besc_6561_sigmaR_0.216_SE_reference_AE_historical"
18,"S-C2__Fcap_1.70_Besc_6561_sigmaR_0.216_SE_reference_AE_historical",1.7,6561,"Full",2039,1000,0,0.004,13186.0891434068,9480.63041845343,17271.1362909928,0.502,4343.98825716371,0,0,11921.5614640091,"S-C2",18,"Fcap_1.70_Besc_6561_sigmaR_0.216_SE_reference_AE_historical"
18,"S-C2__Fcap_1.70_Besc_6561_sigmaR_0.216_SE_reference_AE_historical",1.7,6561,"Full",2040,1000,0,0.004,13157.1764346456,9747.14006254876,17668.4557243963,0.475,4581.14968621557,2346.21629006909,0,12251.0873467996,"S-C2",18,"Fcap_1.70_Besc_6561_sigmaR_0.216_SE_reference_AE_historical"
18,"S-C2__Fcap_1.70_Besc_6561_sigmaR_0.216_SE_reference_AE_historical",1.7,6561,"Full",2041,1000,0.001,0.005,13178.4204983044,9354.18583617865,17496.1233056098,0.477,4476.61241156348,1994.35880943855,0,11505.5876336216,"S-C2",18,"Fcap_1.70_Besc_6561_sigmaR_0.216_SE_reference_AE_historical"
18,"S-C2__Fcap_1.70_Besc_6561_sigmaR_0.216_SE_reference_AE_historical",1.7,6561,"Full",2042,1000,0,0.004,13199.7989587646,9412.76751223154,17565.5180526943,0.481,4429.95258737021,1221.54478982433,0,12009.2816298399,"S-C2",18,"Fcap_1.70_Besc_6561_sigmaR_0.216_SE_reference_AE_historical"
18,"S-C2__Fcap_1.70_Besc_6561_sigmaR_0.216_SE_reference_AE_historical",1.7,6561,"Full",2043,1000,0,0.003,13045.5768240989,9533.1751215808,17424.9469838055,0.496,4220.94885760518,372.326849292556,0,11647.1861971972,"S-C2",18,"Fcap_1.70_Besc_6561_sigmaR_0.216_SE_reference_AE_historical"
18,"S-C2__Fcap_1.70_Besc_6561_sigmaR_0.216_SE_reference_AE_historical",1.7,6561,"Full",2044,1000,0.002,0.004,13054.4015173201,9678.64420056033,17785.512693421,0.481,4492.45187639479,1185.68764430117,0,12480.6228031463,"S-C2",18,"Fcap_1.70_Besc_6561_sigmaR_0.216_SE_reference_AE_historical"
18,"S-C2__Fcap_1.70_Besc_6561_sigmaR_0.216_SE_reference_AE_historical",1.7,6561,"Full",2045,1000,0.001,0.005,13104.4874276838,9355.90486034882,17566.3488436998,0.49,4519.15773117549,1095.67233100252,0,12259.6945855658,"S-C2",18,"Fcap_1.70_Besc_6561_sigmaR_0.216_SE_reference_AE_historical"
18,"S-C2__Fcap_1.70_Besc_6561_sigmaR_0.216_SE_reference_AE_historical",1.7,6561,"Full",2046,1000,0.002,0.006,13107.7119585096,9540.0777155304,17780.7602738138,0.495,4348.44537699676,561.282184201667,0,12235.1443903057,"S-C2",18,"Fcap_1.70_Besc_6561_sigmaR_0.216_SE_reference_AE_historical"
18,"S-C2__Fcap_1.70_Besc_6561_sigmaR_0.216_SE_reference_AE_historical",1.7,6561,"Full",2047,1000,0,0.004,13228.8711636105,9859.89170668955,18247.1664320872,0.461,4657.25656181491,2350.08228412906,0,12680.7100343446,"S-C2",18,"Fcap_1.70_Besc_6561_sigmaR_0.216_SE_reference_AE_historical"
18,"S-C2__Fcap_1.70_Besc_6561_sigmaR_0.216_SE_reference_AE_historical",1.7,6561,"Full",2048,1000,0.001,0.006,13280.022577105,9421.80509193839,17803.6464863634,0.469,4595.88148198941,2141.17340246567,0,12336.4948330048,"S-C2",18,"Fcap_1.70_Besc_6561_sigmaR_0.216_SE_reference_AE_historical"
18,"S-C2__Fcap_1.70_Besc_6561_sigmaR_0.216_SE_reference_AE_historical",1.7,6561,"Full",2049,1000,0,0.006,12975.4595427073,9451.20762709477,17903.2807956241,0.518,4178.03781857914,0,0,12121.0133298095,"S-C2",18,"Fcap_1.70_Besc_6561_sigmaR_0.216_SE_reference_AE_historical"
18,"S-C2__Fcap_1.70_Besc_6561_sigmaR_0.216_SE_reference_AE_historical",1.7,6561,"Full",2050,1000,0.002,0.003,13326.9229349368,9784.67383469245,18085.9040148696,0.447,4860.02811171338,3673.49778441177,0,12926.3568221318,"S-C2",18,"Fcap_1.70_Besc_6561_sigmaR_0.216_SE_reference_AE_historical"
18,"S-C2__Fcap_1.70_Besc_6561_sigmaR_0.216_SE_reference_AE_historical",1.7,6561,"Full",2051,1000,0.001,0.009,13233.3309945422,9409.05190631175,17916.2204680637,0.48,4430.46216201639,1699.4397551234,0,12122.3684111437,"S-C2",18,"Fcap_1.70_Besc_6561_sigmaR_0.216_SE_reference_AE_historical"
18,"S-C2__Fcap_1.70_Besc_6561_sigmaR_0.216_SE_reference_AE_historical",1.7,6561,"Full",2052,1000,0,0.003,13182.0502603824,9658.32292242022,17953.6435313485,0.477,4655.99720764885,1652.49206599192,0,12826.4348874768,"S-C2",18,"Fcap_1.70_Besc_6561_sigmaR_0.216_SE_reference_AE_historical"
18,"S-C2__Fcap_1.70_Besc_6561_sigmaR_0.216_SE_reference_AE_historical",1.7,6561,"Full",2053,1000,0,0.003,13121.7968436343,9529.22258760326,17937.9929629496,0.503,4350.04606833644,0,0,12564.2338627919,"S-C2",18,"Fcap_1.70_Besc_6561_sigmaR_0.216_SE_reference_AE_historical"
18,"S-C2__Fcap_1.70_Besc_6561_sigmaR_0.216_SE_reference_AE_historical",1.7,6561,"Full",2054,1000,0.001,0.003,13241.2537854171,9320.25958989285,17966.0835661582,0.469,4419.15114685611,2075.84141591622,0,11624.0958771042,"S-C2",18,"Fcap_1.70_Besc_6561_sigmaR_0.216_SE_reference_AE_historical"
19,"S-C2__Fcap_1.70_Besc_7250_sigmaR_0.216_SE_reference_AE_historical",1.7,7250,"Short",2025,1000,0,0,13748.8227941364,12102.5300681059,16127.5228268667,0.681,2524.82502508397,0,0,10630.0636997894,"S-C2",19,"Fcap_1.70_Besc_7250_sigmaR_0.216_SE_reference_AE_historical"
19,"S-C2__Fcap_1.70_Besc_7250_sigmaR_0.216_SE_reference_AE_historical",1.7,7250,"Short",2026,1000,0,0,13975.1002117391,10811.9316218893,18304.2384394686,0.473,4732.62545500288,2584.6495605055,0,12031.7197714819,"S-C2",19,"Fcap_1.70_Besc_7250_sigmaR_0.216_SE_reference_AE_historical"
19,"S-C2__Fcap_1.70_Besc_7250_sigmaR_0.216_SE_reference_AE_historical",1.7,7250,"Short",2027,1000,0,0,13766.9540588297,9576.67535628554,18592.2555582686,0.619,3409.99862435945,0,0,11918.4811455491,"S-C2",19,"Fcap_1.70_Besc_7250_sigmaR_0.216_SE_reference_AE_historical"
19,"S-C2__Fcap_1.70_Besc_7250_sigmaR_0.216_SE_reference_AE_historical",1.7,7250,"Short",2028,1000,0,0,13887.3234472815,10535.2886269586,18092.1306464733,0.544,4228.56909734398,0,0,13358.5086778233,"S-C2",19,"Fcap_1.70_Besc_7250_sigmaR_0.216_SE_reference_AE_historical"
19,"S-C2__Fcap_1.70_Besc_7250_sigmaR_0.216_SE_reference_AE_historical",1.7,7250,"Short",2029,1000,0.003,0.005,13666.7798883046,9397.78278298922,18358.9572631394,0.581,3802.38529562897,0,0,12776.0590176992,"S-C2",19,"Fcap_1.70_Besc_7250_sigmaR_0.216_SE_reference_AE_historical"
19,"S-C2__Fcap_1.70_Besc_7250_sigmaR_0.216_SE_reference_AE_historical",1.7,7250,"Short",2030,1000,0.001,0.004,13755.0819859663,9647.46758317621,18513.5572938258,0.586,3713.00464835337,0,0,12709.3534505158,"S-C2",19,"Fcap_1.70_Besc_7250_sigmaR_0.216_SE_reference_AE_historical"
19,"S-C2__Fcap_1.70_Besc_7250_sigmaR_0.216_SE_reference_AE_historical",1.7,7250,"Short",2031,1000,0,0.003,13720.4078964277,9472.2254645027,18344.7111155852,0.59,3693.01977066045,0,0,12787.5752519282,"S-C2",19,"Fcap_1.70_Besc_7250_sigmaR_0.216_SE_reference_AE_historical"
19,"S-C2__Fcap_1.70_Besc_7250_sigmaR_0.216_SE_reference_AE_historical",1.7,7250,"Short",2032,1000,0.001,0.009,13693.288058977,9963.18983444634,18174.5078470572,0.579,3842.269133784,0,0,13631.8022586017,"S-C2",19,"Fcap_1.70_Besc_7250_sigmaR_0.216_SE_reference_AE_historical"
19,"S-C2__Fcap_1.70_Besc_7250_sigmaR_0.216_SE_reference_AE_historical",1.7,7250,"Short",2033,1000,0.002,0.009,13760.8512239171,9684.19212372301,18367.9932131948,0.554,4181.73636200135,0,0,14264.9798864103,"S-C2",19,"Fcap_1.70_Besc_7250_sigmaR_0.216_SE_reference_AE_historical"
19,"S-C2__Fcap_1.70_Besc_7250_sigmaR_0.216_SE_reference_AE_historical",1.7,7250,"Short",2034,1000,0.001,0.008,13720.5565473427,9538.76628504021,18331.7815973242,0.577,4043.54536267808,0,0,13326.8527895379,"S-C2",19,"Fcap_1.70_Besc_7250_sigmaR_0.216_SE_reference_AE_historical"
19,"S-C2__Fcap_1.70_Besc_7250_sigmaR_0.216_SE_reference_AE_historical",1.7,7250,"Medium",2035,1000,0.001,0.012,13675.3041787689,9490.19841829463,18265.3791096591,0.583,3999.46468765885,0,0,12929.462877565,"S-C2",19,"Fcap_1.70_Besc_7250_sigmaR_0.216_SE_reference_AE_historical"
19,"S-C2__Fcap_1.70_Besc_7250_sigmaR_0.216_SE_reference_AE_historical",1.7,7250,"Medium",2036,1000,0,0.007,13545.957849038,9623.6535748091,18140.5782915864,0.577,3828.16686727801,0,0,12482.5846702352,"S-C2",19,"Fcap_1.70_Besc_7250_sigmaR_0.216_SE_reference_AE_historical"
19,"S-C2__Fcap_1.70_Besc_7250_sigmaR_0.216_SE_reference_AE_historical",1.7,7250,"Medium",2037,1000,0.001,0.005,13628.129490609,9798.55918979168,17969.6480838702,0.602,3623.85572927476,0,0,13040.2446956267,"S-C2",19,"Fcap_1.70_Besc_7250_sigmaR_0.216_SE_reference_AE_historical"
19,"S-C2__Fcap_1.70_Besc_7250_sigmaR_0.216_SE_reference_AE_historical",1.7,7250,"Medium",2038,1000,0.001,0.004,13738.9451336357,9654.12157700216,18115.2648603265,0.574,4052.67285286462,0,0,13360.6355844397,"S-C2",19,"Fcap_1.70_Besc_7250_sigmaR_0.216_SE_reference_AE_historical"
19,"S-C2__Fcap_1.70_Besc_7250_sigmaR_0.216_SE_reference_AE_historical",1.7,7250,"Medium",2039,1000,0.003,0.008,13682.2828605282,9484.66737539461,17678.7894475596,0.568,4187.28186607457,0,0,14530.1143399596,"S-C2",19,"Fcap_1.70_Besc_7250_sigmaR_0.216_SE_reference_AE_historical"
19,"S-C2__Fcap_1.70_Besc_7250_sigmaR_0.216_SE_reference_AE_historical",1.7,7250,"Medium",2040,1000,0,0.006,13756.8623768613,9400.26526833064,18465.5615736132,0.6,3674.98834658854,0,0,12978.143653867,"S-C2",19,"Fcap_1.70_Besc_7250_sigmaR_0.216_SE_reference_AE_historical"
19,"S-C2__Fcap_1.70_Besc_7250_sigmaR_0.216_SE_reference_AE_historical",1.7,7250,"Medium",2041,1000,0.002,0.007,13762.7748786893,9583.03241779709,18303.1338740315,0.551,4165.6737471927,0,0,13410.6155229728,"S-C2",19,"Fcap_1.70_Besc_7250_sigmaR_0.216_SE_reference_AE_historical"
19,"S-C2__Fcap_1.70_Besc_7250_sigmaR_0.216_SE_reference_AE_historical",1.7,7250,"Medium",2042,1000,0,0.01,13793.7303040542,9691.93100614249,18133.0973068818,0.594,3829.60340131752,0,0,13073.9853987367,"S-C2",19,"Fcap_1.70_Besc_7250_sigmaR_0.216_SE_reference_AE_historical"
19,"S-C2__Fcap_1.70_Besc_7250_sigmaR_0.216_SE_reference_AE_historical",1.7,7250,"Medium",2043,1000,0,0.006,13534.2376940774,9698.72258097952,17921.3865369771,0.575,3920.84574170183,0,0,13166.5813750651,"S-C2",19,"Fcap_1.70_Besc_7250_sigmaR_0.216_SE_reference_AE_historical"
19,"S-C2__Fcap_1.70_Besc_7250_sigmaR_0.216_SE_reference_AE_historical",1.7,7250,"Medium",2044,1000,0.002,0.012,13695.0024207282,9562.39319158313,18228.6746539588,0.571,3920.13927636035,0,0,12896.1677095588,"S-C2",19,"Fcap_1.70_Besc_7250_sigmaR_0.216_SE_reference_AE_historical"
19,"S-C2__Fcap_1.70_Besc_7250_sigmaR_0.216_SE_reference_AE_historical",1.7,7250,"Long",2045,1000,0.003,0.008,13632.2162183113,9498.70549170687,18301.6507615557,0.56,4199.71548602358,0,0,14084.45478193,"S-C2",19,"Fcap_1.70_Besc_7250_sigmaR_0.216_SE_reference_AE_historical"
19,"S-C2__Fcap_1.70_Besc_7250_sigmaR_0.216_SE_reference_AE_historical",1.7,7250,"Long",2046,1000,0.002,0.009,13677.9459019221,9293.34052627611,18447.0619370173,0.592,3694.12725243253,0,0,12674.7872505912,"S-C2",19,"Fcap_1.70_Besc_7250_sigmaR_0.216_SE_reference_AE_historical"
19,"S-C2__Fcap_1.70_Besc_7250_sigmaR_0.216_SE_reference_AE_historical",1.7,7250,"Long",2047,1000,0.002,0.004,13769.3070992737,10151.5304453563,18429.7734787553,0.554,4265.70968838264,0,0,14881.4071931193,"S-C2",19,"Fcap_1.70_Besc_7250_sigmaR_0.216_SE_reference_AE_historical"
19,"S-C2__Fcap_1.70_Besc_7250_sigmaR_0.216_SE_reference_AE_historical",1.7,7250,"Long",2048,1000,0.003,0.006,13835.0465025252,9497.14440186865,18265.6115586347,0.564,4106.21602640602,0,0,14116.8426666075,"S-C2",19,"Fcap_1.70_Besc_7250_sigmaR_0.216_SE_reference_AE_historical"
19,"S-C2__Fcap_1.70_Besc_7250_sigmaR_0.216_SE_reference_AE_historical",1.7,7250,"Long",2049,1000,0.002,0.012,13554.1218843367,9419.27574801758,18537.30212853,0.598,3782.77386958562,0,0,13100.4379768724,"S-C2",19,"Fcap_1.70_Besc_7250_sigmaR_0.216_SE_reference_AE_historical"
19,"S-C2__Fcap_1.70_Besc_7250_sigmaR_0.216_SE_reference_AE_historical",1.7,7250,"Long",2050,1000,0.002,0.007,13874.7570981867,9770.00493426941,18463.4150637283,0.547,4280.24867047709,0,0,13676.267237869,"S-C2",19,"Fcap_1.70_Besc_7250_sigmaR_0.216_SE_reference_AE_historical"
19,"S-C2__Fcap_1.70_Besc_7250_sigmaR_0.216_SE_reference_AE_historical",1.7,7250,"Long",2051,1000,0.003,0.008,13737.3884119704,9625.57788833336,18246.7139995764,0.565,4046.43602117539,0,0,13157.7438835316,"S-C2",19,"Fcap_1.70_Besc_7250_sigmaR_0.216_SE_reference_AE_historical"
19,"S-C2__Fcap_1.70_Besc_7250_sigmaR_0.216_SE_reference_AE_historical",1.7,7250,"Long",2052,1000,0,0.005,13699.1510732759,9651.04463836561,18369.3467510836,0.548,4261.88012187468,0,0,13489.4199503438,"S-C2",19,"Fcap_1.70_Besc_7250_sigmaR_0.216_SE_reference_AE_historical"
19,"S-C2__Fcap_1.70_Besc_7250_sigmaR_0.216_SE_reference_AE_historical",1.7,7250,"Long",2053,1000,0.001,0.003,13573.4060961565,9552.84783287581,18307.6280950231,0.593,3836.23481917584,0,0,13381.7829506111,"S-C2",19,"Fcap_1.70_Besc_7250_sigmaR_0.216_SE_reference_AE_historical"
19,"S-C2__Fcap_1.70_Besc_7250_sigmaR_0.216_SE_reference_AE_historical",1.7,7250,"Long",2054,1000,0.001,0.004,13678.5842106331,9729.85373900403,18429.3739030858,0.568,3739.00385528485,0,0,12053.7662616487,"S-C2",19,"Fcap_1.70_Besc_7250_sigmaR_0.216_SE_reference_AE_historical"
19,"S-C2__Fcap_1.70_Besc_7250_sigmaR_0.216_SE_reference_AE_historical",1.7,7250,"Full",2025,1000,0,0,13748.8227941364,12102.5300681059,16127.5228268667,0.681,2524.82502508397,0,0,10630.0636997894,"S-C2",19,"Fcap_1.70_Besc_7250_sigmaR_0.216_SE_reference_AE_historical"
19,"S-C2__Fcap_1.70_Besc_7250_sigmaR_0.216_SE_reference_AE_historical",1.7,7250,"Full",2026,1000,0,0,13975.1002117391,10811.9316218893,18304.2384394686,0.473,4732.62545500288,2584.6495605055,0,12031.7197714819,"S-C2",19,"Fcap_1.70_Besc_7250_sigmaR_0.216_SE_reference_AE_historical"
19,"S-C2__Fcap_1.70_Besc_7250_sigmaR_0.216_SE_reference_AE_historical",1.7,7250,"Full",2027,1000,0,0,13766.9540588297,9576.67535628554,18592.2555582686,0.619,3409.99862435945,0,0,11918.4811455491,"S-C2",19,"Fcap_1.70_Besc_7250_sigmaR_0.216_SE_reference_AE_historical"
19,"S-C2__Fcap_1.70_Besc_7250_sigmaR_0.216_SE_reference_AE_historical",1.7,7250,"Full",2028,1000,0,0,13887.3234472815,10535.2886269586,18092.1306464733,0.544,4228.56909734398,0,0,13358.5086778233,"S-C2",19,"Fcap_1.70_Besc_7250_sigmaR_0.216_SE_reference_AE_historical"
19,"S-C2__Fcap_1.70_Besc_7250_sigmaR_0.216_SE_reference_AE_historical",1.7,7250,"Full",2029,1000,0.003,0.005,13666.7798883046,9397.78278298922,18358.9572631394,0.581,3802.38529562897,0,0,12776.0590176992,"S-C2",19,"Fcap_1.70_Besc_7250_sigmaR_0.216_SE_reference_AE_historical"
19,"S-C2__Fcap_1.70_Besc_7250_sigmaR_0.216_SE_reference_AE_historical",1.7,7250,"Full",2030,1000,0.001,0.004,13755.0819859663,9647.46758317621,18513.5572938258,0.586,3713.00464835337,0,0,12709.3534505158,"S-C2",19,"Fcap_1.70_Besc_7250_sigmaR_0.216_SE_reference_AE_historical"
19,"S-C2__Fcap_1.70_Besc_7250_sigmaR_0.216_SE_reference_AE_historical",1.7,7250,"Full",2031,1000,0,0.003,13720.4078964277,9472.2254645027,18344.7111155852,0.59,3693.01977066045,0,0,12787.5752519282,"S-C2",19,"Fcap_1.70_Besc_7250_sigmaR_0.216_SE_reference_AE_historical"
19,"S-C2__Fcap_1.70_Besc_7250_sigmaR_0.216_SE_reference_AE_historical",1.7,7250,"Full",2032,1000,0.001,0.009,13693.288058977,9963.18983444634,18174.5078470572,0.579,3842.269133784,0,0,13631.8022586017,"S-C2",19,"Fcap_1.70_Besc_7250_sigmaR_0.216_SE_reference_AE_historical"
19,"S-C2__Fcap_1.70_Besc_7250_sigmaR_0.216_SE_reference_AE_historical",1.7,7250,"Full",2033,1000,0.002,0.009,13760.8512239171,9684.19212372301,18367.9932131948,0.554,4181.73636200135,0,0,14264.9798864103,"S-C2",19,"Fcap_1.70_Besc_7250_sigmaR_0.216_SE_reference_AE_historical"
19,"S-C2__Fcap_1.70_Besc_7250_sigmaR_0.216_SE_reference_AE_historical",1.7,7250,"Full",2034,1000,0.001,0.008,13720.5565473427,9538.76628504021,18331.7815973242,0.577,4043.54536267808,0,0,13326.8527895379,"S-C2",19,"Fcap_1.70_Besc_7250_sigmaR_0.216_SE_reference_AE_historical"
19,"S-C2__Fcap_1.70_Besc_7250_sigmaR_0.216_SE_reference_AE_historical",1.7,7250,"Full",2035,1000,0.001,0.012,13675.3041787689,9490.19841829463,18265.3791096591,0.583,3999.46468765885,0,0,12929.462877565,"S-C2",19,"Fcap_1.70_Besc_7250_sigmaR_0.216_SE_reference_AE_historical"
19,"S-C2__Fcap_1.70_Besc_7250_sigmaR_0.216_SE_reference_AE_historical",1.7,7250,"Full",2036,1000,0,0.007,13545.957849038,9623.6535748091,18140.5782915864,0.577,3828.16686727801,0,0,12482.5846702352,"S-C2",19,"Fcap_1.70_Besc_7250_sigmaR_0.216_SE_reference_AE_historical"
19,"S-C2__Fcap_1.70_Besc_7250_sigmaR_0.216_SE_reference_AE_historical",1.7,7250,"Full",2037,1000,0.001,0.005,13628.129490609,9798.55918979168,17969.6480838702,0.602,3623.85572927476,0,0,13040.2446956267,"S-C2",19,"Fcap_1.70_Besc_7250_sigmaR_0.216_SE_reference_AE_historical"
19,"S-C2__Fcap_1.70_Besc_7250_sigmaR_0.216_SE_reference_AE_historical",1.7,7250,"Full",2038,1000,0.001,0.004,13738.9451336357,9654.12157700216,18115.2648603265,0.574,4052.67285286462,0,0,13360.6355844397,"S-C2",19,"Fcap_1.70_Besc_7250_sigmaR_0.216_SE_reference_AE_historical"
19,"S-C2__Fcap_1.70_Besc_7250_sigmaR_0.216_SE_reference_AE_historical",1.7,7250,"Full",2039,1000,0.003,0.008,13682.2828605282,9484.66737539461,17678.7894475596,0.568,4187.28186607457,0,0,14530.1143399596,"S-C2",19,"Fcap_1.70_Besc_7250_sigmaR_0.216_SE_reference_AE_historical"
19,"S-C2__Fcap_1.70_Besc_7250_sigmaR_0.216_SE_reference_AE_historical",1.7,7250,"Full",2040,1000,0,0.006,13756.8623768613,9400.26526833064,18465.5615736132,0.6,3674.98834658854,0,0,12978.143653867,"S-C2",19,"Fcap_1.70_Besc_7250_sigmaR_0.216_SE_reference_AE_historical"
19,"S-C2__Fcap_1.70_Besc_7250_sigmaR_0.216_SE_reference_AE_historical",1.7,7250,"Full",2041,1000,0.002,0.007,13762.7748786893,9583.03241779709,18303.1338740315,0.551,4165.6737471927,0,0,13410.6155229728,"S-C2",19,"Fcap_1.70_Besc_7250_sigmaR_0.216_SE_reference_AE_historical"
19,"S-C2__Fcap_1.70_Besc_7250_sigmaR_0.216_SE_reference_AE_historical",1.7,7250,"Full",2042,1000,0,0.01,13793.7303040542,9691.93100614249,18133.0973068818,0.594,3829.60340131752,0,0,13073.9853987367,"S-C2",19,"Fcap_1.70_Besc_7250_sigmaR_0.216_SE_reference_AE_historical"
19,"S-C2__Fcap_1.70_Besc_7250_sigmaR_0.216_SE_reference_AE_historical",1.7,7250,"Full",2043,1000,0,0.006,13534.2376940774,9698.72258097952,17921.3865369771,0.575,3920.84574170183,0,0,13166.5813750651,"S-C2",19,"Fcap_1.70_Besc_7250_sigmaR_0.216_SE_reference_AE_historical"
19,"S-C2__Fcap_1.70_Besc_7250_sigmaR_0.216_SE_reference_AE_historical",1.7,7250,"Full",2044,1000,0.002,0.012,13695.0024207282,9562.39319158313,18228.6746539588,0.571,3920.13927636035,0,0,12896.1677095588,"S-C2",19,"Fcap_1.70_Besc_7250_sigmaR_0.216_SE_reference_AE_historical"
19,"S-C2__Fcap_1.70_Besc_7250_sigmaR_0.216_SE_reference_AE_historical",1.7,7250,"Full",2045,1000,0.003,0.008,13632.2162183113,9498.70549170687,18301.6507615557,0.56,4199.71548602358,0,0,14084.45478193,"S-C2",19,"Fcap_1.70_Besc_7250_sigmaR_0.216_SE_reference_AE_historical"
19,"S-C2__Fcap_1.70_Besc_7250_sigmaR_0.216_SE_reference_AE_historical",1.7,7250,"Full",2046,1000,0.002,0.009,13677.9459019221,9293.34052627611,18447.0619370173,0.592,3694.12725243253,0,0,12674.7872505912,"S-C2",19,"Fcap_1.70_Besc_7250_sigmaR_0.216_SE_reference_AE_historical"
19,"S-C2__Fcap_1.70_Besc_7250_sigmaR_0.216_SE_reference_AE_historical",1.7,7250,"Full",2047,1000,0.002,0.004,13769.3070992737,10151.5304453563,18429.7734787553,0.554,4265.70968838264,0,0,14881.4071931193,"S-C2",19,"Fcap_1.70_Besc_7250_sigmaR_0.216_SE_reference_AE_historical"
19,"S-C2__Fcap_1.70_Besc_7250_sigmaR_0.216_SE_reference_AE_historical",1.7,7250,"Full",2048,1000,0.003,0.006,13835.0465025252,9497.14440186865,18265.6115586347,0.564,4106.21602640602,0,0,14116.8426666075,"S-C2",19,"Fcap_1.70_Besc_7250_sigmaR_0.216_SE_reference_AE_historical"
19,"S-C2__Fcap_1.70_Besc_7250_sigmaR_0.216_SE_reference_AE_historical",1.7,7250,"Full",2049,1000,0.002,0.012,13554.1218843367,9419.27574801758,18537.30212853,0.598,3782.77386958562,0,0,13100.4379768724,"S-C2",19,"Fcap_1.70_Besc_7250_sigmaR_0.216_SE_reference_AE_historical"
19,"S-C2__Fcap_1.70_Besc_7250_sigmaR_0.216_SE_reference_AE_historical",1.7,7250,"Full",2050,1000,0.002,0.007,13874.7570981867,9770.00493426941,18463.4150637283,0.547,4280.24867047709,0,0,13676.267237869,"S-C2",19,"Fcap_1.70_Besc_7250_sigmaR_0.216_SE_reference_AE_historical"
19,"S-C2__Fcap_1.70_Besc_7250_sigmaR_0.216_SE_reference_AE_historical",1.7,7250,"Full",2051,1000,0.003,0.008,13737.3884119704,9625.57788833336,18246.7139995764,0.565,4046.43602117539,0,0,13157.7438835316,"S-C2",19,"Fcap_1.70_Besc_7250_sigmaR_0.216_SE_reference_AE_historical"
19,"S-C2__Fcap_1.70_Besc_7250_sigmaR_0.216_SE_reference_AE_historical",1.7,7250,"Full",2052,1000,0,0.005,13699.1510732759,9651.04463836561,18369.3467510836,0.548,4261.88012187468,0,0,13489.4199503438,"S-C2",19,"Fcap_1.70_Besc_7250_sigmaR_0.216_SE_reference_AE_historical"
19,"S-C2__Fcap_1.70_Besc_7250_sigmaR_0.216_SE_reference_AE_historical",1.7,7250,"Full",2053,1000,0.001,0.003,13573.4060961565,9552.84783287581,18307.6280950231,0.593,3836.23481917584,0,0,13381.7829506111,"S-C2",19,"Fcap_1.70_Besc_7250_sigmaR_0.216_SE_reference_AE_historical"
19,"S-C2__Fcap_1.70_Besc_7250_sigmaR_0.216_SE_reference_AE_historical",1.7,7250,"Full",2054,1000,0.001,0.004,13678.5842106331,9729.85373900403,18429.3739030858,0.568,3739.00385528485,0,0,12053.7662616487,"S-C2",19,"Fcap_1.70_Besc_7250_sigmaR_0.216_SE_reference_AE_historical"
20,"S-C2__Fcap_1.70_Besc_8000_sigmaR_0.216_SE_reference_AE_historical",1.7,8000,"Short",2025,1000,0,0,13950.3522735477,12135.8179097045,16909.4736833152,0.824,1347.46897244102,0,0,10327.0696250387,"S-C2",20,"Fcap_1.70_Besc_8000_sigmaR_0.216_SE_reference_AE_historical"
20,"S-C2__Fcap_1.70_Besc_8000_sigmaR_0.216_SE_reference_AE_historical",1.7,8000,"Short",2026,1000,0,0,14743.0198928646,11246.114993279,19093.5742157087,0.562,4040.21023822543,0,0,12385.9672849597,"S-C2",20,"Fcap_1.70_Besc_8000_sigmaR_0.216_SE_reference_AE_historical"
20,"S-C2__Fcap_1.70_Besc_8000_sigmaR_0.216_SE_reference_AE_historical",1.7,8000,"Short",2027,1000,0,0,14545.4075700239,10006.4244098714,19063.192220998,0.689,2739.64457916211,0,0,11897.9758873068,"S-C2",20,"Fcap_1.70_Besc_8000_sigmaR_0.216_SE_reference_AE_historical"
20,"S-C2__Fcap_1.70_Besc_8000_sigmaR_0.216_SE_reference_AE_historical",1.7,8000,"Short",2028,1000,0,0,14448.0699641691,10816.8808894794,18752.4727852204,0.639,3783.49841167842,0,0,14851.3954596881,"S-C2",20,"Fcap_1.70_Besc_8000_sigmaR_0.216_SE_reference_AE_historical"
20,"S-C2__Fcap_1.70_Besc_8000_sigmaR_0.216_SE_reference_AE_historical",1.7,8000,"Short",2029,1000,0.002,0.01,14250.6071366662,9459.08993086902,18984.283976314,0.666,3360.94354103049,0,0,13995.7112292227,"S-C2",20,"Fcap_1.70_Besc_8000_sigmaR_0.216_SE_reference_AE_historical"
20,"S-C2__Fcap_1.70_Besc_8000_sigmaR_0.216_SE_reference_AE_historical",1.7,8000,"Short",2030,1000,0.001,0.007,14357.1553518363,9837.76863434481,18885.7367522225,0.673,3121.26135656715,0,0,13872.7893709839,"S-C2",20,"Fcap_1.70_Besc_8000_sigmaR_0.216_SE_reference_AE_historical"
20,"S-C2__Fcap_1.70_Besc_8000_sigmaR_0.216_SE_reference_AE_historical",1.7,8000,"Short",2031,1000,0,0.007,14223.792075446,9713.88136329881,18708.163493987,0.688,3075.75317957017,0,0,13997.5979326625,"S-C2",20,"Fcap_1.70_Besc_8000_sigmaR_0.216_SE_reference_AE_historical"
20,"S-C2__Fcap_1.70_Besc_8000_sigmaR_0.216_SE_reference_AE_historical",1.7,8000,"Short",2032,1000,0.001,0.009,14305.1354010774,10063.6663680838,18643.6342718824,0.666,3328.14257717476,0,0,13852.6477905909,"S-C2",20,"Fcap_1.70_Besc_8000_sigmaR_0.216_SE_reference_AE_historical"
20,"S-C2__Fcap_1.70_Besc_8000_sigmaR_0.216_SE_reference_AE_historical",1.7,8000,"Short",2033,1000,0.001,0.01,14285.8214157098,9831.53687741207,18916.672536969,0.655,3444.98707437678,0,0,15545.2719366387,"S-C2",20,"Fcap_1.70_Besc_8000_sigmaR_0.216_SE_reference_AE_historical"
20,"S-C2__Fcap_1.70_Besc_8000_sigmaR_0.216_SE_reference_AE_historical",1.7,8000,"Short",2034,1000,0,0.005,14378.5899353515,9652.17900772904,18792.6864999884,0.663,3531.48863591455,0,0,16301.0555432005,"S-C2",20,"Fcap_1.70_Besc_8000_sigmaR_0.216_SE_reference_AE_historical"
20,"S-C2__Fcap_1.70_Besc_8000_sigmaR_0.216_SE_reference_AE_historical",1.7,8000,"Medium",2035,1000,0.002,0.015,14202.6860166201,9291.44762667931,18757.3285812749,0.647,3385.71613110602,0,0,13735.0626871402,"S-C2",20,"Fcap_1.70_Besc_8000_sigmaR_0.216_SE_reference_AE_historical"
20,"S-C2__Fcap_1.70_Besc_8000_sigmaR_0.216_SE_reference_AE_historical",1.7,8000,"Medium",2036,1000,0.002,0.008,14149.0186523621,9770.71607769692,18600.6444423934,0.671,3372.47155441704,0,0,14289.3192149953,"S-C2",20,"Fcap_1.70_Besc_8000_sigmaR_0.216_SE_reference_AE_historical"
20,"S-C2__Fcap_1.70_Besc_8000_sigmaR_0.216_SE_reference_AE_historical",1.7,8000,"Medium",2037,1000,0.002,0.008,14244.9959571135,9588.00675639883,18458.6970906029,0.69,2959.60060765931,0,0,12685.9070488088,"S-C2",20,"Fcap_1.70_Besc_8000_sigmaR_0.216_SE_reference_AE_historical"
20,"S-C2__Fcap_1.70_Besc_8000_sigmaR_0.216_SE_reference_AE_historical",1.7,8000,"Medium",2038,1000,0,0.009,14322.4704401183,9841.49625207316,18823.4675858083,0.677,3313.40432320744,0,0,14788.3894259748,"S-C2",20,"Fcap_1.70_Besc_8000_sigmaR_0.216_SE_reference_AE_historical"
20,"S-C2__Fcap_1.70_Besc_8000_sigmaR_0.216_SE_reference_AE_historical",1.7,8000,"Medium",2039,1000,0.002,0.008,14265.5991330487,9717.04347528376,18653.6312779992,0.66,3390.60039101093,0,0,16629.8782228755,"S-C2",20,"Fcap_1.70_Besc_8000_sigmaR_0.216_SE_reference_AE_historical"
20,"S-C2__Fcap_1.70_Besc_8000_sigmaR_0.216_SE_reference_AE_historical",1.7,8000,"Medium",2040,1000,0.001,0.011,14185.4476214353,9669.27500255083,19055.2162596406,0.687,3335.55024065572,0,0,17223.2996571172,"S-C2",20,"Fcap_1.70_Besc_8000_sigmaR_0.216_SE_reference_AE_historical"
20,"S-C2__Fcap_1.70_Besc_8000_sigmaR_0.216_SE_reference_AE_historical",1.7,8000,"Medium",2041,1000,0.006,0.015,14327.7866176935,9426.63025605086,19000.1709355413,0.64,3645.93269417169,0,0,14763.8253601285,"S-C2",20,"Fcap_1.70_Besc_8000_sigmaR_0.216_SE_reference_AE_historical"
20,"S-C2__Fcap_1.70_Besc_8000_sigmaR_0.216_SE_reference_AE_historical",1.7,8000,"Medium",2042,1000,0,0.003,14148.5873256734,9378.59381698862,18548.7768597356,0.672,3429.31455280487,0,0,14993.8469997785,"S-C2",20,"Fcap_1.70_Besc_8000_sigmaR_0.216_SE_reference_AE_historical"
20,"S-C2__Fcap_1.70_Besc_8000_sigmaR_0.216_SE_reference_AE_historical",1.7,8000,"Medium",2043,1000,0.003,0.009,14117.7415291402,9812.21808818657,18636.0776666656,0.695,3162.62761956665,0,0,15008.4159775579,"S-C2",20,"Fcap_1.70_Besc_8000_sigmaR_0.216_SE_reference_AE_historical"
20,"S-C2__Fcap_1.70_Besc_8000_sigmaR_0.216_SE_reference_AE_historical",1.7,8000,"Medium",2044,1000,0.003,0.011,14146.4510389924,9749.33907417064,18672.3210738463,0.66,3574.44164993844,0,0,14880.0429637194,"S-C2",20,"Fcap_1.70_Besc_8000_sigmaR_0.216_SE_reference_AE_historical"
20,"S-C2__Fcap_1.70_Besc_8000_sigmaR_0.216_SE_reference_AE_historical",1.7,8000,"Long",2045,1000,0.002,0.008,14131.5646240612,9371.46201378373,18608.4160273073,0.668,3507.22695239179,0,0,15462.0256155836,"S-C2",20,"Fcap_1.70_Besc_8000_sigmaR_0.216_SE_reference_AE_historical"
20,"S-C2__Fcap_1.70_Besc_8000_sigmaR_0.216_SE_reference_AE_historical",1.7,8000,"Long",2046,1000,0.001,0.01,14232.8960650094,9772.02462844486,18791.1519730676,0.67,3390.26490014585,0,0,13930.7743237219,"S-C2",20,"Fcap_1.70_Besc_8000_sigmaR_0.216_SE_reference_AE_historical"
20,"S-C2__Fcap_1.70_Besc_8000_sigmaR_0.216_SE_reference_AE_historical",1.7,8000,"Long",2047,1000,0,0.009,14294.6037704327,10372.9057657669,19133.6248963986,0.677,3305.75723118508,0,0,14846.1982409833,"S-C2",20,"Fcap_1.70_Besc_8000_sigmaR_0.216_SE_reference_AE_historical"
20,"S-C2__Fcap_1.70_Besc_8000_sigmaR_0.216_SE_reference_AE_historical",1.7,8000,"Long",2048,1000,0.002,0.007,14399.4043934888,9739.93218247032,19154.2853337401,0.642,3601.87919556054,0,0,14561.4662593984,"S-C2",20,"Fcap_1.70_Besc_8000_sigmaR_0.216_SE_reference_AE_historical"
20,"S-C2__Fcap_1.70_Besc_8000_sigmaR_0.216_SE_reference_AE_historical",1.7,8000,"Long",2049,1000,0.002,0.009,14153.956413688,9835.09361895323,18675.9768740038,0.676,3207.82571919529,0,0,13676.6762796271,"S-C2",20,"Fcap_1.70_Besc_8000_sigmaR_0.216_SE_reference_AE_historical"
20,"S-C2__Fcap_1.70_Besc_8000_sigmaR_0.216_SE_reference_AE_historical",1.7,8000,"Long",2050,1000,0,0.006,14352.8567554275,10161.0191908046,19111.4306206731,0.653,3692.31003099713,0,0,16972.4948531064,"S-C2",20,"Fcap_1.70_Besc_8000_sigmaR_0.216_SE_reference_AE_historical"
20,"S-C2__Fcap_1.70_Besc_8000_sigmaR_0.216_SE_reference_AE_historical",1.7,8000,"Long",2051,1000,0.001,0.012,14231.5319642105,9691.95016599724,18937.1691424437,0.646,3616.87492598415,0,0,13803.1805732728,"S-C2",20,"Fcap_1.70_Besc_8000_sigmaR_0.216_SE_reference_AE_historical"
20,"S-C2__Fcap_1.70_Besc_8000_sigmaR_0.216_SE_reference_AE_historical",1.7,8000,"Long",2052,1000,0.002,0.008,14268.2207095023,9857.63246747179,18854.7816917178,0.666,3515.85670550428,0,0,14932.8419243029,"S-C2",20,"Fcap_1.70_Besc_8000_sigmaR_0.216_SE_reference_AE_historical"
20,"S-C2__Fcap_1.70_Besc_8000_sigmaR_0.216_SE_reference_AE_historical",1.7,8000,"Long",2053,1000,0.001,0.008,14245.5399073017,9351.0435289991,18881.0116012209,0.645,3519.55624609739,0,0,13894.2740355651,"S-C2",20,"Fcap_1.70_Besc_8000_sigmaR_0.216_SE_reference_AE_historical"
20,"S-C2__Fcap_1.70_Besc_8000_sigmaR_0.216_SE_reference_AE_historical",1.7,8000,"Long",2054,1000,0.001,0.005,14275.2640088637,9547.45661902781,18880.4271095175,0.689,3021.06132901122,0,0,13705.2190484534,"S-C2",20,"Fcap_1.70_Besc_8000_sigmaR_0.216_SE_reference_AE_historical"
20,"S-C2__Fcap_1.70_Besc_8000_sigmaR_0.216_SE_reference_AE_historical",1.7,8000,"Full",2025,1000,0,0,13950.3522735477,12135.8179097045,16909.4736833152,0.824,1347.46897244102,0,0,10327.0696250387,"S-C2",20,"Fcap_1.70_Besc_8000_sigmaR_0.216_SE_reference_AE_historical"
20,"S-C2__Fcap_1.70_Besc_8000_sigmaR_0.216_SE_reference_AE_historical",1.7,8000,"Full",2026,1000,0,0,14743.0198928646,11246.114993279,19093.5742157087,0.562,4040.21023822543,0,0,12385.9672849597,"S-C2",20,"Fcap_1.70_Besc_8000_sigmaR_0.216_SE_reference_AE_historical"
20,"S-C2__Fcap_1.70_Besc_8000_sigmaR_0.216_SE_reference_AE_historical",1.7,8000,"Full",2027,1000,0,0,14545.4075700239,10006.4244098714,19063.192220998,0.689,2739.64457916211,0,0,11897.9758873068,"S-C2",20,"Fcap_1.70_Besc_8000_sigmaR_0.216_SE_reference_AE_historical"
20,"S-C2__Fcap_1.70_Besc_8000_sigmaR_0.216_SE_reference_AE_historical",1.7,8000,"Full",2028,1000,0,0,14448.0699641691,10816.8808894794,18752.4727852204,0.639,3783.49841167842,0,0,14851.3954596881,"S-C2",20,"Fcap_1.70_Besc_8000_sigmaR_0.216_SE_reference_AE_historical"
20,"S-C2__Fcap_1.70_Besc_8000_sigmaR_0.216_SE_reference_AE_historical",1.7,8000,"Full",2029,1000,0.002,0.01,14250.6071366662,9459.08993086902,18984.283976314,0.666,3360.94354103049,0,0,13995.7112292227,"S-C2",20,"Fcap_1.70_Besc_8000_sigmaR_0.216_SE_reference_AE_historical"
20,"S-C2__Fcap_1.70_Besc_8000_sigmaR_0.216_SE_reference_AE_historical",1.7,8000,"Full",2030,1000,0.001,0.007,14357.1553518363,9837.76863434481,18885.7367522225,0.673,3121.26135656715,0,0,13872.7893709839,"S-C2",20,"Fcap_1.70_Besc_8000_sigmaR_0.216_SE_reference_AE_historical"
20,"S-C2__Fcap_1.70_Besc_8000_sigmaR_0.216_SE_reference_AE_historical",1.7,8000,"Full",2031,1000,0,0.007,14223.792075446,9713.88136329881,18708.163493987,0.688,3075.75317957017,0,0,13997.5979326625,"S-C2",20,"Fcap_1.70_Besc_8000_sigmaR_0.216_SE_reference_AE_historical"
20,"S-C2__Fcap_1.70_Besc_8000_sigmaR_0.216_SE_reference_AE_historical",1.7,8000,"Full",2032,1000,0.001,0.009,14305.1354010774,10063.6663680838,18643.6342718824,0.666,3328.14257717476,0,0,13852.6477905909,"S-C2",20,"Fcap_1.70_Besc_8000_sigmaR_0.216_SE_reference_AE_historical"
20,"S-C2__Fcap_1.70_Besc_8000_sigmaR_0.216_SE_reference_AE_historical",1.7,8000,"Full",2033,1000,0.001,0.01,14285.8214157098,9831.53687741207,18916.672536969,0.655,3444.98707437678,0,0,15545.2719366387,"S-C2",20,"Fcap_1.70_Besc_8000_sigmaR_0.216_SE_reference_AE_historical"
20,"S-C2__Fcap_1.70_Besc_8000_sigmaR_0.216_SE_reference_AE_historical",1.7,8000,"Full",2034,1000,0,0.005,14378.5899353515,9652.17900772904,18792.6864999884,0.663,3531.48863591455,0,0,16301.0555432005,"S-C2",20,"Fcap_1.70_Besc_8000_sigmaR_0.216_SE_reference_AE_historical"
20,"S-C2__Fcap_1.70_Besc_8000_sigmaR_0.216_SE_reference_AE_historical",1.7,8000,"Full",2035,1000,0.002,0.015,14202.6860166201,9291.44762667931,18757.3285812749,0.647,3385.71613110602,0,0,13735.0626871402,"S-C2",20,"Fcap_1.70_Besc_8000_sigmaR_0.216_SE_reference_AE_historical"
20,"S-C2__Fcap_1.70_Besc_8000_sigmaR_0.216_SE_reference_AE_historical",1.7,8000,"Full",2036,1000,0.002,0.008,14149.0186523621,9770.71607769692,18600.6444423934,0.671,3372.47155441704,0,0,14289.3192149953,"S-C2",20,"Fcap_1.70_Besc_8000_sigmaR_0.216_SE_reference_AE_historical"
20,"S-C2__Fcap_1.70_Besc_8000_sigmaR_0.216_SE_reference_AE_historical",1.7,8000,"Full",2037,1000,0.002,0.008,14244.9959571135,9588.00675639883,18458.6970906029,0.69,2959.60060765931,0,0,12685.9070488088,"S-C2",20,"Fcap_1.70_Besc_8000_sigmaR_0.216_SE_reference_AE_historical"
20,"S-C2__Fcap_1.70_Besc_8000_sigmaR_0.216_SE_reference_AE_historical",1.7,8000,"Full",2038,1000,0,0.009,14322.4704401183,9841.49625207316,18823.4675858083,0.677,3313.40432320744,0,0,14788.3894259748,"S-C2",20,"Fcap_1.70_Besc_8000_sigmaR_0.216_SE_reference_AE_historical"
20,"S-C2__Fcap_1.70_Besc_8000_sigmaR_0.216_SE_reference_AE_historical",1.7,8000,"Full",2039,1000,0.002,0.008,14265.5991330487,9717.04347528376,18653.6312779992,0.66,3390.60039101093,0,0,16629.8782228755,"S-C2",20,"Fcap_1.70_Besc_8000_sigmaR_0.216_SE_reference_AE_historical"
20,"S-C2__Fcap_1.70_Besc_8000_sigmaR_0.216_SE_reference_AE_historical",1.7,8000,"Full",2040,1000,0.001,0.011,14185.4476214353,9669.27500255083,19055.2162596406,0.687,3335.55024065572,0,0,17223.2996571172,"S-C2",20,"Fcap_1.70_Besc_8000_sigmaR_0.216_SE_reference_AE_historical"
20,"S-C2__Fcap_1.70_Besc_8000_sigmaR_0.216_SE_reference_AE_historical",1.7,8000,"Full",2041,1000,0.006,0.015,14327.7866176935,9426.63025605086,19000.1709355413,0.64,3645.93269417169,0,0,14763.8253601285,"S-C2",20,"Fcap_1.70_Besc_8000_sigmaR_0.216_SE_reference_AE_historical"
20,"S-C2__Fcap_1.70_Besc_8000_sigmaR_0.216_SE_reference_AE_historical",1.7,8000,"Full",2042,1000,0,0.003,14148.5873256734,9378.59381698862,18548.7768597356,0.672,3429.31455280487,0,0,14993.8469997785,"S-C2",20,"Fcap_1.70_Besc_8000_sigmaR_0.216_SE_reference_AE_historical"
20,"S-C2__Fcap_1.70_Besc_8000_sigmaR_0.216_SE_reference_AE_historical",1.7,8000,"Full",2043,1000,0.003,0.009,14117.7415291402,9812.21808818657,18636.0776666656,0.695,3162.62761956665,0,0,15008.4159775579,"S-C2",20,"Fcap_1.70_Besc_8000_sigmaR_0.216_SE_reference_AE_historical"
20,"S-C2__Fcap_1.70_Besc_8000_sigmaR_0.216_SE_reference_AE_historical",1.7,8000,"Full",2044,1000,0.003,0.011,14146.4510389924,9749.33907417064,18672.3210738463,0.66,3574.44164993844,0,0,14880.0429637194,"S-C2",20,"Fcap_1.70_Besc_8000_sigmaR_0.216_SE_reference_AE_historical"
20,"S-C2__Fcap_1.70_Besc_8000_sigmaR_0.216_SE_reference_AE_historical",1.7,8000,"Full",2045,1000,0.002,0.008,14131.5646240612,9371.46201378373,18608.4160273073,0.668,3507.22695239179,0,0,15462.0256155836,"S-C2",20,"Fcap_1.70_Besc_8000_sigmaR_0.216_SE_reference_AE_historical"
20,"S-C2__Fcap_1.70_Besc_8000_sigmaR_0.216_SE_reference_AE_historical",1.7,8000,"Full",2046,1000,0.001,0.01,14232.8960650094,9772.02462844486,18791.1519730676,0.67,3390.26490014585,0,0,13930.7743237219,"S-C2",20,"Fcap_1.70_Besc_8000_sigmaR_0.216_SE_reference_AE_historical"
20,"S-C2__Fcap_1.70_Besc_8000_sigmaR_0.216_SE_reference_AE_historical",1.7,8000,"Full",2047,1000,0,0.009,14294.6037704327,10372.9057657669,19133.6248963986,0.677,3305.75723118508,0,0,14846.1982409833,"S-C2",20,"Fcap_1.70_Besc_8000_sigmaR_0.216_SE_reference_AE_historical"
20,"S-C2__Fcap_1.70_Besc_8000_sigmaR_0.216_SE_reference_AE_historical",1.7,8000,"Full",2048,1000,0.002,0.007,14399.4043934888,9739.93218247032,19154.2853337401,0.642,3601.87919556054,0,0,14561.4662593984,"S-C2",20,"Fcap_1.70_Besc_8000_sigmaR_0.216_SE_reference_AE_historical"
20,"S-C2__Fcap_1.70_Besc_8000_sigmaR_0.216_SE_reference_AE_historical",1.7,8000,"Full",2049,1000,0.002,0.009,14153.956413688,9835.09361895323,18675.9768740038,0.676,3207.82571919529,0,0,13676.6762796271,"S-C2",20,"Fcap_1.70_Besc_8000_sigmaR_0.216_SE_reference_AE_historical"
20,"S-C2__Fcap_1.70_Besc_8000_sigmaR_0.216_SE_reference_AE_historical",1.7,8000,"Full",2050,1000,0,0.006,14352.8567554275,10161.0191908046,19111.4306206731,0.653,3692.31003099713,0,0,16972.4948531064,"S-C2",20,"Fcap_1.70_Besc_8000_sigmaR_0.216_SE_reference_AE_historical"
20,"S-C2__Fcap_1.70_Besc_8000_sigmaR_0.216_SE_reference_AE_historical",1.7,8000,"Full",2051,1000,0.001,0.012,14231.5319642105,9691.95016599724,18937.1691424437,0.646,3616.87492598415,0,0,13803.1805732728,"S-C2",20,"Fcap_1.70_Besc_8000_sigmaR_0.216_SE_reference_AE_historical"
20,"S-C2__Fcap_1.70_Besc_8000_sigmaR_0.216_SE_reference_AE_historical",1.7,8000,"Full",2052,1000,0.002,0.008,14268.2207095023,9857.63246747179,18854.7816917178,0.666,3515.85670550428,0,0,14932.8419243029,"S-C2",20,"Fcap_1.70_Besc_8000_sigmaR_0.216_SE_reference_AE_historical"
20,"S-C2__Fcap_1.70_Besc_8000_sigmaR_0.216_SE_reference_AE_historical",1.7,8000,"Full",2053,1000,0.001,0.008,14245.5399073017,9351.0435289991,18881.0116012209,0.645,3519.55624609739,0,0,13894.2740355651,"S-C2",20,"Fcap_1.70_Besc_8000_sigmaR_0.216_SE_reference_AE_historical"
20,"S-C2__Fcap_1.70_Besc_8000_sigmaR_0.216_SE_reference_AE_historical",1.7,8000,"Full",2054,1000,0.001,0.005,14275.2640088637,9547.45661902781,18880.4271095175,0.689,3021.06132901122,0,0,13705.2190484534,"S-C2",20,"Fcap_1.70_Besc_8000_sigmaR_0.216_SE_reference_AE_historical"
25,"S-C2__Fcap_1.80_Besc_5000_sigmaR_0.216_SE_reference_AE_historical",1.8,5000,"Short",2025,1000,0,0,12466.7485878862,10891.7707679482,15116.4337757234,0.076,7616.78462208382,7988.92486808113,0,11116.5327684025,"S-C2",25,"Fcap_1.80_Besc_5000_sigmaR_0.216_SE_reference_AE_historical"
25,"S-C2__Fcap_1.80_Besc_5000_sigmaR_0.216_SE_reference_AE_historical",1.8,5000,"Short",2026,1000,0,0.001,11635.9272588799,8882.34235933711,16297.5318300569,0.339,4927.51800515661,6417.6210425053,0,10683.9358440325,"S-C2",25,"Fcap_1.80_Besc_5000_sigmaR_0.216_SE_reference_AE_historical"
25,"S-C2__Fcap_1.80_Besc_5000_sigmaR_0.216_SE_reference_AE_historical",1.8,5000,"Short",2027,1000,0,0,12059.4508225942,8994.84748853507,16942.7516629395,0.218,6343.8887815839,7560.21676994523,0,11465.400749605,"S-C2",25,"Fcap_1.80_Besc_5000_sigmaR_0.216_SE_reference_AE_historical"
25,"S-C2__Fcap_1.80_Besc_5000_sigmaR_0.216_SE_reference_AE_historical",1.8,5000,"Short",2028,1000,0,0,11846.595699083,8727.15943311221,16250.9888571543,0.301,5289.8901020666,6661.66801375157,0,10607.6693266418,"S-C2",25,"Fcap_1.80_Besc_5000_sigmaR_0.216_SE_reference_AE_historical"
25,"S-C2__Fcap_1.80_Besc_5000_sigmaR_0.216_SE_reference_AE_historical",1.8,5000,"Short",2029,1000,0,0.004,11857.0410393662,8938.72544156359,16548.9635298862,0.246,5809.80725935811,7080.39756840939,0,11290.7571382472,"S-C2",25,"Fcap_1.80_Besc_5000_sigmaR_0.216_SE_reference_AE_historical"
25,"S-C2__Fcap_1.80_Besc_5000_sigmaR_0.216_SE_reference_AE_historical",1.8,5000,"Short",2030,1000,0.001,0.002,11932.2199752215,8813.46043630938,16562.6927834227,0.294,5224.69711584131,6502.88311776215,0,10674.7824664392,"S-C2",25,"Fcap_1.80_Besc_5000_sigmaR_0.216_SE_reference_AE_historical"
25,"S-C2__Fcap_1.80_Besc_5000_sigmaR_0.216_SE_reference_AE_historical",1.8,5000,"Short",2031,1000,0,0.001,11893.8592460179,9138.4070587824,16432.611178591,0.247,5526.74769118566,6696.808168489,0,10928.9142412479,"S-C2",25,"Fcap_1.80_Besc_5000_sigmaR_0.216_SE_reference_AE_historical"
25,"S-C2__Fcap_1.80_Besc_5000_sigmaR_0.216_SE_reference_AE_historical",1.8,5000,"Short",2032,1000,0,0.001,11938.5460535836,8774.86992561799,16399.3970478587,0.263,5522.31744916845,6763.50193163969,0,10873.1746979256,"S-C2",25,"Fcap_1.80_Besc_5000_sigmaR_0.216_SE_reference_AE_historical"
25,"S-C2__Fcap_1.80_Besc_5000_sigmaR_0.216_SE_reference_AE_historical",1.8,5000,"Short",2033,1000,0.001,0.001,12017.6257601819,9003.88589370836,16726.8451369837,0.245,5651.5449091131,6771.03193041416,0,10941.4112144296,"S-C2",25,"Fcap_1.80_Besc_5000_sigmaR_0.216_SE_reference_AE_historical"
25,"S-C2__Fcap_1.80_Besc_5000_sigmaR_0.216_SE_reference_AE_historical",1.8,5000,"Short",2034,1000,0,0.003,12037.8648881584,9231.30722259478,16690.9250153702,0.245,5711.20929958843,6816.52787427224,0,11058.7353174333,"S-C2",25,"Fcap_1.80_Besc_5000_sigmaR_0.216_SE_reference_AE_historical"
25,"S-C2__Fcap_1.80_Besc_5000_sigmaR_0.216_SE_reference_AE_historical",1.8,5000,"Medium",2035,1000,0,0.003,11836.3812167784,9046.3752270686,16561.6786764285,0.26,5411.39459249245,6689.3540148986,0,10758.3227917796,"S-C2",25,"Fcap_1.80_Besc_5000_sigmaR_0.216_SE_reference_AE_historical"
25,"S-C2__Fcap_1.80_Besc_5000_sigmaR_0.216_SE_reference_AE_historical",1.8,5000,"Medium",2036,1000,0,0.004,11904.3110712138,9002.4800619522,16840.0422451835,0.254,5505.51449319566,6799.926904257,0,10773.2277212327,"S-C2",25,"Fcap_1.80_Besc_5000_sigmaR_0.216_SE_reference_AE_historical"
25,"S-C2__Fcap_1.80_Besc_5000_sigmaR_0.216_SE_reference_AE_historical",1.8,5000,"Medium",2037,1000,0.001,0.001,11815.5220772677,8985.21937147428,16063.6056024062,0.262,5540.5074119041,6885.95709995295,0,10654.790890817,"S-C2",25,"Fcap_1.80_Besc_5000_sigmaR_0.216_SE_reference_AE_historical"
25,"S-C2__Fcap_1.80_Besc_5000_sigmaR_0.216_SE_reference_AE_historical",1.8,5000,"Medium",2038,1000,0,0,11831.1728105055,8996.77934915945,16456.178458818,0.266,5409.08935345261,6789.32627765031,0,10783.0380012691,"S-C2",25,"Fcap_1.80_Besc_5000_sigmaR_0.216_SE_reference_AE_historical"
25,"S-C2__Fcap_1.80_Besc_5000_sigmaR_0.216_SE_reference_AE_historical",1.8,5000,"Medium",2039,1000,0,0.001,11925.4253373526,8984.99920220929,16289.3736275068,0.251,5606.82892043833,6752.78458737124,0,10824.0244439963,"S-C2",25,"Fcap_1.80_Besc_5000_sigmaR_0.216_SE_reference_AE_historical"
25,"S-C2__Fcap_1.80_Besc_5000_sigmaR_0.216_SE_reference_AE_historical",1.8,5000,"Medium",2040,1000,0,0.002,11924.353018654,9133.32618317317,16931.8925071949,0.261,5492.33440371932,6830.11105349657,0,10701.4449398976,"S-C2",25,"Fcap_1.80_Besc_5000_sigmaR_0.216_SE_reference_AE_historical"
25,"S-C2__Fcap_1.80_Besc_5000_sigmaR_0.216_SE_reference_AE_historical",1.8,5000,"Medium",2041,1000,0,0.002,11960.9998668107,8902.66822809472,16631.6220556683,0.244,5734.54553759614,6839.74658298659,0,10956.2951596716,"S-C2",25,"Fcap_1.80_Besc_5000_sigmaR_0.216_SE_reference_AE_historical"
25,"S-C2__Fcap_1.80_Besc_5000_sigmaR_0.216_SE_reference_AE_historical",1.8,5000,"Medium",2042,1000,0,0.005,11955.6737829276,8784.94865558737,16495.8572462666,0.257,5547.99804927646,6859.5157904016,0,10916.9529171272,"S-C2",25,"Fcap_1.80_Besc_5000_sigmaR_0.216_SE_reference_AE_historical"
25,"S-C2__Fcap_1.80_Besc_5000_sigmaR_0.216_SE_reference_AE_historical",1.8,5000,"Medium",2043,1000,0,0.002,11784.2548634352,9140.04902626198,16328.8361216933,0.26,5430.96877991255,6744.64151320986,0,10858.7189671275,"S-C2",25,"Fcap_1.80_Besc_5000_sigmaR_0.216_SE_reference_AE_historical"
25,"S-C2__Fcap_1.80_Besc_5000_sigmaR_0.216_SE_reference_AE_historical",1.8,5000,"Medium",2044,1000,0,0.002,11937.3692668049,9073.50554004829,16537.6300712132,0.238,5580.18876733216,6817.62646252488,0,10783.6476980534,"S-C2",25,"Fcap_1.80_Besc_5000_sigmaR_0.216_SE_reference_AE_historical"
25,"S-C2__Fcap_1.80_Besc_5000_sigmaR_0.216_SE_reference_AE_historical",1.8,5000,"Long",2045,1000,0,0.001,11866.6228214928,8990.34793744577,16556.9119153302,0.266,5492.26776495088,6768.04502899636,0,10737.709070405,"S-C2",25,"Fcap_1.80_Besc_5000_sigmaR_0.216_SE_reference_AE_historical"
25,"S-C2__Fcap_1.80_Besc_5000_sigmaR_0.216_SE_reference_AE_historical",1.8,5000,"Long",2046,1000,0,0.002,11986.6140399414,9053.95628959666,16653.9765017458,0.248,5646.76228867302,6823.88148352638,0,11087.4246833401,"S-C2",25,"Fcap_1.80_Besc_5000_sigmaR_0.216_SE_reference_AE_historical"
25,"S-C2__Fcap_1.80_Besc_5000_sigmaR_0.216_SE_reference_AE_historical",1.8,5000,"Long",2047,1000,0,0.002,11991.7379818192,9112.00700331319,16868.69368958,0.232,5841.62577299849,6910.2343454507,0,11195.1756703533,"S-C2",25,"Fcap_1.80_Besc_5000_sigmaR_0.216_SE_reference_AE_historical"
25,"S-C2__Fcap_1.80_Besc_5000_sigmaR_0.216_SE_reference_AE_historical",1.8,5000,"Long",2048,1000,0,0.003,11957.4264800715,8891.86997291739,16667.431303318,0.263,5598.65207938995,6901.54194935417,0,10959.0798230752,"S-C2",25,"Fcap_1.80_Besc_5000_sigmaR_0.216_SE_reference_AE_historical"
25,"S-C2__Fcap_1.80_Besc_5000_sigmaR_0.216_SE_reference_AE_historical",1.8,5000,"Long",2049,1000,0,0.001,11801.1136621288,9126.03767302514,16565.3829269211,0.275,5496.53576190668,6768.44687240839,0,10868.8280460993,"S-C2",25,"Fcap_1.80_Besc_5000_sigmaR_0.216_SE_reference_AE_historical"
25,"S-C2__Fcap_1.80_Besc_5000_sigmaR_0.216_SE_reference_AE_historical",1.8,5000,"Long",2050,1000,0,0.002,11995.157960091,8914.18474927302,16870.0568776491,0.23,5957.15372090826,7088.68021208496,0,11071.8658756555,"S-C2",25,"Fcap_1.80_Besc_5000_sigmaR_0.216_SE_reference_AE_historical"
25,"S-C2__Fcap_1.80_Besc_5000_sigmaR_0.216_SE_reference_AE_historical",1.8,5000,"Long",2051,1000,0,0.002,11828.6464404565,8966.75067577085,16753.5594130312,0.27,5521.84862195598,6696.70956659399,0,10896.8922598078,"S-C2",25,"Fcap_1.80_Besc_5000_sigmaR_0.216_SE_reference_AE_historical"
25,"S-C2__Fcap_1.80_Besc_5000_sigmaR_0.216_SE_reference_AE_historical",1.8,5000,"Long",2052,1000,0,0.001,11965.3440719085,9147.90280633051,17008.4542427836,0.253,5695.54001427913,7020.36379830323,0,11009.028449861,"S-C2",25,"Fcap_1.80_Besc_5000_sigmaR_0.216_SE_reference_AE_historical"
25,"S-C2__Fcap_1.80_Besc_5000_sigmaR_0.216_SE_reference_AE_historical",1.8,5000,"Long",2053,1000,0,0,11977.8757241541,9084.09231654767,16889.035893927,0.256,5576.64832359988,6688.31369254414,0,11223.3323462057,"S-C2",25,"Fcap_1.80_Besc_5000_sigmaR_0.216_SE_reference_AE_historical"
25,"S-C2__Fcap_1.80_Besc_5000_sigmaR_0.216_SE_reference_AE_historical",1.8,5000,"Long",2054,1000,0.001,0.002,11926.1306851643,8884.17756051253,16920.4661787952,0.259,5579.87729784192,6880.49910798875,0,10849.2989762003,"S-C2",25,"Fcap_1.80_Besc_5000_sigmaR_0.216_SE_reference_AE_historical"
25,"S-C2__Fcap_1.80_Besc_5000_sigmaR_0.216_SE_reference_AE_historical",1.8,5000,"Full",2025,1000,0,0,12466.7485878862,10891.7707679482,15116.4337757234,0.076,7616.78462208382,7988.92486808113,0,11116.5327684025,"S-C2",25,"Fcap_1.80_Besc_5000_sigmaR_0.216_SE_reference_AE_historical"
25,"S-C2__Fcap_1.80_Besc_5000_sigmaR_0.216_SE_reference_AE_historical",1.8,5000,"Full",2026,1000,0,0.001,11635.9272588799,8882.34235933711,16297.5318300569,0.339,4927.51800515661,6417.6210425053,0,10683.9358440325,"S-C2",25,"Fcap_1.80_Besc_5000_sigmaR_0.216_SE_reference_AE_historical"
25,"S-C2__Fcap_1.80_Besc_5000_sigmaR_0.216_SE_reference_AE_historical",1.8,5000,"Full",2027,1000,0,0,12059.4508225942,8994.84748853507,16942.7516629395,0.218,6343.8887815839,7560.21676994523,0,11465.400749605,"S-C2",25,"Fcap_1.80_Besc_5000_sigmaR_0.216_SE_reference_AE_historical"
25,"S-C2__Fcap_1.80_Besc_5000_sigmaR_0.216_SE_reference_AE_historical",1.8,5000,"Full",2028,1000,0,0,11846.595699083,8727.15943311221,16250.9888571543,0.301,5289.8901020666,6661.66801375157,0,10607.6693266418,"S-C2",25,"Fcap_1.80_Besc_5000_sigmaR_0.216_SE_reference_AE_historical"
25,"S-C2__Fcap_1.80_Besc_5000_sigmaR_0.216_SE_reference_AE_historical",1.8,5000,"Full",2029,1000,0,0.004,11857.0410393662,8938.72544156359,16548.9635298862,0.246,5809.80725935811,7080.39756840939,0,11290.7571382472,"S-C2",25,"Fcap_1.80_Besc_5000_sigmaR_0.216_SE_reference_AE_historical"
25,"S-C2__Fcap_1.80_Besc_5000_sigmaR_0.216_SE_reference_AE_historical",1.8,5000,"Full",2030,1000,0.001,0.002,11932.2199752215,8813.46043630938,16562.6927834227,0.294,5224.69711584131,6502.88311776215,0,10674.7824664392,"S-C2",25,"Fcap_1.80_Besc_5000_sigmaR_0.216_SE_reference_AE_historical"
25,"S-C2__Fcap_1.80_Besc_5000_sigmaR_0.216_SE_reference_AE_historical",1.8,5000,"Full",2031,1000,0,0.001,11893.8592460179,9138.4070587824,16432.611178591,0.247,5526.74769118566,6696.808168489,0,10928.9142412479,"S-C2",25,"Fcap_1.80_Besc_5000_sigmaR_0.216_SE_reference_AE_historical"
25,"S-C2__Fcap_1.80_Besc_5000_sigmaR_0.216_SE_reference_AE_historical",1.8,5000,"Full",2032,1000,0,0.001,11938.5460535836,8774.86992561799,16399.3970478587,0.263,5522.31744916845,6763.50193163969,0,10873.1746979256,"S-C2",25,"Fcap_1.80_Besc_5000_sigmaR_0.216_SE_reference_AE_historical"
25,"S-C2__Fcap_1.80_Besc_5000_sigmaR_0.216_SE_reference_AE_historical",1.8,5000,"Full",2033,1000,0.001,0.001,12017.6257601819,9003.88589370836,16726.8451369837,0.245,5651.5449091131,6771.03193041416,0,10941.4112144296,"S-C2",25,"Fcap_1.80_Besc_5000_sigmaR_0.216_SE_reference_AE_historical"
25,"S-C2__Fcap_1.80_Besc_5000_sigmaR_0.216_SE_reference_AE_historical",1.8,5000,"Full",2034,1000,0,0.003,12037.8648881584,9231.30722259478,16690.9250153702,0.245,5711.20929958843,6816.52787427224,0,11058.7353174333,"S-C2",25,"Fcap_1.80_Besc_5000_sigmaR_0.216_SE_reference_AE_historical"
25,"S-C2__Fcap_1.80_Besc_5000_sigmaR_0.216_SE_reference_AE_historical",1.8,5000,"Full",2035,1000,0,0.003,11836.3812167784,9046.3752270686,16561.6786764285,0.26,5411.39459249245,6689.3540148986,0,10758.3227917796,"S-C2",25,"Fcap_1.80_Besc_5000_sigmaR_0.216_SE_reference_AE_historical"
25,"S-C2__Fcap_1.80_Besc_5000_sigmaR_0.216_SE_reference_AE_historical",1.8,5000,"Full",2036,1000,0,0.004,11904.3110712138,9002.4800619522,16840.0422451835,0.254,5505.51449319566,6799.926904257,0,10773.2277212327,"S-C2",25,"Fcap_1.80_Besc_5000_sigmaR_0.216_SE_reference_AE_historical"
25,"S-C2__Fcap_1.80_Besc_5000_sigmaR_0.216_SE_reference_AE_historical",1.8,5000,"Full",2037,1000,0.001,0.001,11815.5220772677,8985.21937147428,16063.6056024062,0.262,5540.5074119041,6885.95709995295,0,10654.790890817,"S-C2",25,"Fcap_1.80_Besc_5000_sigmaR_0.216_SE_reference_AE_historical"
25,"S-C2__Fcap_1.80_Besc_5000_sigmaR_0.216_SE_reference_AE_historical",1.8,5000,"Full",2038,1000,0,0,11831.1728105055,8996.77934915945,16456.178458818,0.266,5409.08935345261,6789.32627765031,0,10783.0380012691,"S-C2",25,"Fcap_1.80_Besc_5000_sigmaR_0.216_SE_reference_AE_historical"
25,"S-C2__Fcap_1.80_Besc_5000_sigmaR_0.216_SE_reference_AE_historical",1.8,5000,"Full",2039,1000,0,0.001,11925.4253373526,8984.99920220929,16289.3736275068,0.251,5606.82892043833,6752.78458737124,0,10824.0244439963,"S-C2",25,"Fcap_1.80_Besc_5000_sigmaR_0.216_SE_reference_AE_historical"
25,"S-C2__Fcap_1.80_Besc_5000_sigmaR_0.216_SE_reference_AE_historical",1.8,5000,"Full",2040,1000,0,0.002,11924.353018654,9133.32618317317,16931.8925071949,0.261,5492.33440371932,6830.11105349657,0,10701.4449398976,"S-C2",25,"Fcap_1.80_Besc_5000_sigmaR_0.216_SE_reference_AE_historical"
25,"S-C2__Fcap_1.80_Besc_5000_sigmaR_0.216_SE_reference_AE_historical",1.8,5000,"Full",2041,1000,0,0.002,11960.9998668107,8902.66822809472,16631.6220556683,0.244,5734.54553759614,6839.74658298659,0,10956.2951596716,"S-C2",25,"Fcap_1.80_Besc_5000_sigmaR_0.216_SE_reference_AE_historical"
25,"S-C2__Fcap_1.80_Besc_5000_sigmaR_0.216_SE_reference_AE_historical",1.8,5000,"Full",2042,1000,0,0.005,11955.6737829276,8784.94865558737,16495.8572462666,0.257,5547.99804927646,6859.5157904016,0,10916.9529171272,"S-C2",25,"Fcap_1.80_Besc_5000_sigmaR_0.216_SE_reference_AE_historical"
25,"S-C2__Fcap_1.80_Besc_5000_sigmaR_0.216_SE_reference_AE_historical",1.8,5000,"Full",2043,1000,0,0.002,11784.2548634352,9140.04902626198,16328.8361216933,0.26,5430.96877991255,6744.64151320986,0,10858.7189671275,"S-C2",25,"Fcap_1.80_Besc_5000_sigmaR_0.216_SE_reference_AE_historical"
25,"S-C2__Fcap_1.80_Besc_5000_sigmaR_0.216_SE_reference_AE_historical",1.8,5000,"Full",2044,1000,0,0.002,11937.3692668049,9073.50554004829,16537.6300712132,0.238,5580.18876733216,6817.62646252488,0,10783.6476980534,"S-C2",25,"Fcap_1.80_Besc_5000_sigmaR_0.216_SE_reference_AE_historical"
25,"S-C2__Fcap_1.80_Besc_5000_sigmaR_0.216_SE_reference_AE_historical",1.8,5000,"Full",2045,1000,0,0.001,11866.6228214928,8990.34793744577,16556.9119153302,0.266,5492.26776495088,6768.04502899636,0,10737.709070405,"S-C2",25,"Fcap_1.80_Besc_5000_sigmaR_0.216_SE_reference_AE_historical"
25,"S-C2__Fcap_1.80_Besc_5000_sigmaR_0.216_SE_reference_AE_historical",1.8,5000,"Full",2046,1000,0,0.002,11986.6140399414,9053.95628959666,16653.9765017458,0.248,5646.76228867302,6823.88148352638,0,11087.4246833401,"S-C2",25,"Fcap_1.80_Besc_5000_sigmaR_0.216_SE_reference_AE_historical"
25,"S-C2__Fcap_1.80_Besc_5000_sigmaR_0.216_SE_reference_AE_historical",1.8,5000,"Full",2047,1000,0,0.002,11991.7379818192,9112.00700331319,16868.69368958,0.232,5841.62577299849,6910.2343454507,0,11195.1756703533,"S-C2",25,"Fcap_1.80_Besc_5000_sigmaR_0.216_SE_reference_AE_historical"
25,"S-C2__Fcap_1.80_Besc_5000_sigmaR_0.216_SE_reference_AE_historical",1.8,5000,"Full",2048,1000,0,0.003,11957.4264800715,8891.86997291739,16667.431303318,0.263,5598.65207938995,6901.54194935417,0,10959.0798230752,"S-C2",25,"Fcap_1.80_Besc_5000_sigmaR_0.216_SE_reference_AE_historical"
25,"S-C2__Fcap_1.80_Besc_5000_sigmaR_0.216_SE_reference_AE_historical",1.8,5000,"Full",2049,1000,0,0.001,11801.1136621288,9126.03767302514,16565.3829269211,0.275,5496.53576190668,6768.44687240839,0,10868.8280460993,"S-C2",25,"Fcap_1.80_Besc_5000_sigmaR_0.216_SE_reference_AE_historical"
25,"S-C2__Fcap_1.80_Besc_5000_sigmaR_0.216_SE_reference_AE_historical",1.8,5000,"Full",2050,1000,0,0.002,11995.157960091,8914.18474927302,16870.0568776491,0.23,5957.15372090826,7088.68021208496,0,11071.8658756555,"S-C2",25,"Fcap_1.80_Besc_5000_sigmaR_0.216_SE_reference_AE_historical"
25,"S-C2__Fcap_1.80_Besc_5000_sigmaR_0.216_SE_reference_AE_historical",1.8,5000,"Full",2051,1000,0,0.002,11828.6464404565,8966.75067577085,16753.5594130312,0.27,5521.84862195598,6696.70956659399,0,10896.8922598078,"S-C2",25,"Fcap_1.80_Besc_5000_sigmaR_0.216_SE_reference_AE_historical"
25,"S-C2__Fcap_1.80_Besc_5000_sigmaR_0.216_SE_reference_AE_historical",1.8,5000,"Full",2052,1000,0,0.001,11965.3440719085,9147.90280633051,17008.4542427836,0.253,5695.54001427913,7020.36379830323,0,11009.028449861,"S-C2",25,"Fcap_1.80_Besc_5000_sigmaR_0.216_SE_reference_AE_historical"
25,"S-C2__Fcap_1.80_Besc_5000_sigmaR_0.216_SE_reference_AE_historical",1.8,5000,"Full",2053,1000,0,0,11977.8757241541,9084.09231654767,16889.035893927,0.256,5576.64832359988,6688.31369254414,0,11223.3323462057,"S-C2",25,"Fcap_1.80_Besc_5000_sigmaR_0.216_SE_reference_AE_historical"
25,"S-C2__Fcap_1.80_Besc_5000_sigmaR_0.216_SE_reference_AE_historical",1.8,5000,"Full",2054,1000,0.001,0.002,11926.1306851643,8884.17756051253,16920.4661787952,0.259,5579.87729784192,6880.49910798875,0,10849.2989762003,"S-C2",25,"Fcap_1.80_Besc_5000_sigmaR_0.216_SE_reference_AE_historical"
26,"S-C2__Fcap_1.80_Besc_6561_sigmaR_0.216_SE_reference_AE_historical",1.8,6561,"Short",2025,1000,0,0,13412.8893754288,11613.7451846004,15687.3455097173,0.468,4206.87372650888,2299.79684198535,0,11051.9819185745,"S-C2",26,"Fcap_1.80_Besc_6561_sigmaR_0.216_SE_reference_AE_historical"
26,"S-C2__Fcap_1.80_Besc_6561_sigmaR_0.216_SE_reference_AE_historical",1.8,6561,"Short",2026,1000,0,0,13320.2332422073,10032.3496811678,17750.5735368666,0.483,4701.19619435158,2320.80366153013,0,12174.9860703738,"S-C2",26,"Fcap_1.80_Besc_6561_sigmaR_0.216_SE_reference_AE_historical"
26,"S-C2__Fcap_1.80_Besc_6561_sigmaR_0.216_SE_reference_AE_historical",1.8,6561,"Short",2027,1000,0,0.002,13120.6688248385,9391.00994808817,17963.856911054,0.486,4590.55188722186,1628.10435179029,0,12242.7391899149,"S-C2",26,"Fcap_1.80_Besc_6561_sigmaR_0.216_SE_reference_AE_historical"
26,"S-C2__Fcap_1.80_Besc_6561_sigmaR_0.216_SE_reference_AE_historical",1.8,6561,"Short",2028,1000,0,0,13218.7895500464,9710.46119434402,17223.1379291251,0.479,4557.84470978721,1310.53400642848,0,12178.9907598137,"S-C2",26,"Fcap_1.80_Besc_6561_sigmaR_0.216_SE_reference_AE_historical"
26,"S-C2__Fcap_1.80_Besc_6561_sigmaR_0.216_SE_reference_AE_historical",1.8,6561,"Short",2029,1000,0.003,0.006,13201.2329666226,9188.51893372558,17879.2070814922,0.488,4386.76985257857,712.577708858077,0,12374.3742692789,"S-C2",26,"Fcap_1.80_Besc_6561_sigmaR_0.216_SE_reference_AE_historical"
26,"S-C2__Fcap_1.80_Besc_6561_sigmaR_0.216_SE_reference_AE_historical",1.8,6561,"Short",2030,1000,0,0.004,13140.6635828592,9425.74003401542,17860.1371412124,0.493,4392.33224987588,823.790710948627,0,12796.8270623237,"S-C2",26,"Fcap_1.80_Besc_6561_sigmaR_0.216_SE_reference_AE_historical"
26,"S-C2__Fcap_1.80_Besc_6561_sigmaR_0.216_SE_reference_AE_historical",1.8,6561,"Short",2031,1000,0,0.006,13070.5942478192,9295.42538334443,17407.0188904064,0.492,4360.27332073607,767.614369338549,0,12357.6255678778,"S-C2",26,"Fcap_1.80_Besc_6561_sigmaR_0.216_SE_reference_AE_historical"
26,"S-C2__Fcap_1.80_Besc_6561_sigmaR_0.216_SE_reference_AE_historical",1.8,6561,"Short",2032,1000,0.002,0.005,13152.2776292195,9430.62779127157,17740.0669546713,0.51,4285.48025016226,0,0,12588.5718684573,"S-C2",26,"Fcap_1.80_Besc_6561_sigmaR_0.216_SE_reference_AE_historical"
26,"S-C2__Fcap_1.80_Besc_6561_sigmaR_0.216_SE_reference_AE_historical",1.8,6561,"Short",2033,1000,0,0.002,13246.1320384689,9530.89596786728,17937.9147060868,0.471,4657.43428949696,1724.47764230631,0,13006.4470736093,"S-C2",26,"Fcap_1.80_Besc_6561_sigmaR_0.216_SE_reference_AE_historical"
26,"S-C2__Fcap_1.80_Besc_6561_sigmaR_0.216_SE_reference_AE_historical",1.8,6561,"Short",2034,1000,0.001,0.003,13167.1048155944,9428.67776968223,17741.4302109735,0.473,4750.67229329906,1658.10990406292,0,13006.6223721252,"S-C2",26,"Fcap_1.80_Besc_6561_sigmaR_0.216_SE_reference_AE_historical"
26,"S-C2__Fcap_1.80_Besc_6561_sigmaR_0.216_SE_reference_AE_historical",1.8,6561,"Medium",2035,1000,0.002,0.008,13069.3629671899,9267.09071314614,17672.8827488532,0.499,4330.76926831592,61.4914653311094,0,12167.7739005833,"S-C2",26,"Fcap_1.80_Besc_6561_sigmaR_0.216_SE_reference_AE_historical"
26,"S-C2__Fcap_1.80_Besc_6561_sigmaR_0.216_SE_reference_AE_historical",1.8,6561,"Medium",2036,1000,0,0.003,13091.3932798231,9390.46022643949,17757.4764105655,0.483,4544.71769157983,1090.63047481534,0,12551.1271286562,"S-C2",26,"Fcap_1.80_Besc_6561_sigmaR_0.216_SE_reference_AE_historical"
26,"S-C2__Fcap_1.80_Besc_6561_sigmaR_0.216_SE_reference_AE_historical",1.8,6561,"Medium",2037,1000,0.002,0.004,13066.7630745616,9583.12021594424,17303.361476474,0.509,4173.51947607496,0,0,11756.8142269725,"S-C2",26,"Fcap_1.80_Besc_6561_sigmaR_0.216_SE_reference_AE_historical"
26,"S-C2__Fcap_1.80_Besc_6561_sigmaR_0.216_SE_reference_AE_historical",1.8,6561,"Medium",2038,1000,0.001,0.003,13110.1062196029,9559.5315756897,17377.8052980871,0.469,4645.8287857619,1900.14779797484,0,12544.4276440472,"S-C2",26,"Fcap_1.80_Besc_6561_sigmaR_0.216_SE_reference_AE_historical"
26,"S-C2__Fcap_1.80_Besc_6561_sigmaR_0.216_SE_reference_AE_historical",1.8,6561,"Medium",2039,1000,0,0.004,13134.3322048899,9346.24945711148,17203.0265349001,0.514,4431.09080851103,0,0,12370.3379896304,"S-C2",26,"Fcap_1.80_Besc_6561_sigmaR_0.216_SE_reference_AE_historical"
26,"S-C2__Fcap_1.80_Besc_6561_sigmaR_0.216_SE_reference_AE_historical",1.8,6561,"Medium",2040,1000,0.001,0.004,13062.7304724869,9697.97355288434,17758.7649809535,0.475,4686.37604393528,2024.77910284152,0,12689.7225206204,"S-C2",26,"Fcap_1.80_Besc_6561_sigmaR_0.216_SE_reference_AE_historical"
26,"S-C2__Fcap_1.80_Besc_6561_sigmaR_0.216_SE_reference_AE_historical",1.8,6561,"Medium",2041,1000,0.001,0.006,13056.1316442552,9349.0244150941,17354.6885688145,0.484,4515.4436601018,1354.51145745689,0,12046.5261357136,"S-C2",26,"Fcap_1.80_Besc_6561_sigmaR_0.216_SE_reference_AE_historical"
26,"S-C2__Fcap_1.80_Besc_6561_sigmaR_0.216_SE_reference_AE_historical",1.8,6561,"Medium",2042,1000,0,0.004,13152.991731064,9301.94965707948,17391.1127725968,0.487,4564.81497691729,1017.11320533175,0,12518.7990891959,"S-C2",26,"Fcap_1.80_Besc_6561_sigmaR_0.216_SE_reference_AE_historical"
26,"S-C2__Fcap_1.80_Besc_6561_sigmaR_0.216_SE_reference_AE_historical",1.8,6561,"Medium",2043,1000,0,0.003,12954.8486762533,9527.31105764247,17273.5800270423,0.503,4289.91053406262,0,0,12240.1665175146,"S-C2",26,"Fcap_1.80_Besc_6561_sigmaR_0.216_SE_reference_AE_historical"
26,"S-C2__Fcap_1.80_Besc_6561_sigmaR_0.216_SE_reference_AE_historical",1.8,6561,"Medium",2044,1000,0.002,0.005,13041.0820338587,9526.34499277015,17791.0925270881,0.491,4609.68584397563,795.233332440524,0,12955.1312689119,"S-C2",26,"Fcap_1.80_Besc_6561_sigmaR_0.216_SE_reference_AE_historical"
26,"S-C2__Fcap_1.80_Besc_6561_sigmaR_0.216_SE_reference_AE_historical",1.8,6561,"Long",2045,1000,0.001,0.007,13066.7290648105,9342.60865212516,17465.1614345884,0.498,4580.40088041078,217.356414291265,0,12639.2994917775,"S-C2",26,"Fcap_1.80_Besc_6561_sigmaR_0.216_SE_reference_AE_historical"
26,"S-C2__Fcap_1.80_Besc_6561_sigmaR_0.216_SE_reference_AE_historical",1.8,6561,"Long",2046,1000,0.002,0.007,13030.7448359421,9411.52475265708,17674.3268763867,0.492,4413.23820275323,337.908219938337,0,12680.9094806243,"S-C2",26,"Fcap_1.80_Besc_6561_sigmaR_0.216_SE_reference_AE_historical"
26,"S-C2__Fcap_1.80_Besc_6561_sigmaR_0.216_SE_reference_AE_historical",1.8,6561,"Long",2047,1000,0.001,0.004,13211.2602467348,9754.05272673203,18090.4410485497,0.468,4751.36873833447,1979.96929500949,0,13296.3386199002,"S-C2",26,"Fcap_1.80_Besc_6561_sigmaR_0.216_SE_reference_AE_historical"
26,"S-C2__Fcap_1.80_Besc_6561_sigmaR_0.216_SE_reference_AE_historical",1.8,6561,"Long",2048,1000,0.001,0.006,13216.1509018089,9391.21338136233,17780.294401896,0.486,4673.67009053819,966.534844952447,0,12865.7612497338,"S-C2",26,"Fcap_1.80_Besc_6561_sigmaR_0.216_SE_reference_AE_historical"
26,"S-C2__Fcap_1.80_Besc_6561_sigmaR_0.216_SE_reference_AE_historical",1.8,6561,"Long",2049,1000,0,0.008,12901.6738423577,9362.00982248602,17629.9731770748,0.526,4294.1328956136,0,0,12598.2161397076,"S-C2",26,"Fcap_1.80_Besc_6561_sigmaR_0.216_SE_reference_AE_historical"
26,"S-C2__Fcap_1.80_Besc_6561_sigmaR_0.216_SE_reference_AE_historical",1.8,6561,"Long",2050,1000,0.003,0.003,13282.339274927,9724.57514545213,17927.6049536718,0.45,4866.15062326575,2567.08115506047,0,13076.6428997767,"S-C2",26,"Fcap_1.80_Besc_6561_sigmaR_0.216_SE_reference_AE_historical"
26,"S-C2__Fcap_1.80_Besc_6561_sigmaR_0.216_SE_reference_AE_historical",1.8,6561,"Long",2051,1000,0.002,0.009,13141.6413000715,9348.84943055281,17857.6448565653,0.478,4567.63251168498,1670.28078834607,0,12692.7589979496,"S-C2",26,"Fcap_1.80_Besc_6561_sigmaR_0.216_SE_reference_AE_historical"
26,"S-C2__Fcap_1.80_Besc_6561_sigmaR_0.216_SE_reference_AE_historical",1.8,6561,"Long",2052,1000,0,0.004,13132.7839071201,9470.51344331876,17838.9761865519,0.479,4742.66956468309,1392.68188029631,0,13121.9200837451,"S-C2",26,"Fcap_1.80_Besc_6561_sigmaR_0.216_SE_reference_AE_historical"
26,"S-C2__Fcap_1.80_Besc_6561_sigmaR_0.216_SE_reference_AE_historical",1.8,6561,"Long",2053,1000,0,0.003,13047.9873871241,9440.39885293289,17833.3983216915,0.506,4441.53298857902,0,0,12989.3176572303,"S-C2",26,"Fcap_1.80_Besc_6561_sigmaR_0.216_SE_reference_AE_historical"
26,"S-C2__Fcap_1.80_Besc_6561_sigmaR_0.216_SE_reference_AE_historical",1.8,6561,"Long",2054,1000,0.001,0.003,13162.8458087277,9352.22174611229,17829.55453081,0.484,4461.47131217426,1572.1196033744,0,12080.7591190818,"S-C2",26,"Fcap_1.80_Besc_6561_sigmaR_0.216_SE_reference_AE_historical"
26,"S-C2__Fcap_1.80_Besc_6561_sigmaR_0.216_SE_reference_AE_historical",1.8,6561,"Full",2025,1000,0,0,13412.8893754288,11613.7451846004,15687.3455097173,0.468,4206.87372650888,2299.79684198535,0,11051.9819185745,"S-C2",26,"Fcap_1.80_Besc_6561_sigmaR_0.216_SE_reference_AE_historical"
26,"S-C2__Fcap_1.80_Besc_6561_sigmaR_0.216_SE_reference_AE_historical",1.8,6561,"Full",2026,1000,0,0,13320.2332422073,10032.3496811678,17750.5735368666,0.483,4701.19619435158,2320.80366153013,0,12174.9860703738,"S-C2",26,"Fcap_1.80_Besc_6561_sigmaR_0.216_SE_reference_AE_historical"
26,"S-C2__Fcap_1.80_Besc_6561_sigmaR_0.216_SE_reference_AE_historical",1.8,6561,"Full",2027,1000,0,0.002,13120.6688248385,9391.00994808817,17963.856911054,0.486,4590.55188722186,1628.10435179029,0,12242.7391899149,"S-C2",26,"Fcap_1.80_Besc_6561_sigmaR_0.216_SE_reference_AE_historical"
26,"S-C2__Fcap_1.80_Besc_6561_sigmaR_0.216_SE_reference_AE_historical",1.8,6561,"Full",2028,1000,0,0,13218.7895500464,9710.46119434402,17223.1379291251,0.479,4557.84470978721,1310.53400642848,0,12178.9907598137,"S-C2",26,"Fcap_1.80_Besc_6561_sigmaR_0.216_SE_reference_AE_historical"
26,"S-C2__Fcap_1.80_Besc_6561_sigmaR_0.216_SE_reference_AE_historical",1.8,6561,"Full",2029,1000,0.003,0.006,13201.2329666226,9188.51893372558,17879.2070814922,0.488,4386.76985257857,712.577708858077,0,12374.3742692789,"S-C2",26,"Fcap_1.80_Besc_6561_sigmaR_0.216_SE_reference_AE_historical"
26,"S-C2__Fcap_1.80_Besc_6561_sigmaR_0.216_SE_reference_AE_historical",1.8,6561,"Full",2030,1000,0,0.004,13140.6635828592,9425.74003401542,17860.1371412124,0.493,4392.33224987588,823.790710948627,0,12796.8270623237,"S-C2",26,"Fcap_1.80_Besc_6561_sigmaR_0.216_SE_reference_AE_historical"
26,"S-C2__Fcap_1.80_Besc_6561_sigmaR_0.216_SE_reference_AE_historical",1.8,6561,"Full",2031,1000,0,0.006,13070.5942478192,9295.42538334443,17407.0188904064,0.492,4360.27332073607,767.614369338549,0,12357.6255678778,"S-C2",26,"Fcap_1.80_Besc_6561_sigmaR_0.216_SE_reference_AE_historical"
26,"S-C2__Fcap_1.80_Besc_6561_sigmaR_0.216_SE_reference_AE_historical",1.8,6561,"Full",2032,1000,0.002,0.005,13152.2776292195,9430.62779127157,17740.0669546713,0.51,4285.48025016226,0,0,12588.5718684573,"S-C2",26,"Fcap_1.80_Besc_6561_sigmaR_0.216_SE_reference_AE_historical"
26,"S-C2__Fcap_1.80_Besc_6561_sigmaR_0.216_SE_reference_AE_historical",1.8,6561,"Full",2033,1000,0,0.002,13246.1320384689,9530.89596786728,17937.9147060868,0.471,4657.43428949696,1724.47764230631,0,13006.4470736093,"S-C2",26,"Fcap_1.80_Besc_6561_sigmaR_0.216_SE_reference_AE_historical"
26,"S-C2__Fcap_1.80_Besc_6561_sigmaR_0.216_SE_reference_AE_historical",1.8,6561,"Full",2034,1000,0.001,0.003,13167.1048155944,9428.67776968223,17741.4302109735,0.473,4750.67229329906,1658.10990406292,0,13006.6223721252,"S-C2",26,"Fcap_1.80_Besc_6561_sigmaR_0.216_SE_reference_AE_historical"
26,"S-C2__Fcap_1.80_Besc_6561_sigmaR_0.216_SE_reference_AE_historical",1.8,6561,"Full",2035,1000,0.002,0.008,13069.3629671899,9267.09071314614,17672.8827488532,0.499,4330.76926831592,61.4914653311094,0,12167.7739005833,"S-C2",26,"Fcap_1.80_Besc_6561_sigmaR_0.216_SE_reference_AE_historical"
26,"S-C2__Fcap_1.80_Besc_6561_sigmaR_0.216_SE_reference_AE_historical",1.8,6561,"Full",2036,1000,0,0.003,13091.3932798231,9390.46022643949,17757.4764105655,0.483,4544.71769157983,1090.63047481534,0,12551.1271286562,"S-C2",26,"Fcap_1.80_Besc_6561_sigmaR_0.216_SE_reference_AE_historical"
26,"S-C2__Fcap_1.80_Besc_6561_sigmaR_0.216_SE_reference_AE_historical",1.8,6561,"Full",2037,1000,0.002,0.004,13066.7630745616,9583.12021594424,17303.361476474,0.509,4173.51947607496,0,0,11756.8142269725,"S-C2",26,"Fcap_1.80_Besc_6561_sigmaR_0.216_SE_reference_AE_historical"
26,"S-C2__Fcap_1.80_Besc_6561_sigmaR_0.216_SE_reference_AE_historical",1.8,6561,"Full",2038,1000,0.001,0.003,13110.1062196029,9559.5315756897,17377.8052980871,0.469,4645.8287857619,1900.14779797484,0,12544.4276440472,"S-C2",26,"Fcap_1.80_Besc_6561_sigmaR_0.216_SE_reference_AE_historical"
26,"S-C2__Fcap_1.80_Besc_6561_sigmaR_0.216_SE_reference_AE_historical",1.8,6561,"Full",2039,1000,0,0.004,13134.3322048899,9346.24945711148,17203.0265349001,0.514,4431.09080851103,0,0,12370.3379896304,"S-C2",26,"Fcap_1.80_Besc_6561_sigmaR_0.216_SE_reference_AE_historical"
26,"S-C2__Fcap_1.80_Besc_6561_sigmaR_0.216_SE_reference_AE_historical",1.8,6561,"Full",2040,1000,0.001,0.004,13062.7304724869,9697.97355288434,17758.7649809535,0.475,4686.37604393528,2024.77910284152,0,12689.7225206204,"S-C2",26,"Fcap_1.80_Besc_6561_sigmaR_0.216_SE_reference_AE_historical"
26,"S-C2__Fcap_1.80_Besc_6561_sigmaR_0.216_SE_reference_AE_historical",1.8,6561,"Full",2041,1000,0.001,0.006,13056.1316442552,9349.0244150941,17354.6885688145,0.484,4515.4436601018,1354.51145745689,0,12046.5261357136,"S-C2",26,"Fcap_1.80_Besc_6561_sigmaR_0.216_SE_reference_AE_historical"
26,"S-C2__Fcap_1.80_Besc_6561_sigmaR_0.216_SE_reference_AE_historical",1.8,6561,"Full",2042,1000,0,0.004,13152.991731064,9301.94965707948,17391.1127725968,0.487,4564.81497691729,1017.11320533175,0,12518.7990891959,"S-C2",26,"Fcap_1.80_Besc_6561_sigmaR_0.216_SE_reference_AE_historical"
26,"S-C2__Fcap_1.80_Besc_6561_sigmaR_0.216_SE_reference_AE_historical",1.8,6561,"Full",2043,1000,0,0.003,12954.8486762533,9527.31105764247,17273.5800270423,0.503,4289.91053406262,0,0,12240.1665175146,"S-C2",26,"Fcap_1.80_Besc_6561_sigmaR_0.216_SE_reference_AE_historical"
26,"S-C2__Fcap_1.80_Besc_6561_sigmaR_0.216_SE_reference_AE_historical",1.8,6561,"Full",2044,1000,0.002,0.005,13041.0820338587,9526.34499277015,17791.0925270881,0.491,4609.68584397563,795.233332440524,0,12955.1312689119,"S-C2",26,"Fcap_1.80_Besc_6561_sigmaR_0.216_SE_reference_AE_historical"
26,"S-C2__Fcap_1.80_Besc_6561_sigmaR_0.216_SE_reference_AE_historical",1.8,6561,"Full",2045,1000,0.001,0.007,13066.7290648105,9342.60865212516,17465.1614345884,0.498,4580.40088041078,217.356414291265,0,12639.2994917775,"S-C2",26,"Fcap_1.80_Besc_6561_sigmaR_0.216_SE_reference_AE_historical"
26,"S-C2__Fcap_1.80_Besc_6561_sigmaR_0.216_SE_reference_AE_historical",1.8,6561,"Full",2046,1000,0.002,0.007,13030.7448359421,9411.52475265708,17674.3268763867,0.492,4413.23820275323,337.908219938337,0,12680.9094806243,"S-C2",26,"Fcap_1.80_Besc_6561_sigmaR_0.216_SE_reference_AE_historical"
26,"S-C2__Fcap_1.80_Besc_6561_sigmaR_0.216_SE_reference_AE_historical",1.8,6561,"Full",2047,1000,0.001,0.004,13211.2602467348,9754.05272673203,18090.4410485497,0.468,4751.36873833447,1979.96929500949,0,13296.3386199002,"S-C2",26,"Fcap_1.80_Besc_6561_sigmaR_0.216_SE_reference_AE_historical"
26,"S-C2__Fcap_1.80_Besc_6561_sigmaR_0.216_SE_reference_AE_historical",1.8,6561,"Full",2048,1000,0.001,0.006,13216.1509018089,9391.21338136233,17780.294401896,0.486,4673.67009053819,966.534844952447,0,12865.7612497338,"S-C2",26,"Fcap_1.80_Besc_6561_sigmaR_0.216_SE_reference_AE_historical"
26,"S-C2__Fcap_1.80_Besc_6561_sigmaR_0.216_SE_reference_AE_historical",1.8,6561,"Full",2049,1000,0,0.008,12901.6738423577,9362.00982248602,17629.9731770748,0.526,4294.1328956136,0,0,12598.2161397076,"S-C2",26,"Fcap_1.80_Besc_6561_sigmaR_0.216_SE_reference_AE_historical"
26,"S-C2__Fcap_1.80_Besc_6561_sigmaR_0.216_SE_reference_AE_historical",1.8,6561,"Full",2050,1000,0.003,0.003,13282.339274927,9724.57514545213,17927.6049536718,0.45,4866.15062326575,2567.08115506047,0,13076.6428997767,"S-C2",26,"Fcap_1.80_Besc_6561_sigmaR_0.216_SE_reference_AE_historical"
26,"S-C2__Fcap_1.80_Besc_6561_sigmaR_0.216_SE_reference_AE_historical",1.8,6561,"Full",2051,1000,0.002,0.009,13141.6413000715,9348.84943055281,17857.6448565653,0.478,4567.63251168498,1670.28078834607,0,12692.7589979496,"S-C2",26,"Fcap_1.80_Besc_6561_sigmaR_0.216_SE_reference_AE_historical"
26,"S-C2__Fcap_1.80_Besc_6561_sigmaR_0.216_SE_reference_AE_historical",1.8,6561,"Full",2052,1000,0,0.004,13132.7839071201,9470.51344331876,17838.9761865519,0.479,4742.66956468309,1392.68188029631,0,13121.9200837451,"S-C2",26,"Fcap_1.80_Besc_6561_sigmaR_0.216_SE_reference_AE_historical"
26,"S-C2__Fcap_1.80_Besc_6561_sigmaR_0.216_SE_reference_AE_historical",1.8,6561,"Full",2053,1000,0,0.003,13047.9873871241,9440.39885293289,17833.3983216915,0.506,4441.53298857902,0,0,12989.3176572303,"S-C2",26,"Fcap_1.80_Besc_6561_sigmaR_0.216_SE_reference_AE_historical"
26,"S-C2__Fcap_1.80_Besc_6561_sigmaR_0.216_SE_reference_AE_historical",1.8,6561,"Full",2054,1000,0.001,0.003,13162.8458087277,9352.22174611229,17829.55453081,0.484,4461.47131217426,1572.1196033744,0,12080.7591190818,"S-C2",26,"Fcap_1.80_Besc_6561_sigmaR_0.216_SE_reference_AE_historical"
27,"S-C2__Fcap_1.80_Besc_7250_sigmaR_0.216_SE_reference_AE_historical",1.8,7250,"Short",2025,1000,0,0,13729.441286653,12100.9890080903,16127.5228268667,0.681,2595.67544189561,0,0,10994.8569349672,"S-C2",27,"Fcap_1.80_Besc_7250_sigmaR_0.216_SE_reference_AE_historical"
27,"S-C2__Fcap_1.80_Besc_7250_sigmaR_0.216_SE_reference_AE_historical",1.8,7250,"Short",2026,1000,0,0,13942.6212740671,10700.7779381909,18191.3907469379,0.476,4834.60226073875,2568.86195495272,0,12397.6245037648,"S-C2",27,"Fcap_1.80_Besc_7250_sigmaR_0.216_SE_reference_AE_historical"
27,"S-C2__Fcap_1.80_Besc_7250_sigmaR_0.216_SE_reference_AE_historical",1.8,7250,"Short",2027,1000,0,0.001,13710.5077570927,9493.810572902,18578.7957736876,0.621,3484.79798249792,0,0,12340.023763049,"S-C2",27,"Fcap_1.80_Besc_7250_sigmaR_0.216_SE_reference_AE_historical"
27,"S-C2__Fcap_1.80_Besc_7250_sigmaR_0.216_SE_reference_AE_historical",1.8,7250,"Short",2028,1000,0,0,13844.1855074644,10540.9429789914,17989.5844356133,0.552,4256.83880184017,0,0,13792.3374171705,"S-C2",27,"Fcap_1.80_Besc_7250_sigmaR_0.216_SE_reference_AE_historical"
27,"S-C2__Fcap_1.80_Besc_7250_sigmaR_0.216_SE_reference_AE_historical",1.8,7250,"Short",2029,1000,0.003,0.009,13633.8691657373,9278.94353773498,18234.5313404094,0.583,3935.33098313815,0,0,13160.4412817898,"S-C2",27,"Fcap_1.80_Besc_7250_sigmaR_0.216_SE_reference_AE_historical"
27,"S-C2__Fcap_1.80_Besc_7250_sigmaR_0.216_SE_reference_AE_historical",1.8,7250,"Short",2030,1000,0.001,0.006,13721.8835776635,9490.36706252705,18379.5077459374,0.589,3734.11553844,0,0,13199.4504344717,"S-C2",27,"Fcap_1.80_Besc_7250_sigmaR_0.216_SE_reference_AE_historical"
27,"S-C2__Fcap_1.80_Besc_7250_sigmaR_0.216_SE_reference_AE_historical",1.8,7250,"Short",2031,1000,0,0.003,13660.1746148126,9375.78006704098,18343.0058167779,0.594,3781.31188749923,0,0,13168.1929212152,"S-C2",27,"Fcap_1.80_Besc_7250_sigmaR_0.216_SE_reference_AE_historical"
27,"S-C2__Fcap_1.80_Besc_7250_sigmaR_0.216_SE_reference_AE_historical",1.8,7250,"Short",2032,1000,0.002,0.009,13634.5981505034,9829.64325742355,18087.500399497,0.584,3924.52378849333,0,0,13988.0406327719,"S-C2",27,"Fcap_1.80_Besc_7250_sigmaR_0.216_SE_reference_AE_historical"
27,"S-C2__Fcap_1.80_Besc_7250_sigmaR_0.216_SE_reference_AE_historical",1.8,7250,"Short",2033,1000,0.002,0.009,13676.8566950755,9535.51202316721,18291.6152964831,0.565,4271.29496977775,0,0,14491.6146061823,"S-C2",27,"Fcap_1.80_Besc_7250_sigmaR_0.216_SE_reference_AE_historical"
27,"S-C2__Fcap_1.80_Besc_7250_sigmaR_0.216_SE_reference_AE_historical",1.8,7250,"Short",2034,1000,0.002,0.009,13721.5697876868,9414.16859895807,18285.5120631205,0.581,4092.80066963023,0,0,13842.6543788273,"S-C2",27,"Fcap_1.80_Besc_7250_sigmaR_0.216_SE_reference_AE_historical"
27,"S-C2__Fcap_1.80_Besc_7250_sigmaR_0.216_SE_reference_AE_historical",1.8,7250,"Medium",2035,1000,0.001,0.013,13584.0258593873,9302.50443515957,18181.0928066612,0.581,4124.91933906388,0,0,13447.1642320458,"S-C2",27,"Fcap_1.80_Besc_7250_sigmaR_0.216_SE_reference_AE_historical"
27,"S-C2__Fcap_1.80_Besc_7250_sigmaR_0.216_SE_reference_AE_historical",1.8,7250,"Medium",2036,1000,0,0.008,13473.0654456507,9478.04152247742,17955.6344744781,0.584,3884.82268313008,0,0,13275.7249918894,"S-C2",27,"Fcap_1.80_Besc_7250_sigmaR_0.216_SE_reference_AE_historical"
27,"S-C2__Fcap_1.80_Besc_7250_sigmaR_0.216_SE_reference_AE_historical",1.8,7250,"Medium",2037,1000,0.001,0.005,13594.2182049435,9666.28445121272,17919.7708140508,0.607,3673.70542516124,0,0,13437.4856632086,"S-C2",27,"Fcap_1.80_Besc_7250_sigmaR_0.216_SE_reference_AE_historical"
27,"S-C2__Fcap_1.80_Besc_7250_sigmaR_0.216_SE_reference_AE_historical",1.8,7250,"Medium",2038,1000,0.001,0.006,13665.6057469014,9578.8338557316,18102.6673571355,0.575,4165.33644261394,0,0,13910.8239052319,"S-C2",27,"Fcap_1.80_Besc_7250_sigmaR_0.216_SE_reference_AE_historical"
27,"S-C2__Fcap_1.80_Besc_7250_sigmaR_0.216_SE_reference_AE_historical",1.8,7250,"Medium",2039,1000,0.003,0.008,13599.3693082064,9319.46953792012,17568.2203903646,0.571,4253.41855129059,0,0,15959.273031936,"S-C2",27,"Fcap_1.80_Besc_7250_sigmaR_0.216_SE_reference_AE_historical"
27,"S-C2__Fcap_1.80_Besc_7250_sigmaR_0.216_SE_reference_AE_historical",1.8,7250,"Medium",2040,1000,0.001,0.011,13659.7985947082,9116.96946013231,18343.891767176,0.602,3761.85620504164,0,0,13176.1579903378,"S-C2",27,"Fcap_1.80_Besc_7250_sigmaR_0.216_SE_reference_AE_historical"
27,"S-C2__Fcap_1.80_Besc_7250_sigmaR_0.216_SE_reference_AE_historical",1.8,7250,"Medium",2041,1000,0.002,0.009,13705.7968319979,9461.91094568725,18201.8468552524,0.55,4242.27750879458,0,0,13681.4548229376,"S-C2",27,"Fcap_1.80_Besc_7250_sigmaR_0.216_SE_reference_AE_historical"
27,"S-C2__Fcap_1.80_Besc_7250_sigmaR_0.216_SE_reference_AE_historical",1.8,7250,"Medium",2042,1000,0,0.013,13712.8298846228,9509.76996321227,18000.5797931381,0.598,3918.89072987858,0,0,13768.7379049473,"S-C2",27,"Fcap_1.80_Besc_7250_sigmaR_0.216_SE_reference_AE_historical"
27,"S-C2__Fcap_1.80_Besc_7250_sigmaR_0.216_SE_reference_AE_historical",1.8,7250,"Medium",2043,1000,0.002,0.007,13454.4037830938,9600.61127996168,17775.6778107202,0.58,3981.88266913511,0,0,13854.5682921459,"S-C2",27,"Fcap_1.80_Besc_7250_sigmaR_0.216_SE_reference_AE_historical"
27,"S-C2__Fcap_1.80_Besc_7250_sigmaR_0.216_SE_reference_AE_historical",1.8,7250,"Medium",2044,1000,0.002,0.013,13610.1652844696,9451.09797244933,18166.0322522968,0.564,4064.26982303733,0,0,13488.8086223926,"S-C2",27,"Fcap_1.80_Besc_7250_sigmaR_0.216_SE_reference_AE_historical"
27,"S-C2__Fcap_1.80_Besc_7250_sigmaR_0.216_SE_reference_AE_historical",1.8,7250,"Long",2045,1000,0.004,0.009,13584.7423066878,9319.82854564419,18107.7125536505,0.567,4248.41062087147,0,0,14604.9246611978,"S-C2",27,"Fcap_1.80_Besc_7250_sigmaR_0.216_SE_reference_AE_historical"
27,"S-C2__Fcap_1.80_Besc_7250_sigmaR_0.216_SE_reference_AE_historical",1.8,7250,"Long",2046,1000,0.002,0.011,13621.0648511826,9161.41814084074,18358.522892038,0.592,3811.75013484369,0,0,13408.6620118877,"S-C2",27,"Fcap_1.80_Besc_7250_sigmaR_0.216_SE_reference_AE_historical"
27,"S-C2__Fcap_1.80_Besc_7250_sigmaR_0.216_SE_reference_AE_historical",1.8,7250,"Long",2047,1000,0.002,0.004,13722.2044735566,10002.7943132526,18442.3056785747,0.564,4287.67651228912,0,0,14835.1888978504,"S-C2",27,"Fcap_1.80_Besc_7250_sigmaR_0.216_SE_reference_AE_historical"
27,"S-C2__Fcap_1.80_Besc_7250_sigmaR_0.216_SE_reference_AE_historical",1.8,7250,"Long",2048,1000,0.003,0.007,13738.9559302123,9384.17665657413,18174.3381201615,0.567,4237.55753231657,0,0,14363.7420635525,"S-C2",27,"Fcap_1.80_Besc_7250_sigmaR_0.216_SE_reference_AE_historical"
27,"S-C2__Fcap_1.80_Besc_7250_sigmaR_0.216_SE_reference_AE_historical",1.8,7250,"Long",2049,1000,0.003,0.012,13530.1215291386,9253.562043236,18457.9461790303,0.611,3844.1301652169,0,0,14009.0942962646,"S-C2",27,"Fcap_1.80_Besc_7250_sigmaR_0.216_SE_reference_AE_historical"
27,"S-C2__Fcap_1.80_Besc_7250_sigmaR_0.216_SE_reference_AE_historical",1.8,7250,"Long",2050,1000,0.002,0.009,13797.4484243601,9683.88309179258,18266.0780095108,0.545,4476.48933211259,0,0,14041.0996871453,"S-C2",27,"Fcap_1.80_Besc_7250_sigmaR_0.216_SE_reference_AE_historical"
27,"S-C2__Fcap_1.80_Besc_7250_sigmaR_0.216_SE_reference_AE_historical",1.8,7250,"Long",2051,1000,0.004,0.009,13664.7378159343,9470.65281027978,18155.5892953077,0.579,4032.68246954969,0,0,13621.8411963801,"S-C2",27,"Fcap_1.80_Besc_7250_sigmaR_0.216_SE_reference_AE_historical"
27,"S-C2__Fcap_1.80_Besc_7250_sigmaR_0.216_SE_reference_AE_historical",1.8,7250,"Long",2052,1000,0,0.006,13573.4174422927,9618.68136744249,18175.9289189012,0.543,4435.45679228337,0,0,13973.6462503111,"S-C2",27,"Fcap_1.80_Besc_7250_sigmaR_0.216_SE_reference_AE_historical"
27,"S-C2__Fcap_1.80_Besc_7250_sigmaR_0.216_SE_reference_AE_historical",1.8,7250,"Long",2053,1000,0.001,0.005,13485.9715977024,9301.43087064955,18179.2172466353,0.603,3899.33262857667,0,0,14036.4407172687,"S-C2",27,"Fcap_1.80_Besc_7250_sigmaR_0.216_SE_reference_AE_historical"
27,"S-C2__Fcap_1.80_Besc_7250_sigmaR_0.216_SE_reference_AE_historical",1.8,7250,"Long",2054,1000,0.001,0.006,13620.1475994702,9480.84097090985,18395.8059489624,0.573,3866.37219215253,0,0,12667.0639554375,"S-C2",27,"Fcap_1.80_Besc_7250_sigmaR_0.216_SE_reference_AE_historical"
27,"S-C2__Fcap_1.80_Besc_7250_sigmaR_0.216_SE_reference_AE_historical",1.8,7250,"Full",2025,1000,0,0,13729.441286653,12100.9890080903,16127.5228268667,0.681,2595.67544189561,0,0,10994.8569349672,"S-C2",27,"Fcap_1.80_Besc_7250_sigmaR_0.216_SE_reference_AE_historical"
27,"S-C2__Fcap_1.80_Besc_7250_sigmaR_0.216_SE_reference_AE_historical",1.8,7250,"Full",2026,1000,0,0,13942.6212740671,10700.7779381909,18191.3907469379,0.476,4834.60226073875,2568.86195495272,0,12397.6245037648,"S-C2",27,"Fcap_1.80_Besc_7250_sigmaR_0.216_SE_reference_AE_historical"
27,"S-C2__Fcap_1.80_Besc_7250_sigmaR_0.216_SE_reference_AE_historical",1.8,7250,"Full",2027,1000,0,0.001,13710.5077570927,9493.810572902,18578.7957736876,0.621,3484.79798249792,0,0,12340.023763049,"S-C2",27,"Fcap_1.80_Besc_7250_sigmaR_0.216_SE_reference_AE_historical"
27,"S-C2__Fcap_1.80_Besc_7250_sigmaR_0.216_SE_reference_AE_historical",1.8,7250,"Full",2028,1000,0,0,13844.1855074644,10540.9429789914,17989.5844356133,0.552,4256.83880184017,0,0,13792.3374171705,"S-C2",27,"Fcap_1.80_Besc_7250_sigmaR_0.216_SE_reference_AE_historical"
27,"S-C2__Fcap_1.80_Besc_7250_sigmaR_0.216_SE_reference_AE_historical",1.8,7250,"Full",2029,1000,0.003,0.009,13633.8691657373,9278.94353773498,18234.5313404094,0.583,3935.33098313815,0,0,13160.4412817898,"S-C2",27,"Fcap_1.80_Besc_7250_sigmaR_0.216_SE_reference_AE_historical"
27,"S-C2__Fcap_1.80_Besc_7250_sigmaR_0.216_SE_reference_AE_historical",1.8,7250,"Full",2030,1000,0.001,0.006,13721.8835776635,9490.36706252705,18379.5077459374,0.589,3734.11553844,0,0,13199.4504344717,"S-C2",27,"Fcap_1.80_Besc_7250_sigmaR_0.216_SE_reference_AE_historical"
27,"S-C2__Fcap_1.80_Besc_7250_sigmaR_0.216_SE_reference_AE_historical",1.8,7250,"Full",2031,1000,0,0.003,13660.1746148126,9375.78006704098,18343.0058167779,0.594,3781.31188749923,0,0,13168.1929212152,"S-C2",27,"Fcap_1.80_Besc_7250_sigmaR_0.216_SE_reference_AE_historical"
27,"S-C2__Fcap_1.80_Besc_7250_sigmaR_0.216_SE_reference_AE_historical",1.8,7250,"Full",2032,1000,0.002,0.009,13634.5981505034,9829.64325742355,18087.500399497,0.584,3924.52378849333,0,0,13988.0406327719,"S-C2",27,"Fcap_1.80_Besc_7250_sigmaR_0.216_SE_reference_AE_historical"
27,"S-C2__Fcap_1.80_Besc_7250_sigmaR_0.216_SE_reference_AE_historical",1.8,7250,"Full",2033,1000,0.002,0.009,13676.8566950755,9535.51202316721,18291.6152964831,0.565,4271.29496977775,0,0,14491.6146061823,"S-C2",27,"Fcap_1.80_Besc_7250_sigmaR_0.216_SE_reference_AE_historical"
27,"S-C2__Fcap_1.80_Besc_7250_sigmaR_0.216_SE_reference_AE_historical",1.8,7250,"Full",2034,1000,0.002,0.009,13721.5697876868,9414.16859895807,18285.5120631205,0.581,4092.80066963023,0,0,13842.6543788273,"S-C2",27,"Fcap_1.80_Besc_7250_sigmaR_0.216_SE_reference_AE_historical"
27,"S-C2__Fcap_1.80_Besc_7250_sigmaR_0.216_SE_reference_AE_historical",1.8,7250,"Full",2035,1000,0.001,0.013,13584.0258593873,9302.50443515957,18181.0928066612,0.581,4124.91933906388,0,0,13447.1642320458,"S-C2",27,"Fcap_1.80_Besc_7250_sigmaR_0.216_SE_reference_AE_historical"
27,"S-C2__Fcap_1.80_Besc_7250_sigmaR_0.216_SE_reference_AE_historical",1.8,7250,"Full",2036,1000,0,0.008,13473.0654456507,9478.04152247742,17955.6344744781,0.584,3884.82268313008,0,0,13275.7249918894,"S-C2",27,"Fcap_1.80_Besc_7250_sigmaR_0.216_SE_reference_AE_historical"
27,"S-C2__Fcap_1.80_Besc_7250_sigmaR_0.216_SE_reference_AE_historical",1.8,7250,"Full",2037,1000,0.001,0.005,13594.2182049435,9666.28445121272,17919.7708140508,0.607,3673.70542516124,0,0,13437.4856632086,"S-C2",27,"Fcap_1.80_Besc_7250_sigmaR_0.216_SE_reference_AE_historical"
27,"S-C2__Fcap_1.80_Besc_7250_sigmaR_0.216_SE_reference_AE_historical",1.8,7250,"Full",2038,1000,0.001,0.006,13665.6057469014,9578.8338557316,18102.6673571355,0.575,4165.33644261394,0,0,13910.8239052319,"S-C2",27,"Fcap_1.80_Besc_7250_sigmaR_0.216_SE_reference_AE_historical"
27,"S-C2__Fcap_1.80_Besc_7250_sigmaR_0.216_SE_reference_AE_historical",1.8,7250,"Full",2039,1000,0.003,0.008,13599.3693082064,9319.46953792012,17568.2203903646,0.571,4253.41855129059,0,0,15959.273031936,"S-C2",27,"Fcap_1.80_Besc_7250_sigmaR_0.216_SE_reference_AE_historical"
27,"S-C2__Fcap_1.80_Besc_7250_sigmaR_0.216_SE_reference_AE_historical",1.8,7250,"Full",2040,1000,0.001,0.011,13659.7985947082,9116.96946013231,18343.891767176,0.602,3761.85620504164,0,0,13176.1579903378,"S-C2",27,"Fcap_1.80_Besc_7250_sigmaR_0.216_SE_reference_AE_historical"
27,"S-C2__Fcap_1.80_Besc_7250_sigmaR_0.216_SE_reference_AE_historical",1.8,7250,"Full",2041,1000,0.002,0.009,13705.7968319979,9461.91094568725,18201.8468552524,0.55,4242.27750879458,0,0,13681.4548229376,"S-C2",27,"Fcap_1.80_Besc_7250_sigmaR_0.216_SE_reference_AE_historical"
27,"S-C2__Fcap_1.80_Besc_7250_sigmaR_0.216_SE_reference_AE_historical",1.8,7250,"Full",2042,1000,0,0.013,13712.8298846228,9509.76996321227,18000.5797931381,0.598,3918.89072987858,0,0,13768.7379049473,"S-C2",27,"Fcap_1.80_Besc_7250_sigmaR_0.216_SE_reference_AE_historical"
27,"S-C2__Fcap_1.80_Besc_7250_sigmaR_0.216_SE_reference_AE_historical",1.8,7250,"Full",2043,1000,0.002,0.007,13454.4037830938,9600.61127996168,17775.6778107202,0.58,3981.88266913511,0,0,13854.5682921459,"S-C2",27,"Fcap_1.80_Besc_7250_sigmaR_0.216_SE_reference_AE_historical"
27,"S-C2__Fcap_1.80_Besc_7250_sigmaR_0.216_SE_reference_AE_historical",1.8,7250,"Full",2044,1000,0.002,0.013,13610.1652844696,9451.09797244933,18166.0322522968,0.564,4064.26982303733,0,0,13488.8086223926,"S-C2",27,"Fcap_1.80_Besc_7250_sigmaR_0.216_SE_reference_AE_historical"
27,"S-C2__Fcap_1.80_Besc_7250_sigmaR_0.216_SE_reference_AE_historical",1.8,7250,"Full",2045,1000,0.004,0.009,13584.7423066878,9319.82854564419,18107.7125536505,0.567,4248.41062087147,0,0,14604.9246611978,"S-C2",27,"Fcap_1.80_Besc_7250_sigmaR_0.216_SE_reference_AE_historical"
27,"S-C2__Fcap_1.80_Besc_7250_sigmaR_0.216_SE_reference_AE_historical",1.8,7250,"Full",2046,1000,0.002,0.011,13621.0648511826,9161.41814084074,18358.522892038,0.592,3811.75013484369,0,0,13408.6620118877,"S-C2",27,"Fcap_1.80_Besc_7250_sigmaR_0.216_SE_reference_AE_historical"
27,"S-C2__Fcap_1.80_Besc_7250_sigmaR_0.216_SE_reference_AE_historical",1.8,7250,"Full",2047,1000,0.002,0.004,13722.2044735566,10002.7943132526,18442.3056785747,0.564,4287.67651228912,0,0,14835.1888978504,"S-C2",27,"Fcap_1.80_Besc_7250_sigmaR_0.216_SE_reference_AE_historical"
27,"S-C2__Fcap_1.80_Besc_7250_sigmaR_0.216_SE_reference_AE_historical",1.8,7250,"Full",2048,1000,0.003,0.007,13738.9559302123,9384.17665657413,18174.3381201615,0.567,4237.55753231657,0,0,14363.7420635525,"S-C2",27,"Fcap_1.80_Besc_7250_sigmaR_0.216_SE_reference_AE_historical"
27,"S-C2__Fcap_1.80_Besc_7250_sigmaR_0.216_SE_reference_AE_historical",1.8,7250,"Full",2049,1000,0.003,0.012,13530.1215291386,9253.562043236,18457.9461790303,0.611,3844.1301652169,0,0,14009.0942962646,"S-C2",27,"Fcap_1.80_Besc_7250_sigmaR_0.216_SE_reference_AE_historical"
27,"S-C2__Fcap_1.80_Besc_7250_sigmaR_0.216_SE_reference_AE_historical",1.8,7250,"Full",2050,1000,0.002,0.009,13797.4484243601,9683.88309179258,18266.0780095108,0.545,4476.48933211259,0,0,14041.0996871453,"S-C2",27,"Fcap_1.80_Besc_7250_sigmaR_0.216_SE_reference_AE_historical"
27,"S-C2__Fcap_1.80_Besc_7250_sigmaR_0.216_SE_reference_AE_historical",1.8,7250,"Full",2051,1000,0.004,0.009,13664.7378159343,9470.65281027978,18155.5892953077,0.579,4032.68246954969,0,0,13621.8411963801,"S-C2",27,"Fcap_1.80_Besc_7250_sigmaR_0.216_SE_reference_AE_historical"
27,"S-C2__Fcap_1.80_Besc_7250_sigmaR_0.216_SE_reference_AE_historical",1.8,7250,"Full",2052,1000,0,0.006,13573.4174422927,9618.68136744249,18175.9289189012,0.543,4435.45679228337,0,0,13973.6462503111,"S-C2",27,"Fcap_1.80_Besc_7250_sigmaR_0.216_SE_reference_AE_historical"
27,"S-C2__Fcap_1.80_Besc_7250_sigmaR_0.216_SE_reference_AE_historical",1.8,7250,"Full",2053,1000,0.001,0.005,13485.9715977024,9301.43087064955,18179.2172466353,0.603,3899.33262857667,0,0,14036.4407172687,"S-C2",27,"Fcap_1.80_Besc_7250_sigmaR_0.216_SE_reference_AE_historical"
27,"S-C2__Fcap_1.80_Besc_7250_sigmaR_0.216_SE_reference_AE_historical",1.8,7250,"Full",2054,1000,0.001,0.006,13620.1475994702,9480.84097090985,18395.8059489624,0.573,3866.37219215253,0,0,12667.0639554375,"S-C2",27,"Fcap_1.80_Besc_7250_sigmaR_0.216_SE_reference_AE_historical"
28,"S-C2__Fcap_1.80_Besc_8000_sigmaR_0.216_SE_reference_AE_historical",1.8,8000,"Short",2025,1000,0,0,13950.3522735477,12135.8179097045,16909.473683321,0.824,1378.06968813685,0,0,10633.1913524106,"S-C2",28,"Fcap_1.80_Besc_8000_sigmaR_0.216_SE_reference_AE_historical"
28,"S-C2__Fcap_1.80_Besc_8000_sigmaR_0.216_SE_reference_AE_historical",1.8,8000,"Short",2026,1000,0,0,14707.7050377095,11215.0999686889,19070.1878224102,0.564,4148.53524282354,0,0,12790.2102098216,"S-C2",28,"Fcap_1.80_Besc_8000_sigmaR_0.216_SE_reference_AE_historical"
28,"S-C2__Fcap_1.80_Besc_8000_sigmaR_0.216_SE_reference_AE_historical",1.8,8000,"Short",2027,1000,0,0.001,14471.6533370829,9879.56209490745,19030.0719006808,0.695,2787.16071098242,0,0,12298.294966907,"S-C2",28,"Fcap_1.80_Besc_8000_sigmaR_0.216_SE_reference_AE_historical"
28,"S-C2__Fcap_1.80_Besc_8000_sigmaR_0.216_SE_reference_AE_historical",1.8,8000,"Short",2028,1000,0,0,14396.4378511129,10723.0278678024,18708.7370825743,0.639,3857.33636891964,0,0,15295.1675361318,"S-C2",28,"Fcap_1.80_Besc_8000_sigmaR_0.216_SE_reference_AE_historical"
28,"S-C2__Fcap_1.80_Besc_8000_sigmaR_0.216_SE_reference_AE_historical",1.8,8000,"Short",2029,1000,0.003,0.012,14209.1054953452,9256.08071049055,18894.9850171599,0.669,3416.35544665342,0,0,14412.7767646615,"S-C2",28,"Fcap_1.80_Besc_8000_sigmaR_0.216_SE_reference_AE_historical"
28,"S-C2__Fcap_1.80_Besc_8000_sigmaR_0.216_SE_reference_AE_historical",1.8,8000,"Short",2030,1000,0.002,0.007,14317.6312799481,9644.34326816469,18793.106794713,0.674,3205.09548204917,0,0,14243.828836486,"S-C2",28,"Fcap_1.80_Besc_8000_sigmaR_0.216_SE_reference_AE_historical"
28,"S-C2__Fcap_1.80_Besc_8000_sigmaR_0.216_SE_reference_AE_historical",1.8,8000,"Short",2031,1000,0.001,0.007,14196.1420026582,9522.11715924173,18575.888222627,0.69,3150.95366861688,0,0,14347.4348265769,"S-C2",28,"Fcap_1.80_Besc_8000_sigmaR_0.216_SE_reference_AE_historical"
28,"S-C2__Fcap_1.80_Besc_8000_sigmaR_0.216_SE_reference_AE_historical",1.8,8000,"Short",2032,1000,0.001,0.011,14285.4530859962,9959.96035615261,18577.7779206186,0.674,3370.65052063733,0,0,14311.2334739665,"S-C2",28,"Fcap_1.80_Besc_8000_sigmaR_0.216_SE_reference_AE_historical"
28,"S-C2__Fcap_1.80_Besc_8000_sigmaR_0.216_SE_reference_AE_historical",1.8,8000,"Short",2033,1000,0.001,0.014,14286.1882833636,9796.39718489812,18866.3388723988,0.665,3504.28982964007,0,0,15286.6417679711,"S-C2",28,"Fcap_1.80_Besc_8000_sigmaR_0.216_SE_reference_AE_historical"
28,"S-C2__Fcap_1.80_Besc_8000_sigmaR_0.216_SE_reference_AE_historical",1.8,8000,"Short",2034,1000,0.001,0.005,14321.0816821634,9496.17284595751,18690.4881594759,0.663,3632.43414295571,0,0,16664.521985732,"S-C2",28,"Fcap_1.80_Besc_8000_sigmaR_0.216_SE_reference_AE_historical"
28,"S-C2__Fcap_1.80_Besc_8000_sigmaR_0.216_SE_reference_AE_historical",1.8,8000,"Medium",2035,1000,0.002,0.018,14132.8168875748,9178.96920278828,18670.1040820567,0.653,3414.89162825829,0,0,14288.453895499,"S-C2",28,"Fcap_1.80_Besc_8000_sigmaR_0.216_SE_reference_AE_historical"
28,"S-C2__Fcap_1.80_Besc_8000_sigmaR_0.216_SE_reference_AE_historical",1.8,8000,"Medium",2036,1000,0.002,0.009,14089.1092497538,9593.26799907537,18476.7328053421,0.672,3472.82966447508,0,0,14870.7180436975,"S-C2",28,"Fcap_1.80_Besc_8000_sigmaR_0.216_SE_reference_AE_historical"
28,"S-C2__Fcap_1.80_Besc_8000_sigmaR_0.216_SE_reference_AE_historical",1.8,8000,"Medium",2037,1000,0.002,0.011,14181.4198101136,9333.10582175676,18445.6487198278,0.696,3011.29184314755,0,0,13174.7203775462,"S-C2",28,"Fcap_1.80_Besc_8000_sigmaR_0.216_SE_reference_AE_historical"
28,"S-C2__Fcap_1.80_Besc_8000_sigmaR_0.216_SE_reference_AE_historical",1.8,8000,"Medium",2038,1000,0,0.01,14277.9923460644,9711.7058350161,18658.2336861045,0.677,3414.49050968562,0,0,15497.4267353633,"S-C2",28,"Fcap_1.80_Besc_8000_sigmaR_0.216_SE_reference_AE_historical"
28,"S-C2__Fcap_1.80_Besc_8000_sigmaR_0.216_SE_reference_AE_historical",1.8,8000,"Medium",2039,1000,0.003,0.01,14204.9629835347,9602.53757700569,18650.7043356523,0.671,3448.50595411771,0,0,16919.6592508384,"S-C2",28,"Fcap_1.80_Besc_8000_sigmaR_0.216_SE_reference_AE_historical"
28,"S-C2__Fcap_1.80_Besc_8000_sigmaR_0.216_SE_reference_AE_historical",1.8,8000,"Medium",2040,1000,0.002,0.013,14101.2410155629,9514.89653916538,18956.9548520484,0.687,3467.50011204087,0,0,17858.049091531,"S-C2",28,"Fcap_1.80_Besc_8000_sigmaR_0.216_SE_reference_AE_historical"
28,"S-C2__Fcap_1.80_Besc_8000_sigmaR_0.216_SE_reference_AE_historical",1.8,8000,"Medium",2041,1000,0.008,0.017,14290.8144851627,9299.19443424021,18889.9503695833,0.649,3665.18172052329,0,0,15114.0857010783,"S-C2",28,"Fcap_1.80_Besc_8000_sigmaR_0.216_SE_reference_AE_historical"
28,"S-C2__Fcap_1.80_Besc_8000_sigmaR_0.216_SE_reference_AE_historical",1.8,8000,"Medium",2042,1000,0,0.005,14096.173929176,9413.57475787196,18555.5791644281,0.67,3529.4993831154,0,0,15774.6370798519,"S-C2",28,"Fcap_1.80_Besc_8000_sigmaR_0.216_SE_reference_AE_historical"
28,"S-C2__Fcap_1.80_Besc_8000_sigmaR_0.216_SE_reference_AE_historical",1.8,8000,"Medium",2043,1000,0.003,0.012,14058.1314687679,9699.42262079765,18506.0436203565,0.695,3238.95957314416,0,0,15471.226471914,"S-C2",28,"Fcap_1.80_Besc_8000_sigmaR_0.216_SE_reference_AE_historical"
28,"S-C2__Fcap_1.80_Besc_8000_sigmaR_0.216_SE_reference_AE_historical",1.8,8000,"Medium",2044,1000,0.004,0.013,14068.9264325183,9688.41675961598,18664.9307453773,0.658,3663.16164265027,0,0,15434.1826851337,"S-C2",28,"Fcap_1.80_Besc_8000_sigmaR_0.216_SE_reference_AE_historical"
28,"S-C2__Fcap_1.80_Besc_8000_sigmaR_0.216_SE_reference_AE_historical",1.8,8000,"Long",2045,1000,0.004,0.012,14050.0516325489,9168.16923995962,18504.1984320029,0.672,3583.33197607216,0,0,15550.02331018,"S-C2",28,"Fcap_1.80_Besc_8000_sigmaR_0.216_SE_reference_AE_historical"
28,"S-C2__Fcap_1.80_Besc_8000_sigmaR_0.216_SE_reference_AE_historical",1.8,8000,"Long",2046,1000,0.002,0.014,14174.3944496867,9634.62329698518,18761.148060936,0.669,3472.87783825449,0,0,14500.2551539563,"S-C2",28,"Fcap_1.80_Besc_8000_sigmaR_0.216_SE_reference_AE_historical"
28,"S-C2__Fcap_1.80_Besc_8000_sigmaR_0.216_SE_reference_AE_historical",1.8,8000,"Long",2047,1000,0,0.008,14254.8156197104,10319.9227919298,19133.7212234779,0.68,3329.76079718568,0,0,15016.6954556419,"S-C2",28,"Fcap_1.80_Besc_8000_sigmaR_0.216_SE_reference_AE_historical"
28,"S-C2__Fcap_1.80_Besc_8000_sigmaR_0.216_SE_reference_AE_historical",1.8,8000,"Long",2048,1000,0.003,0.009,14362.2995703169,9590.50778287113,18975.7412366103,0.647,3695.85510743827,0,0,15845.2885632023,"S-C2",28,"Fcap_1.80_Besc_8000_sigmaR_0.216_SE_reference_AE_historical"
28,"S-C2__Fcap_1.80_Besc_8000_sigmaR_0.216_SE_reference_AE_historical",1.8,8000,"Long",2049,1000,0.002,0.01,14099.4753657285,9749.75213268538,18504.5245591186,0.682,3275.28423112385,0,0,14033.4138266063,"S-C2",28,"Fcap_1.80_Besc_8000_sigmaR_0.216_SE_reference_AE_historical"
28,"S-C2__Fcap_1.80_Besc_8000_sigmaR_0.216_SE_reference_AE_historical",1.8,8000,"Long",2050,1000,0.001,0.006,14317.2634021726,9967.08617434876,18946.773476073,0.649,3747.41712443682,0,0,16632.0626202377,"S-C2",28,"Fcap_1.80_Besc_8000_sigmaR_0.216_SE_reference_AE_historical"
28,"S-C2__Fcap_1.80_Besc_8000_sigmaR_0.216_SE_reference_AE_historical",1.8,8000,"Long",2051,1000,0.003,0.013,14197.4526326866,9567.74949963732,18818.0513196792,0.65,3687.12464086388,0,0,14569.8561483025,"S-C2",28,"Fcap_1.80_Besc_8000_sigmaR_0.216_SE_reference_AE_historical"
28,"S-C2__Fcap_1.80_Besc_8000_sigmaR_0.216_SE_reference_AE_historical",1.8,8000,"Long",2052,1000,0.002,0.008,14182.7808461123,9629.04607313905,18895.0112607163,0.662,3581.89927445852,0,0,15246.0711925289,"S-C2",28,"Fcap_1.80_Besc_8000_sigmaR_0.216_SE_reference_AE_historical"
28,"S-C2__Fcap_1.80_Besc_8000_sigmaR_0.216_SE_reference_AE_historical",1.8,8000,"Long",2053,1000,0.002,0.011,14177.0746405097,9262.19967699744,18711.7714309147,0.648,3566.0969131871,0,0,14494.1980368106,"S-C2",28,"Fcap_1.80_Besc_8000_sigmaR_0.216_SE_reference_AE_historical"
28,"S-C2__Fcap_1.80_Besc_8000_sigmaR_0.216_SE_reference_AE_historical",1.8,8000,"Long",2054,1000,0.001,0.005,14211.0363516303,9581.07284987062,18664.0429122741,0.695,3066.02827378071,0,0,14205.7312438993,"S-C2",28,"Fcap_1.80_Besc_8000_sigmaR_0.216_SE_reference_AE_historical"
28,"S-C2__Fcap_1.80_Besc_8000_sigmaR_0.216_SE_reference_AE_historical",1.8,8000,"Full",2025,1000,0,0,13950.3522735477,12135.8179097045,16909.473683321,0.824,1378.06968813685,0,0,10633.1913524106,"S-C2",28,"Fcap_1.80_Besc_8000_sigmaR_0.216_SE_reference_AE_historical"
28,"S-C2__Fcap_1.80_Besc_8000_sigmaR_0.216_SE_reference_AE_historical",1.8,8000,"Full",2026,1000,0,0,14707.7050377095,11215.0999686889,19070.1878224102,0.564,4148.53524282354,0,0,12790.2102098216,"S-C2",28,"Fcap_1.80_Besc_8000_sigmaR_0.216_SE_reference_AE_historical"
28,"S-C2__Fcap_1.80_Besc_8000_sigmaR_0.216_SE_reference_AE_historical",1.8,8000,"Full",2027,1000,0,0.001,14471.6533370829,9879.56209490745,19030.0719006808,0.695,2787.16071098242,0,0,12298.294966907,"S-C2",28,"Fcap_1.80_Besc_8000_sigmaR_0.216_SE_reference_AE_historical"
28,"S-C2__Fcap_1.80_Besc_8000_sigmaR_0.216_SE_reference_AE_historical",1.8,8000,"Full",2028,1000,0,0,14396.4378511129,10723.0278678024,18708.7370825743,0.639,3857.33636891964,0,0,15295.1675361318,"S-C2",28,"Fcap_1.80_Besc_8000_sigmaR_0.216_SE_reference_AE_historical"
28,"S-C2__Fcap_1.80_Besc_8000_sigmaR_0.216_SE_reference_AE_historical",1.8,8000,"Full",2029,1000,0.003,0.012,14209.1054953452,9256.08071049055,18894.9850171599,0.669,3416.35544665342,0,0,14412.7767646615,"S-C2",28,"Fcap_1.80_Besc_8000_sigmaR_0.216_SE_reference_AE_historical"
28,"S-C2__Fcap_1.80_Besc_8000_sigmaR_0.216_SE_reference_AE_historical",1.8,8000,"Full",2030,1000,0.002,0.007,14317.6312799481,9644.34326816469,18793.106794713,0.674,3205.09548204917,0,0,14243.828836486,"S-C2",28,"Fcap_1.80_Besc_8000_sigmaR_0.216_SE_reference_AE_historical"
28,"S-C2__Fcap_1.80_Besc_8000_sigmaR_0.216_SE_reference_AE_historical",1.8,8000,"Full",2031,1000,0.001,0.007,14196.1420026582,9522.11715924173,18575.888222627,0.69,3150.95366861688,0,0,14347.4348265769,"S-C2",28,"Fcap_1.80_Besc_8000_sigmaR_0.216_SE_reference_AE_historical"
28,"S-C2__Fcap_1.80_Besc_8000_sigmaR_0.216_SE_reference_AE_historical",1.8,8000,"Full",2032,1000,0.001,0.011,14285.4530859962,9959.96035615261,18577.7779206186,0.674,3370.65052063733,0,0,14311.2334739665,"S-C2",28,"Fcap_1.80_Besc_8000_sigmaR_0.216_SE_reference_AE_historical"
28,"S-C2__Fcap_1.80_Besc_8000_sigmaR_0.216_SE_reference_AE_historical",1.8,8000,"Full",2033,1000,0.001,0.014,14286.1882833636,9796.39718489812,18866.3388723988,0.665,3504.28982964007,0,0,15286.6417679711,"S-C2",28,"Fcap_1.80_Besc_8000_sigmaR_0.216_SE_reference_AE_historical"
28,"S-C2__Fcap_1.80_Besc_8000_sigmaR_0.216_SE_reference_AE_historical",1.8,8000,"Full",2034,1000,0.001,0.005,14321.0816821634,9496.17284595751,18690.4881594759,0.663,3632.43414295571,0,0,16664.521985732,"S-C2",28,"Fcap_1.80_Besc_8000_sigmaR_0.216_SE_reference_AE_historical"
28,"S-C2__Fcap_1.80_Besc_8000_sigmaR_0.216_SE_reference_AE_historical",1.8,8000,"Full",2035,1000,0.002,0.018,14132.8168875748,9178.96920278828,18670.1040820567,0.653,3414.89162825829,0,0,14288.453895499,"S-C2",28,"Fcap_1.80_Besc_8000_sigmaR_0.216_SE_reference_AE_historical"
28,"S-C2__Fcap_1.80_Besc_8000_sigmaR_0.216_SE_reference_AE_historical",1.8,8000,"Full",2036,1000,0.002,0.009,14089.1092497538,9593.26799907537,18476.7328053421,0.672,3472.82966447508,0,0,14870.7180436975,"S-C2",28,"Fcap_1.80_Besc_8000_sigmaR_0.216_SE_reference_AE_historical"
28,"S-C2__Fcap_1.80_Besc_8000_sigmaR_0.216_SE_reference_AE_historical",1.8,8000,"Full",2037,1000,0.002,0.011,14181.4198101136,9333.10582175676,18445.6487198278,0.696,3011.29184314755,0,0,13174.7203775462,"S-C2",28,"Fcap_1.80_Besc_8000_sigmaR_0.216_SE_reference_AE_historical"
28,"S-C2__Fcap_1.80_Besc_8000_sigmaR_0.216_SE_reference_AE_historical",1.8,8000,"Full",2038,1000,0,0.01,14277.9923460644,9711.7058350161,18658.2336861045,0.677,3414.49050968562,0,0,15497.4267353633,"S-C2",28,"Fcap_1.80_Besc_8000_sigmaR_0.216_SE_reference_AE_historical"
28,"S-C2__Fcap_1.80_Besc_8000_sigmaR_0.216_SE_reference_AE_historical",1.8,8000,"Full",2039,1000,0.003,0.01,14204.9629835347,9602.53757700569,18650.7043356523,0.671,3448.50595411771,0,0,16919.6592508384,"S-C2",28,"Fcap_1.80_Besc_8000_sigmaR_0.216_SE_reference_AE_historical"
28,"S-C2__Fcap_1.80_Besc_8000_sigmaR_0.216_SE_reference_AE_historical",1.8,8000,"Full",2040,1000,0.002,0.013,14101.2410155629,9514.89653916538,18956.9548520484,0.687,3467.50011204087,0,0,17858.049091531,"S-C2",28,"Fcap_1.80_Besc_8000_sigmaR_0.216_SE_reference_AE_historical"
28,"S-C2__Fcap_1.80_Besc_8000_sigmaR_0.216_SE_reference_AE_historical",1.8,8000,"Full",2041,1000,0.008,0.017,14290.8144851627,9299.19443424021,18889.9503695833,0.649,3665.18172052329,0,0,15114.0857010783,"S-C2",28,"Fcap_1.80_Besc_8000_sigmaR_0.216_SE_reference_AE_historical"
28,"S-C2__Fcap_1.80_Besc_8000_sigmaR_0.216_SE_reference_AE_historical",1.8,8000,"Full",2042,1000,0,0.005,14096.173929176,9413.57475787196,18555.5791644281,0.67,3529.4993831154,0,0,15774.6370798519,"S-C2",28,"Fcap_1.80_Besc_8000_sigmaR_0.216_SE_reference_AE_historical"
28,"S-C2__Fcap_1.80_Besc_8000_sigmaR_0.216_SE_reference_AE_historical",1.8,8000,"Full",2043,1000,0.003,0.012,14058.1314687679,9699.42262079765,18506.0436203565,0.695,3238.95957314416,0,0,15471.226471914,"S-C2",28,"Fcap_1.80_Besc_8000_sigmaR_0.216_SE_reference_AE_historical"
28,"S-C2__Fcap_1.80_Besc_8000_sigmaR_0.216_SE_reference_AE_historical",1.8,8000,"Full",2044,1000,0.004,0.013,14068.9264325183,9688.41675961598,18664.9307453773,0.658,3663.16164265027,0,0,15434.1826851337,"S-C2",28,"Fcap_1.80_Besc_8000_sigmaR_0.216_SE_reference_AE_historical"
28,"S-C2__Fcap_1.80_Besc_8000_sigmaR_0.216_SE_reference_AE_historical",1.8,8000,"Full",2045,1000,0.004,0.012,14050.0516325489,9168.16923995962,18504.1984320029,0.672,3583.33197607216,0,0,15550.02331018,"S-C2",28,"Fcap_1.80_Besc_8000_sigmaR_0.216_SE_reference_AE_historical"
28,"S-C2__Fcap_1.80_Besc_8000_sigmaR_0.216_SE_reference_AE_historical",1.8,8000,"Full",2046,1000,0.002,0.014,14174.3944496867,9634.62329698518,18761.148060936,0.669,3472.87783825449,0,0,14500.2551539563,"S-C2",28,"Fcap_1.80_Besc_8000_sigmaR_0.216_SE_reference_AE_historical"
28,"S-C2__Fcap_1.80_Besc_8000_sigmaR_0.216_SE_reference_AE_historical",1.8,8000,"Full",2047,1000,0,0.008,14254.8156197104,10319.9227919298,19133.7212234779,0.68,3329.76079718568,0,0,15016.6954556419,"S-C2",28,"Fcap_1.80_Besc_8000_sigmaR_0.216_SE_reference_AE_historical"
28,"S-C2__Fcap_1.80_Besc_8000_sigmaR_0.216_SE_reference_AE_historical",1.8,8000,"Full",2048,1000,0.003,0.009,14362.2995703169,9590.50778287113,18975.7412366103,0.647,3695.85510743827,0,0,15845.2885632023,"S-C2",28,"Fcap_1.80_Besc_8000_sigmaR_0.216_SE_reference_AE_historical"
28,"S-C2__Fcap_1.80_Besc_8000_sigmaR_0.216_SE_reference_AE_historical",1.8,8000,"Full",2049,1000,0.002,0.01,14099.4753657285,9749.75213268538,18504.5245591186,0.682,3275.28423112385,0,0,14033.4138266063,"S-C2",28,"Fcap_1.80_Besc_8000_sigmaR_0.216_SE_reference_AE_historical"
28,"S-C2__Fcap_1.80_Besc_8000_sigmaR_0.216_SE_reference_AE_historical",1.8,8000,"Full",2050,1000,0.001,0.006,14317.2634021726,9967.08617434876,18946.773476073,0.649,3747.41712443682,0,0,16632.0626202377,"S-C2",28,"Fcap_1.80_Besc_8000_sigmaR_0.216_SE_reference_AE_historical"
28,"S-C2__Fcap_1.80_Besc_8000_sigmaR_0.216_SE_reference_AE_historical",1.8,8000,"Full",2051,1000,0.003,0.013,14197.4526326866,9567.74949963732,18818.0513196792,0.65,3687.12464086388,0,0,14569.8561483025,"S-C2",28,"Fcap_1.80_Besc_8000_sigmaR_0.216_SE_reference_AE_historical"
28,"S-C2__Fcap_1.80_Besc_8000_sigmaR_0.216_SE_reference_AE_historical",1.8,8000,"Full",2052,1000,0.002,0.008,14182.7808461123,9629.04607313905,18895.0112607163,0.662,3581.89927445852,0,0,15246.0711925289,"S-C2",28,"Fcap_1.80_Besc_8000_sigmaR_0.216_SE_reference_AE_historical"
28,"S-C2__Fcap_1.80_Besc_8000_sigmaR_0.216_SE_reference_AE_historical",1.8,8000,"Full",2053,1000,0.002,0.011,14177.0746405097,9262.19967699744,18711.7714309147,0.648,3566.0969131871,0,0,14494.1980368106,"S-C2",28,"Fcap_1.80_Besc_8000_sigmaR_0.216_SE_reference_AE_historical"
28,"S-C2__Fcap_1.80_Besc_8000_sigmaR_0.216_SE_reference_AE_historical",1.8,8000,"Full",2054,1000,0.001,0.005,14211.0363516303,9581.07284987062,18664.0429122741,0.695,3066.02827378071,0,0,14205.7312438993,"S-C2",28,"Fcap_1.80_Besc_8000_sigmaR_0.216_SE_reference_AE_historical"
