year,seas,sex,bio_pattern,birthseas,fleet,0,1,2,3
1989,1,1,1,1,-2,0,0.0079545360388365,0.0184499207793992,0.0259957614507703
1989,2,1,1,1,-2,0,0.0101527952022146,0.0197264409101973,0.0239860435880035
1989,3,1,1,1,-2,0,0.0135868915781524,0.0222994165374522,0.0278390374254872
1989,4,1,1,1,-2,0,0.0149527761764503,0.0225117924920332,0.0321538994930311
1989,1,1,1,1,-1,0,0.0079545360388365,0.0184499207793992,0.0259957614507703
1989,2,1,1,1,-1,0,0.0101527952022146,0.0197264409101973,0.0239860435880035
1989,3,1,1,1,-1,0.00618106173229164,0.0135868915781524,0.0222994165374522,0.0278390374254872
1989,4,1,1,1,-1,0.0067338633544783,0.0149527761764503,0.0225117924920332,0.0321538994930311
1989,1,1,1,1,0,0,0.0079545360388365,0.0184499207793992,0.0259957614507703
1989,2,1,1,1,0,0,0.0101527952022146,0.0197264409101973,0.0239860435880035
1989,3,1,1,1,0,0.00618106173229164,0.0135868915781524,0.0222994165374522,0.0278390374254872
1989,4,1,1,1,0,0.0067338633544783,0.0149527761764503,0.0225117924920332,0.0321538994930311
1989,1,1,1,1,1,0,0.0079545360388365,0.0184499207793992,0.0259957614507703
1989,2,1,1,1,1,0,0.0101527952022146,0.0197264409101973,0.0239860435880035
1989,3,1,1,1,1,0.00618106173229164,0.0135868915781524,0.0222994165374522,0.0278390374254872
1989,4,1,1,1,1,0.0067338633544783,0.0149527761764503,0.0225117924920332,0.0321538994930311
1989,1,1,1,1,2,0,0.0079545360388365,0.0184499207793992,0.0259957614507703
1989,2,1,1,1,2,0,0.0101527952022146,0.0197264409101973,0.0239860435880035
1989,3,1,1,1,2,0.00618106173229164,0.0135868915781524,0.0222994165374522,0.0278390374254872
1989,4,1,1,1,2,0.0067338633544783,0.0149527761764503,0.0225117924920332,0.0321538994930311
1989,1,1,1,1,3,0,0.0079545360388365,0.0184499207793992,0.0259957614507703
1989,2,1,1,1,3,0,0.0101527952022146,0.0197264409101973,0.0239860435880035
1989,3,1,1,1,3,0.00618106173229164,0.0135868915781524,0.0222994165374522,0.0278390374254872
1989,4,1,1,1,3,0.0067338633544783,0.0149527761764503,0.0225117924920332,0.0321538994930311
1989,1,1,1,1,4,0,0.0079545360388365,0.0184499207793992,0.0259957614507703
1989,2,1,1,1,4,0,0.0101527952022146,0.0197264409101973,0.0239860435880035
1989,3,1,1,1,4,0.00618106173229164,0.0135868915781524,0.0222994165374522,0.0278390374254872
1989,4,1,1,1,4,0.0067338633544783,0.0149527761764503,0.0225117924920332,0.0321538994930311
1989,1,1,1,1,5,0,0.0079545360388365,0.0184499207793992,0.0259957614507703
1989,2,1,1,1,5,0,0.0101527952022146,0.0197264409101973,0.0239860435880035
1989,3,1,1,1,5,0.00618106173229164,0.0135868915781524,0.0222994165374522,0.0278390374254872
1989,4,1,1,1,5,0.0067338633544783,0.0149527761764503,0.0225117924920332,0.0321538994930311
1989,1,1,1,1,6,0,0.0079545360388365,0.0184499207793992,0.0259957614507703
1989,2,1,1,1,6,0,0.0101527952022146,0.0197264409101973,0.0239860435880035
1989,3,1,1,1,6,0.00618106173229164,0.0135868915781524,0.0222994165374522,0.0278390374254872
1989,4,1,1,1,6,0.0067338633544783,0.0149527761764503,0.0225117924920332,0.0321538994930311
1989,1,1,1,1,7,0,0.0079545360388365,0.0184499207793992,0.0259957614507703
1989,2,1,1,1,7,0,0.0101527952022146,0.0197264409101973,0.0239860435880035
1989,3,1,1,1,7,0.00618106173229164,0.0135868915781524,0.0222994165374522,0.0278390374254872
1989,4,1,1,1,7,0.0067338633544783,0.0149527761764503,0.0225117924920332,0.0321538994930311
1989,1,1,1,1,8,0,0.0079545360388365,0.0184499207793992,0.0259957614507703
1989,2,1,1,1,8,0,0.0101527952022146,0.0197264409101973,0.0239860435880035
1989,3,1,1,1,8,0.00618106173229164,0.0135868915781524,0.0222994165374522,0.0278390374254872
1989,4,1,1,1,8,0.0067338633544783,0.0149527761764503,0.0225117924920332,0.0321538994930311
1990,1,1,1,1,-2,0,0.00817348589256166,0.0189577577464037,0.026711298867325
1990,2,1,1,1,-2,0,0.00984712578906515,0.0191325384925426,0.0232638976448131
1990,3,1,1,1,-2,0,0.0132358803536568,0.0217233211546838,0.0271198284320768
1990,4,1,1,1,-2,0,0.0119887672701306,0.0180494001806512,0.0257802038430988
1990,1,1,1,1,-1,0,0.00817348589256166,0.0189577577464037,0.026711298867325
1990,2,1,1,1,-1,0,0.00984712578906515,0.0191325384925426,0.0232638976448131
1990,3,1,1,1,-1,0.00602137678633805,0.0132358803536568,0.0217233211546838,0.0271198284320768
1990,4,1,1,1,-1,0.00539904561086436,0.0119887672701306,0.0180494001806512,0.0257802038430988
1990,1,1,1,1,0,0,0.00817348589256166,0.0189577577464037,0.026711298867325
1990,2,1,1,1,0,0,0.00984712578906515,0.0191325384925426,0.0232638976448131
1990,3,1,1,1,0,0.00602137678633805,0.0132358803536568,0.0217233211546838,0.0271198284320768
1990,4,1,1,1,0,0.00539904561086436,0.0119887672701306,0.0180494001806512,0.0257802038430988
1990,1,1,1,1,1,0,0.00817348589256166,0.0189577577464037,0.026711298867325
1990,2,1,1,1,1,0,0.00984712578906515,0.0191325384925426,0.0232638976448131
1990,3,1,1,1,1,0.00602137678633805,0.0132358803536568,0.0217233211546838,0.0271198284320768
1990,4,1,1,1,1,0.00539904561086436,0.0119887672701306,0.0180494001806512,0.0257802038430988
1990,1,1,1,1,2,0,0.00817348589256166,0.0189577577464037,0.026711298867325
1990,2,1,1,1,2,0,0.00984712578906515,0.0191325384925426,0.0232638976448131
1990,3,1,1,1,2,0.00602137678633805,0.0132358803536568,0.0217233211546838,0.0271198284320768
1990,4,1,1,1,2,0.00539904561086436,0.0119887672701306,0.0180494001806512,0.0257802038430988
1990,1,1,1,1,3,0,0.00817348589256166,0.0189577577464037,0.026711298867325
1990,2,1,1,1,3,0,0.00984712578906515,0.0191325384925426,0.0232638976448131
1990,3,1,1,1,3,0.00602137678633805,0.0132358803536568,0.0217233211546838,0.0271198284320768
1990,4,1,1,1,3,0.00539904561086436,0.0119887672701306,0.0180494001806512,0.0257802038430988
1990,1,1,1,1,4,0,0.00817348589256166,0.0189577577464037,0.026711298867325
1990,2,1,1,1,4,0,0.00984712578906515,0.0191325384925426,0.0232638976448131
1990,3,1,1,1,4,0.00602137678633805,0.0132358803536568,0.0217233211546838,0.0271198284320768
1990,4,1,1,1,4,0.00539904561086436,0.0119887672701306,0.0180494001806512,0.0257802038430988
1990,1,1,1,1,5,0,0.00817348589256166,0.0189577577464037,0.026711298867325
1990,2,1,1,1,5,0,0.00984712578906515,0.0191325384925426,0.0232638976448131
1990,3,1,1,1,5,0.00602137678633805,0.0132358803536568,0.0217233211546838,0.0271198284320768
1990,4,1,1,1,5,0.00539904561086436,0.0119887672701306,0.0180494001806512,0.0257802038430988
1990,1,1,1,1,6,0,0.00817348589256166,0.0189577577464037,0.026711298867325
1990,2,1,1,1,6,0,0.00984712578906515,0.0191325384925426,0.0232638976448131
1990,3,1,1,1,6,0.00602137678633805,0.0132358803536568,0.0217233211546838,0.0271198284320768
1990,4,1,1,1,6,0.00539904561086436,0.0119887672701306,0.0180494001806512,0.0257802038430988
1990,1,1,1,1,7,0,0.00817348589256166,0.0189577577464037,0.026711298867325
1990,2,1,1,1,7,0,0.00984712578906515,0.0191325384925426,0.0232638976448131
1990,3,1,1,1,7,0.00602137678633805,0.0132358803536568,0.0217233211546838,0.0271198284320768
1990,4,1,1,1,7,0.00539904561086436,0.0119887672701306,0.0180494001806512,0.0257802038430988
1990,1,1,1,1,8,0,0.00817348589256166,0.0189577577464037,0.026711298867325
1990,2,1,1,1,8,0,0.00984712578906515,0.0191325384925426,0.0232638976448131
1990,3,1,1,1,8,0.00602137678633805,0.0132358803536568,0.0217233211546838,0.0271198284320768
1990,4,1,1,1,8,0.00539904561086436,0.0119887672701306,0.0180494001806512,0.0257802038430988
1991,1,1,1,1,-2,0,0.00730894646785917,0.0169525265401395,0.0238859473270686
1991,2,1,1,1,-2,0,0.0111349353464043,0.0216346966303229,0.0263063559590167
1991,3,1,1,1,-2,0,0.0139489603475821,0.0228936600594729,0.028580902918766
1991,4,1,1,1,-2,0,0.0161582345293074,0.0243266413185704,0.0347460727632927
1991,1,1,1,1,-1,0,0.00730894646785917,0.0169525265401395,0.0238859473270686
1991,2,1,1,1,-1,0,0.0111349353464043,0.0216346966303229,0.0263063559590167
1991,3,1,1,1,-1,0.00634577706856312,0.0139489603475821,0.0228936600594729,0.028580902918766
1991,4,1,1,1,-1,0.00727673189820986,0.0161582345293074,0.0243266413185704,0.0347460727632927
1991,1,1,1,1,0,0,0.00730894646785917,0.0169525265401395,0.0238859473270686
1991,2,1,1,1,0,0,0.0111349353464043,0.0216346966303229,0.0263063559590167
1991,3,1,1,1,0,0.00634577706856312,0.0139489603475821,0.0228936600594729,0.028580902918766
1991,4,1,1,1,0,0.00727673189820986,0.0161582345293074,0.0243266413185704,0.0347460727632927
1991,1,1,1,1,1,0,0.00730894646785917,0.0169525265401395,0.0238859473270686
1991,2,1,1,1,1,0,0.0111349353464043,0.0216346966303229,0.0263063559590167
1991,3,1,1,1,1,0.00634577706856312,0.0139489603475821,0.0228936600594729,0.028580902918766
1991,4,1,1,1,1,0.00727673189820986,0.0161582345293074,0.0243266413185704,0.0347460727632927
1991,1,1,1,1,2,0,0.00730894646785917,0.0169525265401395,0.0238859473270686
1991,2,1,1,1,2,0,0.0111349353464043,0.0216346966303229,0.0263063559590167
1991,3,1,1,1,2,0.00634577706856312,0.0139489603475821,0.0228936600594729,0.028580902918766
1991,4,1,1,1,2,0.00727673189820986,0.0161582345293074,0.0243266413185704,0.0347460727632927
1991,1,1,1,1,3,0,0.00730894646785917,0.0169525265401395,0.0238859473270686
1991,2,1,1,1,3,0,0.0111349353464043,0.0216346966303229,0.0263063559590167
1991,3,1,1,1,3,0.00634577706856312,0.0139489603475821,0.0228936600594729,0.028580902918766
1991,4,1,1,1,3,0.00727673189820986,0.0161582345293074,0.0243266413185704,0.0347460727632927
1991,1,1,1,1,4,0,0.00730894646785917,0.0169525265401395,0.0238859473270686
1991,2,1,1,1,4,0,0.0111349353464043,0.0216346966303229,0.0263063559590167
1991,3,1,1,1,4,0.00634577706856312,0.0139489603475821,0.0228936600594729,0.028580902918766
1991,4,1,1,1,4,0.00727673189820986,0.0161582345293074,0.0243266413185704,0.0347460727632927
1991,1,1,1,1,5,0,0.00730894646785917,0.0169525265401395,0.0238859473270686
1991,2,1,1,1,5,0,0.0111349353464043,0.0216346966303229,0.0263063559590167
1991,3,1,1,1,5,0.00634577706856312,0.0139489603475821,0.0228936600594729,0.028580902918766
1991,4,1,1,1,5,0.00727673189820986,0.0161582345293074,0.0243266413185704,0.0347460727632927
1991,1,1,1,1,6,0,0.00730894646785917,0.0169525265401395,0.0238859473270686
1991,2,1,1,1,6,0,0.0111349353464043,0.0216346966303229,0.0263063559590167
1991,3,1,1,1,6,0.00634577706856312,0.0139489603475821,0.0228936600594729,0.028580902918766
1991,4,1,1,1,6,0.00727673189820986,0.0161582345293074,0.0243266413185704,0.0347460727632927
1991,1,1,1,1,7,0,0.00730894646785917,0.0169525265401395,0.0238859473270686
1991,2,1,1,1,7,0,0.0111349353464043,0.0216346966303229,0.0263063559590167
1991,3,1,1,1,7,0.00634577706856312,0.0139489603475821,0.0228936600594729,0.028580902918766
1991,4,1,1,1,7,0.00727673189820986,0.0161582345293074,0.0243266413185704,0.0347460727632927
1991,1,1,1,1,8,0,0.00730894646785917,0.0169525265401395,0.0238859473270686
1991,2,1,1,1,8,0,0.0111349353464043,0.0216346966303229,0.0263063559590167
1991,3,1,1,1,8,0.00634577706856312,0.0139489603475821,0.0228936600594729,0.028580902918766
1991,4,1,1,1,8,0.00727673189820986,0.0161582345293074,0.0243266413185704,0.0347460727632927
1992,1,1,1,1,-2,0,0.00845210768984545,0.0196039990937559,0.0276218467285468
1992,2,1,1,1,-2,0,0.0106793390176351,0.0207494927156012,0.0252300067189563
1992,3,1,1,1,-2,0,0.0130295671873404,0.0213847107222396,0.0266971003985589
1992,4,1,1,1,-2,0,0.0169500714577753,0.0255187723590439,0.0364488097475409
1992,1,1,1,1,-1,0,0.00845210768984545,0.0196039990937559,0.0276218467285468
1992,2,1,1,1,-1,0,0.0106793390176351,0.0207494927156012,0.0252300067189563
1992,3,1,1,1,-1,0.00592751908460758,0.0130295671873404,0.0213847107222396,0.0266971003985589
1992,4,1,1,1,-1,0.00763332933619803,0.0169500714577753,0.0255187723590439,0.0364488097475409
1992,1,1,1,1,0,0,0.00845210768984545,0.0196039990937559,0.0276218467285468
1992,2,1,1,1,0,0,0.0106793390176351,0.0207494927156012,0.0252300067189563
1992,3,1,1,1,0,0.00592751908460758,0.0130295671873404,0.0213847107222396,0.0266971003985589
1992,4,1,1,1,0,0.00763332933619803,0.0169500714577753,0.0255187723590439,0.0364488097475409
1992,1,1,1,1,1,0,0.00845210768984545,0.0196039990937559,0.0276218467285468
1992,2,1,1,1,1,0,0.0106793390176351,0.0207494927156012,0.0252300067189563
1992,3,1,1,1,1,0.00592751908460758,0.0130295671873404,0.0213847107222396,0.0266971003985589
1992,4,1,1,1,1,0.00763332933619803,0.0169500714577753,0.0255187723590439,0.0364488097475409
1992,1,1,1,1,2,0,0.00845210768984545,0.0196039990937559,0.0276218467285468
1992,2,1,1,1,2,0,0.0106793390176351,0.0207494927156012,0.0252300067189563
1992,3,1,1,1,2,0.00592751908460758,0.0130295671873404,0.0213847107222396,0.0266971003985589
1992,4,1,1,1,2,0.00763332933619803,0.0169500714577753,0.0255187723590439,0.0364488097475409
1992,1,1,1,1,3,0,0.00845210768984545,0.0196039990937559,0.0276218467285468
1992,2,1,1,1,3,0,0.0106793390176351,0.0207494927156012,0.0252300067189563
1992,3,1,1,1,3,0.00592751908460758,0.0130295671873404,0.0213847107222396,0.0266971003985589
1992,4,1,1,1,3,0.00763332933619803,0.0169500714577753,0.0255187723590439,0.0364488097475409
1992,1,1,1,1,4,0,0.00845210768984545,0.0196039990937559,0.0276218467285468
1992,2,1,1,1,4,0,0.0106793390176351,0.0207494927156012,0.0252300067189563
1992,3,1,1,1,4,0.00592751908460758,0.0130295671873404,0.0213847107222396,0.0266971003985589
1992,4,1,1,1,4,0.00763332933619803,0.0169500714577753,0.0255187723590439,0.0364488097475409
1992,1,1,1,1,5,0,0.00845210768984545,0.0196039990937559,0.0276218467285468
1992,2,1,1,1,5,0,0.0106793390176351,0.0207494927156012,0.0252300067189563
1992,3,1,1,1,5,0.00592751908460758,0.0130295671873404,0.0213847107222396,0.0266971003985589
1992,4,1,1,1,5,0.00763332933619803,0.0169500714577753,0.0255187723590439,0.0364488097475409
1992,1,1,1,1,6,0,0.00845210768984545,0.0196039990937559,0.0276218467285468
1992,2,1,1,1,6,0,0.0106793390176351,0.0207494927156012,0.0252300067189563
1992,3,1,1,1,6,0.00592751908460758,0.0130295671873404,0.0213847107222396,0.0266971003985589
1992,4,1,1,1,6,0.00763332933619803,0.0169500714577753,0.0255187723590439,0.0364488097475409
1992,1,1,1,1,7,0,0.00845210768984545,0.0196039990937559,0.0276218467285468
1992,2,1,1,1,7,0,0.0106793390176351,0.0207494927156012,0.0252300067189563
1992,3,1,1,1,7,0.00592751908460758,0.0130295671873404,0.0213847107222396,0.0266971003985589
1992,4,1,1,1,7,0.00763332933619803,0.0169500714577753,0.0255187723590439,0.0364488097475409
1992,1,1,1,1,8,0,0.00845210768984545,0.0196039990937559,0.0276218467285468
1992,2,1,1,1,8,0,0.0106793390176351,0.0207494927156012,0.0252300067189563
1992,3,1,1,1,8,0.00592751908460758,0.0130295671873404,0.0213847107222396,0.0266971003985589
1992,4,1,1,1,8,0.00763332933619803,0.0169500714577753,0.0255187723590439,0.0364488097475409
1993,1,1,1,1,-2,0,0.00842918254265464,0.0195508260177322,0.027546926374338
1993,2,1,1,1,-2,0,0.010892484846262,0.0211636258198272,0.0257335651020635
1993,3,1,1,1,-2,0,0.0122001449199499,0.0200234256542319,0.0249976449042246
1993,4,1,1,1,-2,0,0.01405308359524,0.0211572819679789,0.0302192336831847
1993,1,1,1,1,-1,0,0.00842918254265464,0.0195508260177322,0.027546926374338
1993,2,1,1,1,-1,0,0.010892484846262,0.0211636258198272,0.0257335651020635
1993,3,1,1,1,-1,0.00555019140760445,0.0122001449199499,0.0200234256542319,0.0249976449042246
1993,4,1,1,1,-1,0.00632869398449535,0.01405308359524,0.0211572819679789,0.0302192336831847
1993,1,1,1,1,0,0,0.00842918254265464,0.0195508260177322,0.027546926374338
1993,2,1,1,1,0,0,0.010892484846262,0.0211636258198272,0.0257335651020635
1993,3,1,1,1,0,0.00555019140760445,0.0122001449199499,0.0200234256542319,0.0249976449042246
1993,4,1,1,1,0,0.00632869398449535,0.01405308359524,0.0211572819679789,0.0302192336831847
1993,1,1,1,1,1,0,0.00842918254265464,0.0195508260177322,0.027546926374338
1993,2,1,1,1,1,0,0.010892484846262,0.0211636258198272,0.0257335651020635
1993,3,1,1,1,1,0.00555019140760445,0.0122001449199499,0.0200234256542319,0.0249976449042246
1993,4,1,1,1,1,0.00632869398449535,0.01405308359524,0.0211572819679789,0.0302192336831847
1993,1,1,1,1,2,0,0.00842918254265464,0.0195508260177322,0.027546926374338
1993,2,1,1,1,2,0,0.010892484846262,0.0211636258198272,0.0257335651020635
1993,3,1,1,1,2,0.00555019140760445,0.0122001449199499,0.0200234256542319,0.0249976449042246
1993,4,1,1,1,2,0.00632869398449535,0.01405308359524,0.0211572819679789,0.0302192336831847
1993,1,1,1,1,3,0,0.00842918254265464,0.0195508260177322,0.027546926374338
1993,2,1,1,1,3,0,0.010892484846262,0.0211636258198272,0.0257335651020635
1993,3,1,1,1,3,0.00555019140760445,0.0122001449199499,0.0200234256542319,0.0249976449042246
1993,4,1,1,1,3,0.00632869398449535,0.01405308359524,0.0211572819679789,0.0302192336831847
1993,1,1,1,1,4,0,0.00842918254265464,0.0195508260177322,0.027546926374338
1993,2,1,1,1,4,0,0.010892484846262,0.0211636258198272,0.0257335651020635
1993,3,1,1,1,4,0.00555019140760445,0.0122001449199499,0.0200234256542319,0.0249976449042246
1993,4,1,1,1,4,0.00632869398449535,0.01405308359524,0.0211572819679789,0.0302192336831847
1993,1,1,1,1,5,0,0.00842918254265464,0.0195508260177322,0.027546926374338
1993,2,1,1,1,5,0,0.010892484846262,0.0211636258198272,0.0257335651020635
1993,3,1,1,1,5,0.00555019140760445,0.0122001449199499,0.0200234256542319,0.0249976449042246
1993,4,1,1,1,5,0.00632869398449535,0.01405308359524,0.0211572819679789,0.0302192336831847
1993,1,1,1,1,6,0,0.00842918254265464,0.0195508260177322,0.027546926374338
1993,2,1,1,1,6,0,0.010892484846262,0.0211636258198272,0.0257335651020635
1993,3,1,1,1,6,0.00555019140760445,0.0122001449199499,0.0200234256542319,0.0249976449042246
1993,4,1,1,1,6,0.00632869398449535,0.01405308359524,0.0211572819679789,0.0302192336831847
1993,1,1,1,1,7,0,0.00842918254265464,0.0195508260177322,0.027546926374338
1993,2,1,1,1,7,0,0.010892484846262,0.0211636258198272,0.0257335651020635
1993,3,1,1,1,7,0.00555019140760445,0.0122001449199499,0.0200234256542319,0.0249976449042246
1993,4,1,1,1,7,0.00632869398449535,0.01405308359524,0.0211572819679789,0.0302192336831847
1993,1,1,1,1,8,0,0.00842918254265464,0.0195508260177322,0.027546926374338
1993,2,1,1,1,8,0,0.010892484846262,0.0211636258198272,0.0257335651020635
1993,3,1,1,1,8,0.00555019140760445,0.0122001449199499,0.0200234256542319,0.0249976449042246
1993,4,1,1,1,8,0.00632869398449535,0.01405308359524,0.0211572819679789,0.0302192336831847
1994,1,1,1,1,-2,0,0.00757982684943711,0.0175808122825644,0.0247711959131349
1994,2,1,1,1,-2,0,0.010474289677013,0.0203510907365508,0.0247455763405341
1994,3,1,1,1,-2,0,0.013365125107029,0.0219354434472736,0.0273846461429918
1994,4,1,1,1,-2,0,0.0145237708570724,0.0218659138529197,0.0312313822454995
1994,1,1,1,1,-1,0,0.00757982684943711,0.0175808122825644,0.0247711959131349
1994,2,1,1,1,-1,0,0.010474289677013,0.0203510907365508,0.0247455763405341
1994,3,1,1,1,-1,0.00608017388459803,0.013365125107029,0.0219354434472736,0.0273846461429918
1994,4,1,1,1,-1,0.00654066423446571,0.0145237708570724,0.0218659138529197,0.0312313822454995
1994,1,1,1,1,0,0,0.00757982684943711,0.0175808122825644,0.0247711959131349
1994,2,1,1,1,0,0,0.010474289677013,0.0203510907365508,0.0247455763405341
1994,3,1,1,1,0,0.00608017388459803,0.013365125107029,0.0219354434472736,0.0273846461429918
1994,4,1,1,1,0,0.00654066423446571,0.0145237708570724,0.0218659138529197,0.0312313822454995
1994,1,1,1,1,1,0,0.00757982684943711,0.0175808122825644,0.0247711959131349
1994,2,1,1,1,1,0,0.010474289677013,0.0203510907365508,0.0247455763405341
1994,3,1,1,1,1,0.00608017388459803,0.013365125107029,0.0219354434472736,0.0273846461429918
1994,4,1,1,1,1,0.00654066423446571,0.0145237708570724,0.0218659138529197,0.0312313822454995
1994,1,1,1,1,2,0,0.00757982684943711,0.0175808122825644,0.0247711959131349
1994,2,1,1,1,2,0,0.010474289677013,0.0203510907365508,0.0247455763405341
1994,3,1,1,1,2,0.00608017388459803,0.013365125107029,0.0219354434472736,0.0273846461429918
1994,4,1,1,1,2,0.00654066423446571,0.0145237708570724,0.0218659138529197,0.0312313822454995
1994,1,1,1,1,3,0,0.00757982684943711,0.0175808122825644,0.0247711959131349
1994,2,1,1,1,3,0,0.010474289677013,0.0203510907365508,0.0247455763405341
1994,3,1,1,1,3,0.00608017388459803,0.013365125107029,0.0219354434472736,0.0273846461429918
1994,4,1,1,1,3,0.00654066423446571,0.0145237708570724,0.0218659138529197,0.0312313822454995
1994,1,1,1,1,4,0,0.00757982684943711,0.0175808122825644,0.0247711959131349
1994,2,1,1,1,4,0,0.010474289677013,0.0203510907365508,0.0247455763405341
1994,3,1,1,1,4,0.00608017388459803,0.013365125107029,0.0219354434472736,0.0273846461429918
1994,4,1,1,1,4,0.00654066423446571,0.0145237708570724,0.0218659138529197,0.0312313822454995
1994,1,1,1,1,5,0,0.00757982684943711,0.0175808122825644,0.0247711959131349
1994,2,1,1,1,5,0,0.010474289677013,0.0203510907365508,0.0247455763405341
1994,3,1,1,1,5,0.00608017388459803,0.013365125107029,0.0219354434472736,0.0273846461429918
1994,4,1,1,1,5,0.00654066423446571,0.0145237708570724,0.0218659138529197,0.0312313822454995
1994,1,1,1,1,6,0,0.00757982684943711,0.0175808122825644,0.0247711959131349
1994,2,1,1,1,6,0,0.010474289677013,0.0203510907365508,0.0247455763405341
1994,3,1,1,1,6,0.00608017388459803,0.013365125107029,0.0219354434472736,0.0273846461429918
1994,4,1,1,1,6,0.00654066423446571,0.0145237708570724,0.0218659138529197,0.0312313822454995
1994,1,1,1,1,7,0,0.00757982684943711,0.0175808122825644,0.0247711959131349
1994,2,1,1,1,7,0,0.010474289677013,0.0203510907365508,0.0247455763405341
1994,3,1,1,1,7,0.00608017388459803,0.013365125107029,0.0219354434472736,0.0273846461429918
1994,4,1,1,1,7,0.00654066423446571,0.0145237708570724,0.0218659138529197,0.0312313822454995
1994,1,1,1,1,8,0,0.00757982684943711,0.0175808122825644,0.0247711959131349
1994,2,1,1,1,8,0,0.010474289677013,0.0203510907365508,0.0247455763405341
1994,3,1,1,1,8,0.00608017388459803,0.013365125107029,0.0219354434472736,0.0273846461429918
1994,4,1,1,1,8,0.00654066423446571,0.0145237708570724,0.0218659138529197,0.0312313822454995
1995,1,1,1,1,-2,0,0.00834528261355387,0.0193562267302629,0.0272727378444236
1995,2,1,1,1,-2,0,0.010880617784928,0.0211405686341438,0.0257055290937772
1995,3,1,1,1,-2,0,0.0130656607439862,0.0214439490880816,0.0267710547587966
1995,4,1,1,1,-2,0,0.014618172294445,0.0220080376661837,0.0314343796216026
1995,1,1,1,1,-1,0,0.00834528261355387,0.0193562267302629,0.0272727378444236
1995,2,1,1,1,-1,0,0.010880617784928,0.0211405686341438,0.0257055290937772
1995,3,1,1,1,-1,0.00594393906562254,0.0130656607439862,0.0214439490880816,0.0267710547587966
1995,4,1,1,1,-1,0.00658317716799938,0.014618172294445,0.0220080376661837,0.0314343796216026
1995,1,1,1,1,0,0,0.00834528261355387,0.0193562267302629,0.0272727378444236
1995,2,1,1,1,0,0,0.010880617784928,0.0211405686341438,0.0257055290937772
1995,3,1,1,1,0,0.00594393906562254,0.0130656607439862,0.0214439490880816,0.0267710547587966
1995,4,1,1,1,0,0.00658317716799938,0.014618172294445,0.0220080376661837,0.0314343796216026
1995,1,1,1,1,1,0,0.00834528261355387,0.0193562267302629,0.0272727378444236
1995,2,1,1,1,1,0,0.010880617784928,0.0211405686341438,0.0257055290937772
1995,3,1,1,1,1,0.00594393906562254,0.0130656607439862,0.0214439490880816,0.0267710547587966
1995,4,1,1,1,1,0.00658317716799938,0.014618172294445,0.0220080376661837,0.0314343796216026
1995,1,1,1,1,2,0,0.00834528261355387,0.0193562267302629,0.0272727378444236
1995,2,1,1,1,2,0,0.010880617784928,0.0211405686341438,0.0257055290937772
1995,3,1,1,1,2,0.00594393906562254,0.0130656607439862,0.0214439490880816,0.0267710547587966
1995,4,1,1,1,2,0.00658317716799938,0.014618172294445,0.0220080376661837,0.0314343796216026
1995,1,1,1,1,3,0,0.00834528261355387,0.0193562267302629,0.0272727378444236
1995,2,1,1,1,3,0,0.010880617784928,0.0211405686341438,0.0257055290937772
1995,3,1,1,1,3,0.00594393906562254,0.0130656607439862,0.0214439490880816,0.0267710547587966
1995,4,1,1,1,3,0.00658317716799938,0.014618172294445,0.0220080376661837,0.0314343796216026
1995,1,1,1,1,4,0,0.00834528261355387,0.0193562267302629,0.0272727378444236
1995,2,1,1,1,4,0,0.010880617784928,0.0211405686341438,0.0257055290937772
1995,3,1,1,1,4,0.00594393906562254,0.0130656607439862,0.0214439490880816,0.0267710547587966
1995,4,1,1,1,4,0.00658317716799938,0.014618172294445,0.0220080376661837,0.0314343796216026
1995,1,1,1,1,5,0,0.00834528261355387,0.0193562267302629,0.0272727378444236
1995,2,1,1,1,5,0,0.010880617784928,0.0211405686341438,0.0257055290937772
1995,3,1,1,1,5,0.00594393906562254,0.0130656607439862,0.0214439490880816,0.0267710547587966
1995,4,1,1,1,5,0.00658317716799938,0.014618172294445,0.0220080376661837,0.0314343796216026
1995,1,1,1,1,6,0,0.00834528261355387,0.0193562267302629,0.0272727378444236
1995,2,1,1,1,6,0,0.010880617784928,0.0211405686341438,0.0257055290937772
1995,3,1,1,1,6,0.00594393906562254,0.0130656607439862,0.0214439490880816,0.0267710547587966
1995,4,1,1,1,6,0.00658317716799938,0.014618172294445,0.0220080376661837,0.0314343796216026
1995,1,1,1,1,7,0,0.00834528261355387,0.0193562267302629,0.0272727378444236
1995,2,1,1,1,7,0,0.010880617784928,0.0211405686341438,0.0257055290937772
1995,3,1,1,1,7,0.00594393906562254,0.0130656607439862,0.0214439490880816,0.0267710547587966
1995,4,1,1,1,7,0.00658317716799938,0.014618172294445,0.0220080376661837,0.0314343796216026
1995,1,1,1,1,8,0,0.00834528261355387,0.0193562267302629,0.0272727378444236
1995,2,1,1,1,8,0,0.010880617784928,0.0211405686341438,0.0257055290937772
1995,3,1,1,1,8,0.00594393906562254,0.0130656607439862,0.0214439490880816,0.0267710547587966
1995,4,1,1,1,8,0.00658317716799938,0.014618172294445,0.0220080376661837,0.0314343796216026
1996,1,1,1,1,-2,0,0.00734070591017135,0.0170261900689483,0.0239897385327562
1996,2,1,1,1,-2,0,0.00919035462738239,0.0178564605992714,0.0217122715755676
1996,3,1,1,1,-2,0,0.0119775274808177,0.019658055917147,0.0245415100198089
1996,4,1,1,1,-2,0,0.0134231207326517,0.0202088565336031,0.0288645847317808
1996,1,1,1,1,-1,0,0.00734070591017135,0.0170261900689483,0.0239897385327562
1996,2,1,1,1,-1,0,0.00919035462738239,0.0178564605992714,0.0217122715755676
1996,3,1,1,1,-1,0.00544891643046591,0.0119775274808177,0.019658055917147,0.0245415100198089
1996,4,1,1,1,-1,0.00604499523952606,0.0134231207326517,0.0202088565336031,0.0288645847317808
1996,1,1,1,1,0,0,0.00734070591017135,0.0170261900689483,0.0239897385327562
1996,2,1,1,1,0,0,0.00919035462738239,0.0178564605992714,0.0217122715755676
1996,3,1,1,1,0,0.00544891643046591,0.0119775274808177,0.019658055917147,0.0245415100198089
1996,4,1,1,1,0,0.00604499523952606,0.0134231207326517,0.0202088565336031,0.0288645847317808
1996,1,1,1,1,1,0,0.00734070591017135,0.0170261900689483,0.0239897385327562
1996,2,1,1,1,1,0,0.00919035462738239,0.0178564605992714,0.0217122715755676
1996,3,1,1,1,1,0.00544891643046591,0.0119775274808177,0.019658055917147,0.0245415100198089
1996,4,1,1,1,1,0.00604499523952606,0.0134231207326517,0.0202088565336031,0.0288645847317808
1996,1,1,1,1,2,0,0.00734070591017135,0.0170261900689483,0.0239897385327562
1996,2,1,1,1,2,0,0.00919035462738239,0.0178564605992714,0.0217122715755676
1996,3,1,1,1,2,0.00544891643046591,0.0119775274808177,0.019658055917147,0.0245415100198089
1996,4,1,1,1,2,0.00604499523952606,0.0134231207326517,0.0202088565336031,0.0288645847317808
1996,1,1,1,1,3,0,0.00734070591017135,0.0170261900689483,0.0239897385327562
1996,2,1,1,1,3,0,0.00919035462738239,0.0178564605992714,0.0217122715755676
1996,3,1,1,1,3,0.00544891643046591,0.0119775274808177,0.019658055917147,0.0245415100198089
1996,4,1,1,1,3,0.00604499523952606,0.0134231207326517,0.0202088565336031,0.0288645847317808
1996,1,1,1,1,4,0,0.00734070591017135,0.0170261900689483,0.0239897385327562
1996,2,1,1,1,4,0,0.00919035462738239,0.0178564605992714,0.0217122715755676
1996,3,1,1,1,4,0.00544891643046591,0.0119775274808177,0.019658055917147,0.0245415100198089
1996,4,1,1,1,4,0.00604499523952606,0.0134231207326517,0.0202088565336031,0.0288645847317808
1996,1,1,1,1,5,0,0.00734070591017135,0.0170261900689483,0.0239897385327562
1996,2,1,1,1,5,0,0.00919035462738239,0.0178564605992714,0.0217122715755676
1996,3,1,1,1,5,0.00544891643046591,0.0119775274808177,0.019658055917147,0.0245415100198089
1996,4,1,1,1,5,0.00604499523952606,0.0134231207326517,0.0202088565336031,0.0288645847317808
1996,1,1,1,1,6,0,0.00734070591017135,0.0170261900689483,0.0239897385327562
1996,2,1,1,1,6,0,0.00919035462738239,0.0178564605992714,0.0217122715755676
1996,3,1,1,1,6,0.00544891643046591,0.0119775274808177,0.019658055917147,0.0245415100198089
1996,4,1,1,1,6,0.00604499523952606,0.0134231207326517,0.0202088565336031,0.0288645847317808
1996,1,1,1,1,7,0,0.00734070591017135,0.0170261900689483,0.0239897385327562
1996,2,1,1,1,7,0,0.00919035462738239,0.0178564605992714,0.0217122715755676
1996,3,1,1,1,7,0.00544891643046591,0.0119775274808177,0.019658055917147,0.0245415100198089
1996,4,1,1,1,7,0.00604499523952606,0.0134231207326517,0.0202088565336031,0.0288645847317808
1996,1,1,1,1,8,0,0.00734070591017135,0.0170261900689483,0.0239897385327562
1996,2,1,1,1,8,0,0.00919035462738239,0.0178564605992714,0.0217122715755676
1996,3,1,1,1,8,0.00544891643046591,0.0119775274808177,0.019658055917147,0.0245415100198089
1996,4,1,1,1,8,0.00604499523952606,0.0134231207326517,0.0202088565336031,0.0288645847317808
1997,1,1,1,1,-2,0,0.00795079009389162,0.0184412323546892,0.0259835195436723
1997,2,1,1,1,-2,0,0.0102047301725596,0.0198273483059714,0.0241087402875454
1997,3,1,1,1,-2,0,0.0127120097071966,0.0208635211268434,0.0260464368878056
1997,4,1,1,1,-2,0,0.013471141285375,0.0202811527216489,0.0289678463607682
1997,1,1,1,1,-1,0,0.00795079009389162,0.0184412323546892,0.0259835195436723
1997,2,1,1,1,-1,0,0.0102047301725596,0.0198273483059714,0.0241087402875454
1997,3,1,1,1,-1,0.00578305319430228,0.0127120097071966,0.0208635211268434,0.0260464368878056
1997,4,1,1,1,-1,0.00606662091200516,0.013471141285375,0.0202811527216489,0.0289678463607682
1997,1,1,1,1,0,0,0.00795079009389162,0.0184412323546892,0.0259835195436723
1997,2,1,1,1,0,0,0.0102047301725596,0.0198273483059714,0.0241087402875454
1997,3,1,1,1,0,0.00578305319430228,0.0127120097071966,0.0208635211268434,0.0260464368878056
1997,4,1,1,1,0,0.00606662091200516,0.013471141285375,0.0202811527216489,0.0289678463607682
1997,1,1,1,1,1,0,0.00795079009389162,0.0184412323546892,0.0259835195436723
1997,2,1,1,1,1,0,0.0102047301725596,0.0198273483059714,0.0241087402875454
1997,3,1,1,1,1,0.00578305319430228,0.0127120097071966,0.0208635211268434,0.0260464368878056
1997,4,1,1,1,1,0.00606662091200516,0.013471141285375,0.0202811527216489,0.0289678463607682
1997,1,1,1,1,2,0,0.00795079009389162,0.0184412323546892,0.0259835195436723
1997,2,1,1,1,2,0,0.0102047301725596,0.0198273483059714,0.0241087402875454
1997,3,1,1,1,2,0.00578305319430228,0.0127120097071966,0.0208635211268434,0.0260464368878056
1997,4,1,1,1,2,0.00606662091200516,0.013471141285375,0.0202811527216489,0.0289678463607682
1997,1,1,1,1,3,0,0.00795079009389162,0.0184412323546892,0.0259835195436723
1997,2,1,1,1,3,0,0.0102047301725596,0.0198273483059714,0.0241087402875454
1997,3,1,1,1,3,0.00578305319430228,0.0127120097071966,0.0208635211268434,0.0260464368878056
1997,4,1,1,1,3,0.00606662091200516,0.013471141285375,0.0202811527216489,0.0289678463607682
1997,1,1,1,1,4,0,0.00795079009389162,0.0184412323546892,0.0259835195436723
1997,2,1,1,1,4,0,0.0102047301725596,0.0198273483059714,0.0241087402875454
1997,3,1,1,1,4,0.00578305319430228,0.0127120097071966,0.0208635211268434,0.0260464368878056
1997,4,1,1,1,4,0.00606662091200516,0.013471141285375,0.0202811527216489,0.0289678463607682
1997,1,1,1,1,5,0,0.00795079009389162,0.0184412323546892,0.0259835195436723
1997,2,1,1,1,5,0,0.0102047301725596,0.0198273483059714,0.0241087402875454
1997,3,1,1,1,5,0.00578305319430228,0.0127120097071966,0.0208635211268434,0.0260464368878056
1997,4,1,1,1,5,0.00606662091200516,0.013471141285375,0.0202811527216489,0.0289678463607682
1997,1,1,1,1,6,0,0.00795079009389162,0.0184412323546892,0.0259835195436723
1997,2,1,1,1,6,0,0.0102047301725596,0.0198273483059714,0.0241087402875454
1997,3,1,1,1,6,0.00578305319430228,0.0127120097071966,0.0208635211268434,0.0260464368878056
1997,4,1,1,1,6,0.00606662091200516,0.013471141285375,0.0202811527216489,0.0289678463607682
1997,1,1,1,1,7,0,0.00795079009389162,0.0184412323546892,0.0259835195436723
1997,2,1,1,1,7,0,0.0102047301725596,0.0198273483059714,0.0241087402875454
1997,3,1,1,1,7,0.00578305319430228,0.0127120097071966,0.0208635211268434,0.0260464368878056
1997,4,1,1,1,7,0.00606662091200516,0.013471141285375,0.0202811527216489,0.0289678463607682
1997,1,1,1,1,8,0,0.00795079009389162,0.0184412323546892,0.0259835195436723
1997,2,1,1,1,8,0,0.0102047301725596,0.0198273483059714,0.0241087402875454
1997,3,1,1,1,8,0.00578305319430228,0.0127120097071966,0.0208635211268434,0.0260464368878056
1997,4,1,1,1,8,0.00606662091200516,0.013471141285375,0.0202811527216489,0.0289678463607682
1998,1,1,1,1,-2,0,0.0076329772188163,0.0177040903844743,0.024944893576538
1998,2,1,1,1,-2,0,0.00935971259137129,0.0181855157808996,0.022112380848463
1998,3,1,1,1,-2,0,0.0126067129639044,0.0206907033837118,0.0258306877622287
1998,4,1,1,1,-2,0,0.0136085781833588,0.020488067537443,0.0292633856072773
1998,1,1,1,1,-1,0,0.0076329772188163,0.0177040903844743,0.024944893576538
1998,2,1,1,1,-1,0,0.00935971259137129,0.0181855157808996,0.022112380848463
1998,3,1,1,1,-1,0.00573515072398706,0.0126067129639044,0.0206907033837118,0.0258306877622287
1998,4,1,1,1,-1,0.0061285145215908,0.0136085781833588,0.020488067537443,0.0292633856072773
1998,1,1,1,1,0,0,0.0076329772188163,0.0177040903844743,0.024944893576538
1998,2,1,1,1,0,0,0.00935971259137129,0.0181855157808996,0.022112380848463
1998,3,1,1,1,0,0.00573515072398706,0.0126067129639044,0.0206907033837118,0.0258306877622287
1998,4,1,1,1,0,0.0061285145215908,0.0136085781833588,0.020488067537443,0.0292633856072773
1998,1,1,1,1,1,0,0.0076329772188163,0.0177040903844743,0.024944893576538
1998,2,1,1,1,1,0,0.00935971259137129,0.0181855157808996,0.022112380848463
1998,3,1,1,1,1,0.00573515072398706,0.0126067129639044,0.0206907033837118,0.0258306877622287
1998,4,1,1,1,1,0.0061285145215908,0.0136085781833588,0.020488067537443,0.0292633856072773
1998,1,1,1,1,2,0,0.0076329772188163,0.0177040903844743,0.024944893576538
1998,2,1,1,1,2,0,0.00935971259137129,0.0181855157808996,0.022112380848463
1998,3,1,1,1,2,0.00573515072398706,0.0126067129639044,0.0206907033837118,0.0258306877622287
1998,4,1,1,1,2,0.0061285145215908,0.0136085781833588,0.020488067537443,0.0292633856072773
1998,1,1,1,1,3,0,0.0076329772188163,0.0177040903844743,0.024944893576538
1998,2,1,1,1,3,0,0.00935971259137129,0.0181855157808996,0.022112380848463
1998,3,1,1,1,3,0.00573515072398706,0.0126067129639044,0.0206907033837118,0.0258306877622287
1998,4,1,1,1,3,0.0061285145215908,0.0136085781833588,0.020488067537443,0.0292633856072773
1998,1,1,1,1,4,0,0.0076329772188163,0.0177040903844743,0.024944893576538
1998,2,1,1,1,4,0,0.00935971259137129,0.0181855157808996,0.022112380848463
1998,3,1,1,1,4,0.00573515072398706,0.0126067129639044,0.0206907033837118,0.0258306877622287
1998,4,1,1,1,4,0.0061285145215908,0.0136085781833588,0.020488067537443,0.0292633856072773
1998,1,1,1,1,5,0,0.0076329772188163,0.0177040903844743,0.024944893576538
1998,2,1,1,1,5,0,0.00935971259137129,0.0181855157808996,0.022112380848463
1998,3,1,1,1,5,0.00573515072398706,0.0126067129639044,0.0206907033837118,0.0258306877622287
1998,4,1,1,1,5,0.0061285145215908,0.0136085781833588,0.020488067537443,0.0292633856072773
1998,1,1,1,1,6,0,0.0076329772188163,0.0177040903844743,0.024944893576538
1998,2,1,1,1,6,0,0.00935971259137129,0.0181855157808996,0.022112380848463
1998,3,1,1,1,6,0.00573515072398706,0.0126067129639044,0.0206907033837118,0.0258306877622287
1998,4,1,1,1,6,0.0061285145215908,0.0136085781833588,0.020488067537443,0.0292633856072773
1998,1,1,1,1,7,0,0.0076329772188163,0.0177040903844743,0.024944893576538
1998,2,1,1,1,7,0,0.00935971259137129,0.0181855157808996,0.022112380848463
1998,3,1,1,1,7,0.00573515072398706,0.0126067129639044,0.0206907033837118,0.0258306877622287
1998,4,1,1,1,7,0.0061285145215908,0.0136085781833588,0.020488067537443,0.0292633856072773
1998,1,1,1,1,8,0,0.0076329772188163,0.0177040903844743,0.024944893576538
1998,2,1,1,1,8,0,0.00935971259137129,0.0181855157808996,0.022112380848463
1998,3,1,1,1,8,0.00573515072398706,0.0126067129639044,0.0206907033837118,0.0258306877622287
1998,4,1,1,1,8,0.0061285145215908,0.0136085781833588,0.020488067537443,0.0292633856072773
1999,1,1,1,1,-2,0,0.00803358907114079,0.01863327807092,0.0262541101161996
1999,2,1,1,1,-2,0,0.0110137331179325,0.0213992059550445,0.0260200149192157
1999,3,1,1,1,-2,0,0.0128494097328571,0.0210890282185013,0.0263279644494722
1999,4,1,1,1,-2,0,0.0138355218782739,0.0208297371583224,0.0297513969752511
1999,1,1,1,1,-1,0,0.00803358907114079,0.01863327807092,0.0262541101161996
1999,2,1,1,1,-1,0,0.0110137331179325,0.0213992059550445,0.0260200149192157
1999,3,1,1,1,-1,0.00584556035686709,0.0128494097328571,0.0210890282185013,0.0263279644494722
1999,4,1,1,1,-1,0.0062307168024706,0.0138355218782739,0.0208297371583224,0.0297513969752511
1999,1,1,1,1,0,0,0.00803358907114079,0.01863327807092,0.0262541101161996
1999,2,1,1,1,0,0,0.0110137331179325,0.0213992059550445,0.0260200149192157
1999,3,1,1,1,0,0.00584556035686709,0.0128494097328571,0.0210890282185013,0.0263279644494722
1999,4,1,1,1,0,0.0062307168024706,0.0138355218782739,0.0208297371583224,0.0297513969752511
1999,1,1,1,1,1,0,0.00803358907114079,0.01863327807092,0.0262541101161996
1999,2,1,1,1,1,0,0.0110137331179325,0.0213992059550445,0.0260200149192157
1999,3,1,1,1,1,0.00584556035686709,0.0128494097328571,0.0210890282185013,0.0263279644494722
1999,4,1,1,1,1,0.0062307168024706,0.0138355218782739,0.0208297371583224,0.0297513969752511
1999,1,1,1,1,2,0,0.00803358907114079,0.01863327807092,0.0262541101161996
1999,2,1,1,1,2,0,0.0110137331179325,0.0213992059550445,0.0260200149192157
1999,3,1,1,1,2,0.00584556035686709,0.0128494097328571,0.0210890282185013,0.0263279644494722
1999,4,1,1,1,2,0.0062307168024706,0.0138355218782739,0.0208297371583224,0.0297513969752511
1999,1,1,1,1,3,0,0.00803358907114079,0.01863327807092,0.0262541101161996
1999,2,1,1,1,3,0,0.0110137331179325,0.0213992059550445,0.0260200149192157
1999,3,1,1,1,3,0.00584556035686709,0.0128494097328571,0.0210890282185013,0.0263279644494722
1999,4,1,1,1,3,0.0062307168024706,0.0138355218782739,0.0208297371583224,0.0297513969752511
1999,1,1,1,1,4,0,0.00803358907114079,0.01863327807092,0.0262541101161996
1999,2,1,1,1,4,0,0.0110137331179325,0.0213992059550445,0.0260200149192157
1999,3,1,1,1,4,0.00584556035686709,0.0128494097328571,0.0210890282185013,0.0263279644494722
1999,4,1,1,1,4,0.0062307168024706,0.0138355218782739,0.0208297371583224,0.0297513969752511
1999,1,1,1,1,5,0,0.00803358907114079,0.01863327807092,0.0262541101161996
1999,2,1,1,1,5,0,0.0110137331179325,0.0213992059550445,0.0260200149192157
1999,3,1,1,1,5,0.00584556035686709,0.0128494097328571,0.0210890282185013,0.0263279644494722
1999,4,1,1,1,5,0.0062307168024706,0.0138355218782739,0.0208297371583224,0.0297513969752511
1999,1,1,1,1,6,0,0.00803358907114079,0.01863327807092,0.0262541101161996
1999,2,1,1,1,6,0,0.0110137331179325,0.0213992059550445,0.0260200149192157
1999,3,1,1,1,6,0.00584556035686709,0.0128494097328571,0.0210890282185013,0.0263279644494722
1999,4,1,1,1,6,0.0062307168024706,0.0138355218782739,0.0208297371583224,0.0297513969752511
1999,1,1,1,1,7,0,0.00803358907114079,0.01863327807092,0.0262541101161996
1999,2,1,1,1,7,0,0.0110137331179325,0.0213992059550445,0.0260200149192157
1999,3,1,1,1,7,0.00584556035686709,0.0128494097328571,0.0210890282185013,0.0263279644494722
1999,4,1,1,1,7,0.0062307168024706,0.0138355218782739,0.0208297371583224,0.0297513969752511
1999,1,1,1,1,8,0,0.00803358907114079,0.01863327807092,0.0262541101161996
1999,2,1,1,1,8,0,0.0110137331179325,0.0213992059550445,0.0260200149192157
1999,3,1,1,1,8,0.00584556035686709,0.0128494097328571,0.0210890282185013,0.0263279644494722
1999,4,1,1,1,8,0.0062307168024706,0.0138355218782739,0.0208297371583224,0.0297513969752511
2000,1,1,1,1,-2,0,0.00765286018980163,0.0177502073720331,0.0250098719697647
2000,2,1,1,1,-2,0,0.0105184574875754,0.0204369068776072,0.0248499230754218
2000,3,1,1,1,-2,0,0.0127228076403133,0.0208812431795238,0.0260685614526792
2000,4,1,1,1,-2,0,0.0144649607448904,0.0217773737031674,0.031104919145005
2000,1,1,1,1,-1,0,0.00765286018980163,0.0177502073720331,0.0250098719697647
2000,2,1,1,1,-1,0,0.0105184574875754,0.0204369068776072,0.0248499230754218
2000,3,1,1,1,-1,0.00578796547985273,0.0127228076403133,0.0208812431795238,0.0260685614526792
2000,4,1,1,1,-1,0.00651417957003804,0.0144649607448904,0.0217773737031674,0.031104919145005
2000,1,1,1,1,0,0,0.00765286018980163,0.0177502073720331,0.0250098719697647
2000,2,1,1,1,0,0,0.0105184574875754,0.0204369068776072,0.0248499230754218
2000,3,1,1,1,0,0.00578796547985273,0.0127228076403133,0.0208812431795238,0.0260685614526792
2000,4,1,1,1,0,0.00651417957003804,0.0144649607448904,0.0217773737031674,0.031104919145005
2000,1,1,1,1,1,0,0.00765286018980163,0.0177502073720331,0.0250098719697647
2000,2,1,1,1,1,0,0.0105184574875754,0.0204369068776072,0.0248499230754218
2000,3,1,1,1,1,0.00578796547985273,0.0127228076403133,0.0208812431795238,0.0260685614526792
2000,4,1,1,1,1,0.00651417957003804,0.0144649607448904,0.0217773737031674,0.031104919145005
2000,1,1,1,1,2,0,0.00765286018980163,0.0177502073720331,0.0250098719697647
2000,2,1,1,1,2,0,0.0105184574875754,0.0204369068776072,0.0248499230754218
2000,3,1,1,1,2,0.00578796547985273,0.0127228076403133,0.0208812431795238,0.0260685614526792
2000,4,1,1,1,2,0.00651417957003804,0.0144649607448904,0.0217773737031674,0.031104919145005
2000,1,1,1,1,3,0,0.00765286018980163,0.0177502073720331,0.0250098719697647
2000,2,1,1,1,3,0,0.0105184574875754,0.0204369068776072,0.0248499230754218
2000,3,1,1,1,3,0.00578796547985273,0.0127228076403133,0.0208812431795238,0.0260685614526792
2000,4,1,1,1,3,0.00651417957003804,0.0144649607448904,0.0217773737031674,0.031104919145005
2000,1,1,1,1,4,0,0.00765286018980163,0.0177502073720331,0.0250098719697647
2000,2,1,1,1,4,0,0.0105184574875754,0.0204369068776072,0.0248499230754218
2000,3,1,1,1,4,0.00578796547985273,0.0127228076403133,0.0208812431795238,0.0260685614526792
2000,4,1,1,1,4,0.00651417957003804,0.0144649607448904,0.0217773737031674,0.031104919145005
2000,1,1,1,1,5,0,0.00765286018980163,0.0177502073720331,0.0250098719697647
2000,2,1,1,1,5,0,0.0105184574875754,0.0204369068776072,0.0248499230754218
2000,3,1,1,1,5,0.00578796547985273,0.0127228076403133,0.0208812431795238,0.0260685614526792
2000,4,1,1,1,5,0.00651417957003804,0.0144649607448904,0.0217773737031674,0.031104919145005
2000,1,1,1,1,6,0,0.00765286018980163,0.0177502073720331,0.0250098719697647
2000,2,1,1,1,6,0,0.0105184574875754,0.0204369068776072,0.0248499230754218
2000,3,1,1,1,6,0.00578796547985273,0.0127228076403133,0.0208812431795238,0.0260685614526792
2000,4,1,1,1,6,0.00651417957003804,0.0144649607448904,0.0217773737031674,0.031104919145005
2000,1,1,1,1,7,0,0.00765286018980163,0.0177502073720331,0.0250098719697647
2000,2,1,1,1,7,0,0.0105184574875754,0.0204369068776072,0.0248499230754218
2000,3,1,1,1,7,0.00578796547985273,0.0127228076403133,0.0208812431795238,0.0260685614526792
2000,4,1,1,1,7,0.00651417957003804,0.0144649607448904,0.0217773737031674,0.031104919145005
2000,1,1,1,1,8,0,0.00765286018980163,0.0177502073720331,0.0250098719697647
2000,2,1,1,1,8,0,0.0105184574875754,0.0204369068776072,0.0248499230754218
2000,3,1,1,1,8,0.00578796547985273,0.0127228076403133,0.0208812431795238,0.0260685614526792
2000,4,1,1,1,8,0.00651417957003804,0.0144649607448904,0.0217773737031674,0.031104919145005
2001,1,1,1,1,-2,0,0.00864979854816373,0.0200625274927695,0.028267908845652
2001,2,1,1,1,-2,0,0.0118692910182624,0.0230615178632399,0.0280412759296711
2001,3,1,1,1,-2,0,0.0137157625797844,0.0225109254119037,0.0281030893329346
2001,4,1,1,1,-2,0,0.0143210366787066,0.021560692287335,0.0307954301307851
2001,1,1,1,1,-1,0,0.00864979854816373,0.0200625274927695,0.028267908845652
2001,2,1,1,1,-1,0,0.0118692910182624,0.0230615178632399,0.0280412759296711
2001,3,1,1,1,-1,0.0062396888003011,0.0137157625797844,0.0225109254119037,0.0281030893329346
2001,4,1,1,1,-1,0.00644936451605304,0.0143210366787066,0.021560692287335,0.0307954301307851
2001,1,1,1,1,0,0,0.00864979854816373,0.0200625274927695,0.028267908845652
2001,2,1,1,1,0,0,0.0118692910182624,0.0230615178632399,0.0280412759296711
2001,3,1,1,1,0,0.0062396888003011,0.0137157625797844,0.0225109254119037,0.0281030893329346
2001,4,1,1,1,0,0.00644936451605304,0.0143210366787066,0.021560692287335,0.0307954301307851
2001,1,1,1,1,1,0,0.00864979854816373,0.0200625274927695,0.028267908845652
2001,2,1,1,1,1,0,0.0118692910182624,0.0230615178632399,0.0280412759296711
2001,3,1,1,1,1,0.0062396888003011,0.0137157625797844,0.0225109254119037,0.0281030893329346
2001,4,1,1,1,1,0.00644936451605304,0.0143210366787066,0.021560692287335,0.0307954301307851
2001,1,1,1,1,2,0,0.00864979854816373,0.0200625274927695,0.028267908845652
2001,2,1,1,1,2,0,0.0118692910182624,0.0230615178632399,0.0280412759296711
2001,3,1,1,1,2,0.0062396888003011,0.0137157625797844,0.0225109254119037,0.0281030893329346
2001,4,1,1,1,2,0.00644936451605304,0.0143210366787066,0.021560692287335,0.0307954301307851
2001,1,1,1,1,3,0,0.00864979854816373,0.0200625274927695,0.028267908845652
2001,2,1,1,1,3,0,0.0118692910182624,0.0230615178632399,0.0280412759296711
2001,3,1,1,1,3,0.0062396888003011,0.0137157625797844,0.0225109254119037,0.0281030893329346
2001,4,1,1,1,3,0.00644936451605304,0.0143210366787066,0.021560692287335,0.0307954301307851
2001,1,1,1,1,4,0,0.00864979854816373,0.0200625274927695,0.028267908845652
2001,2,1,1,1,4,0,0.0118692910182624,0.0230615178632399,0.0280412759296711
2001,3,1,1,1,4,0.0062396888003011,0.0137157625797844,0.0225109254119037,0.0281030893329346
2001,4,1,1,1,4,0.00644936451605304,0.0143210366787066,0.021560692287335,0.0307954301307851
2001,1,1,1,1,5,0,0.00864979854816373,0.0200625274927695,0.028267908845652
2001,2,1,1,1,5,0,0.0118692910182624,0.0230615178632399,0.0280412759296711
2001,3,1,1,1,5,0.0062396888003011,0.0137157625797844,0.0225109254119037,0.0281030893329346
2001,4,1,1,1,5,0.00644936451605304,0.0143210366787066,0.021560692287335,0.0307954301307851
2001,1,1,1,1,6,0,0.00864979854816373,0.0200625274927695,0.028267908845652
2001,2,1,1,1,6,0,0.0118692910182624,0.0230615178632399,0.0280412759296711
2001,3,1,1,1,6,0.0062396888003011,0.0137157625797844,0.0225109254119037,0.0281030893329346
2001,4,1,1,1,6,0.00644936451605304,0.0143210366787066,0.021560692287335,0.0307954301307851
2001,1,1,1,1,7,0,0.00864979854816373,0.0200625274927695,0.028267908845652
2001,2,1,1,1,7,0,0.0118692910182624,0.0230615178632399,0.0280412759296711
2001,3,1,1,1,7,0.0062396888003011,0.0137157625797844,0.0225109254119037,0.0281030893329346
2001,4,1,1,1,7,0.00644936451605304,0.0143210366787066,0.021560692287335,0.0307954301307851
2001,1,1,1,1,8,0,0.00864979854816373,0.0200625274927695,0.028267908845652
2001,2,1,1,1,8,0,0.0118692910182624,0.0230615178632399,0.0280412759296711
2001,3,1,1,1,8,0.0062396888003011,0.0137157625797844,0.0225109254119037,0.0281030893329346
2001,4,1,1,1,8,0.00644936451605304,0.0143210366787066,0.021560692287335,0.0307954301307851
2002,1,1,1,1,-2,0,0.00775139909310543,0.0179787606089243,0.0253319012888098
2002,2,1,1,1,-2,0,0.0105680706908279,0.0205333031805794,0.0249671345853611
2002,3,1,1,1,-2,0,0.0136200254894292,0.0223537974004205,0.0279069275820239
2002,4,1,1,1,-2,0,0.0150928703821135,0.0227227079534839,0.0324551529161609
2002,1,1,1,1,-1,0,0.00775139909310543,0.0179787606089243,0.0253319012888098
2002,2,1,1,1,-1,0,0.0105680706908279,0.0205333031805794,0.0249671345853611
2002,3,1,1,1,-1,0.00619613528681706,0.0136200254894292,0.0223537974004205,0.0279069275820239
2002,4,1,1,1,-1,0.00679695366135896,0.0150928703821135,0.0227227079534839,0.0324551529161609
2002,1,1,1,1,0,0,0.00775139909310543,0.0179787606089243,0.0253319012888098
2002,2,1,1,1,0,0,0.0105680706908279,0.0205333031805794,0.0249671345853611
2002,3,1,1,1,0,0.00619613528681706,0.0136200254894292,0.0223537974004205,0.0279069275820239
2002,4,1,1,1,0,0.00679695366135896,0.0150928703821135,0.0227227079534839,0.0324551529161609
2002,1,1,1,1,1,0,0.00775139909310543,0.0179787606089243,0.0253319012888098
2002,2,1,1,1,1,0,0.0105680706908279,0.0205333031805794,0.0249671345853611
2002,3,1,1,1,1,0.00619613528681706,0.0136200254894292,0.0223537974004205,0.0279069275820239
2002,4,1,1,1,1,0.00679695366135896,0.0150928703821135,0.0227227079534839,0.0324551529161609
2002,1,1,1,1,2,0,0.00775139909310543,0.0179787606089243,0.0253319012888098
2002,2,1,1,1,2,0,0.0105680706908279,0.0205333031805794,0.0249671345853611
2002,3,1,1,1,2,0.00619613528681706,0.0136200254894292,0.0223537974004205,0.0279069275820239
2002,4,1,1,1,2,0.00679695366135896,0.0150928703821135,0.0227227079534839,0.0324551529161609
2002,1,1,1,1,3,0,0.00775139909310543,0.0179787606089243,0.0253319012888098
2002,2,1,1,1,3,0,0.0105680706908279,0.0205333031805794,0.0249671345853611
2002,3,1,1,1,3,0.00619613528681706,0.0136200254894292,0.0223537974004205,0.0279069275820239
2002,4,1,1,1,3,0.00679695366135896,0.0150928703821135,0.0227227079534839,0.0324551529161609
2002,1,1,1,1,4,0,0.00775139909310543,0.0179787606089243,0.0253319012888098
2002,2,1,1,1,4,0,0.0105680706908279,0.0205333031805794,0.0249671345853611
2002,3,1,1,1,4,0.00619613528681706,0.0136200254894292,0.0223537974004205,0.0279069275820239
2002,4,1,1,1,4,0.00679695366135896,0.0150928703821135,0.0227227079534839,0.0324551529161609
2002,1,1,1,1,5,0,0.00775139909310543,0.0179787606089243,0.0253319012888098
2002,2,1,1,1,5,0,0.0105680706908279,0.0205333031805794,0.0249671345853611
2002,3,1,1,1,5,0.00619613528681706,0.0136200254894292,0.0223537974004205,0.0279069275820239
2002,4,1,1,1,5,0.00679695366135896,0.0150928703821135,0.0227227079534839,0.0324551529161609
2002,1,1,1,1,6,0,0.00775139909310543,0.0179787606089243,0.0253319012888098
2002,2,1,1,1,6,0,0.0105680706908279,0.0205333031805794,0.0249671345853611
2002,3,1,1,1,6,0.00619613528681706,0.0136200254894292,0.0223537974004205,0.0279069275820239
2002,4,1,1,1,6,0.00679695366135896,0.0150928703821135,0.0227227079534839,0.0324551529161609
2002,1,1,1,1,7,0,0.00775139909310543,0.0179787606089243,0.0253319012888098
2002,2,1,1,1,7,0,0.0105680706908279,0.0205333031805794,0.0249671345853611
2002,3,1,1,1,7,0.00619613528681706,0.0136200254894292,0.0223537974004205,0.0279069275820239
2002,4,1,1,1,7,0.00679695366135896,0.0150928703821135,0.0227227079534839,0.0324551529161609
2002,1,1,1,1,8,0,0.00775139909310543,0.0179787606089243,0.0253319012888098
2002,2,1,1,1,8,0,0.0105680706908279,0.0205333031805794,0.0249671345853611
2002,3,1,1,1,8,0.00619613528681706,0.0136200254894292,0.0223537974004205,0.0279069275820239
2002,4,1,1,1,8,0.00679695366135896,0.0150928703821135,0.0227227079534839,0.0324551529161609
2003,1,1,1,1,-2,0,0.00834043714350971,0.0193449880435542,0.0272569026426255
2003,2,1,1,1,-2,0,0.0111886530075819,0.0217390677170975,0.0264332642770502
2003,3,1,1,1,-2,0,0.0134019444811062,0.0219958730572748,0.0274600876762536
2003,4,1,1,1,-2,0,0.0142917908754932,0.021516661971798,0.0307325410320639
2003,1,1,1,1,-1,0,0.00834043714350971,0.0193449880435542,0.0272569026426255
2003,2,1,1,1,-1,0,0.0111886530075819,0.0217390677170975,0.0264332642770502
2003,3,1,1,1,-1,0.00609692406051623,0.0134019444811062,0.0219958730572748,0.0274600876762536
2003,4,1,1,1,-1,0.00643619390210102,0.0142917908754932,0.021516661971798,0.0307325410320639
2003,1,1,1,1,0,0,0.00834043714350971,0.0193449880435542,0.0272569026426255
2003,2,1,1,1,0,0,0.0111886530075819,0.0217390677170975,0.0264332642770502
2003,3,1,1,1,0,0.00609692406051623,0.0134019444811062,0.0219958730572748,0.0274600876762536
2003,4,1,1,1,0,0.00643619390210102,0.0142917908754932,0.021516661971798,0.0307325410320639
2003,1,1,1,1,1,0,0.00834043714350971,0.0193449880435542,0.0272569026426255
2003,2,1,1,1,1,0,0.0111886530075819,0.0217390677170975,0.0264332642770502
2003,3,1,1,1,1,0.00609692406051623,0.0134019444811062,0.0219958730572748,0.0274600876762536
2003,4,1,1,1,1,0.00643619390210102,0.0142917908754932,0.021516661971798,0.0307325410320639
2003,1,1,1,1,2,0,0.00834043714350971,0.0193449880435542,0.0272569026426255
2003,2,1,1,1,2,0,0.0111886530075819,0.0217390677170975,0.0264332642770502
2003,3,1,1,1,2,0.00609692406051623,0.0134019444811062,0.0219958730572748,0.0274600876762536
2003,4,1,1,1,2,0.00643619390210102,0.0142917908754932,0.021516661971798,0.0307325410320639
2003,1,1,1,1,3,0,0.00834043714350971,0.0193449880435542,0.0272569026426255
2003,2,1,1,1,3,0,0.0111886530075819,0.0217390677170975,0.0264332642770502
2003,3,1,1,1,3,0.00609692406051623,0.0134019444811062,0.0219958730572748,0.0274600876762536
2003,4,1,1,1,3,0.00643619390210102,0.0142917908754932,0.021516661971798,0.0307325410320639
2003,1,1,1,1,4,0,0.00834043714350971,0.0193449880435542,0.0272569026426255
2003,2,1,1,1,4,0,0.0111886530075819,0.0217390677170975,0.0264332642770502
2003,3,1,1,1,4,0.00609692406051623,0.0134019444811062,0.0219958730572748,0.0274600876762536
2003,4,1,1,1,4,0.00643619390210102,0.0142917908754932,0.021516661971798,0.0307325410320639
2003,1,1,1,1,5,0,0.00834043714350971,0.0193449880435542,0.0272569026426255
2003,2,1,1,1,5,0,0.0111886530075819,0.0217390677170975,0.0264332642770502
2003,3,1,1,1,5,0.00609692406051623,0.0134019444811062,0.0219958730572748,0.0274600876762536
2003,4,1,1,1,5,0.00643619390210102,0.0142917908754932,0.021516661971798,0.0307325410320639
2003,1,1,1,1,6,0,0.00834043714350971,0.0193449880435542,0.0272569026426255
2003,2,1,1,1,6,0,0.0111886530075819,0.0217390677170975,0.0264332642770502
2003,3,1,1,1,6,0.00609692406051623,0.0134019444811062,0.0219958730572748,0.0274600876762536
2003,4,1,1,1,6,0.00643619390210102,0.0142917908754932,0.021516661971798,0.0307325410320639
2003,1,1,1,1,7,0,0.00834043714350971,0.0193449880435542,0.0272569026426255
2003,2,1,1,1,7,0,0.0111886530075819,0.0217390677170975,0.0264332642770502
2003,3,1,1,1,7,0.00609692406051623,0.0134019444811062,0.0219958730572748,0.0274600876762536
2003,4,1,1,1,7,0.00643619390210102,0.0142917908754932,0.021516661971798,0.0307325410320639
2003,1,1,1,1,8,0,0.00834043714350971,0.0193449880435542,0.0272569026426255
2003,2,1,1,1,8,0,0.0111886530075819,0.0217390677170975,0.0264332642770502
2003,3,1,1,1,8,0.00609692406051623,0.0134019444811062,0.0219958730572748,0.0274600876762536
2003,4,1,1,1,8,0.00643619390210102,0.0142917908754932,0.021516661971798,0.0307325410320639
2004,1,1,1,1,-2,0,0.00844274923417952,0.0195822928918089,0.0275912628981573
2004,2,1,1,1,-2,0,0.0116157587450424,0.0225689156480972,0.0274423043129587
2004,3,1,1,1,-2,0,0.0135388126693083,0.0222205072734153,0.0277405255226734
2004,4,1,1,1,-2,0,0.0148886095767603,0.0224151880113605,0.0320159179989663
2004,1,1,1,1,-1,0,0.00844274923417952,0.0195822928918089,0.0275912628981573
2004,2,1,1,1,-1,0,0.0116157587450424,0.0225689156480972,0.0274423043129587
2004,3,1,1,1,-1,0.00615918927516063,0.0135388126693083,0.0222205072734153,0.0277405255226734
2004,4,1,1,1,-1,0.00670496643867248,0.0148886095767603,0.0224151880113605,0.0320159179989663
2004,1,1,1,1,0,0,0.00844274923417952,0.0195822928918089,0.0275912628981573
2004,2,1,1,1,0,0,0.0116157587450424,0.0225689156480972,0.0274423043129587
2004,3,1,1,1,0,0.00615918927516063,0.0135388126693083,0.0222205072734153,0.0277405255226734
2004,4,1,1,1,0,0.00670496643867248,0.0148886095767603,0.0224151880113605,0.0320159179989663
2004,1,1,1,1,1,0,0.00844274923417952,0.0195822928918089,0.0275912628981573
2004,2,1,1,1,1,0,0.0116157587450424,0.0225689156480972,0.0274423043129587
2004,3,1,1,1,1,0.00615918927516063,0.0135388126693083,0.0222205072734153,0.0277405255226734
2004,4,1,1,1,1,0.00670496643867248,0.0148886095767603,0.0224151880113605,0.0320159179989663
2004,1,1,1,1,2,0,0.00844274923417952,0.0195822928918089,0.0275912628981573
2004,2,1,1,1,2,0,0.0116157587450424,0.0225689156480972,0.0274423043129587
2004,3,1,1,1,2,0.00615918927516063,0.0135388126693083,0.0222205072734153,0.0277405255226734
2004,4,1,1,1,2,0.00670496643867248,0.0148886095767603,0.0224151880113605,0.0320159179989663
2004,1,1,1,1,3,0,0.00844274923417952,0.0195822928918089,0.0275912628981573
2004,2,1,1,1,3,0,0.0116157587450424,0.0225689156480972,0.0274423043129587
2004,3,1,1,1,3,0.00615918927516063,0.0135388126693083,0.0222205072734153,0.0277405255226734
2004,4,1,1,1,3,0.00670496643867248,0.0148886095767603,0.0224151880113605,0.0320159179989663
2004,1,1,1,1,4,0,0.00844274923417952,0.0195822928918089,0.0275912628981573
2004,2,1,1,1,4,0,0.0116157587450424,0.0225689156480972,0.0274423043129587
2004,3,1,1,1,4,0.00615918927516063,0.0135388126693083,0.0222205072734153,0.0277405255226734
2004,4,1,1,1,4,0.00670496643867248,0.0148886095767603,0.0224151880113605,0.0320159179989663
2004,1,1,1,1,5,0,0.00844274923417952,0.0195822928918089,0.0275912628981573
2004,2,1,1,1,5,0,0.0116157587450424,0.0225689156480972,0.0274423043129587
2004,3,1,1,1,5,0.00615918927516063,0.0135388126693083,0.0222205072734153,0.0277405255226734
2004,4,1,1,1,5,0.00670496643867248,0.0148886095767603,0.0224151880113605,0.0320159179989663
2004,1,1,1,1,6,0,0.00844274923417952,0.0195822928918089,0.0275912628981573
2004,2,1,1,1,6,0,0.0116157587450424,0.0225689156480972,0.0274423043129587
2004,3,1,1,1,6,0.00615918927516063,0.0135388126693083,0.0222205072734153,0.0277405255226734
2004,4,1,1,1,6,0.00670496643867248,0.0148886095767603,0.0224151880113605,0.0320159179989663
2004,1,1,1,1,7,0,0.00844274923417952,0.0195822928918089,0.0275912628981573
2004,2,1,1,1,7,0,0.0116157587450424,0.0225689156480972,0.0274423043129587
2004,3,1,1,1,7,0.00615918927516063,0.0135388126693083,0.0222205072734153,0.0277405255226734
2004,4,1,1,1,7,0.00670496643867248,0.0148886095767603,0.0224151880113605,0.0320159179989663
2004,1,1,1,1,8,0,0.00844274923417952,0.0195822928918089,0.0275912628981573
2004,2,1,1,1,8,0,0.0116157587450424,0.0225689156480972,0.0274423043129587
2004,3,1,1,1,8,0.00615918927516063,0.0135388126693083,0.0222205072734153,0.0277405255226734
2004,4,1,1,1,8,0.00670496643867248,0.0148886095767603,0.0224151880113605,0.0320159179989663
2005,1,1,1,1,-2,0,0.00794093961088883,0.0184183849340284,0.025951327747059
2005,2,1,1,1,-2,0,0.0103681458253439,0.0201448578345539,0.0244948108122213
2005,3,1,1,1,-2,0,0.0132608062765036,0.0217642306984852,0.0271709007244408
2005,4,1,1,1,-2,0,0.013229760574768,0.0199177477990686,0.0284487901656627
2005,1,1,1,1,-1,0,0.00794093961088883,0.0184183849340284,0.025951327747059
2005,2,1,1,1,-1,0,0.0103681458253439,0.0201448578345539,0.0244948108122213
2005,3,1,1,1,-1,0.00603271629449297,0.0132608062765036,0.0217642306984852,0.0271709007244408
2005,4,1,1,1,-1,0.00595791703638679,0.013229760574768,0.0199177477990686,0.0284487901656627
2005,1,1,1,1,0,0,0.00794093961088883,0.0184183849340284,0.025951327747059
2005,2,1,1,1,0,0,0.0103681458253439,0.0201448578345539,0.0244948108122213
2005,3,1,1,1,0,0.00603271629449297,0.0132608062765036,0.0217642306984852,0.0271709007244408
2005,4,1,1,1,0,0.00595791703638679,0.013229760574768,0.0199177477990686,0.0284487901656627
2005,1,1,1,1,1,0,0.00794093961088883,0.0184183849340284,0.025951327747059
2005,2,1,1,1,1,0,0.0103681458253439,0.0201448578345539,0.0244948108122213
2005,3,1,1,1,1,0.00603271629449297,0.0132608062765036,0.0217642306984852,0.0271709007244408
2005,4,1,1,1,1,0.00595791703638679,0.013229760574768,0.0199177477990686,0.0284487901656627
2005,1,1,1,1,2,0,0.00794093961088883,0.0184183849340284,0.025951327747059
2005,2,1,1,1,2,0,0.0103681458253439,0.0201448578345539,0.0244948108122213
2005,3,1,1,1,2,0.00603271629449297,0.0132608062765036,0.0217642306984852,0.0271709007244408
2005,4,1,1,1,2,0.00595791703638679,0.013229760574768,0.0199177477990686,0.0284487901656627
2005,1,1,1,1,3,0,0.00794093961088883,0.0184183849340284,0.025951327747059
2005,2,1,1,1,3,0,0.0103681458253439,0.0201448578345539,0.0244948108122213
2005,3,1,1,1,3,0.00603271629449297,0.0132608062765036,0.0217642306984852,0.0271709007244408
2005,4,1,1,1,3,0.00595791703638679,0.013229760574768,0.0199177477990686,0.0284487901656627
2005,1,1,1,1,4,0,0.00794093961088883,0.0184183849340284,0.025951327747059
2005,2,1,1,1,4,0,0.0103681458253439,0.0201448578345539,0.0244948108122213
2005,3,1,1,1,4,0.00603271629449297,0.0132608062765036,0.0217642306984852,0.0271709007244408
2005,4,1,1,1,4,0.00595791703638679,0.013229760574768,0.0199177477990686,0.0284487901656627
2005,1,1,1,1,5,0,0.00794093961088883,0.0184183849340284,0.025951327747059
2005,2,1,1,1,5,0,0.0103681458253439,0.0201448578345539,0.0244948108122213
2005,3,1,1,1,5,0.00603271629449297,0.0132608062765036,0.0217642306984852,0.0271709007244408
2005,4,1,1,1,5,0.00595791703638679,0.013229760574768,0.0199177477990686,0.0284487901656627
2005,1,1,1,1,6,0,0.00794093961088883,0.0184183849340284,0.025951327747059
2005,2,1,1,1,6,0,0.0103681458253439,0.0201448578345539,0.0244948108122213
2005,3,1,1,1,6,0.00603271629449297,0.0132608062765036,0.0217642306984852,0.0271709007244408
2005,4,1,1,1,6,0.00595791703638679,0.013229760574768,0.0199177477990686,0.0284487901656627
2005,1,1,1,1,7,0,0.00794093961088883,0.0184183849340284,0.025951327747059
2005,2,1,1,1,7,0,0.0103681458253439,0.0201448578345539,0.0244948108122213
2005,3,1,1,1,7,0.00603271629449297,0.0132608062765036,0.0217642306984852,0.0271709007244408
2005,4,1,1,1,7,0.00595791703638679,0.013229760574768,0.0199177477990686,0.0284487901656627
2005,1,1,1,1,8,0,0.00794093961088883,0.0184183849340284,0.025951327747059
2005,2,1,1,1,8,0,0.0103681458253439,0.0201448578345539,0.0244948108122213
2005,3,1,1,1,8,0.00603271629449297,0.0132608062765036,0.0217642306984852,0.0271709007244408
2005,4,1,1,1,8,0.00595791703638679,0.013229760574768,0.0199177477990686,0.0284487901656627
2006,1,1,1,1,-2,0,0.00792701445615274,0.0183860866327237,0.0259058197502485
2006,2,1,1,1,-2,0,0.010871114928964,0.0211221049969958,0.0256830785357956
2006,3,1,1,1,-2,0,0.0125314821591654,0.0205672312089561,0.0256765426307516
2006,4,1,1,1,-2,0,0.0122545929479829,0.018449607635658,0.0263518255959736
2006,1,1,1,1,-1,0,0.00792701445615274,0.0183860866327237,0.0259058197502485
2006,2,1,1,1,-1,0,0.010871114928964,0.0211221049969958,0.0256830785357956
2006,3,1,1,1,-1,0.00570092610052648,0.0125314821591654,0.0205672312089561,0.0256765426307516
2006,4,1,1,1,-1,0.00551875808229076,0.0122545929479829,0.018449607635658,0.0263518255959736
2006,1,1,1,1,0,0,0.00792701445615274,0.0183860866327237,0.0259058197502485
2006,2,1,1,1,0,0,0.010871114928964,0.0211221049969958,0.0256830785357956
2006,3,1,1,1,0,0.00570092610052648,0.0125314821591654,0.0205672312089561,0.0256765426307516
2006,4,1,1,1,0,0.00551875808229076,0.0122545929479829,0.018449607635658,0.0263518255959736
2006,1,1,1,1,1,0,0.00792701445615274,0.0183860866327237,0.0259058197502485
2006,2,1,1,1,1,0,0.010871114928964,0.0211221049969958,0.0256830785357956
2006,3,1,1,1,1,0.00570092610052648,0.0125314821591654,0.0205672312089561,0.0256765426307516
2006,4,1,1,1,1,0.00551875808229076,0.0122545929479829,0.018449607635658,0.0263518255959736
2006,1,1,1,1,2,0,0.00792701445615274,0.0183860866327237,0.0259058197502485
2006,2,1,1,1,2,0,0.010871114928964,0.0211221049969958,0.0256830785357956
2006,3,1,1,1,2,0.00570092610052648,0.0125314821591654,0.0205672312089561,0.0256765426307516
2006,4,1,1,1,2,0.00551875808229076,0.0122545929479829,0.018449607635658,0.0263518255959736
2006,1,1,1,1,3,0,0.00792701445615274,0.0183860866327237,0.0259058197502485
2006,2,1,1,1,3,0,0.010871114928964,0.0211221049969958,0.0256830785357956
2006,3,1,1,1,3,0.00570092610052648,0.0125314821591654,0.0205672312089561,0.0256765426307516
2006,4,1,1,1,3,0.00551875808229076,0.0122545929479829,0.018449607635658,0.0263518255959736
2006,1,1,1,1,4,0,0.00792701445615274,0.0183860866327237,0.0259058197502485
2006,2,1,1,1,4,0,0.010871114928964,0.0211221049969958,0.0256830785357956
2006,3,1,1,1,4,0.00570092610052648,0.0125314821591654,0.0205672312089561,0.0256765426307516
2006,4,1,1,1,4,0.00551875808229076,0.0122545929479829,0.018449607635658,0.0263518255959736
2006,1,1,1,1,5,0,0.00792701445615274,0.0183860866327237,0.0259058197502485
2006,2,1,1,1,5,0,0.010871114928964,0.0211221049969958,0.0256830785357956
2006,3,1,1,1,5,0.00570092610052648,0.0125314821591654,0.0205672312089561,0.0256765426307516
2006,4,1,1,1,5,0.00551875808229076,0.0122545929479829,0.018449607635658,0.0263518255959736
2006,1,1,1,1,6,0,0.00792701445615274,0.0183860866327237,0.0259058197502485
2006,2,1,1,1,6,0,0.010871114928964,0.0211221049969958,0.0256830785357956
2006,3,1,1,1,6,0.00570092610052648,0.0125314821591654,0.0205672312089561,0.0256765426307516
2006,4,1,1,1,6,0.00551875808229076,0.0122545929479829,0.018449607635658,0.0263518255959736
2006,1,1,1,1,7,0,0.00792701445615274,0.0183860866327237,0.0259058197502485
2006,2,1,1,1,7,0,0.010871114928964,0.0211221049969958,0.0256830785357956
2006,3,1,1,1,7,0.00570092610052648,0.0125314821591654,0.0205672312089561,0.0256765426307516
2006,4,1,1,1,7,0.00551875808229076,0.0122545929479829,0.018449607635658,0.0263518255959736
2006,1,1,1,1,8,0,0.00792701445615274,0.0183860866327237,0.0259058197502485
2006,2,1,1,1,8,0,0.010871114928964,0.0211221049969958,0.0256830785357956
2006,3,1,1,1,8,0.00570092610052648,0.0125314821591654,0.0205672312089561,0.0256765426307516
2006,4,1,1,1,8,0.00551875808229076,0.0122545929479829,0.018449607635658,0.0263518255959736
2007,1,1,1,1,-2,0,0.00780335101161597,0.0180992589982932,0.025501682363899
2007,2,1,1,1,-2,0,0.0106526137450865,0.0206975666696957,0.0251668680916636
2007,3,1,1,1,-2,0,0.0132939152783298,0.0218185706789447,0.0272387398424362
2007,4,1,1,1,-2,0,0.0140590216132248,0.0211662218081204,0.0302320025784868
2007,1,1,1,1,-1,0,0.00780335101161597,0.0180992589982932,0.025501682363899
2007,2,1,1,1,-1,0,0.0106526137450865,0.0206975666696957,0.0251668680916636
2007,3,1,1,1,-1,0.00604777851700393,0.0132939152783298,0.0218185706789447,0.0272387398424362
2007,4,1,1,1,-1,0.00633136812348027,0.0140590216132248,0.0211662218081204,0.0302320025784868
2007,1,1,1,1,0,0,0.00780335101161597,0.0180992589982932,0.025501682363899
2007,2,1,1,1,0,0,0.0106526137450865,0.0206975666696957,0.0251668680916636
2007,3,1,1,1,0,0.00604777851700393,0.0132939152783298,0.0218185706789447,0.0272387398424362
2007,4,1,1,1,0,0.00633136812348027,0.0140590216132248,0.0211662218081204,0.0302320025784868
2007,1,1,1,1,1,0,0.00780335101161597,0.0180992589982932,0.025501682363899
2007,2,1,1,1,1,0,0.0106526137450865,0.0206975666696957,0.0251668680916636
2007,3,1,1,1,1,0.00604777851700393,0.0132939152783298,0.0218185706789447,0.0272387398424362
2007,4,1,1,1,1,0.00633136812348027,0.0140590216132248,0.0211662218081204,0.0302320025784868
2007,1,1,1,1,2,0,0.00780335101161597,0.0180992589982932,0.025501682363899
2007,2,1,1,1,2,0,0.0106526137450865,0.0206975666696957,0.0251668680916636
2007,3,1,1,1,2,0.00604777851700393,0.0132939152783298,0.0218185706789447,0.0272387398424362
2007,4,1,1,1,2,0.00633136812348027,0.0140590216132248,0.0211662218081204,0.0302320025784868
2007,1,1,1,1,3,0,0.00780335101161597,0.0180992589982932,0.025501682363899
2007,2,1,1,1,3,0,0.0106526137450865,0.0206975666696957,0.0251668680916636
2007,3,1,1,1,3,0.00604777851700393,0.0132939152783298,0.0218185706789447,0.0272387398424362
2007,4,1,1,1,3,0.00633136812348027,0.0140590216132248,0.0211662218081204,0.0302320025784868
2007,1,1,1,1,4,0,0.00780335101161597,0.0180992589982932,0.025501682363899
2007,2,1,1,1,4,0,0.0106526137450865,0.0206975666696957,0.0251668680916636
2007,3,1,1,1,4,0.00604777851700393,0.0132939152783298,0.0218185706789447,0.0272387398424362
2007,4,1,1,1,4,0.00633136812348027,0.0140590216132248,0.0211662218081204,0.0302320025784868
2007,1,1,1,1,5,0,0.00780335101161597,0.0180992589982932,0.025501682363899
2007,2,1,1,1,5,0,0.0106526137450865,0.0206975666696957,0.0251668680916636
2007,3,1,1,1,5,0.00604777851700393,0.0132939152783298,0.0218185706789447,0.0272387398424362
2007,4,1,1,1,5,0.00633136812348027,0.0140590216132248,0.0211662218081204,0.0302320025784868
2007,1,1,1,1,6,0,0.00780335101161597,0.0180992589982932,0.025501682363899
2007,2,1,1,1,6,0,0.0106526137450865,0.0206975666696957,0.0251668680916636
2007,3,1,1,1,6,0.00604777851700393,0.0132939152783298,0.0218185706789447,0.0272387398424362
2007,4,1,1,1,6,0.00633136812348027,0.0140590216132248,0.0211662218081204,0.0302320025784868
2007,1,1,1,1,7,0,0.00780335101161597,0.0180992589982932,0.025501682363899
2007,2,1,1,1,7,0,0.0106526137450865,0.0206975666696957,0.0251668680916636
2007,3,1,1,1,7,0.00604777851700393,0.0132939152783298,0.0218185706789447,0.0272387398424362
2007,4,1,1,1,7,0.00633136812348027,0.0140590216132248,0.0211662218081204,0.0302320025784868
2007,1,1,1,1,8,0,0.00780335101161597,0.0180992589982932,0.025501682363899
2007,2,1,1,1,8,0,0.0106526137450865,0.0206975666696957,0.0251668680916636
2007,3,1,1,1,8,0.00604777851700393,0.0132939152783298,0.0218185706789447,0.0272387398424362
2007,4,1,1,1,8,0.00633136812348027,0.0140590216132248,0.0211662218081204,0.0302320025784868
2008,1,1,1,1,-2,0,0.00828768945006491,0.0192226439168067,0.0270845209412699
2008,2,1,1,1,-2,0,0.0118056321622264,0.0229378314658494,0.0278908814752148
2008,3,1,1,1,-2,0,0.0134582015894555,0.0220882047495575,0.0275753564068369
2008,4,1,1,1,-2,0,0.0155683117162844,0.0234384972176773,0.0334775244606397
2008,1,1,1,1,-1,0,0.00828768945006491,0.0192226439168067,0.0270845209412699
2008,2,1,1,1,-1,0,0.0118056321622264,0.0229378314658494,0.0278908814752148
2008,3,1,1,1,-1,0.00612251701219226,0.0134582015894555,0.0220882047495575,0.0275753564068369
2008,4,1,1,1,-1,0.0070110648698461,0.0155683117162844,0.0234384972176773,0.0334775244606397
2008,1,1,1,1,0,0,0.00828768945006491,0.0192226439168067,0.0270845209412699
2008,2,1,1,1,0,0,0.0118056321622264,0.0229378314658494,0.0278908814752148
2008,3,1,1,1,0,0.00612251701219226,0.0134582015894555,0.0220882047495575,0.0275753564068369
2008,4,1,1,1,0,0.0070110648698461,0.0155683117162844,0.0234384972176773,0.0334775244606397
2008,1,1,1,1,1,0,0.00828768945006491,0.0192226439168067,0.0270845209412699
2008,2,1,1,1,1,0,0.0118056321622264,0.0229378314658494,0.0278908814752148
2008,3,1,1,1,1,0.00612251701219226,0.0134582015894555,0.0220882047495575,0.0275753564068369
2008,4,1,1,1,1,0.0070110648698461,0.0155683117162844,0.0234384972176773,0.0334775244606397
2008,1,1,1,1,2,0,0.00828768945006491,0.0192226439168067,0.0270845209412699
2008,2,1,1,1,2,0,0.0118056321622264,0.0229378314658494,0.0278908814752148
2008,3,1,1,1,2,0.00612251701219226,0.0134582015894555,0.0220882047495575,0.0275753564068369
2008,4,1,1,1,2,0.0070110648698461,0.0155683117162844,0.0234384972176773,0.0334775244606397
2008,1,1,1,1,3,0,0.00828768945006491,0.0192226439168067,0.0270845209412699
2008,2,1,1,1,3,0,0.0118056321622264,0.0229378314658494,0.0278908814752148
2008,3,1,1,1,3,0.00612251701219226,0.0134582015894555,0.0220882047495575,0.0275753564068369
2008,4,1,1,1,3,0.0070110648698461,0.0155683117162844,0.0234384972176773,0.0334775244606397
2008,1,1,1,1,4,0,0.00828768945006491,0.0192226439168067,0.0270845209412699
2008,2,1,1,1,4,0,0.0118056321622264,0.0229378314658494,0.0278908814752148
2008,3,1,1,1,4,0.00612251701219226,0.0134582015894555,0.0220882047495575,0.0275753564068369
2008,4,1,1,1,4,0.0070110648698461,0.0155683117162844,0.0234384972176773,0.0334775244606397
2008,1,1,1,1,5,0,0.00828768945006491,0.0192226439168067,0.0270845209412699
2008,2,1,1,1,5,0,0.0118056321622264,0.0229378314658494,0.0278908814752148
2008,3,1,1,1,5,0.00612251701219226,0.0134582015894555,0.0220882047495575,0.0275753564068369
2008,4,1,1,1,5,0.0070110648698461,0.0155683117162844,0.0234384972176773,0.0334775244606397
2008,1,1,1,1,6,0,0.00828768945006491,0.0192226439168067,0.0270845209412699
2008,2,1,1,1,6,0,0.0118056321622264,0.0229378314658494,0.0278908814752148
2008,3,1,1,1,6,0.00612251701219226,0.0134582015894555,0.0220882047495575,0.0275753564068369
2008,4,1,1,1,6,0.0070110648698461,0.0155683117162844,0.0234384972176773,0.0334775244606397
2008,1,1,1,1,7,0,0.00828768945006491,0.0192226439168067,0.0270845209412699
2008,2,1,1,1,7,0,0.0118056321622264,0.0229378314658494,0.0278908814752148
2008,3,1,1,1,7,0.00612251701219226,0.0134582015894555,0.0220882047495575,0.0275753564068369
2008,4,1,1,1,7,0.0070110648698461,0.0155683117162844,0.0234384972176773,0.0334775244606397
2008,1,1,1,1,8,0,0.00828768945006491,0.0192226439168067,0.0270845209412699
2008,2,1,1,1,8,0,0.0118056321622264,0.0229378314658494,0.0278908814752148
2008,3,1,1,1,8,0.00612251701219226,0.0134582015894555,0.0220882047495575,0.0275753564068369
2008,4,1,1,1,8,0.0070110648698461,0.0155683117162844,0.0234384972176773,0.0334775244606397
2009,1,1,1,1,-2,0,0.00808800414831745,0.0187594895631067,0.0264319408983726
2009,2,1,1,1,-2,0,0.0114063390459618,0.0221620222520357,0.0269475489347316
2009,3,1,1,1,-2,0,0.0130446628666738,0.0214094864289886,0.0267280308861917
2009,4,1,1,1,-2,0,0.0139651988921104,0.021024969267198,0.0300302496525232
2009,1,1,1,1,-1,0,0.00808800414831745,0.0187594895631067,0.0264319408983726
2009,2,1,1,1,-1,0,0.0114063390459618,0.0221620222520357,0.0269475489347316
2009,3,1,1,1,-1,0.00593438653661557,0.0130446628666738,0.0214094864289886,0.0267280308861917
2009,4,1,1,1,-1,0.00628911581019244,0.0139651988921104,0.021024969267198,0.0300302496525232
2009,1,1,1,1,0,0,0.00808800414831745,0.0187594895631067,0.0264319408983726
2009,2,1,1,1,0,0,0.0114063390459618,0.0221620222520357,0.0269475489347316
2009,3,1,1,1,0,0.00593438653661557,0.0130446628666738,0.0214094864289886,0.0267280308861917
2009,4,1,1,1,0,0.00628911581019244,0.0139651988921104,0.021024969267198,0.0300302496525232
2009,1,1,1,1,1,0,0.00808800414831745,0.0187594895631067,0.0264319408983726
2009,2,1,1,1,1,0,0.0114063390459618,0.0221620222520357,0.0269475489347316
2009,3,1,1,1,1,0.00593438653661557,0.0130446628666738,0.0214094864289886,0.0267280308861917
2009,4,1,1,1,1,0.00628911581019244,0.0139651988921104,0.021024969267198,0.0300302496525232
2009,1,1,1,1,2,0,0.00808800414831745,0.0187594895631067,0.0264319408983726
2009,2,1,1,1,2,0,0.0114063390459618,0.0221620222520357,0.0269475489347316
2009,3,1,1,1,2,0.00593438653661557,0.0130446628666738,0.0214094864289886,0.0267280308861917
2009,4,1,1,1,2,0.00628911581019244,0.0139651988921104,0.021024969267198,0.0300302496525232
2009,1,1,1,1,3,0,0.00808800414831745,0.0187594895631067,0.0264319408983726
2009,2,1,1,1,3,0,0.0114063390459618,0.0221620222520357,0.0269475489347316
2009,3,1,1,1,3,0.00593438653661557,0.0130446628666738,0.0214094864289886,0.0267280308861917
2009,4,1,1,1,3,0.00628911581019244,0.0139651988921104,0.021024969267198,0.0300302496525232
2009,1,1,1,1,4,0,0.00808800414831745,0.0187594895631067,0.0264319408983726
2009,2,1,1,1,4,0,0.0114063390459618,0.0221620222520357,0.0269475489347316
2009,3,1,1,1,4,0.00593438653661557,0.0130446628666738,0.0214094864289886,0.0267280308861917
2009,4,1,1,1,4,0.00628911581019244,0.0139651988921104,0.021024969267198,0.0300302496525232
2009,1,1,1,1,5,0,0.00808800414831745,0.0187594895631067,0.0264319408983726
2009,2,1,1,1,5,0,0.0114063390459618,0.0221620222520357,0.0269475489347316
2009,3,1,1,1,5,0.00593438653661557,0.0130446628666738,0.0214094864289886,0.0267280308861917
2009,4,1,1,1,5,0.00628911581019244,0.0139651988921104,0.021024969267198,0.0300302496525232
2009,1,1,1,1,6,0,0.00808800414831745,0.0187594895631067,0.0264319408983726
2009,2,1,1,1,6,0,0.0114063390459618,0.0221620222520357,0.0269475489347316
2009,3,1,1,1,6,0.00593438653661557,0.0130446628666738,0.0214094864289886,0.0267280308861917
2009,4,1,1,1,6,0.00628911581019244,0.0139651988921104,0.021024969267198,0.0300302496525232
2009,1,1,1,1,7,0,0.00808800414831745,0.0187594895631067,0.0264319408983726
2009,2,1,1,1,7,0,0.0114063390459618,0.0221620222520357,0.0269475489347316
2009,3,1,1,1,7,0.00593438653661557,0.0130446628666738,0.0214094864289886,0.0267280308861917
2009,4,1,1,1,7,0.00628911581019244,0.0139651988921104,0.021024969267198,0.0300302496525232
2009,1,1,1,1,8,0,0.00808800414831745,0.0187594895631067,0.0264319408983726
2009,2,1,1,1,8,0,0.0114063390459618,0.0221620222520357,0.0269475489347316
2009,3,1,1,1,8,0.00593438653661557,0.0130446628666738,0.0214094864289886,0.0267280308861917
2009,4,1,1,1,8,0.00628911581019244,0.0139651988921104,0.021024969267198,0.0300302496525232
2010,1,1,1,1,-2,0,0.00818952619681562,0.018994961970675,0.0267637192625495
2010,2,1,1,1,-2,0,0.00938076188387183,0.01822641364365,0.0221621099365967
2010,3,1,1,1,-2,0,0.0129543675533591,0.0212612897063312,0.0265430191348095
2010,4,1,1,1,-2,0,0.0140808659906777,0.0211991090851407,0.0302789759236917
2010,1,1,1,1,-1,0,0.00818952619681562,0.018994961970675,0.0267637192625495
2010,2,1,1,1,-1,0,0.00938076188387183,0.01822641364365,0.0221621099365967
2010,3,1,1,1,-1,0.00589330864160741,0.0129543675533591,0.0212612897063312,0.0265430191348095
2010,4,1,1,1,-1,0.00634120556444078,0.0140808659906777,0.0211991090851407,0.0302789759236917
2010,1,1,1,1,0,0,0.00818952619681562,0.018994961970675,0.0267637192625495
2010,2,1,1,1,0,0,0.00938076188387183,0.01822641364365,0.0221621099365967
2010,3,1,1,1,0,0.00589330864160741,0.0129543675533591,0.0212612897063312,0.0265430191348095
2010,4,1,1,1,0,0.00634120556444078,0.0140808659906777,0.0211991090851407,0.0302789759236917
2010,1,1,1,1,1,0,0.00818952619681562,0.018994961970675,0.0267637192625495
2010,2,1,1,1,1,0,0.00938076188387183,0.01822641364365,0.0221621099365967
2010,3,1,1,1,1,0.00589330864160741,0.0129543675533591,0.0212612897063312,0.0265430191348095
2010,4,1,1,1,1,0.00634120556444078,0.0140808659906777,0.0211991090851407,0.0302789759236917
2010,1,1,1,1,2,0,0.00818952619681562,0.018994961970675,0.0267637192625495
2010,2,1,1,1,2,0,0.00938076188387183,0.01822641364365,0.0221621099365967
2010,3,1,1,1,2,0.00589330864160741,0.0129543675533591,0.0212612897063312,0.0265430191348095
2010,4,1,1,1,2,0.00634120556444078,0.0140808659906777,0.0211991090851407,0.0302789759236917
2010,1,1,1,1,3,0,0.00818952619681562,0.018994961970675,0.0267637192625495
2010,2,1,1,1,3,0,0.00938076188387183,0.01822641364365,0.0221621099365967
2010,3,1,1,1,3,0.00589330864160741,0.0129543675533591,0.0212612897063312,0.0265430191348095
2010,4,1,1,1,3,0.00634120556444078,0.0140808659906777,0.0211991090851407,0.0302789759236917
2010,1,1,1,1,4,0,0.00818952619681562,0.018994961970675,0.0267637192625495
2010,2,1,1,1,4,0,0.00938076188387183,0.01822641364365,0.0221621099365967
2010,3,1,1,1,4,0.00589330864160741,0.0129543675533591,0.0212612897063312,0.0265430191348095
2010,4,1,1,1,4,0.00634120556444078,0.0140808659906777,0.0211991090851407,0.0302789759236917
2010,1,1,1,1,5,0,0.00818952619681562,0.018994961970675,0.0267637192625495
2010,2,1,1,1,5,0,0.00938076188387183,0.01822641364365,0.0221621099365967
2010,3,1,1,1,5,0.00589330864160741,0.0129543675533591,0.0212612897063312,0.0265430191348095
2010,4,1,1,1,5,0.00634120556444078,0.0140808659906777,0.0211991090851407,0.0302789759236917
2010,1,1,1,1,6,0,0.00818952619681562,0.018994961970675,0.0267637192625495
2010,2,1,1,1,6,0,0.00938076188387183,0.01822641364365,0.0221621099365967
2010,3,1,1,1,6,0.00589330864160741,0.0129543675533591,0.0212612897063312,0.0265430191348095
2010,4,1,1,1,6,0.00634120556444078,0.0140808659906777,0.0211991090851407,0.0302789759236917
2010,1,1,1,1,7,0,0.00818952619681562,0.018994961970675,0.0267637192625495
2010,2,1,1,1,7,0,0.00938076188387183,0.01822641364365,0.0221621099365967
2010,3,1,1,1,7,0.00589330864160741,0.0129543675533591,0.0212612897063312,0.0265430191348095
2010,4,1,1,1,7,0.00634120556444078,0.0140808659906777,0.0211991090851407,0.0302789759236917
2010,1,1,1,1,8,0,0.00818952619681562,0.018994961970675,0.0267637192625495
2010,2,1,1,1,8,0,0.00938076188387183,0.01822641364365,0.0221621099365967
2010,3,1,1,1,8,0.00589330864160741,0.0129543675533591,0.0212612897063312,0.0265430191348095
2010,4,1,1,1,8,0.00634120556444078,0.0140808659906777,0.0211991090851407,0.0302789759236917
2011,1,1,1,1,-2,0,0.00830346461365398,0.0192592331681571,0.0271360748455461
2011,2,1,1,1,-2,0,0.0101610845981061,0.0197425468470332,0.0240056273388043
2011,3,1,1,1,-2,0,0.0131811502030401,0.0216334955739953,0.0270076883813112
2011,4,1,1,1,-2,0,0.0148488090607536,0.022355267301865,0.0319303324343628
2011,1,1,1,1,-1,0,0.00830346461365398,0.0192592331681571,0.0271360748455461
2011,2,1,1,1,-1,0,0.0101610845981061,0.0197425468470332,0.0240056273388043
2011,3,1,1,1,-1,0.00599647849097493,0.0131811502030401,0.0216334955739953,0.0270076883813112
2011,4,1,1,1,-1,0.00668704259409241,0.0148488090607536,0.022355267301865,0.0319303324343628
2011,1,1,1,1,0,0,0.00830346461365398,0.0192592331681571,0.0271360748455461
2011,2,1,1,1,0,0,0.0101610845981061,0.0197425468470332,0.0240056273388043
2011,3,1,1,1,0,0.00599647849097493,0.0131811502030401,0.0216334955739953,0.0270076883813112
2011,4,1,1,1,0,0.00668704259409241,0.0148488090607536,0.022355267301865,0.0319303324343628
2011,1,1,1,1,1,0,0.00830346461365398,0.0192592331681571,0.0271360748455461
2011,2,1,1,1,1,0,0.0101610845981061,0.0197425468470332,0.0240056273388043
2011,3,1,1,1,1,0.00599647849097493,0.0131811502030401,0.0216334955739953,0.0270076883813112
2011,4,1,1,1,1,0.00668704259409241,0.0148488090607536,0.022355267301865,0.0319303324343628
2011,1,1,1,1,2,0,0.00830346461365398,0.0192592331681571,0.0271360748455461
2011,2,1,1,1,2,0,0.0101610845981061,0.0197425468470332,0.0240056273388043
2011,3,1,1,1,2,0.00599647849097493,0.0131811502030401,0.0216334955739953,0.0270076883813112
2011,4,1,1,1,2,0.00668704259409241,0.0148488090607536,0.022355267301865,0.0319303324343628
2011,1,1,1,1,3,0,0.00830346461365398,0.0192592331681571,0.0271360748455461
2011,2,1,1,1,3,0,0.0101610845981061,0.0197425468470332,0.0240056273388043
2011,3,1,1,1,3,0.00599647849097493,0.0131811502030401,0.0216334955739953,0.0270076883813112
2011,4,1,1,1,3,0.00668704259409241,0.0148488090607536,0.022355267301865,0.0319303324343628
2011,1,1,1,1,4,0,0.00830346461365398,0.0192592331681571,0.0271360748455461
2011,2,1,1,1,4,0,0.0101610845981061,0.0197425468470332,0.0240056273388043
2011,3,1,1,1,4,0.00599647849097493,0.0131811502030401,0.0216334955739953,0.0270076883813112
2011,4,1,1,1,4,0.00668704259409241,0.0148488090607536,0.022355267301865,0.0319303324343628
2011,1,1,1,1,5,0,0.00830346461365398,0.0192592331681571,0.0271360748455461
2011,2,1,1,1,5,0,0.0101610845981061,0.0197425468470332,0.0240056273388043
2011,3,1,1,1,5,0.00599647849097493,0.0131811502030401,0.0216334955739953,0.0270076883813112
2011,4,1,1,1,5,0.00668704259409241,0.0148488090607536,0.022355267301865,0.0319303324343628
2011,1,1,1,1,6,0,0.00830346461365398,0.0192592331681571,0.0271360748455461
2011,2,1,1,1,6,0,0.0101610845981061,0.0197425468470332,0.0240056273388043
2011,3,1,1,1,6,0.00599647849097493,0.0131811502030401,0.0216334955739953,0.0270076883813112
2011,4,1,1,1,6,0.00668704259409241,0.0148488090607536,0.022355267301865,0.0319303324343628
2011,1,1,1,1,7,0,0.00830346461365398,0.0192592331681571,0.0271360748455461
2011,2,1,1,1,7,0,0.0101610845981061,0.0197425468470332,0.0240056273388043
2011,3,1,1,1,7,0.00599647849097493,0.0131811502030401,0.0216334955739953,0.0270076883813112
2011,4,1,1,1,7,0.00668704259409241,0.0148488090607536,0.022355267301865,0.0319303324343628
2011,1,1,1,1,8,0,0.00830346461365398,0.0192592331681571,0.0271360748455461
2011,2,1,1,1,8,0,0.0101610845981061,0.0197425468470332,0.0240056273388043
2011,3,1,1,1,8,0.00599647849097493,0.0131811502030401,0.0216334955739953,0.0270076883813112
2011,4,1,1,1,8,0.00668704259409241,0.0148488090607536,0.022355267301865,0.0319303324343628
2012,1,1,1,1,-2,0,0.00793652137415262,0.0184081371813789,0.0259368887618477
2012,2,1,1,1,-2,0,0.0112193907528613,0.0217987898235607,0.0265058823968275
2012,3,1,1,1,-2,0,0.01367258047948,0.022440053009919,0.0280146108093834
2012,4,1,1,1,-2,0,0.0140012005782089,0.0210791707397038,0.0301076663531232
2012,1,1,1,1,-1,0,0.00793652137415262,0.0184081371813789,0.0259368887618477
2012,2,1,1,1,-1,0,0.0112193907528613,0.0217987898235607,0.0265058823968275
2012,3,1,1,1,-1,0.00622004404004256,0.01367258047948,0.022440053009919,0.0280146108093834
2012,4,1,1,1,-1,0.00630532888205664,0.0140012005782089,0.0210791707397038,0.0301076663531232
2012,1,1,1,1,0,0,0.00793652137415262,0.0184081371813789,0.0259368887618477
2012,2,1,1,1,0,0,0.0112193907528613,0.0217987898235607,0.0265058823968275
2012,3,1,1,1,0,0.00622004404004256,0.01367258047948,0.022440053009919,0.0280146108093834
2012,4,1,1,1,0,0.00630532888205664,0.0140012005782089,0.0210791707397038,0.0301076663531232
2012,1,1,1,1,1,0,0.00793652137415262,0.0184081371813789,0.0259368887618477
2012,2,1,1,1,1,0,0.0112193907528613,0.0217987898235607,0.0265058823968275
2012,3,1,1,1,1,0.00622004404004256,0.01367258047948,0.022440053009919,0.0280146108093834
2012,4,1,1,1,1,0.00630532888205664,0.0140012005782089,0.0210791707397038,0.0301076663531232
2012,1,1,1,1,2,0,0.00793652137415262,0.0184081371813789,0.0259368887618477
2012,2,1,1,1,2,0,0.0112193907528613,0.0217987898235607,0.0265058823968275
2012,3,1,1,1,2,0.00622004404004256,0.01367258047948,0.022440053009919,0.0280146108093834
2012,4,1,1,1,2,0.00630532888205664,0.0140012005782089,0.0210791707397038,0.0301076663531232
2012,1,1,1,1,3,0,0.00793652137415262,0.0184081371813789,0.0259368887618477
2012,2,1,1,1,3,0,0.0112193907528613,0.0217987898235607,0.0265058823968275
2012,3,1,1,1,3,0.00622004404004256,0.01367258047948,0.022440053009919,0.0280146108093834
2012,4,1,1,1,3,0.00630532888205664,0.0140012005782089,0.0210791707397038,0.0301076663531232
2012,1,1,1,1,4,0,0.00793652137415262,0.0184081371813789,0.0259368887618477
2012,2,1,1,1,4,0,0.0112193907528613,0.0217987898235607,0.0265058823968275
2012,3,1,1,1,4,0.00622004404004256,0.01367258047948,0.022440053009919,0.0280146108093834
2012,4,1,1,1,4,0.00630532888205664,0.0140012005782089,0.0210791707397038,0.0301076663531232
2012,1,1,1,1,5,0,0.00793652137415262,0.0184081371813789,0.0259368887618477
2012,2,1,1,1,5,0,0.0112193907528613,0.0217987898235607,0.0265058823968275
2012,3,1,1,1,5,0.00622004404004256,0.01367258047948,0.022440053009919,0.0280146108093834
2012,4,1,1,1,5,0.00630532888205664,0.0140012005782089,0.0210791707397038,0.0301076663531232
2012,1,1,1,1,6,0,0.00793652137415262,0.0184081371813789,0.0259368887618477
2012,2,1,1,1,6,0,0.0112193907528613,0.0217987898235607,0.0265058823968275
2012,3,1,1,1,6,0.00622004404004256,0.01367258047948,0.022440053009919,0.0280146108093834
2012,4,1,1,1,6,0.00630532888205664,0.0140012005782089,0.0210791707397038,0.0301076663531232
2012,1,1,1,1,7,0,0.00793652137415262,0.0184081371813789,0.0259368887618477
2012,2,1,1,1,7,0,0.0112193907528613,0.0217987898235607,0.0265058823968275
2012,3,1,1,1,7,0.00622004404004256,0.01367258047948,0.022440053009919,0.0280146108093834
2012,4,1,1,1,7,0.00630532888205664,0.0140012005782089,0.0210791707397038,0.0301076663531232
2012,1,1,1,1,8,0,0.00793652137415262,0.0184081371813789,0.0259368887618477
2012,2,1,1,1,8,0,0.0112193907528613,0.0217987898235607,0.0265058823968275
2012,3,1,1,1,8,0.00622004404004256,0.01367258047948,0.022440053009919,0.0280146108093834
2012,4,1,1,1,8,0.00630532888205664,0.0140012005782089,0.0210791707397038,0.0301076663531232
2013,1,1,1,1,-2,0,0.00832588110705812,0.0193112264617243,0.0272093328975874
2013,2,1,1,1,-2,0,0.0113841779771508,0.0221189642561144,0.026895193267955
2013,3,1,1,1,-2,0,0.013754842052243,0.0225750643968515,0.0281831617240393
2013,4,1,1,1,-2,0,0.0139258571735034,0.0209657392890917,0.0299456506689603
2013,1,1,1,1,-1,0,0.00832588110705812,0.0193112264617243,0.0272093328975874
2013,2,1,1,1,-1,0,0.0113841779771508,0.0221189642561144,0.026895193267955
2013,3,1,1,1,-1,0.00625746715897441,0.013754842052243,0.0225750643968515,0.0281831617240393
2013,4,1,1,1,-1,0.00627139858135792,0.0139258571735034,0.0209657392890917,0.0299456506689603
2013,1,1,1,1,0,0,0.00832588110705812,0.0193112264617243,0.0272093328975874
2013,2,1,1,1,0,0,0.0113841779771508,0.0221189642561144,0.026895193267955
2013,3,1,1,1,0,0.00625746715897441,0.013754842052243,0.0225750643968515,0.0281831617240393
2013,4,1,1,1,0,0.00627139858135792,0.0139258571735034,0.0209657392890917,0.0299456506689603
2013,1,1,1,1,1,0,0.00832588110705812,0.0193112264617243,0.0272093328975874
2013,2,1,1,1,1,0,0.0113841779771508,0.0221189642561144,0.026895193267955
2013,3,1,1,1,1,0.00625746715897441,0.013754842052243,0.0225750643968515,0.0281831617240393
2013,4,1,1,1,1,0.00627139858135792,0.0139258571735034,0.0209657392890917,0.0299456506689603
2013,1,1,1,1,2,0,0.00832588110705812,0.0193112264617243,0.0272093328975874
2013,2,1,1,1,2,0,0.0113841779771508,0.0221189642561144,0.026895193267955
2013,3,1,1,1,2,0.00625746715897441,0.013754842052243,0.0225750643968515,0.0281831617240393
2013,4,1,1,1,2,0.00627139858135792,0.0139258571735034,0.0209657392890917,0.0299456506689603
2013,1,1,1,1,3,0,0.00832588110705812,0.0193112264617243,0.0272093328975874
2013,2,1,1,1,3,0,0.0113841779771508,0.0221189642561144,0.026895193267955
2013,3,1,1,1,3,0.00625746715897441,0.013754842052243,0.0225750643968515,0.0281831617240393
2013,4,1,1,1,3,0.00627139858135792,0.0139258571735034,0.0209657392890917,0.0299456506689603
2013,1,1,1,1,4,0,0.00832588110705812,0.0193112264617243,0.0272093328975874
2013,2,1,1,1,4,0,0.0113841779771508,0.0221189642561144,0.026895193267955
2013,3,1,1,1,4,0.00625746715897441,0.013754842052243,0.0225750643968515,0.0281831617240393
2013,4,1,1,1,4,0.00627139858135792,0.0139258571735034,0.0209657392890917,0.0299456506689603
2013,1,1,1,1,5,0,0.00832588110705812,0.0193112264617243,0.0272093328975874
2013,2,1,1,1,5,0,0.0113841779771508,0.0221189642561144,0.026895193267955
2013,3,1,1,1,5,0.00625746715897441,0.013754842052243,0.0225750643968515,0.0281831617240393
2013,4,1,1,1,5,0.00627139858135792,0.0139258571735034,0.0209657392890917,0.0299456506689603
2013,1,1,1,1,6,0,0.00832588110705812,0.0193112264617243,0.0272093328975874
2013,2,1,1,1,6,0,0.0113841779771508,0.0221189642561144,0.026895193267955
2013,3,1,1,1,6,0.00625746715897441,0.013754842052243,0.0225750643968515,0.0281831617240393
2013,4,1,1,1,6,0.00627139858135792,0.0139258571735034,0.0209657392890917,0.0299456506689603
2013,1,1,1,1,7,0,0.00832588110705812,0.0193112264617243,0.0272093328975874
2013,2,1,1,1,7,0,0.0113841779771508,0.0221189642561144,0.026895193267955
2013,3,1,1,1,7,0.00625746715897441,0.013754842052243,0.0225750643968515,0.0281831617240393
2013,4,1,1,1,7,0.00627139858135792,0.0139258571735034,0.0209657392890917,0.0299456506689603
2013,1,1,1,1,8,0,0.00832588110705812,0.0193112264617243,0.0272093328975874
2013,2,1,1,1,8,0,0.0113841779771508,0.0221189642561144,0.026895193267955
2013,3,1,1,1,8,0.00625746715897441,0.013754842052243,0.0225750643968515,0.0281831617240393
2013,4,1,1,1,8,0.00627139858135792,0.0139258571735034,0.0209657392890917,0.0299456506689603
2014,1,1,1,1,-2,0,0.00808744229790625,0.0187581863952631,0.0264301047473778
2014,2,1,1,1,-2,0,0.0104030343560428,0.0202126447371329,0.0245772351890947
2014,3,1,1,1,-2,0,0.0138082605934222,0.0226627373052373,0.028292614335665
2014,4,1,1,1,-2,0,0.0151142328998258,0.0227548697781626,0.0325010900879164
2014,1,1,1,1,-1,0,0.00808744229790625,0.0187581863952631,0.0264301047473778
2014,2,1,1,1,-1,0,0.0104030343560428,0.0202126447371329,0.0245772351890947
2014,3,1,1,1,-1,0.00628176876606231,0.0138082605934222,0.0226627373052373,0.028292614335665
2014,4,1,1,1,-1,0.00680657410063288,0.0151142328998258,0.0227548697781626,0.0325010900879164
2014,1,1,1,1,0,0,0.00808744229790625,0.0187581863952631,0.0264301047473778
2014,2,1,1,1,0,0,0.0104030343560428,0.0202126447371329,0.0245772351890947
2014,3,1,1,1,0,0.00628176876606231,0.0138082605934222,0.0226627373052373,0.028292614335665
2014,4,1,1,1,0,0.00680657410063288,0.0151142328998258,0.0227548697781626,0.0325010900879164
2014,1,1,1,1,1,0,0.00808744229790625,0.0187581863952631,0.0264301047473778
2014,2,1,1,1,1,0,0.0104030343560428,0.0202126447371329,0.0245772351890947
2014,3,1,1,1,1,0.00628176876606231,0.0138082605934222,0.0226627373052373,0.028292614335665
2014,4,1,1,1,1,0.00680657410063288,0.0151142328998258,0.0227548697781626,0.0325010900879164
2014,1,1,1,1,2,0,0.00808744229790625,0.0187581863952631,0.0264301047473778
2014,2,1,1,1,2,0,0.0104030343560428,0.0202126447371329,0.0245772351890947
2014,3,1,1,1,2,0.00628176876606231,0.0138082605934222,0.0226627373052373,0.028292614335665
2014,4,1,1,1,2,0.00680657410063288,0.0151142328998258,0.0227548697781626,0.0325010900879164
2014,1,1,1,1,3,0,0.00808744229790625,0.0187581863952631,0.0264301047473778
2014,2,1,1,1,3,0,0.0104030343560428,0.0202126447371329,0.0245772351890947
2014,3,1,1,1,3,0.00628176876606231,0.0138082605934222,0.0226627373052373,0.028292614335665
2014,4,1,1,1,3,0.00680657410063288,0.0151142328998258,0.0227548697781626,0.0325010900879164
2014,1,1,1,1,4,0,0.00808744229790625,0.0187581863952631,0.0264301047473778
2014,2,1,1,1,4,0,0.0104030343560428,0.0202126447371329,0.0245772351890947
2014,3,1,1,1,4,0.00628176876606231,0.0138082605934222,0.0226627373052373,0.028292614335665
2014,4,1,1,1,4,0.00680657410063288,0.0151142328998258,0.0227548697781626,0.0325010900879164
2014,1,1,1,1,5,0,0.00808744229790625,0.0187581863952631,0.0264301047473778
2014,2,1,1,1,5,0,0.0104030343560428,0.0202126447371329,0.0245772351890947
2014,3,1,1,1,5,0.00628176876606231,0.0138082605934222,0.0226627373052373,0.028292614335665
2014,4,1,1,1,5,0.00680657410063288,0.0151142328998258,0.0227548697781626,0.0325010900879164
2014,1,1,1,1,6,0,0.00808744229790625,0.0187581863952631,0.0264301047473778
2014,2,1,1,1,6,0,0.0104030343560428,0.0202126447371329,0.0245772351890947
2014,3,1,1,1,6,0.00628176876606231,0.0138082605934222,0.0226627373052373,0.028292614335665
2014,4,1,1,1,6,0.00680657410063288,0.0151142328998258,0.0227548697781626,0.0325010900879164
2014,1,1,1,1,7,0,0.00808744229790625,0.0187581863952631,0.0264301047473778
2014,2,1,1,1,7,0,0.0104030343560428,0.0202126447371329,0.0245772351890947
2014,3,1,1,1,7,0.00628176876606231,0.0138082605934222,0.0226627373052373,0.028292614335665
2014,4,1,1,1,7,0.00680657410063288,0.0151142328998258,0.0227548697781626,0.0325010900879164
2014,1,1,1,1,8,0,0.00808744229790625,0.0187581863952631,0.0264301047473778
2014,2,1,1,1,8,0,0.0104030343560428,0.0202126447371329,0.0245772351890947
2014,3,1,1,1,8,0.00628176876606231,0.0138082605934222,0.0226627373052373,0.028292614335665
2014,4,1,1,1,8,0.00680657410063288,0.0151142328998258,0.0227548697781626,0.0325010900879164
2015,1,1,1,1,-2,0,0.00856362521748209,0.0198626552291188,0.0279862907428637
2015,2,1,1,1,-2,0,0.00945741446364146,0.0183753462829206,0.0223432021464628
2015,3,1,1,1,-2,0,0.0124722728856339,0.0204700542906181,0.0255552250230929
2015,4,1,1,1,-2,0,0.0147581127483343,0.0222187216503497,0.0317353024225773
2015,1,1,1,1,-1,0,0.00856362521748209,0.0198626552291188,0.0279862907428637
2015,2,1,1,1,-1,0,0.00945741446364146,0.0183753462829206,0.0223432021464628
2015,3,1,1,1,-1,0.0056739901253097,0.0124722728856339,0.0204700542906181,0.0255552250230929
2015,4,1,1,1,-1,0.00664619823399637,0.0147581127483343,0.0222187216503497,0.0317353024225773
2015,1,1,1,1,0,0,0.00856362521748209,0.0198626552291188,0.0279862907428637
2015,2,1,1,1,0,0,0.00945741446364146,0.0183753462829206,0.0223432021464628
2015,3,1,1,1,0,0.0056739901253097,0.0124722728856339,0.0204700542906181,0.0255552250230929
2015,4,1,1,1,0,0.00664619823399637,0.0147581127483343,0.0222187216503497,0.0317353024225773
2015,1,1,1,1,1,0,0.00856362521748209,0.0198626552291188,0.0279862907428637
2015,2,1,1,1,1,0,0.00945741446364146,0.0183753462829206,0.0223432021464628
2015,3,1,1,1,1,0.0056739901253097,0.0124722728856339,0.0204700542906181,0.0255552250230929
2015,4,1,1,1,1,0.00664619823399637,0.0147581127483343,0.0222187216503497,0.0317353024225773
2015,1,1,1,1,2,0,0.00856362521748209,0.0198626552291188,0.0279862907428637
2015,2,1,1,1,2,0,0.00945741446364146,0.0183753462829206,0.0223432021464628
2015,3,1,1,1,2,0.0056739901253097,0.0124722728856339,0.0204700542906181,0.0255552250230929
2015,4,1,1,1,2,0.00664619823399637,0.0147581127483343,0.0222187216503497,0.0317353024225773
2015,1,1,1,1,3,0,0.00856362521748209,0.0198626552291188,0.0279862907428637
2015,2,1,1,1,3,0,0.00945741446364146,0.0183753462829206,0.0223432021464628
2015,3,1,1,1,3,0.0056739901253097,0.0124722728856339,0.0204700542906181,0.0255552250230929
2015,4,1,1,1,3,0.00664619823399637,0.0147581127483343,0.0222187216503497,0.0317353024225773
2015,1,1,1,1,4,0,0.00856362521748209,0.0198626552291188,0.0279862907428637
2015,2,1,1,1,4,0,0.00945741446364146,0.0183753462829206,0.0223432021464628
2015,3,1,1,1,4,0.0056739901253097,0.0124722728856339,0.0204700542906181,0.0255552250230929
2015,4,1,1,1,4,0.00664619823399637,0.0147581127483343,0.0222187216503497,0.0317353024225773
2015,1,1,1,1,5,0,0.00856362521748209,0.0198626552291188,0.0279862907428637
2015,2,1,1,1,5,0,0.00945741446364146,0.0183753462829206,0.0223432021464628
2015,3,1,1,1,5,0.0056739901253097,0.0124722728856339,0.0204700542906181,0.0255552250230929
2015,4,1,1,1,5,0.00664619823399637,0.0147581127483343,0.0222187216503497,0.0317353024225773
2015,1,1,1,1,6,0,0.00856362521748209,0.0198626552291188,0.0279862907428637
2015,2,1,1,1,6,0,0.00945741446364146,0.0183753462829206,0.0223432021464628
2015,3,1,1,1,6,0.0056739901253097,0.0124722728856339,0.0204700542906181,0.0255552250230929
2015,4,1,1,1,6,0.00664619823399637,0.0147581127483343,0.0222187216503497,0.0317353024225773
2015,1,1,1,1,7,0,0.00856362521748209,0.0198626552291188,0.0279862907428637
2015,2,1,1,1,7,0,0.00945741446364146,0.0183753462829206,0.0223432021464628
2015,3,1,1,1,7,0.0056739901253097,0.0124722728856339,0.0204700542906181,0.0255552250230929
2015,4,1,1,1,7,0.00664619823399637,0.0147581127483343,0.0222187216503497,0.0317353024225773
2015,1,1,1,1,8,0,0.00856362521748209,0.0198626552291188,0.0279862907428637
2015,2,1,1,1,8,0,0.00945741446364146,0.0183753462829206,0.0223432021464628
2015,3,1,1,1,8,0.0056739901253097,0.0124722728856339,0.0204700542906181,0.0255552250230929
2015,4,1,1,1,8,0.00664619823399637,0.0147581127483343,0.0222187216503497,0.0317353024225773
2016,1,1,1,1,-2,0,0.0081306742297272,0.018858459461265,0.0265713885357957
2016,2,1,1,1,-2,0,0.00915001405905824,0.0177780806239562,0.0216169667249412
2016,3,1,1,1,-2,0,0.0125093465551269,0.0205309012616739,0.0256311875982396
2016,4,1,1,1,-2,0,0.0141598535395695,0.0213180268893747,0.0304488278413756
2016,1,1,1,1,-1,0,0.0081306742297272,0.018858459461265,0.0265713885357957
2016,2,1,1,1,-1,0,0.00915001405905824,0.0177780806239562,0.0216169667249412
2016,3,1,1,1,-1,0.00569085598741366,0.0125093465551269,0.0205309012616739,0.0256311875982396
2016,4,1,1,1,-1,0.00637677697637566,0.0141598535395695,0.0213180268893747,0.0304488278413756
2016,1,1,1,1,0,0,0.0081306742297272,0.018858459461265,0.0265713885357957
2016,2,1,1,1,0,0,0.00915001405905824,0.0177780806239562,0.0216169667249412
2016,3,1,1,1,0,0.00569085598741366,0.0125093465551269,0.0205309012616739,0.0256311875982396
2016,4,1,1,1,0,0.00637677697637566,0.0141598535395695,0.0213180268893747,0.0304488278413756
2016,1,1,1,1,1,0,0.0081306742297272,0.018858459461265,0.0265713885357957
2016,2,1,1,1,1,0,0.00915001405905824,0.0177780806239562,0.0216169667249412
2016,3,1,1,1,1,0.00569085598741366,0.0125093465551269,0.0205309012616739,0.0256311875982396
2016,4,1,1,1,1,0.00637677697637566,0.0141598535395695,0.0213180268893747,0.0304488278413756
2016,1,1,1,1,2,0,0.0081306742297272,0.018858459461265,0.0265713885357957
2016,2,1,1,1,2,0,0.00915001405905824,0.0177780806239562,0.0216169667249412
2016,3,1,1,1,2,0.00569085598741366,0.0125093465551269,0.0205309012616739,0.0256311875982396
2016,4,1,1,1,2,0.00637677697637566,0.0141598535395695,0.0213180268893747,0.0304488278413756
2016,1,1,1,1,3,0,0.0081306742297272,0.018858459461265,0.0265713885357957
2016,2,1,1,1,3,0,0.00915001405905824,0.0177780806239562,0.0216169667249412
2016,3,1,1,1,3,0.00569085598741366,0.0125093465551269,0.0205309012616739,0.0256311875982396
2016,4,1,1,1,3,0.00637677697637566,0.0141598535395695,0.0213180268893747,0.0304488278413756
2016,1,1,1,1,4,0,0.0081306742297272,0.018858459461265,0.0265713885357957
2016,2,1,1,1,4,0,0.00915001405905824,0.0177780806239562,0.0216169667249412
2016,3,1,1,1,4,0.00569085598741366,0.0125093465551269,0.0205309012616739,0.0256311875982396
2016,4,1,1,1,4,0.00637677697637566,0.0141598535395695,0.0213180268893747,0.0304488278413756
2016,1,1,1,1,5,0,0.0081306742297272,0.018858459461265,0.0265713885357957
2016,2,1,1,1,5,0,0.00915001405905824,0.0177780806239562,0.0216169667249412
2016,3,1,1,1,5,0.00569085598741366,0.0125093465551269,0.0205309012616739,0.0256311875982396
2016,4,1,1,1,5,0.00637677697637566,0.0141598535395695,0.0213180268893747,0.0304488278413756
2016,1,1,1,1,6,0,0.0081306742297272,0.018858459461265,0.0265713885357957
2016,2,1,1,1,6,0,0.00915001405905824,0.0177780806239562,0.0216169667249412
2016,3,1,1,1,6,0.00569085598741366,0.0125093465551269,0.0205309012616739,0.0256311875982396
2016,4,1,1,1,6,0.00637677697637566,0.0141598535395695,0.0213180268893747,0.0304488278413756
2016,1,1,1,1,7,0,0.0081306742297272,0.018858459461265,0.0265713885357957
2016,2,1,1,1,7,0,0.00915001405905824,0.0177780806239562,0.0216169667249412
2016,3,1,1,1,7,0.00569085598741366,0.0125093465551269,0.0205309012616739,0.0256311875982396
2016,4,1,1,1,7,0.00637677697637566,0.0141598535395695,0.0213180268893747,0.0304488278413756
2016,1,1,1,1,8,0,0.0081306742297272,0.018858459461265,0.0265713885357957
2016,2,1,1,1,8,0,0.00915001405905824,0.0177780806239562,0.0216169667249412
2016,3,1,1,1,8,0.00569085598741366,0.0125093465551269,0.0205309012616739,0.0256311875982396
2016,4,1,1,1,8,0.00637677697637566,0.0141598535395695,0.0213180268893747,0.0304488278413756
2017,1,1,1,1,-2,0,0.00844710913886277,0.0195924053478489,0.0276055112517433
2017,2,1,1,1,-2,0,0.00950272636387044,0.0184633853405981,0.0224502518005039
2017,3,1,1,1,-2,0,0.0127314449669841,0.0208954191478898,0.0260862590149997
2017,4,1,1,1,-2,0,0.0139177072785058,0.0209534694107191,0.0299281254347469
2017,1,1,1,1,-1,0,0.00844710913886277,0.0195924053478489,0.0276055112517433
2017,2,1,1,1,-1,0,0.00950272636387044,0.0184633853405981,0.0224502518005039
2017,3,1,1,1,-1,0.00579189484434699,0.0127314449669841,0.0208954191478898,0.0260862590149997
2017,4,1,1,1,-1,0.00626772834122193,0.0139177072785058,0.0209534694107191,0.0299281254347469
2017,1,1,1,1,0,0,0.00844710913886277,0.0195924053478489,0.0276055112517433
2017,2,1,1,1,0,0,0.00950272636387044,0.0184633853405981,0.0224502518005039
2017,3,1,1,1,0,0.00579189484434699,0.0127314449669841,0.0208954191478898,0.0260862590149997
2017,4,1,1,1,0,0.00626772834122193,0.0139177072785058,0.0209534694107191,0.0299281254347469
2017,1,1,1,1,1,0,0.00844710913886277,0.0195924053478489,0.0276055112517433
2017,2,1,1,1,1,0,0.00950272636387044,0.0184633853405981,0.0224502518005039
2017,3,1,1,1,1,0.00579189484434699,0.0127314449669841,0.0208954191478898,0.0260862590149997
2017,4,1,1,1,1,0.00626772834122193,0.0139177072785058,0.0209534694107191,0.0299281254347469
2017,1,1,1,1,2,0,0.00844710913886277,0.0195924053478489,0.0276055112517433
2017,2,1,1,1,2,0,0.00950272636387044,0.0184633853405981,0.0224502518005039
2017,3,1,1,1,2,0.00579189484434699,0.0127314449669841,0.0208954191478898,0.0260862590149997
2017,4,1,1,1,2,0.00626772834122193,0.0139177072785058,0.0209534694107191,0.0299281254347469
2017,1,1,1,1,3,0,0.00844710913886277,0.0195924053478489,0.0276055112517433
2017,2,1,1,1,3,0,0.00950272636387044,0.0184633853405981,0.0224502518005039
2017,3,1,1,1,3,0.00579189484434699,0.0127314449669841,0.0208954191478898,0.0260862590149997
2017,4,1,1,1,3,0.00626772834122193,0.0139177072785058,0.0209534694107191,0.0299281254347469
2017,1,1,1,1,4,0,0.00844710913886277,0.0195924053478489,0.0276055112517433
2017,2,1,1,1,4,0,0.00950272636387044,0.0184633853405981,0.0224502518005039
2017,3,1,1,1,4,0.00579189484434699,0.0127314449669841,0.0208954191478898,0.0260862590149997
2017,4,1,1,1,4,0.00626772834122193,0.0139177072785058,0.0209534694107191,0.0299281254347469
2017,1,1,1,1,5,0,0.00844710913886277,0.0195924053478489,0.0276055112517433
2017,2,1,1,1,5,0,0.00950272636387044,0.0184633853405981,0.0224502518005039
2017,3,1,1,1,5,0.00579189484434699,0.0127314449669841,0.0208954191478898,0.0260862590149997
2017,4,1,1,1,5,0.00626772834122193,0.0139177072785058,0.0209534694107191,0.0299281254347469
2017,1,1,1,1,6,0,0.00844710913886277,0.0195924053478489,0.0276055112517433
2017,2,1,1,1,6,0,0.00950272636387044,0.0184633853405981,0.0224502518005039
2017,3,1,1,1,6,0.00579189484434699,0.0127314449669841,0.0208954191478898,0.0260862590149997
2017,4,1,1,1,6,0.00626772834122193,0.0139177072785058,0.0209534694107191,0.0299281254347469
2017,1,1,1,1,7,0,0.00844710913886277,0.0195924053478489,0.0276055112517433
2017,2,1,1,1,7,0,0.00950272636387044,0.0184633853405981,0.0224502518005039
2017,3,1,1,1,7,0.00579189484434699,0.0127314449669841,0.0208954191478898,0.0260862590149997
2017,4,1,1,1,7,0.00626772834122193,0.0139177072785058,0.0209534694107191,0.0299281254347469
2017,1,1,1,1,8,0,0.00844710913886277,0.0195924053478489,0.0276055112517433
2017,2,1,1,1,8,0,0.00950272636387044,0.0184633853405981,0.0224502518005039
2017,3,1,1,1,8,0.00579189484434699,0.0127314449669841,0.0208954191478898,0.0260862590149997
2017,4,1,1,1,8,0.00626772834122193,0.0139177072785058,0.0209534694107191,0.0299281254347469
2018,1,1,1,1,-2,0,0.00780732085647767,0.0181084667412524,0.0255146559854298
2018,2,1,1,1,-2,0,0.0102106668109122,0.0198388829369114,0.0241227656336156
2018,3,1,1,1,-2,0,0.0139175817452476,0.0228421600883578,0.028516609325215
2018,4,1,1,1,-2,0,0.0162092483531998,0.0244034439540236,0.034855771012423
2018,1,1,1,1,-1,0,0.00780732085647767,0.0181084667412524,0.0255146559854298
2018,2,1,1,1,-1,0,0.0102106668109122,0.0198388829369114,0.0241227656336156
2018,3,1,1,1,-1,0.0063315020537824,0.0139175817452476,0.0228421600883578,0.028516609325215
2018,4,1,1,1,-1,0.007299705566459,0.0162092483531998,0.0244034439540236,0.034855771012423
2018,1,1,1,1,0,0,0.00780732085647767,0.0181084667412524,0.0255146559854298
2018,2,1,1,1,0,0,0.0102106668109122,0.0198388829369114,0.0241227656336156
2018,3,1,1,1,0,0.0063315020537824,0.0139175817452476,0.0228421600883578,0.028516609325215
2018,4,1,1,1,0,0.007299705566459,0.0162092483531998,0.0244034439540236,0.034855771012423
2018,1,1,1,1,1,0,0.00780732085647767,0.0181084667412524,0.0255146559854298
2018,2,1,1,1,1,0,0.0102106668109122,0.0198388829369114,0.0241227656336156
2018,3,1,1,1,1,0.0063315020537824,0.0139175817452476,0.0228421600883578,0.028516609325215
2018,4,1,1,1,1,0.007299705566459,0.0162092483531998,0.0244034439540236,0.034855771012423
2018,1,1,1,1,2,0,0.00780732085647767,0.0181084667412524,0.0255146559854298
2018,2,1,1,1,2,0,0.0102106668109122,0.0198388829369114,0.0241227656336156
2018,3,1,1,1,2,0.0063315020537824,0.0139175817452476,0.0228421600883578,0.028516609325215
2018,4,1,1,1,2,0.007299705566459,0.0162092483531998,0.0244034439540236,0.034855771012423
2018,1,1,1,1,3,0,0.00780732085647767,0.0181084667412524,0.0255146559854298
2018,2,1,1,1,3,0,0.0102106668109122,0.0198388829369114,0.0241227656336156
2018,3,1,1,1,3,0.0063315020537824,0.0139175817452476,0.0228421600883578,0.028516609325215
2018,4,1,1,1,3,0.007299705566459,0.0162092483531998,0.0244034439540236,0.034855771012423
2018,1,1,1,1,4,0,0.00780732085647767,0.0181084667412524,0.0255146559854298
2018,2,1,1,1,4,0,0.0102106668109122,0.0198388829369114,0.0241227656336156
2018,3,1,1,1,4,0.0063315020537824,0.0139175817452476,0.0228421600883578,0.028516609325215
2018,4,1,1,1,4,0.007299705566459,0.0162092483531998,0.0244034439540236,0.034855771012423
2018,1,1,1,1,5,0,0.00780732085647767,0.0181084667412524,0.0255146559854298
2018,2,1,1,1,5,0,0.0102106668109122,0.0198388829369114,0.0241227656336156
2018,3,1,1,1,5,0.0063315020537824,0.0139175817452476,0.0228421600883578,0.028516609325215
2018,4,1,1,1,5,0.007299705566459,0.0162092483531998,0.0244034439540236,0.034855771012423
2018,1,1,1,1,6,0,0.00780732085647767,0.0181084667412524,0.0255146559854298
2018,2,1,1,1,6,0,0.0102106668109122,0.0198388829369114,0.0241227656336156
2018,3,1,1,1,6,0.0063315020537824,0.0139175817452476,0.0228421600883578,0.028516609325215
2018,4,1,1,1,6,0.007299705566459,0.0162092483531998,0.0244034439540236,0.034855771012423
2018,1,1,1,1,7,0,0.00780732085647767,0.0181084667412524,0.0255146559854298
2018,2,1,1,1,7,0,0.0102106668109122,0.0198388829369114,0.0241227656336156
2018,3,1,1,1,7,0.0063315020537824,0.0139175817452476,0.0228421600883578,0.028516609325215
2018,4,1,1,1,7,0.007299705566459,0.0162092483531998,0.0244034439540236,0.034855771012423
2018,1,1,1,1,8,0,0.00780732085647767,0.0181084667412524,0.0255146559854298
2018,2,1,1,1,8,0,0.0102106668109122,0.0198388829369114,0.0241227656336156
2018,3,1,1,1,8,0.0063315020537824,0.0139175817452476,0.0228421600883578,0.028516609325215
2018,4,1,1,1,8,0.007299705566459,0.0162092483531998,0.0244034439540236,0.034855771012423
2019,1,1,1,1,-2,0,0.00823359139366487,0.0190971677293802,0.0269077261964526
2019,2,1,1,1,-2,0,0.0100293323128422,0.0194865578687984,0.0236943617223689
2019,3,1,1,1,-2,0,0.0132548033221509,0.0217543783802565,0.027158600893392
2019,4,1,1,1,-2,0,0.0147426312841482,0.022195413904342,0.0317020116518488
2019,1,1,1,1,-1,0,0.00823359139366487,0.0190971677293802,0.0269077261964526
2019,2,1,1,1,-1,0,0.0100293323128422,0.0194865578687984,0.0236943617223689
2019,3,1,1,1,-1,0.00602998538056634,0.0132548033221509,0.0217543783802565,0.027158600893392
2019,4,1,1,1,-1,0.00663922628021826,0.0147426312841482,0.022195413904342,0.0317020116518488
2019,1,1,1,1,0,0,0.00823359139366487,0.0190971677293802,0.0269077261964526
2019,2,1,1,1,0,0,0.0100293323128422,0.0194865578687984,0.0236943617223689
2019,3,1,1,1,0,0.00602998538056634,0.0132548033221509,0.0217543783802565,0.027158600893392
2019,4,1,1,1,0,0.00663922628021826,0.0147426312841482,0.022195413904342,0.0317020116518488
2019,1,1,1,1,1,0,0.00823359139366487,0.0190971677293802,0.0269077261964526
2019,2,1,1,1,1,0,0.0100293323128422,0.0194865578687984,0.0236943617223689
2019,3,1,1,1,1,0.00602998538056634,0.0132548033221509,0.0217543783802565,0.027158600893392
2019,4,1,1,1,1,0.00663922628021826,0.0147426312841482,0.022195413904342,0.0317020116518488
2019,1,1,1,1,2,0,0.00823359139366487,0.0190971677293802,0.0269077261964526
2019,2,1,1,1,2,0,0.0100293323128422,0.0194865578687984,0.0236943617223689
2019,3,1,1,1,2,0.00602998538056634,0.0132548033221509,0.0217543783802565,0.027158600893392
2019,4,1,1,1,2,0.00663922628021826,0.0147426312841482,0.022195413904342,0.0317020116518488
2019,1,1,1,1,3,0,0.00823359139366487,0.0190971677293802,0.0269077261964526
2019,2,1,1,1,3,0,0.0100293323128422,0.0194865578687984,0.0236943617223689
2019,3,1,1,1,3,0.00602998538056634,0.0132548033221509,0.0217543783802565,0.027158600893392
2019,4,1,1,1,3,0.00663922628021826,0.0147426312841482,0.022195413904342,0.0317020116518488
2019,1,1,1,1,4,0,0.00823359139366487,0.0190971677293802,0.0269077261964526
2019,2,1,1,1,4,0,0.0100293323128422,0.0194865578687984,0.0236943617223689
2019,3,1,1,1,4,0.00602998538056634,0.0132548033221509,0.0217543783802565,0.027158600893392
2019,4,1,1,1,4,0.00663922628021826,0.0147426312841482,0.022195413904342,0.0317020116518488
2019,1,1,1,1,5,0,0.00823359139366487,0.0190971677293802,0.0269077261964526
2019,2,1,1,1,5,0,0.0100293323128422,0.0194865578687984,0.0236943617223689
2019,3,1,1,1,5,0.00602998538056634,0.0132548033221509,0.0217543783802565,0.027158600893392
2019,4,1,1,1,5,0.00663922628021826,0.0147426312841482,0.022195413904342,0.0317020116518488
2019,1,1,1,1,6,0,0.00823359139366487,0.0190971677293802,0.0269077261964526
2019,2,1,1,1,6,0,0.0100293323128422,0.0194865578687984,0.0236943617223689
2019,3,1,1,1,6,0.00602998538056634,0.0132548033221509,0.0217543783802565,0.027158600893392
2019,4,1,1,1,6,0.00663922628021826,0.0147426312841482,0.022195413904342,0.0317020116518488
2019,1,1,1,1,7,0,0.00823359139366487,0.0190971677293802,0.0269077261964526
2019,2,1,1,1,7,0,0.0100293323128422,0.0194865578687984,0.0236943617223689
2019,3,1,1,1,7,0.00602998538056634,0.0132548033221509,0.0217543783802565,0.027158600893392
2019,4,1,1,1,7,0.00663922628021826,0.0147426312841482,0.022195413904342,0.0317020116518488
2019,1,1,1,1,8,0,0.00823359139366487,0.0190971677293802,0.0269077261964526
2019,2,1,1,1,8,0,0.0100293323128422,0.0194865578687984,0.0236943617223689
2019,3,1,1,1,8,0.00602998538056634,0.0132548033221509,0.0217543783802565,0.027158600893392
2019,4,1,1,1,8,0.00663922628021826,0.0147426312841482,0.022195413904342,0.0317020116518488
2020,1,1,1,1,-2,0,0.00795192350066344,0.0184438612025627,0.0259872235651166
2020,2,1,1,1,-2,0,0.0104443005839871,0.0202928232289587,0.024674726916493
2020,3,1,1,1,-2,0,0.013723415815608,0.0225234862461835,0.0281187705295715
2020,4,1,1,1,-2,0,0.0156745000037305,0.0235983664395437,0.0337058678452786
2020,1,1,1,1,-1,0,0.00795192350066344,0.0184438612025627,0.0259872235651166
2020,2,1,1,1,-1,0,0.0104443005839871,0.0202928232289587,0.024674726916493
2020,3,1,1,1,-1,0.00624317047400149,0.013723415815608,0.0225234862461835,0.0281187705295715
2020,4,1,1,1,-1,0.00705888591719342,0.0156745000037305,0.0235983664395437,0.0337058678452786
2020,1,1,1,1,0,0,0.00795192350066344,0.0184438612025627,0.0259872235651166
2020,2,1,1,1,0,0,0.0104443005839871,0.0202928232289587,0.024674726916493
2020,3,1,1,1,0,0.00624317047400149,0.013723415815608,0.0225234862461835,0.0281187705295715
2020,4,1,1,1,0,0.00705888591719342,0.0156745000037305,0.0235983664395437,0.0337058678452786
2020,1,1,1,1,1,0,0.00795192350066344,0.0184438612025627,0.0259872235651166
2020,2,1,1,1,1,0,0.0104443005839871,0.0202928232289587,0.024674726916493
2020,3,1,1,1,1,0.00624317047400149,0.013723415815608,0.0225234862461835,0.0281187705295715
2020,4,1,1,1,1,0.00705888591719342,0.0156745000037305,0.0235983664395437,0.0337058678452786
2020,1,1,1,1,2,0,0.00795192350066344,0.0184438612025627,0.0259872235651166
2020,2,1,1,1,2,0,0.0104443005839871,0.0202928232289587,0.024674726916493
2020,3,1,1,1,2,0.00624317047400149,0.013723415815608,0.0225234862461835,0.0281187705295715
2020,4,1,1,1,2,0.00705888591719342,0.0156745000037305,0.0235983664395437,0.0337058678452786
2020,1,1,1,1,3,0,0.00795192350066344,0.0184438612025627,0.0259872235651166
2020,2,1,1,1,3,0,0.0104443005839871,0.0202928232289587,0.024674726916493
2020,3,1,1,1,3,0.00624317047400149,0.013723415815608,0.0225234862461835,0.0281187705295715
2020,4,1,1,1,3,0.00705888591719342,0.0156745000037305,0.0235983664395437,0.0337058678452786
2020,1,1,1,1,4,0,0.00795192350066344,0.0184438612025627,0.0259872235651166
2020,2,1,1,1,4,0,0.0104443005839871,0.0202928232289587,0.024674726916493
2020,3,1,1,1,4,0.00624317047400149,0.013723415815608,0.0225234862461835,0.0281187705295715
2020,4,1,1,1,4,0.00705888591719342,0.0156745000037305,0.0235983664395437,0.0337058678452786
2020,1,1,1,1,5,0,0.00795192350066344,0.0184438612025627,0.0259872235651166
2020,2,1,1,1,5,0,0.0104443005839871,0.0202928232289587,0.024674726916493
2020,3,1,1,1,5,0.00624317047400149,0.013723415815608,0.0225234862461835,0.0281187705295715
2020,4,1,1,1,5,0.00705888591719342,0.0156745000037305,0.0235983664395437,0.0337058678452786
2020,1,1,1,1,6,0,0.00795192350066344,0.0184438612025627,0.0259872235651166
2020,2,1,1,1,6,0,0.0104443005839871,0.0202928232289587,0.024674726916493
2020,3,1,1,1,6,0.00624317047400149,0.013723415815608,0.0225234862461835,0.0281187705295715
2020,4,1,1,1,6,0.00705888591719342,0.0156745000037305,0.0235983664395437,0.0337058678452786
2020,1,1,1,1,7,0,0.00795192350066344,0.0184438612025627,0.0259872235651166
2020,2,1,1,1,7,0,0.0104443005839871,0.0202928232289587,0.024674726916493
2020,3,1,1,1,7,0.00624317047400149,0.013723415815608,0.0225234862461835,0.0281187705295715
2020,4,1,1,1,7,0.00705888591719342,0.0156745000037305,0.0235983664395437,0.0337058678452786
2020,1,1,1,1,8,0,0.00795192350066344,0.0184438612025627,0.0259872235651166
2020,2,1,1,1,8,0,0.0104443005839871,0.0202928232289587,0.024674726916493
2020,3,1,1,1,8,0.00624317047400149,0.013723415815608,0.0225234862461835,0.0281187705295715
2020,4,1,1,1,8,0.00705888591719342,0.0156745000037305,0.0235983664395437,0.0337058678452786
2021,1,1,1,1,-2,0,0.00826882477006293,0.0191788887751032,0.027022870366204
2021,2,1,1,1,-2,0,0.0110980391116427,0.021563008845793,0.0262191883684568
2021,3,1,1,1,-2,0,0.0131238398785204,0.0215394352960421,0.0268902616498183
2021,4,1,1,1,-2,0,0.0152871875253734,0.0230152574543318,0.0328730053484064
2021,1,1,1,1,-1,0,0.00826882477006293,0.0191788887751032,0.027022870366204
2021,2,1,1,1,-1,0,0.0110980391116427,0.021563008845793,0.0262191883684568
2021,3,1,1,1,-1,0.00597040640143802,0.0131238398785204,0.0215394352960421,0.0268902616498183
2021,4,1,1,1,-1,0.00688446283522097,0.0152871875253734,0.0230152574543318,0.0328730053484064
2021,1,1,1,1,0,0,0.00826882477006293,0.0191788887751032,0.027022870366204
2021,2,1,1,1,0,0,0.0110980391116427,0.021563008845793,0.0262191883684568
2021,3,1,1,1,0,0.00597040640143802,0.0131238398785204,0.0215394352960421,0.0268902616498183
2021,4,1,1,1,0,0.00688446283522097,0.0152871875253734,0.0230152574543318,0.0328730053484064
2021,1,1,1,1,1,0,0.00826882477006293,0.0191788887751032,0.027022870366204
2021,2,1,1,1,1,0,0.0110980391116427,0.021563008845793,0.0262191883684568
2021,3,1,1,1,1,0.00597040640143802,0.0131238398785204,0.0215394352960421,0.0268902616498183
2021,4,1,1,1,1,0.00688446283522097,0.0152871875253734,0.0230152574543318,0.0328730053484064
2021,1,1,1,1,2,0,0.00826882477006293,0.0191788887751032,0.027022870366204
2021,2,1,1,1,2,0,0.0110980391116427,0.021563008845793,0.0262191883684568
2021,3,1,1,1,2,0.00597040640143802,0.0131238398785204,0.0215394352960421,0.0268902616498183
2021,4,1,1,1,2,0.00688446283522097,0.0152871875253734,0.0230152574543318,0.0328730053484064
2021,1,1,1,1,3,0,0.00826882477006293,0.0191788887751032,0.027022870366204
2021,2,1,1,1,3,0,0.0110980391116427,0.021563008845793,0.0262191883684568
2021,3,1,1,1,3,0.00597040640143802,0.0131238398785204,0.0215394352960421,0.0268902616498183
2021,4,1,1,1,3,0.00688446283522097,0.0152871875253734,0.0230152574543318,0.0328730053484064
2021,1,1,1,1,4,0,0.00826882477006293,0.0191788887751032,0.027022870366204
2021,2,1,1,1,4,0,0.0110980391116427,0.021563008845793,0.0262191883684568
2021,3,1,1,1,4,0.00597040640143802,0.0131238398785204,0.0215394352960421,0.0268902616498183
2021,4,1,1,1,4,0.00688446283522097,0.0152871875253734,0.0230152574543318,0.0328730053484064
2021,1,1,1,1,5,0,0.00826882477006293,0.0191788887751032,0.027022870366204
2021,2,1,1,1,5,0,0.0110980391116427,0.021563008845793,0.0262191883684568
2021,3,1,1,1,5,0.00597040640143802,0.0131238398785204,0.0215394352960421,0.0268902616498183
2021,4,1,1,1,5,0.00688446283522097,0.0152871875253734,0.0230152574543318,0.0328730053484064
2021,1,1,1,1,6,0,0.00826882477006293,0.0191788887751032,0.027022870366204
2021,2,1,1,1,6,0,0.0110980391116427,0.021563008845793,0.0262191883684568
2021,3,1,1,1,6,0.00597040640143802,0.0131238398785204,0.0215394352960421,0.0268902616498183
2021,4,1,1,1,6,0.00688446283522097,0.0152871875253734,0.0230152574543318,0.0328730053484064
2021,1,1,1,1,7,0,0.00826882477006293,0.0191788887751032,0.027022870366204
2021,2,1,1,1,7,0,0.0110980391116427,0.021563008845793,0.0262191883684568
2021,3,1,1,1,7,0.00597040640143802,0.0131238398785204,0.0215394352960421,0.0268902616498183
2021,4,1,1,1,7,0.00688446283522097,0.0152871875253734,0.0230152574543318,0.0328730053484064
2021,1,1,1,1,8,0,0.00826882477006293,0.0191788887751032,0.027022870366204
2021,2,1,1,1,8,0,0.0110980391116427,0.021563008845793,0.0262191883684568
2021,3,1,1,1,8,0.00597040640143802,0.0131238398785204,0.0215394352960421,0.0268902616498183
2021,4,1,1,1,8,0.00688446283522097,0.0152871875253734,0.0230152574543318,0.0328730053484064
2022,1,1,1,1,-2,0,0.00858521008277481,0.0199127196266828,0.0280568309989336
2022,2,1,1,1,-2,0,0.0107964631975824,0.0209770599193976,0.0255067133430406
2022,3,1,1,1,-2,0,0.0135702212891793,0.0222720565106592,0.0278048806210446
2022,4,1,1,1,-2,0,0.0132760911108146,0.0199874996231591,0.0285484176449963
2022,1,1,1,1,-1,0,0.00858521008277481,0.0199127196266828,0.0280568309989336
2022,2,1,1,1,-1,0,0.0107964631975824,0.0209770599193976,0.0255067133430406
2022,3,1,1,1,-1,0.00617347794576876,0.0135702212891793,0.0222720565106592,0.0278048806210446
2022,4,1,1,1,-1,0.00597878162335016,0.0132760911108146,0.0199874996231591,0.0285484176449963
2022,1,1,1,1,0,0,0.00858521008277481,0.0199127196266828,0.0280568309989336
2022,2,1,1,1,0,0,0.0107964631975824,0.0209770599193976,0.0255067133430406
2022,3,1,1,1,0,0.00617347794576876,0.0135702212891793,0.0222720565106592,0.0278048806210446
2022,4,1,1,1,0,0.00597878162335016,0.0132760911108146,0.0199874996231591,0.0285484176449963
2022,1,1,1,1,1,0,0.00858521008277481,0.0199127196266828,0.0280568309989336
2022,2,1,1,1,1,0,0.0107964631975824,0.0209770599193976,0.0255067133430406
2022,3,1,1,1,1,0.00617347794576876,0.0135702212891793,0.0222720565106592,0.0278048806210446
2022,4,1,1,1,1,0.00597878162335016,0.0132760911108146,0.0199874996231591,0.0285484176449963
2022,1,1,1,1,2,0,0.00858521008277481,0.0199127196266828,0.0280568309989336
2022,2,1,1,1,2,0,0.0107964631975824,0.0209770599193976,0.0255067133430406
2022,3,1,1,1,2,0.00617347794576876,0.0135702212891793,0.0222720565106592,0.0278048806210446
2022,4,1,1,1,2,0.00597878162335016,0.0132760911108146,0.0199874996231591,0.0285484176449963
2022,1,1,1,1,3,0,0.00858521008277481,0.0199127196266828,0.0280568309989336
2022,2,1,1,1,3,0,0.0107964631975824,0.0209770599193976,0.0255067133430406
2022,3,1,1,1,3,0.00617347794576876,0.0135702212891793,0.0222720565106592,0.0278048806210446
2022,4,1,1,1,3,0.00597878162335016,0.0132760911108146,0.0199874996231591,0.0285484176449963
2022,1,1,1,1,4,0,0.00858521008277481,0.0199127196266828,0.0280568309989336
2022,2,1,1,1,4,0,0.0107964631975824,0.0209770599193976,0.0255067133430406
2022,3,1,1,1,4,0.00617347794576876,0.0135702212891793,0.0222720565106592,0.0278048806210446
2022,4,1,1,1,4,0.00597878162335016,0.0132760911108146,0.0199874996231591,0.0285484176449963
2022,1,1,1,1,5,0,0.00858521008277481,0.0199127196266828,0.0280568309989336
2022,2,1,1,1,5,0,0.0107964631975824,0.0209770599193976,0.0255067133430406
2022,3,1,1,1,5,0.00617347794576876,0.0135702212891793,0.0222720565106592,0.0278048806210446
2022,4,1,1,1,5,0.00597878162335016,0.0132760911108146,0.0199874996231591,0.0285484176449963
2022,1,1,1,1,6,0,0.00858521008277481,0.0199127196266828,0.0280568309989336
2022,2,1,1,1,6,0,0.0107964631975824,0.0209770599193976,0.0255067133430406
2022,3,1,1,1,6,0.00617347794576876,0.0135702212891793,0.0222720565106592,0.0278048806210446
2022,4,1,1,1,6,0.00597878162335016,0.0132760911108146,0.0199874996231591,0.0285484176449963
2022,1,1,1,1,7,0,0.00858521008277481,0.0199127196266828,0.0280568309989336
2022,2,1,1,1,7,0,0.0107964631975824,0.0209770599193976,0.0255067133430406
2022,3,1,1,1,7,0.00617347794576876,0.0135702212891793,0.0222720565106592,0.0278048806210446
2022,4,1,1,1,7,0.00597878162335016,0.0132760911108146,0.0199874996231591,0.0285484176449963
2022,1,1,1,1,8,0,0.00858521008277481,0.0199127196266828,0.0280568309989336
2022,2,1,1,1,8,0,0.0107964631975824,0.0209770599193976,0.0255067133430406
2022,3,1,1,1,8,0.00617347794576876,0.0135702212891793,0.0222720565106592,0.0278048806210446
2022,4,1,1,1,8,0.00597878162335016,0.0132760911108146,0.0199874996231591,0.0285484176449963
2023,1,1,1,1,-2,0,0.00799235828597043,0.0185376465071994,0.0261193661599859
2023,2,1,1,1,-2,0,0.00991355503964314,0.0192616076464196,0.0234208371740901
2023,3,1,1,1,-2,0,0.0128131326461704,0.0210294886349152,0.0262536340429807
2023,4,1,1,1,-2,0,0.0148623423035799,0.0223756419500678,0.0319594338215913
2023,1,1,1,1,-1,0,0.00799235828597043,0.0185376465071994,0.0261193661599859
2023,2,1,1,1,-1,0,0.00991355503964314,0.0192616076464196,0.0234208371740901
2023,3,1,1,1,-1,0.0058290568828393,0.0128131326461704,0.0210294886349152,0.0262536340429807
2023,4,1,1,1,-1,0.00669313718193751,0.0148623423035799,0.0223756419500678,0.0319594338215913
2023,1,1,1,1,0,0,0.00799235828597043,0.0185376465071994,0.0261193661599859
2023,2,1,1,1,0,0,0.00991355503964314,0.0192616076464196,0.0234208371740901
2023,3,1,1,1,0,0.0058290568828393,0.0128131326461704,0.0210294886349152,0.0262536340429807
2023,4,1,1,1,0,0.00669313718193751,0.0148623423035799,0.0223756419500678,0.0319594338215913
2023,1,1,1,1,1,0,0.00799235828597043,0.0185376465071994,0.0261193661599859
2023,2,1,1,1,1,0,0.00991355503964314,0.0192616076464196,0.0234208371740901
2023,3,1,1,1,1,0.0058290568828393,0.0128131326461704,0.0210294886349152,0.0262536340429807
2023,4,1,1,1,1,0.00669313718193751,0.0148623423035799,0.0223756419500678,0.0319594338215913
2023,1,1,1,1,2,0,0.00799235828597043,0.0185376465071994,0.0261193661599859
2023,2,1,1,1,2,0,0.00991355503964314,0.0192616076464196,0.0234208371740901
2023,3,1,1,1,2,0.0058290568828393,0.0128131326461704,0.0210294886349152,0.0262536340429807
2023,4,1,1,1,2,0.00669313718193751,0.0148623423035799,0.0223756419500678,0.0319594338215913
2023,1,1,1,1,3,0,0.00799235828597043,0.0185376465071994,0.0261193661599859
2023,2,1,1,1,3,0,0.00991355503964314,0.0192616076464196,0.0234208371740901
2023,3,1,1,1,3,0.0058290568828393,0.0128131326461704,0.0210294886349152,0.0262536340429807
2023,4,1,1,1,3,0.00669313718193751,0.0148623423035799,0.0223756419500678,0.0319594338215913
2023,1,1,1,1,4,0,0.00799235828597043,0.0185376465071994,0.0261193661599859
2023,2,1,1,1,4,0,0.00991355503964314,0.0192616076464196,0.0234208371740901
2023,3,1,1,1,4,0.0058290568828393,0.0128131326461704,0.0210294886349152,0.0262536340429807
2023,4,1,1,1,4,0.00669313718193751,0.0148623423035799,0.0223756419500678,0.0319594338215913
2023,1,1,1,1,5,0,0.00799235828597043,0.0185376465071994,0.0261193661599859
2023,2,1,1,1,5,0,0.00991355503964314,0.0192616076464196,0.0234208371740901
2023,3,1,1,1,5,0.0058290568828393,0.0128131326461704,0.0210294886349152,0.0262536340429807
2023,4,1,1,1,5,0.00669313718193751,0.0148623423035799,0.0223756419500678,0.0319594338215913
2023,1,1,1,1,6,0,0.00799235828597043,0.0185376465071994,0.0261193661599859
2023,2,1,1,1,6,0,0.00991355503964314,0.0192616076464196,0.0234208371740901
2023,3,1,1,1,6,0.0058290568828393,0.0128131326461704,0.0210294886349152,0.0262536340429807
2023,4,1,1,1,6,0.00669313718193751,0.0148623423035799,0.0223756419500678,0.0319594338215913
2023,1,1,1,1,7,0,0.00799235828597043,0.0185376465071994,0.0261193661599859
2023,2,1,1,1,7,0,0.00991355503964314,0.0192616076464196,0.0234208371740901
2023,3,1,1,1,7,0.0058290568828393,0.0128131326461704,0.0210294886349152,0.0262536340429807
2023,4,1,1,1,7,0.00669313718193751,0.0148623423035799,0.0223756419500678,0.0319594338215913
2023,1,1,1,1,8,0,0.00799235828597043,0.0185376465071994,0.0261193661599859
2023,2,1,1,1,8,0,0.00991355503964314,0.0192616076464196,0.0234208371740901
2023,3,1,1,1,8,0.0058290568828393,0.0128131326461704,0.0210294886349152,0.0262536340429807
2023,4,1,1,1,8,0.00669313718193751,0.0148623423035799,0.0223756419500678,0.0319594338215913
2024,1,1,1,1,-2,0,0.00745302344562816,0.0172867017595356,0.0243567970065903
2024,2,1,1,1,-2,0,0.0108098836172512,0.0210031352129806,0.025538419170326
2024,3,1,1,1,-2,0,0.0132317214363898,0.0217164953529212,0.0271113069646918
2024,4,1,1,1,-2,0,0.0148889717062751,0.0224157332067407,0.0320166967089453
2024,1,1,1,1,-1,0,0.00745302344562816,0.0172867017595356,0.0243567970065903
2024,2,1,1,1,-1,0,0.0108098836172512,0.0210031352129806,0.025538419170326
2024,3,1,1,1,-1,0.00601948477710111,0.0132317214363898,0.0217164953529212,0.0271113069646918
2024,4,1,1,1,-1,0.0067051295208079,0.0148889717062751,0.0224157332067407,0.0320166967089453
2024,1,1,1,1,0,0,0.00745302344562816,0.0172867017595356,0.0243567970065903
2024,2,1,1,1,0,0,0.0108098836172512,0.0210031352129806,0.025538419170326
2024,3,1,1,1,0,0.00601948477710111,0.0132317214363898,0.0217164953529212,0.0271113069646918
2024,4,1,1,1,0,0.0067051295208079,0.0148889717062751,0.0224157332067407,0.0320166967089453
2024,1,1,1,1,1,0,0.00745302344562816,0.0172867017595356,0.0243567970065903
2024,2,1,1,1,1,0,0.0108098836172512,0.0210031352129806,0.025538419170326
2024,3,1,1,1,1,0.00601948477710111,0.0132317214363898,0.0217164953529212,0.0271113069646918
2024,4,1,1,1,1,0.0067051295208079,0.0148889717062751,0.0224157332067407,0.0320166967089453
2024,1,1,1,1,2,0,0.00745302344562816,0.0172867017595356,0.0243567970065903
2024,2,1,1,1,2,0,0.0108098836172512,0.0210031352129806,0.025538419170326
2024,3,1,1,1,2,0.00601948477710111,0.0132317214363898,0.0217164953529212,0.0271113069646918
2024,4,1,1,1,2,0.0067051295208079,0.0148889717062751,0.0224157332067407,0.0320166967089453
2024,1,1,1,1,3,0,0.00745302344562816,0.0172867017595356,0.0243567970065903
2024,2,1,1,1,3,0,0.0108098836172512,0.0210031352129806,0.025538419170326
2024,3,1,1,1,3,0.00601948477710111,0.0132317214363898,0.0217164953529212,0.0271113069646918
2024,4,1,1,1,3,0.0067051295208079,0.0148889717062751,0.0224157332067407,0.0320166967089453
2024,1,1,1,1,4,0,0.00745302344562816,0.0172867017595356,0.0243567970065903
2024,2,1,1,1,4,0,0.0108098836172512,0.0210031352129806,0.025538419170326
2024,3,1,1,1,4,0.00601948477710111,0.0132317214363898,0.0217164953529212,0.0271113069646918
2024,4,1,1,1,4,0.0067051295208079,0.0148889717062751,0.0224157332067407,0.0320166967089453
2024,1,1,1,1,5,0,0.00745302344562816,0.0172867017595356,0.0243567970065903
2024,2,1,1,1,5,0,0.0108098836172512,0.0210031352129806,0.025538419170326
2024,3,1,1,1,5,0.00601948477710111,0.0132317214363898,0.0217164953529212,0.0271113069646918
2024,4,1,1,1,5,0.0067051295208079,0.0148889717062751,0.0224157332067407,0.0320166967089453
2024,1,1,1,1,6,0,0.00745302344562816,0.0172867017595356,0.0243567970065903
2024,2,1,1,1,6,0,0.0108098836172512,0.0210031352129806,0.025538419170326
2024,3,1,1,1,6,0.00601948477710111,0.0132317214363898,0.0217164953529212,0.0271113069646918
2024,4,1,1,1,6,0.0067051295208079,0.0148889717062751,0.0224157332067407,0.0320166967089453
2024,1,1,1,1,7,0,0.00745302344562816,0.0172867017595356,0.0243567970065903
2024,2,1,1,1,7,0,0.0108098836172512,0.0210031352129806,0.025538419170326
2024,3,1,1,1,7,0.00601948477710111,0.0132317214363898,0.0217164953529212,0.0271113069646918
2024,4,1,1,1,7,0.0067051295208079,0.0148889717062751,0.0224157332067407,0.0320166967089453
2024,1,1,1,1,8,0,0.00745302344562816,0.0172867017595356,0.0243567970065903
2024,2,1,1,1,8,0,0.0108098836172512,0.0210031352129806,0.025538419170326
2024,3,1,1,1,8,0.00601948477710111,0.0132317214363898,0.0217164953529212,0.0271113069646918
2024,4,1,1,1,8,0.0067051295208079,0.0148889717062751,0.0224157332067407,0.0320166967089453
2025,1,1,1,1,-2,0,0.00833724232133054,0.0193375779047576,0.0272464618281214
2025,2,1,1,1,-2,0,0.0104931845635654,0.0203878026819468,0.0247902156308387
2025,3,1,1,1,-2,0,0.0131543064079245,0.0215894383321099,0.026952686439729
2025,4,1,1,1,-2,0,0.0151830590584763,0.0228584893457451,0.0326490913260559
2025,1,1,1,1,-1,0,0.00833724232133054,0.0193375779047576,0.0272464618281214
2025,2,1,1,1,-1,0,0.0104931845635654,0.0203878026819468,0.0247902156308387
2025,3,1,1,1,-1,0.00598426648841467,0.0131543064079245,0.0215894383321099,0.026952686439729
2025,4,1,1,1,-1,0.00683756941161036,0.0151830590584763,0.0228584893457451,0.0326490913260559
2025,1,1,1,1,0,0,0.00833724232133054,0.0193375779047576,0.0272464618281214
2025,2,1,1,1,0,0,0.0104931845635654,0.0203878026819468,0.0247902156308387
2025,3,1,1,1,0,0.00598426648841467,0.0131543064079245,0.0215894383321099,0.026952686439729
2025,4,1,1,1,0,0.00683756941161036,0.0151830590584763,0.0228584893457451,0.0326490913260559
2025,1,1,1,1,1,0,0.00833724232133054,0.0193375779047576,0.0272464618281214
2025,2,1,1,1,1,0,0.0104931845635654,0.0203878026819468,0.0247902156308387
2025,3,1,1,1,1,0.00598426648841467,0.0131543064079245,0.0215894383321099,0.026952686439729
2025,4,1,1,1,1,0.00683756941161036,0.0151830590584763,0.0228584893457451,0.0326490913260559
2025,1,1,1,1,2,0,0.00833724232133054,0.0193375779047576,0.0272464618281214
2025,2,1,1,1,2,0,0.0104931845635654,0.0203878026819468,0.0247902156308387
2025,3,1,1,1,2,0.00598426648841467,0.0131543064079245,0.0215894383321099,0.026952686439729
2025,4,1,1,1,2,0.00683756941161036,0.0151830590584763,0.0228584893457451,0.0326490913260559
2025,1,1,1,1,3,0,0.00833724232133054,0.0193375779047576,0.0272464618281214
2025,2,1,1,1,3,0,0.0104931845635654,0.0203878026819468,0.0247902156308387
2025,3,1,1,1,3,0.00598426648841467,0.0131543064079245,0.0215894383321099,0.026952686439729
2025,4,1,1,1,3,0.00683756941161036,0.0151830590584763,0.0228584893457451,0.0326490913260559
2025,1,1,1,1,4,0,0.00833724232133054,0.0193375779047576,0.0272464618281214
2025,2,1,1,1,4,0,0.0104931845635654,0.0203878026819468,0.0247902156308387
2025,3,1,1,1,4,0.00598426648841467,0.0131543064079245,0.0215894383321099,0.026952686439729
2025,4,1,1,1,4,0.00683756941161036,0.0151830590584763,0.0228584893457451,0.0326490913260559
2025,1,1,1,1,5,0,0.00833724232133054,0.0193375779047576,0.0272464618281214
2025,2,1,1,1,5,0,0.0104931845635654,0.0203878026819468,0.0247902156308387
2025,3,1,1,1,5,0.00598426648841467,0.0131543064079245,0.0215894383321099,0.026952686439729
2025,4,1,1,1,5,0.00683756941161036,0.0151830590584763,0.0228584893457451,0.0326490913260559
2025,1,1,1,1,6,0,0.00833724232133054,0.0193375779047576,0.0272464618281214
2025,2,1,1,1,6,0,0.0104931845635654,0.0203878026819468,0.0247902156308387
2025,3,1,1,1,6,0.00598426648841467,0.0131543064079245,0.0215894383321099,0.026952686439729
2025,4,1,1,1,6,0.00683756941161036,0.0151830590584763,0.0228584893457451,0.0326490913260559
2025,1,1,1,1,7,0,0.00833724232133054,0.0193375779047576,0.0272464618281214
2025,2,1,1,1,7,0,0.0104931845635654,0.0203878026819468,0.0247902156308387
2025,3,1,1,1,7,0.00598426648841467,0.0131543064079245,0.0215894383321099,0.026952686439729
2025,4,1,1,1,7,0.00683756941161036,0.0151830590584763,0.0228584893457451,0.0326490913260559
2025,1,1,1,1,8,0,0.00833724232133054,0.0193375779047576,0.0272464618281214
2025,2,1,1,1,8,0,0.0104931845635654,0.0203878026819468,0.0247902156308387
2025,3,1,1,1,8,0.00598426648841467,0.0131543064079245,0.0215894383321099,0.026952686439729
2025,4,1,1,1,8,0.00683756941161036,0.0151830590584763,0.0228584893457451,0.0326490913260559
